-- MySQL dump 10.16  Distrib 10.2.13-MariaDB, for Linux (x86_64)
--
-- Host: localhost    Database: 710fleming01
-- ------------------------------------------------------
-- Server version	10.2.13-MariaDB

/*!40101 SET @OLD_CHARACTER_SET_CLIENT=@@CHARACTER_SET_CLIENT */;
/*!40101 SET @OLD_CHARACTER_SET_RESULTS=@@CHARACTER_SET_RESULTS */;
/*!40101 SET @OLD_COLLATION_CONNECTION=@@COLLATION_CONNECTION */;
/*!40101 SET NAMES utf8 */;
/*!40103 SET @OLD_TIME_ZONE=@@TIME_ZONE */;
/*!40103 SET TIME_ZONE='+00:00' */;
/*!40014 SET @OLD_UNIQUE_CHECKS=@@UNIQUE_CHECKS, UNIQUE_CHECKS=0 */;
/*!40014 SET @OLD_FOREIGN_KEY_CHECKS=@@FOREIGN_KEY_CHECKS, FOREIGN_KEY_CHECKS=0 */;
/*!40101 SET @OLD_SQL_MODE=@@SQL_MODE, SQL_MODE='NO_AUTO_VALUE_ON_ZERO' */;
/*!40111 SET @OLD_SQL_NOTES=@@SQL_NOTES, SQL_NOTES=0 */;

--
-- Table structure for table `com_vtiger_workflow_activatedonce`
--

DROP TABLE IF EXISTS `com_vtiger_workflow_activatedonce`;
/*!40101 SET @saved_cs_client     = @@character_set_client */;
/*!40101 SET character_set_client = utf8 */;
CREATE TABLE `com_vtiger_workflow_activatedonce` (
  `workflow_id` int(11) NOT NULL,
  `entity_id` int(11) NOT NULL,
  PRIMARY KEY (`workflow_id`,`entity_id`)
) ENGINE=InnoDB DEFAULT CHARSET=utf8;
/*!40101 SET character_set_client = @saved_cs_client */;

--
-- Dumping data for table `com_vtiger_workflow_activatedonce`
--

LOCK TABLES `com_vtiger_workflow_activatedonce` WRITE;
/*!40000 ALTER TABLE `com_vtiger_workflow_activatedonce` DISABLE KEYS */;
INSERT INTO `com_vtiger_workflow_activatedonce` VALUES (25,40),(25,45);
/*!40000 ALTER TABLE `com_vtiger_workflow_activatedonce` ENABLE KEYS */;
UNLOCK TABLES;

--
-- Table structure for table `com_vtiger_workflow_tasktypes`
--

DROP TABLE IF EXISTS `com_vtiger_workflow_tasktypes`;
/*!40101 SET @saved_cs_client     = @@character_set_client */;
/*!40101 SET character_set_client = utf8 */;
CREATE TABLE `com_vtiger_workflow_tasktypes` (
  `id` int(11) NOT NULL,
  `tasktypename` varchar(255) NOT NULL,
  `label` varchar(255) DEFAULT NULL,
  `classname` varchar(255) DEFAULT NULL,
  `classpath` varchar(255) DEFAULT NULL,
  `templatepath` varchar(255) DEFAULT NULL,
  `modules` varchar(500) DEFAULT NULL,
  `sourcemodule` varchar(255) DEFAULT NULL
) ENGINE=InnoDB DEFAULT CHARSET=utf8;
/*!40101 SET character_set_client = @saved_cs_client */;

--
-- Dumping data for table `com_vtiger_workflow_tasktypes`
--

LOCK TABLES `com_vtiger_workflow_tasktypes` WRITE;
/*!40000 ALTER TABLE `com_vtiger_workflow_tasktypes` DISABLE KEYS */;
INSERT INTO `com_vtiger_workflow_tasktypes` VALUES (1,'VTEmailTask','Send Mail','VTEmailTask','modules/com_vtiger_workflow/tasks/VTEmailTask.inc','modules/Settings/Workflows/Tasks/VTEmailTask.tpl','{\"include\":[],\"exclude\":[]}',''),(2,'VTEntityMethodTask','Invoke Custom Function','VTEntityMethodTask','modules/com_vtiger_workflow/tasks/VTEntityMethodTask.inc','modules/Settings/Workflows/Tasks/VTEntityMethodTask.tpl','{\"include\":[],\"exclude\":[]}',''),(3,'VTCreateTodoTask','Create Todo','VTCreateTodoTask','modules/com_vtiger_workflow/tasks/VTCreateTodoTask.inc','modules/Settings/Workflows/Tasks/VTCreateTodoTask.tpl','{\"include\":[\"Leads\",\"Accounts\",\"Potentials\",\"Contacts\",\"HelpDesk\",\"Campaigns\",\"Quotes\",\"PurchaseOrder\",\"SalesOrder\",\"Invoice\",\"Project\"],\"exclude\":[\"Calendar\",\"FAQ\",\"Events\"]}',''),(4,'VTCreateEventTask','Create Event','VTCreateEventTask','modules/com_vtiger_workflow/tasks/VTCreateEventTask.inc','modules/Settings/Workflows/Tasks/VTCreateEventTask.tpl','{\"include\":[\"Leads\",\"Accounts\",\"Potentials\",\"Contacts\",\"HelpDesk\",\"Campaigns\",\"Project\"],\"exclude\":[\"Calendar\",\"FAQ\",\"Events\"]}',''),(5,'VTUpdateFieldsTask','Update Fields','VTUpdateFieldsTask','modules/com_vtiger_workflow/tasks/VTUpdateFieldsTask.inc','modules/Settings/Workflows/Tasks/VTUpdateFieldsTask.tpl','{\"include\":[],\"exclude\":[]}',''),(6,'VTCreateEntityTask','Create Entity','VTCreateEntityTask','modules/com_vtiger_workflow/tasks/VTCreateEntityTask.inc','modules/Settings/Workflows/Tasks/VTCreateEntityTask.tpl','{\"include\":[],\"exclude\":[]}',''),(7,'VTSMSTask','SMS Task','VTSMSTask','modules/com_vtiger_workflow/tasks/VTSMSTask.inc','modules/Settings/Workflows/Tasks/VTSMSTask.tpl','{\"include\":[],\"exclude\":[]}','SMSNotifier');
/*!40000 ALTER TABLE `com_vtiger_workflow_tasktypes` ENABLE KEYS */;
UNLOCK TABLES;

--
-- Table structure for table `com_vtiger_workflow_tasktypes_seq`
--

DROP TABLE IF EXISTS `com_vtiger_workflow_tasktypes_seq`;
/*!40101 SET @saved_cs_client     = @@character_set_client */;
/*!40101 SET character_set_client = utf8 */;
CREATE TABLE `com_vtiger_workflow_tasktypes_seq` (
  `id` int(11) NOT NULL
) ENGINE=InnoDB DEFAULT CHARSET=utf8;
/*!40101 SET character_set_client = @saved_cs_client */;

--
-- Dumping data for table `com_vtiger_workflow_tasktypes_seq`
--

LOCK TABLES `com_vtiger_workflow_tasktypes_seq` WRITE;
/*!40000 ALTER TABLE `com_vtiger_workflow_tasktypes_seq` DISABLE KEYS */;
INSERT INTO `com_vtiger_workflow_tasktypes_seq` VALUES (7);
/*!40000 ALTER TABLE `com_vtiger_workflow_tasktypes_seq` ENABLE KEYS */;
UNLOCK TABLES;

--
-- Table structure for table `com_vtiger_workflows`
--

DROP TABLE IF EXISTS `com_vtiger_workflows`;
/*!40101 SET @saved_cs_client     = @@character_set_client */;
/*!40101 SET character_set_client = utf8 */;
CREATE TABLE `com_vtiger_workflows` (
  `workflow_id` int(11) NOT NULL AUTO_INCREMENT,
  `module_name` varchar(100) DEFAULT NULL,
  `summary` varchar(400) NOT NULL,
  `test` text DEFAULT NULL,
  `execution_condition` int(11) NOT NULL,
  `defaultworkflow` int(1) DEFAULT NULL,
  `type` varchar(255) DEFAULT NULL,
  `filtersavedinnew` int(1) DEFAULT NULL,
  `schtypeid` int(10) DEFAULT NULL,
  `schdayofmonth` varchar(100) DEFAULT NULL,
  `schdayofweek` varchar(100) DEFAULT NULL,
  `schannualdates` varchar(100) DEFAULT NULL,
  `schtime` varchar(50) DEFAULT NULL,
  `nexttrigger_time` datetime DEFAULT NULL,
  `status` tinyint(1) DEFAULT 1,
  `workflowname` varchar(100) DEFAULT NULL,
  PRIMARY KEY (`workflow_id`),
  UNIQUE KEY `com_vtiger_workflows_idx` (`workflow_id`)
) ENGINE=InnoDB AUTO_INCREMENT=27 DEFAULT CHARSET=utf8;
/*!40101 SET character_set_client = @saved_cs_client */;

--
-- Dumping data for table `com_vtiger_workflows`
--

LOCK TABLES `com_vtiger_workflows` WRITE;
/*!40000 ALTER TABLE `com_vtiger_workflows` DISABLE KEYS */;
INSERT INTO `com_vtiger_workflows` VALUES (1,'Invoice','UpdateInventoryProducts On Every Save','[{\"fieldname\":\"subject\",\"operation\":\"does not contain\",\"value\":\"`!`\"}]',3,1,'basic',5,NULL,NULL,NULL,NULL,NULL,NULL,1,'UpdateInventoryProducts On Every Save'),(2,'Accounts','Send Email to user when Notifyowner is True','[{\"fieldname\":\"notify_owner\",\"operation\":\"is\",\"value\":\"true:boolean\"}]',2,1,'basic',5,NULL,NULL,NULL,NULL,NULL,NULL,1,'Send Email to user when Notifyowner is True'),(3,'Contacts','Send Email to user when Notifyowner is True','[{\"fieldname\":\"notify_owner\",\"operation\":\"is\",\"value\":\"true:boolean\"}]',2,1,'basic',5,NULL,NULL,NULL,NULL,NULL,NULL,1,'Send Email to user when Notifyowner is True'),(4,'Contacts','Send Email to user when Portal User is True','[{\"fieldname\":\"portal\",\"operation\":\"is\",\"value\":\"1\",\"valuetype\":\"rawtext\",\"joincondition\":\"and\",\"groupjoin\":\"and\",\"groupid\":\"0\"},{\"fieldname\":\"email\",\"operation\":\"is not empty\",\"value\":\"\",\"valuetype\":\"rawtext\",\"joincondition\":\"\",\"groupjoin\":\"and\",\"groupid\":\"0\"}]',3,1,'basic',6,NULL,NULL,NULL,NULL,NULL,NULL,0,'Send Email to user when Portal User is True'),(5,'Potentials','Send Email to users on Potential creation',NULL,1,1,'basic',5,NULL,NULL,NULL,NULL,NULL,NULL,1,'Send Email to users on Potential creation'),(6,'Contacts','Workflow for Contact Creation or Modification','',3,1,'basic',5,NULL,NULL,NULL,NULL,NULL,NULL,0,'Workflow for Contact Creation or Modification'),(7,'HelpDesk','Ticket Creation From Portal : Send Email to Record Owner and Contact','[{\"fieldname\":\"from_portal\",\"operation\":\"is\",\"value\":1,\"valuetype\":\"rawtext\",\"joincondition\":\"and\",\"groupjoin\":\"and\",\"groupid\":0}]',1,1,'basic',6,NULL,NULL,NULL,NULL,NULL,NULL,0,'Ticket Creation From Portal : Send Email to Record Owner and Contact'),(9,'HelpDesk','Send Email to Contact on Ticket Update','[{\"fieldname\":\"(contact_id : (Contacts) emailoptout)\",\"operation\":\"is\",\"value\":\"0\",\"valuetype\":\"rawtext\",\"joincondition\":\"and\",\"groupjoin\":\"and\",\"groupid\":\"0\"},{\"fieldname\":\"from_portal\",\"operation\":\"is\",\"value\":0,\"valuetype\":\"rawtext\",\"joincondition\":\"and\",\"groupjoin\":\"and\",\"groupid\":0},{\"fieldname\":\"ticketstatus\",\"operation\":\"has changed to\",\"value\":\"Closed\",\"valuetype\":\"rawtext\",\"joincondition\":\"or\",\"groupjoin\":\"and\",\"groupid\":\"1\"},{\"fieldname\":\"solution\",\"operation\":\"has changed\",\"value\":\"\",\"valuetype\":\"\",\"joincondition\":\"or\",\"groupjoin\":\"and\",\"groupid\":\"1\"},{\"fieldname\":\"description\",\"operation\":\"has changed\",\"value\":\"\",\"valuetype\":\"\",\"joincondition\":\"or\",\"groupjoin\":\"and\",\"groupid\":\"1\"}]',3,1,'basic',6,NULL,NULL,NULL,NULL,NULL,NULL,0,'Send Email to Contact on Ticket Update'),(10,'Events','Workflow for Events when Send Notification is True','[{\"fieldname\":\"sendnotification\",\"operation\":\"is\",\"value\":\"true:boolean\"}]',3,1,'basic',5,NULL,NULL,NULL,NULL,NULL,NULL,1,'Workflow for Events when Send Notification is True'),(11,'Calendar','Workflow for Calendar Todos when Send Notification is True','[{\"fieldname\":\"sendnotification\",\"operation\":\"is\",\"value\":\"true:boolean\"}]',3,1,'basic',5,NULL,NULL,NULL,NULL,NULL,NULL,1,'Workflow for Calendar Todos when Send Notification is True'),(12,'Potentials','Calculate or Update forecast amount','',3,1,'basic',5,NULL,NULL,NULL,NULL,NULL,NULL,1,'Calculate or Update forecast amount'),(13,'Events','Workflow for Events when Send Notification is True','[{\"fieldname\":\"sendnotification\",\"operation\":\"is\",\"value\":\"true:boolean\"}]',3,1,'basic',5,NULL,NULL,NULL,NULL,NULL,NULL,1,'Workflow for Events when Send Notification is True'),(14,'Calendar','Workflow for Calendar Todos when Send Notification is True','[{\"fieldname\":\"sendnotification\",\"operation\":\"is\",\"value\":\"true:boolean\"}]',3,1,'basic',5,NULL,NULL,NULL,NULL,NULL,NULL,1,'Workflow for Calendar Todos when Send Notification is True'),(15,'HelpDesk','Comment Added From CRM : Send Email to Organization','[{\"fieldname\":\"_VT_add_comment\",\"operation\":\"is added\",\"value\":\"\",\"valuetype\":\"rawtext\",\"joincondition\":\"\",\"groupjoin\":\"and\",\"groupid\":\"0\"},{\"fieldname\":\"from_portal\",\"operation\":\"is\",\"value\":\"0\",\"valuetype\":\"rawtext\",\"joincondition\":\"\",\"groupjoin\":\"and\",\"groupid\":\"0\"},{\"fieldname\":\"(parent_id : (Accounts) emailoptout)\",\"operation\":\"is\",\"value\":\"0\",\"valuetype\":\"rawtext\",\"joincondition\":\"and\",\"groupjoin\":\"and\",\"groupid\":\"0\"}]',3,1,'basic',6,NULL,NULL,NULL,NULL,NULL,NULL,0,'Comment Added From CRM : Send Email to Organization'),(16,'PurchaseOrder','Update Inventory Products On Every Save',NULL,3,1,'basic',5,NULL,NULL,NULL,NULL,NULL,NULL,1,'Update Inventory Products On Every Save'),(17,'HelpDesk','Comment Added From Portal : Send Email to Record Owner','[{\"fieldname\":\"_VT_add_comment\",\"operation\":\"is added\",\"value\":\"\",\"valuetype\":\"rawtext\",\"joincondition\":\"\",\"groupjoin\":\"and\",\"groupid\":\"0\"},{\"fieldname\":\"from_portal\",\"operation\":\"is\",\"value\":\"1\",\"valuetype\":\"rawtext\",\"joincondition\":\"\",\"groupjoin\":\"and\",\"groupid\":\"0\"}]',3,1,'basic',6,NULL,NULL,NULL,NULL,NULL,NULL,0,'Comment Added From Portal : Send Email to Record Owner'),(18,'HelpDesk','Comment Added From CRM : Send Email to Contact, where Contact is not a Portal User','[{\"fieldname\":\"(contact_id : (Contacts) portal)\",\"operation\":\"is\",\"value\":\"0\",\"valuetype\":\"rawtext\",\"joincondition\":\"and\",\"groupjoin\":\"and\",\"groupid\":\"0\"},{\"fieldname\":\"_VT_add_comment\",\"operation\":\"is added\",\"value\":\"\",\"valuetype\":\"rawtext\",\"joincondition\":\"\",\"groupjoin\":\"and\",\"groupid\":\"0\"},{\"fieldname\":\"from_portal\",\"operation\":\"is\",\"value\":\"0\",\"valuetype\":\"rawtext\",\"joincondition\":\"\",\"groupjoin\":\"and\",\"groupid\":\"0\"},{\"fieldname\":\"(contact_id : (Contacts) emailoptout)\",\"operation\":\"is\",\"value\":\"0\",\"valuetype\":\"rawtext\",\"joincondition\":\"and\",\"groupjoin\":\"and\",\"groupid\":\"0\"}]',3,1,'basic',6,NULL,NULL,NULL,NULL,NULL,NULL,0,'Comment Added From CRM : Send Email to Contact, where Contact is not a Portal User'),(19,'HelpDesk','Comment Added From CRM : Send Email to Contact, where Contact is Portal User','[{\"fieldname\":\"(contact_id : (Contacts) portal)\",\"operation\":\"is\",\"value\":\"1\",\"valuetype\":\"rawtext\",\"joincondition\":\"and\",\"groupjoin\":\"and\",\"groupid\":\"0\"},{\"fieldname\":\"_VT_add_comment\",\"operation\":\"is added\",\"value\":\"\",\"valuetype\":\"rawtext\",\"joincondition\":\"\",\"groupjoin\":\"and\",\"groupid\":\"0\"},{\"fieldname\":\"from_portal\",\"operation\":\"is\",\"value\":\"0\",\"valuetype\":\"rawtext\",\"joincondition\":\"\",\"groupjoin\":\"and\",\"groupid\":\"0\"},{\"fieldname\":\"(contact_id : (Contacts) emailoptout)\",\"operation\":\"is\",\"value\":\"0\",\"valuetype\":\"rawtext\",\"joincondition\":\"and\",\"groupjoin\":\"and\",\"groupid\":\"0\"}]',3,1,'basic',6,NULL,NULL,NULL,NULL,NULL,NULL,0,'Comment Added From CRM : Send Email to Contact, where Contact is Portal User'),(20,'HelpDesk','Send Email to Record Owner on Ticket Update','[{\"fieldname\":\"from_portal\",\"operation\":\"is\",\"value\":0,\"valuetype\":\"rawtext\",\"joincondition\":\"and\",\"groupjoin\":\"and\",\"groupid\":0},{\"fieldname\":\"ticketstatus\",\"operation\":\"has changed to\",\"value\":\"Closed\",\"valuetype\":\"rawtext\",\"joincondition\":\"or\",\"groupjoin\":\"and\",\"groupid\":\"1\"},{\"fieldname\":\"solution\",\"operation\":\"has changed\",\"value\":\"\",\"valuetype\":\"\",\"joincondition\":\"or\",\"groupjoin\":\"and\",\"groupid\":\"1\"},{\"fieldname\":\"assigned_user_id\",\"operation\":\"has changed\",\"value\":\"\",\"valuetype\":\"\",\"joincondition\":\"or\",\"groupjoin\":\"and\",\"groupid\":\"1\"},{\"fieldname\":\"description\",\"operation\":\"has changed\",\"value\":\"\",\"valuetype\":\"\",\"joincondition\":\"or\",\"groupjoin\":\"and\",\"groupid\":\"1\"}]',3,1,'basic',6,NULL,NULL,NULL,NULL,NULL,NULL,0,'Send Email to Record Owner on Ticket Update'),(21,'HelpDesk','Ticket Creation From CRM : Send Email to Record Owner','[{\"fieldname\":\"from_portal\",\"operation\":\"is\",\"value\":\"0\",\"valuetype\":\"rawtext\",\"joincondition\":\"\",\"groupjoin\":\"and\",\"groupid\":\"0\"}]',1,1,'basic',6,NULL,NULL,NULL,NULL,NULL,NULL,0,'Ticket Creation From CRM : Send Email to Record Owner'),(22,'HelpDesk','Send Email to Organization on Ticket Update','[{\"fieldname\":\"(parent_id : (Accounts) emailoptout)\",\"operation\":\"is\",\"value\":\"0\",\"valuetype\":\"rawtext\",\"joincondition\":\"and\",\"groupjoin\":\"and\",\"groupid\":\"0\"},{\"fieldname\":\"from_portal\",\"operation\":\"is\",\"value\":0,\"valuetype\":\"rawtext\",\"joincondition\":\"and\",\"groupjoin\":\"and\",\"groupid\":0},{\"fieldname\":\"ticketstatus\",\"operation\":\"has changed to\",\"value\":\"Closed\",\"valuetype\":\"rawtext\",\"joincondition\":\"or\",\"groupjoin\":\"and\",\"groupid\":\"1\"},{\"fieldname\":\"solution\",\"operation\":\"has changed\",\"value\":\"\",\"valuetype\":\"\",\"joincondition\":\"or\",\"groupjoin\":\"and\",\"groupid\":\"1\"},{\"fieldname\":\"description\",\"operation\":\"has changed\",\"value\":\"\",\"valuetype\":\"\",\"joincondition\":\"or\",\"groupjoin\":\"and\",\"groupid\":\"1\"}]',3,1,'basic',6,NULL,NULL,NULL,NULL,NULL,NULL,0,'Send Email to Organization on Ticket Update'),(23,'HelpDesk','Ticket Creation From CRM : Send Email to Organization','[{\"fieldname\":\"(parent_id : (Accounts) emailoptout)\",\"operation\":\"is\",\"value\":\"0\",\"valuetype\":\"rawtext\",\"joincondition\":\"and\",\"groupjoin\":\"and\",\"groupid\":\"0\"},{\"fieldname\":\"from_portal\",\"operation\":\"is\",\"value\":\"0\",\"valuetype\":\"rawtext\",\"joincondition\":\"\",\"groupjoin\":\"and\",\"groupid\":\"0\"}]',1,1,'basic',6,NULL,NULL,NULL,NULL,NULL,NULL,0,'Ticket Creation From CRM : Send Email to Organization'),(24,'HelpDesk','Ticket Creation From CRM : Send Email to Contact','[{\"fieldname\":\"(contact_id : (Contacts) emailoptout)\",\"operation\":\"is\",\"value\":\"0\",\"valuetype\":\"rawtext\",\"joincondition\":\"and\",\"groupjoin\":\"and\",\"groupid\":\"0\"},{\"fieldname\":\"from_portal\",\"operation\":\"is\",\"value\":\"0\",\"valuetype\":\"rawtext\",\"joincondition\":\"\",\"groupjoin\":\"and\",\"groupid\":\"0\"}]',1,1,'basic',6,NULL,NULL,NULL,NULL,NULL,NULL,0,'Ticket Creation From CRM : Send Email to Contact'),(25,'HelpDesk','Vincular Evento con incidencia','[{\"fieldname\":\"cf_898\",\"operation\":\"is not empty\",\"value\":null,\"valuetype\":\"rawtext\",\"joincondition\":\"\",\"groupjoin\":\"and\",\"groupid\":\"0\"}]',2,NULL,'basic',6,NULL,NULL,NULL,NULL,NULL,NULL,1,'Vincular Evento con incidencia'),(26,'HelpDesk','Días transcurridos','[{\"fieldname\":\"ticketstatus\",\"operation\":\"is not\",\"value\":\"Closed\",\"valuetype\":\"rawtext\",\"joincondition\":\"\",\"groupjoin\":\"and\",\"groupid\":\"0\"}]',6,NULL,'basic',6,2,NULL,NULL,NULL,'06:00:00','2019-03-02 06:00:00',1,'Días transcurridos');
/*!40000 ALTER TABLE `com_vtiger_workflows` ENABLE KEYS */;
UNLOCK TABLES;

--
-- Table structure for table `com_vtiger_workflows_seq`
--

DROP TABLE IF EXISTS `com_vtiger_workflows_seq`;
/*!40101 SET @saved_cs_client     = @@character_set_client */;
/*!40101 SET character_set_client = utf8 */;
CREATE TABLE `com_vtiger_workflows_seq` (
  `id` int(11) NOT NULL
) ENGINE=InnoDB DEFAULT CHARSET=utf8;
/*!40101 SET character_set_client = @saved_cs_client */;

--
-- Dumping data for table `com_vtiger_workflows_seq`
--

LOCK TABLES `com_vtiger_workflows_seq` WRITE;
/*!40000 ALTER TABLE `com_vtiger_workflows_seq` DISABLE KEYS */;
INSERT INTO `com_vtiger_workflows_seq` VALUES (26);
/*!40000 ALTER TABLE `com_vtiger_workflows_seq` ENABLE KEYS */;
UNLOCK TABLES;

--
-- Table structure for table `com_vtiger_workflowtask_queue`
--

DROP TABLE IF EXISTS `com_vtiger_workflowtask_queue`;
/*!40101 SET @saved_cs_client     = @@character_set_client */;
/*!40101 SET character_set_client = utf8 */;
CREATE TABLE `com_vtiger_workflowtask_queue` (
  `task_id` int(11) DEFAULT NULL,
  `entity_id` varchar(100) DEFAULT NULL,
  `do_after` int(11) DEFAULT NULL,
  `relatedinfo` varchar(255) DEFAULT NULL,
  `task_contents` text DEFAULT NULL
) ENGINE=InnoDB DEFAULT CHARSET=utf8;
/*!40101 SET character_set_client = @saved_cs_client */;

--
-- Dumping data for table `com_vtiger_workflowtask_queue`
--

LOCK TABLES `com_vtiger_workflowtask_queue` WRITE;
/*!40000 ALTER TABLE `com_vtiger_workflowtask_queue` DISABLE KEYS */;
/*!40000 ALTER TABLE `com_vtiger_workflowtask_queue` ENABLE KEYS */;
UNLOCK TABLES;

--
-- Table structure for table `com_vtiger_workflowtasks`
--

DROP TABLE IF EXISTS `com_vtiger_workflowtasks`;
/*!40101 SET @saved_cs_client     = @@character_set_client */;
/*!40101 SET character_set_client = utf8 */;
CREATE TABLE `com_vtiger_workflowtasks` (
  `task_id` int(11) NOT NULL AUTO_INCREMENT,
  `workflow_id` int(11) DEFAULT NULL,
  `summary` varchar(400) NOT NULL,
  `task` text DEFAULT NULL,
  PRIMARY KEY (`task_id`),
  UNIQUE KEY `com_vtiger_workflowtasks_idx` (`task_id`)
) ENGINE=InnoDB AUTO_INCREMENT=31 DEFAULT CHARSET=utf8;
/*!40101 SET character_set_client = @saved_cs_client */;

--
-- Dumping data for table `com_vtiger_workflowtasks`
--

LOCK TABLES `com_vtiger_workflowtasks` WRITE;
/*!40000 ALTER TABLE `com_vtiger_workflowtasks` DISABLE KEYS */;
INSERT INTO `com_vtiger_workflowtasks` VALUES (1,1,'','O:18:\"VTEntityMethodTask\":6:{s:18:\"executeImmediately\";b:1;s:10:\"workflowId\";i:1;s:7:\"summary\";s:0:\"\";s:6:\"active\";b:1;s:10:\"methodName\";s:15:\"UpdateInventory\";s:2:\"id\";i:1;}'),(2,2,'An account has been created ','O:11:\"VTEmailTask\":9:{s:18:\"executeImmediately\";s:0:\"\";s:10:\"workflowId\";s:1:\"2\";s:7:\"summary\";s:28:\"An account has been created \";s:6:\"active\";s:1:\"1\";s:10:\"methodName\";s:11:\"NotifyOwner\";s:9:\"recepient\";s:36:\"$(assigned_user_id : (Users) email1)\";s:7:\"subject\";s:26:\"Regarding Account Creation\";s:7:\"content\";s:301:\"An Account has been assigned to you on vtigerCRM<br>Details of account are :<br><br>AccountId:<b>$account_no</b><br>AccountName:<b>$accountname</b><br>Rating:<b>$rating</b><br>Industry:<b>$industry</b><br>AccountType:<b>$accounttype</b><br>Description:<b>$description</b><br><br><br>Thank You<br>Admin\";s:2:\"id\";s:1:\"2\";}'),(3,3,'An contact has been created ','O:11:\"VTEmailTask\":9:{s:18:\"executeImmediately\";s:0:\"\";s:10:\"workflowId\";s:1:\"3\";s:7:\"summary\";s:28:\"An contact has been created \";s:6:\"active\";s:1:\"1\";s:10:\"methodName\";s:11:\"NotifyOwner\";s:9:\"recepient\";s:36:\"$(assigned_user_id : (Users) email1)\";s:7:\"subject\";s:26:\"Regarding Contact Creation\";s:7:\"content\";s:305:\"An Contact has been assigned to you on vtigerCRM<br>Details of Contact are :<br><br>Contact Id:<b>$contact_no</b><br>LastName:<b>$lastname</b><br>FirstName:<b>$firstname</b><br>Lead Source:<b>$leadsource</b><br>Department:<b>$department</b><br>Description:<b>$description</b><br><br><br>Thank You<br>Admin\";s:2:\"id\";s:1:\"3\";}'),(4,4,'Email Customer Portal Login Details','O:18:\"VTEntityMethodTask\":6:{s:18:\"executeImmediately\";b:1;s:10:\"workflowId\";i:4;s:7:\"summary\";s:35:\"Email Customer Portal Login Details\";s:6:\"active\";b:1;s:10:\"methodName\";s:22:\"SendPortalLoginDetails\";s:2:\"id\";i:4;}'),(5,5,'An Potential has been created ','O:11:\"VTEmailTask\":8:{s:18:\"executeImmediately\";s:0:\"\";s:10:\"workflowId\";s:1:\"5\";s:7:\"summary\";s:30:\"An Potential has been created \";s:6:\"active\";s:1:\"1\";s:9:\"recepient\";s:36:\"$(assigned_user_id : (Users) email1)\";s:7:\"subject\";s:30:\"Regarding Potential Assignment\";s:7:\"content\";s:342:\"An Potential has been assigned to you on vtigerCRM<br>Details of Potential are :<br><br>Potential No:<b>$potential_no</b><br>Potential Name:<b>$potentialname</b><br>Amount:<b>$amount</b><br>Expected Close Date:<b>$closingdate ($_DATE_FORMAT_)</b><br>Type:<b>$opportunity_type</b><br><br><br>Description :$description<br><br>Thank You<br>Admin\";s:2:\"id\";s:1:\"5\";}'),(6,6,'An contact has been created ','O:11:\"VTEmailTask\":8:{s:18:\"executeImmediately\";s:0:\"\";s:10:\"workflowId\";s:1:\"6\";s:7:\"summary\";s:28:\"An contact has been created \";s:6:\"active\";s:1:\"1\";s:9:\"recepient\";s:36:\"$(assigned_user_id : (Users) email1)\";s:7:\"subject\";s:28:\"Regarding Contact Assignment\";s:7:\"content\";s:384:\"An Contact has been assigned to you on vtigerCRM<br>Details of Contact are :<br><br>Contact Id:<b>$contact_no</b><br>LastName:<b>$lastname</b><br>FirstName:<b>$firstname</b><br>Lead Source:<b>$leadsource</b><br>Department:<b>$department</b><br>Description:<b>$description</b><br><br><br>And <b>CustomerPortal Login Details</b> is sent to the EmailID :-$email<br><br>Thank You<br>Admin\";s:2:\"id\";s:1:\"6\";}'),(7,7,'Notify Related Contact when Ticket is created from Portal','O:11:\"VTEmailTask\":9:{s:18:\"executeImmediately\";s:1:\"0\";s:7:\"summary\";s:57:\"Notify Related Contact when Ticket is created from Portal\";s:6:\"active\";s:1:\"1\";s:2:\"id\";s:1:\"7\";s:10:\"workflowId\";s:1:\"7\";s:9:\"fromEmail\";s:93:\"$(general : (__VtigerMeta__) supportName)&lt;$(general : (__VtigerMeta__) supportEmailId)&gt;\";s:9:\"recepient\";s:33:\",$(contact_id : (Contacts) email)\";s:7:\"subject\";s:93:\"[From Portal] $ticket_no [ Ticket Id : $(general : (__VtigerMeta__) recordId) ] $ticket_title\";s:7:\"content\";s:158:\"Ticket No : $ticket_no<br>\n							  Ticket ID : $(general : (__VtigerMeta__) recordId)<br>\n							  Ticket Title : $ticket_title<br><br>\n							  $description\";}'),(10,9,'Send Email to Contact on Ticket Update','O:11:\"VTEmailTask\":9:{s:18:\"executeImmediately\";s:1:\"0\";s:7:\"summary\";s:38:\"Send Email to Contact on Ticket Update\";s:6:\"active\";s:1:\"1\";s:2:\"id\";s:2:\"10\";s:9:\"fromEmail\";s:93:\"$(general : (__VtigerMeta__) supportName)&lt;$(general : (__VtigerMeta__) supportEmailId)&gt;\";s:9:\"recepient\";s:33:\",$(contact_id : (Contacts) email)\";s:7:\"subject\";s:79:\"$ticket_no [ Ticket Id : $(general : (__VtigerMeta__) recordId) ] $ticket_title\";s:7:\"content\";s:624:\"Ticket ID : $(general : (__VtigerMeta__) recordId)<br>Ticket Title : $ticket_title<br><br>\n								Dear $(contact_id : (Contacts) lastname) $(contact_id : (Contacts) firstname),<br><br>\n								The Ticket is replied the details are :<br><br>\n								Ticket No : $ticket_no<br>\n								Status : $ticketstatus<br>\n								Category : $ticketcategories<br>\n								Severity : $ticketseverities<br>\n								Priority : $ticketpriorities<br><br>\n								Description : <br>$description<br><br>\n								Solution : <br>$solution<br>\n								The comments are : <br>\n								$allComments<br><br>\n								Regards<br>Support Administrator\";s:10:\"workflowId\";s:1:\"9\";}'),(13,12,'update forecast amount','O:18:\"VTUpdateFieldsTask\":7:{s:18:\"executeImmediately\";b:1;s:43:\"\0VTUpdateFieldsTask\0referenceFieldFocusList\";a:0:{}s:10:\"workflowId\";i:12;s:7:\"summary\";s:22:\"update forecast amount\";s:6:\"active\";b:1;s:19:\"field_value_mapping\";s:95:\"[{\"fieldname\":\"forecast_amount\",\"valuetype\":\"expression\",\"value\":\"amount * probability / 100\"}]\";s:2:\"id\";i:13;}'),(14,13,'Send Notification Email to Record Owner','O:11:\"VTEmailTask\":8:{s:18:\"executeImmediately\";s:0:\"\";s:10:\"workflowId\";s:2:\"13\";s:7:\"summary\";s:39:\"Send Notification Email to Record Owner\";s:6:\"active\";s:1:\"1\";s:9:\"recepient\";s:36:\"$(assigned_user_id : (Users) email1)\";s:7:\"subject\";s:17:\"Event :  $subject\";s:7:\"content\";s:771:\"$(assigned_user_id : (Users) last_name) $(assigned_user_id : (Users) first_name) ,<br/><b>Activity Notification Details:</b><br/>Subject             : $subject<br/>Start date and time : $date_start ($(general : (__VtigerMeta__) usertimezone))<br/>End date and time   : $due_date ($(general : (__VtigerMeta__) usertimezone)) <br/>Status              : $eventstatus <br/>Priority            : $taskpriority <br/>Related To          : $(parent_id : (Leads) lastname) $(parent_id : (Leads) firstname) $(parent_id : (Accounts) accountname) $(parent_id : (Potentials) potentialname) $(parent_id : (HelpDesk) ticket_title) $(parent_id : (Campaigns) campaignname) <br/>Contacts List       : $contact_id <br/>Location            : $location <br/>Description         : $description\";s:2:\"id\";s:2:\"14\";}'),(15,14,'Send Notification Email to Record Owner','O:11:\"VTEmailTask\":8:{s:18:\"executeImmediately\";s:0:\"\";s:10:\"workflowId\";s:2:\"14\";s:7:\"summary\";s:39:\"Send Notification Email to Record Owner\";s:6:\"active\";s:1:\"1\";s:9:\"recepient\";s:36:\"$(assigned_user_id : (Users) email1)\";s:7:\"subject\";s:16:\"Task :  $subject\";s:7:\"content\";s:689:\"$(assigned_user_id : (Users) last_name) $(assigned_user_id : (Users) first_name) ,<br/><b>Task Notification Details:</b><br/>Subject : $subject<br/>Start date and time : $date_start ($(general : (__VtigerMeta__) usertimezone))<br/>End date and time   : $due_date ($_DATE_FORMAT_) <br/>Status              : $taskstatus <br/>Priority            : $taskpriority <br/>Related To          : $(parent_id : (Leads) lastname) $(parent_id : (Leads) firstname) $(parent_id : (Accounts) accountname) $(parent_id : (Potentials) potentialname) $(parent_id : (HelpDesk) ticket_title) $(parent_id : (Campaigns) campaignname) <br/>Contacts List       : $contact_id <br/>Description         : $description\";s:2:\"id\";s:2:\"15\";}'),(18,16,'Update Inventory Products','O:18:\"VTEntityMethodTask\":6:{s:18:\"executeImmediately\";b:1;s:10:\"workflowId\";i:16;s:7:\"summary\";s:25:\"Update Inventory Products\";s:6:\"active\";b:1;s:10:\"methodName\";s:15:\"UpdateInventory\";s:2:\"id\";i:18;}'),(19,17,'Comment Added From Portal : Send Email to Record Owner','O:11:\"VTEmailTask\":9:{s:18:\"executeImmediately\";s:1:\"0\";s:7:\"summary\";s:54:\"Comment Added From Portal : Send Email to Record Owner\";s:6:\"active\";s:1:\"1\";s:2:\"id\";s:2:\"19\";s:10:\"workflowId\";s:2:\"17\";s:9:\"fromEmail\";s:112:\"$(contact_id : (Contacts) lastname) $(contact_id : (Contacts) firstname)&lt;$(contact_id : (Contacts) email)&gt;\";s:9:\"recepient\";s:37:\",$(assigned_user_id : (Users) email1)\";s:7:\"subject\";s:92:\"Respond to Ticket ID## $(general : (__VtigerMeta__) recordId) ## in Customer Portal - URGENT\";s:7:\"content\";s:325:\"Dear $(assigned_user_id : (Users) last_name) $(assigned_user_id : (Users) first_name),<br><br>\n								Customer has provided the following additional information to your reply:<br><br>\n								<b>$lastComment</b><br><br>\n								Kindly respond to above ticket at the earliest.<br><br>\n								Regards<br>Support Administrator\";}'),(20,18,'Comment Added From CRM : Send Email to Contact, where Contact is not a Portal User','O:11:\"VTEmailTask\":9:{s:18:\"executeImmediately\";s:1:\"0\";s:7:\"summary\";s:82:\"Comment Added From CRM : Send Email to Contact, where Contact is not a Portal User\";s:6:\"active\";s:1:\"1\";s:2:\"id\";s:2:\"20\";s:10:\"workflowId\";s:2:\"18\";s:9:\"fromEmail\";s:93:\"$(general : (__VtigerMeta__) supportName)&lt;$(general : (__VtigerMeta__) supportEmailId)&gt;\";s:9:\"recepient\";s:33:\",$(contact_id : (Contacts) email)\";s:7:\"subject\";s:79:\"$ticket_no [ Ticket Id : $(general : (__VtigerMeta__) recordId) ] $ticket_title\";s:7:\"content\";s:514:\"Dear $(contact_id : (Contacts) lastname) $(contact_id : (Contacts) firstname),<br><br>\n							The Ticket is replied the details are :<br><br>\n							Ticket No : $ticket_no<br>\n							Status : $ticketstatus<br>\n							Category : $ticketcategories<br>\n							Severity : $ticketseverities<br>\n							Priority : $ticketpriorities<br><br>\n							Description : <br>$description<br><br>\n							Solution : <br>$solution<br>\n							The comments are : <br>\n							$allComments<br><br>\n							Regards<br>Support Administrator\";}'),(21,19,'Comment Added From CRM : Send Email to Contact, where Contact is Portal User','O:11:\"VTEmailTask\":9:{s:18:\"executeImmediately\";s:1:\"0\";s:7:\"summary\";s:76:\"Comment Added From CRM : Send Email to Contact, where Contact is Portal User\";s:6:\"active\";s:1:\"1\";s:2:\"id\";s:2:\"21\";s:10:\"workflowId\";s:2:\"19\";s:9:\"fromEmail\";s:93:\"$(general : (__VtigerMeta__) supportName)&lt;$(general : (__VtigerMeta__) supportEmailId)&gt;\";s:9:\"recepient\";s:33:\",$(contact_id : (Contacts) email)\";s:7:\"subject\";s:79:\"$ticket_no [ Ticket Id : $(general : (__VtigerMeta__) recordId) ] $ticket_title\";s:7:\"content\";s:547:\"Ticket No : $ticket_no<br>\n										Ticket Id : $(general : (__VtigerMeta__) recordId)<br>\n										Subject : $ticket_title<br><br>\n										Dear $(contact_id : (Contacts) lastname) $(contact_id : (Contacts) firstname),<br><br>\n										There is a reply to <b>$ticket_title</b> in the \"Customer Portal\" at VTiger.\n										You can use the following link to view the replies made:<br>\n										<a href=\"$(general : (__VtigerMeta__) portaldetailviewurl)\">Ticket Details</a><br><br>\n										Thanks<br>$(general : (__VtigerMeta__) supportName)\";}'),(22,15,'Comment Added From CRM : Send Email to Organization','O:11:\"VTEmailTask\":9:{s:18:\"executeImmediately\";s:1:\"0\";s:7:\"summary\";s:51:\"Comment Added From CRM : Send Email to Organization\";s:6:\"active\";s:1:\"1\";s:2:\"id\";s:2:\"22\";s:10:\"workflowId\";s:2:\"15\";s:9:\"fromEmail\";s:93:\"$(general : (__VtigerMeta__) supportName)&lt;$(general : (__VtigerMeta__) supportEmailId)&gt;\";s:9:\"recepient\";s:34:\",$(parent_id : (Accounts) email1),\";s:7:\"subject\";s:79:\"$ticket_no [ Ticket Id : $(general : (__VtigerMeta__) recordId) ] $ticket_title\";s:7:\"content\";s:589:\"Ticket ID : $(general : (__VtigerMeta__) recordId)<br>Ticket Title : $ticket_title<br><br>\n								Dear $(parent_id : (Accounts) accountname),<br><br>\n								The Ticket is replied the details are :<br><br>\n								Ticket No : $ticket_no<br>\n								Status : $ticketstatus<br>\n								Category : $ticketcategories<br>\n								Severity : $ticketseverities<br>\n								Priority : $ticketpriorities<br><br>\n								Description : <br>$description<br><br>\n								Solution : <br>$solution<br>\n								The comments are : <br>\n								$allComments<br><br>\n								Regards<br>Support Administrator\";}'),(23,7,'Notify Record Owner when Ticket is created from Portal','O:11:\"VTEmailTask\":9:{s:18:\"executeImmediately\";s:1:\"0\";s:7:\"summary\";s:54:\"Notify Record Owner when Ticket is created from Portal\";s:6:\"active\";s:1:\"1\";s:2:\"id\";s:2:\"23\";s:10:\"workflowId\";s:1:\"7\";s:9:\"fromEmail\";s:124:\"$(contact_id : (Contacts) lastname) $(contact_id : (Contacts) firstname)&lt;$(general : (__VtigerMeta__) supportEmailId)&gt;\";s:9:\"recepient\";s:37:\",$(assigned_user_id : (Users) email1)\";s:7:\"subject\";s:93:\"[From Portal] $ticket_no [ Ticket Id : $(general : (__VtigerMeta__) recordId) ] $ticket_title\";s:7:\"content\";s:158:\"Ticket No : $ticket_no<br>\n							  Ticket ID : $(general : (__VtigerMeta__) recordId)<br>\n							  Ticket Title : $ticket_title<br><br>\n							  $description\";}'),(24,20,'Send Email to Record Owner on Ticket Update','O:11:\"VTEmailTask\":9:{s:18:\"executeImmediately\";s:1:\"0\";s:7:\"summary\";s:43:\"Send Email to Record Owner on Ticket Update\";s:6:\"active\";s:1:\"1\";s:2:\"id\";s:2:\"24\";s:10:\"workflowId\";s:2:\"20\";s:9:\"fromEmail\";s:93:\"$(general : (__VtigerMeta__) supportName)&lt;$(general : (__VtigerMeta__) supportEmailId)&gt;\";s:9:\"recepient\";s:37:\",$(assigned_user_id : (Users) email1)\";s:7:\"subject\";s:40:\"Ticket Number : $ticket_no $ticket_title\";s:7:\"content\";s:596:\"Ticket ID : $(general : (__VtigerMeta__) recordId)<br>Ticket Title : $ticket_title<br><br>\n								Dear $(assigned_user_id : (Users) last_name) $(assigned_user_id : (Users) first_name),<br><br>\n								The Ticket is replied the details are :<br><br>\n								Ticket No : $ticket_no<br>\n								Status : $ticketstatus<br>\n								Category : $ticketcategories<br>\n								Severity : $ticketseverities<br>\n								Priority : $ticketpriorities<br><br>\n								Description : <br>$description<br><br>\n								Solution : <br>$solution\n								$allComments<br><br>\n								Regards<br>Support Administrator\";}'),(25,21,'Ticket Creation From CRM : Send Email to Record Owner','O:11:\"VTEmailTask\":9:{s:18:\"executeImmediately\";s:1:\"0\";s:7:\"summary\";s:53:\"Ticket Creation From CRM : Send Email to Record Owner\";s:6:\"active\";s:1:\"1\";s:2:\"id\";s:2:\"25\";s:10:\"workflowId\";s:2:\"21\";s:9:\"fromEmail\";s:93:\"$(general : (__VtigerMeta__) supportName)&lt;$(general : (__VtigerMeta__) supportEmailId)&gt;\";s:9:\"recepient\";s:37:\",$(assigned_user_id : (Users) email1)\";s:7:\"subject\";s:40:\"Ticket Number : $ticket_no $ticket_title\";s:7:\"content\";s:596:\"Ticket ID : $(general : (__VtigerMeta__) recordId)<br>Ticket Title : $ticket_title<br><br>\n								Dear $(assigned_user_id : (Users) last_name) $(assigned_user_id : (Users) first_name),<br><br>\n								The Ticket is replied the details are :<br><br>\n								Ticket No : $ticket_no<br>\n								Status : $ticketstatus<br>\n								Category : $ticketcategories<br>\n								Severity : $ticketseverities<br>\n								Priority : $ticketpriorities<br><br>\n								Description : <br>$description<br><br>\n								Solution : <br>$solution\n								$allComments<br><br>\n								Regards<br>Support Administrator\";}'),(26,22,'Send Email to Organization on Ticket Update','O:11:\"VTEmailTask\":9:{s:18:\"executeImmediately\";s:1:\"0\";s:7:\"summary\";s:43:\"Send Email to Organization on Ticket Update\";s:6:\"active\";s:1:\"1\";s:2:\"id\";s:2:\"26\";s:9:\"fromEmail\";s:93:\"$(general : (__VtigerMeta__) supportName)&lt;$(general : (__VtigerMeta__) supportEmailId)&gt;\";s:9:\"recepient\";s:33:\",$(parent_id : (Accounts) email1)\";s:7:\"subject\";s:79:\"$ticket_no [ Ticket Id : $(general : (__VtigerMeta__) recordId) ] $ticket_title\";s:7:\"content\";s:589:\"Ticket ID : $(general : (__VtigerMeta__) recordId)<br>Ticket Title : $ticket_title<br><br>\n								Dear $(parent_id : (Accounts) accountname),<br><br>\n								The Ticket is replied the details are :<br><br>\n								Ticket No : $ticket_no<br>\n								Status : $ticketstatus<br>\n								Category : $ticketcategories<br>\n								Severity : $ticketseverities<br>\n								Priority : $ticketpriorities<br><br>\n								Description : <br>$description<br><br>\n								Solution : <br>$solution<br>\n								The comments are : <br>\n								$allComments<br><br>\n								Regards<br>Support Administrator\";s:10:\"workflowId\";s:2:\"22\";}'),(27,23,'Ticket Creation From CRM : Send Email to Organization','O:11:\"VTEmailTask\":9:{s:18:\"executeImmediately\";s:1:\"0\";s:7:\"summary\";s:53:\"Ticket Creation From CRM : Send Email to Organization\";s:6:\"active\";s:1:\"1\";s:2:\"id\";s:2:\"27\";s:9:\"fromEmail\";s:93:\"$(general : (__VtigerMeta__) supportName)&lt;$(general : (__VtigerMeta__) supportEmailId)&gt;\";s:9:\"recepient\";s:33:\",$(parent_id : (Accounts) email1)\";s:7:\"subject\";s:79:\"$ticket_no [ Ticket Id : $(general : (__VtigerMeta__) recordId) ] $ticket_title\";s:7:\"content\";s:589:\"Ticket ID : $(general : (__VtigerMeta__) recordId)<br>Ticket Title : $ticket_title<br><br>\n								Dear $(parent_id : (Accounts) accountname),<br><br>\n								The Ticket is replied the details are :<br><br>\n								Ticket No : $ticket_no<br>\n								Status : $ticketstatus<br>\n								Category : $ticketcategories<br>\n								Severity : $ticketseverities<br>\n								Priority : $ticketpriorities<br><br>\n								Description : <br>$description<br><br>\n								Solution : <br>$solution<br>\n								The comments are : <br>\n								$allComments<br><br>\n								Regards<br>Support Administrator\";s:10:\"workflowId\";s:2:\"23\";}'),(28,24,'Ticket Creation From CRM : Send Email to Contact','O:11:\"VTEmailTask\":9:{s:18:\"executeImmediately\";s:1:\"0\";s:7:\"summary\";s:48:\"Ticket Creation From CRM : Send Email to Contact\";s:6:\"active\";s:1:\"1\";s:2:\"id\";s:2:\"28\";s:9:\"fromEmail\";s:93:\"$(general : (__VtigerMeta__) supportName)&lt;$(general : (__VtigerMeta__) supportEmailId)&gt;\";s:9:\"recepient\";s:33:\",$(contact_id : (Contacts) email)\";s:7:\"subject\";s:79:\"$ticket_no [ Ticket Id : $(general : (__VtigerMeta__) recordId) ] $ticket_title\";s:7:\"content\";s:624:\"Ticket ID : $(general : (__VtigerMeta__) recordId)<br>Ticket Title : $ticket_title<br><br>\n								Dear $(contact_id : (Contacts) lastname) $(contact_id : (Contacts) firstname),<br><br>\n								The Ticket is replied the details are :<br><br>\n								Ticket No : $ticket_no<br>\n								Status : $ticketstatus<br>\n								Category : $ticketcategories<br>\n								Severity : $ticketseverities<br>\n								Priority : $ticketpriorities<br><br>\n								Description : <br>$description<br><br>\n								Solution : <br>$solution<br>\n								The comments are : <br>\n								$allComments<br><br>\n								Regards<br>Support Administrator\";s:10:\"workflowId\";s:2:\"24\";}'),(29,25,'Vincular Evento','O:18:\"VTEntityMethodTask\":7:{s:18:\"executeImmediately\";b:1;s:10:\"workflowId\";s:2:\"25\";s:7:\"summary\";s:15:\"Vincular Evento\";s:6:\"active\";b:1;s:7:\"trigger\";N;s:10:\"methodName\";s:15:\"Vincular Evento\";s:2:\"id\";i:29;}'),(30,26,'Días transcurridos','O:18:\"VTUpdateFieldsTask\":8:{s:18:\"executeImmediately\";b:1;s:43:\"\0VTUpdateFieldsTask\0referenceFieldFocusList\";a:0:{}s:10:\"workflowId\";s:2:\"26\";s:7:\"summary\";s:19:\"Días transcurridos\";s:6:\"active\";b:1;s:7:\"trigger\";N;s:19:\"field_value_mapping\";s:84:\"[{\"fieldname\":\"days\",\"value\":\"time_diffdays(createdtime)\",\"valuetype\":\"expression\"}]\";s:2:\"id\";i:30;}');
/*!40000 ALTER TABLE `com_vtiger_workflowtasks` ENABLE KEYS */;
UNLOCK TABLES;

--
-- Table structure for table `com_vtiger_workflowtasks_entitymethod`
--

DROP TABLE IF EXISTS `com_vtiger_workflowtasks_entitymethod`;
/*!40101 SET @saved_cs_client     = @@character_set_client */;
/*!40101 SET character_set_client = utf8 */;
CREATE TABLE `com_vtiger_workflowtasks_entitymethod` (
  `workflowtasks_entitymethod_id` int(11) NOT NULL,
  `module_name` varchar(100) DEFAULT NULL,
  `method_name` varchar(100) DEFAULT NULL,
  `function_path` varchar(400) DEFAULT NULL,
  `function_name` varchar(100) DEFAULT NULL,
  PRIMARY KEY (`workflowtasks_entitymethod_id`),
  UNIQUE KEY `com_vtiger_workflowtasks_entitymethod_idx` (`workflowtasks_entitymethod_id`)
) ENGINE=InnoDB DEFAULT CHARSET=utf8;
/*!40101 SET character_set_client = @saved_cs_client */;

--
-- Dumping data for table `com_vtiger_workflowtasks_entitymethod`
--

LOCK TABLES `com_vtiger_workflowtasks_entitymethod` WRITE;
/*!40000 ALTER TABLE `com_vtiger_workflowtasks_entitymethod` DISABLE KEYS */;
INSERT INTO `com_vtiger_workflowtasks_entitymethod` VALUES (1,'SalesOrder','UpdateInventory','include/InventoryHandler.php','handleInventoryProductRel'),(2,'Invoice','UpdateInventory','include/InventoryHandler.php','handleInventoryProductRel'),(3,'Contacts','SendPortalLoginDetails','modules/Contacts/ContactsHandler.php','Contacts_sendCustomerPortalLoginDetails'),(4,'HelpDesk','NotifyOnPortalTicketCreation','modules/HelpDesk/HelpDeskHandler.php','HelpDesk_nofifyOnPortalTicketCreation'),(5,'HelpDesk','NotifyOnPortalTicketComment','modules/HelpDesk/HelpDeskHandler.php','HelpDesk_notifyOnPortalTicketComment'),(6,'HelpDesk','NotifyOwnerOnTicketChange','modules/HelpDesk/HelpDeskHandler.php','HelpDesk_notifyOwnerOnTicketChange'),(7,'HelpDesk','NotifyParentOnTicketChange','modules/HelpDesk/HelpDeskHandler.php','HelpDesk_notifyParentOnTicketChange'),(8,'ModComments','CustomerCommentFromPortal','modules/ModComments/ModCommentsHandler.php','CustomerCommentFromPortal'),(9,'ModComments','TicketOwnerComments','modules/ModComments/ModCommentsHandler.php','TicketOwnerComments'),(10,'PurchaseOrder','UpdateInventory','include/InventoryHandler.php','handleInventoryProductRel'),(11,'HelpDesk','Vincular Evento','workflows/HelpDesk/vincularEventoAIncidencia.inc','vincularEventoAIncidencia');
/*!40000 ALTER TABLE `com_vtiger_workflowtasks_entitymethod` ENABLE KEYS */;
UNLOCK TABLES;

--
-- Table structure for table `com_vtiger_workflowtasks_entitymethod_seq`
--

DROP TABLE IF EXISTS `com_vtiger_workflowtasks_entitymethod_seq`;
/*!40101 SET @saved_cs_client     = @@character_set_client */;
/*!40101 SET character_set_client = utf8 */;
CREATE TABLE `com_vtiger_workflowtasks_entitymethod_seq` (
  `id` int(11) NOT NULL
) ENGINE=InnoDB DEFAULT CHARSET=utf8;
/*!40101 SET character_set_client = @saved_cs_client */;

--
-- Dumping data for table `com_vtiger_workflowtasks_entitymethod_seq`
--

LOCK TABLES `com_vtiger_workflowtasks_entitymethod_seq` WRITE;
/*!40000 ALTER TABLE `com_vtiger_workflowtasks_entitymethod_seq` DISABLE KEYS */;
INSERT INTO `com_vtiger_workflowtasks_entitymethod_seq` VALUES (11);
/*!40000 ALTER TABLE `com_vtiger_workflowtasks_entitymethod_seq` ENABLE KEYS */;
UNLOCK TABLES;

--
-- Table structure for table `com_vtiger_workflowtasks_seq`
--

DROP TABLE IF EXISTS `com_vtiger_workflowtasks_seq`;
/*!40101 SET @saved_cs_client     = @@character_set_client */;
/*!40101 SET character_set_client = utf8 */;
CREATE TABLE `com_vtiger_workflowtasks_seq` (
  `id` int(11) NOT NULL
) ENGINE=InnoDB DEFAULT CHARSET=utf8;
/*!40101 SET character_set_client = @saved_cs_client */;

--
-- Dumping data for table `com_vtiger_workflowtasks_seq`
--

LOCK TABLES `com_vtiger_workflowtasks_seq` WRITE;
/*!40000 ALTER TABLE `com_vtiger_workflowtasks_seq` DISABLE KEYS */;
INSERT INTO `com_vtiger_workflowtasks_seq` VALUES (30);
/*!40000 ALTER TABLE `com_vtiger_workflowtasks_seq` ENABLE KEYS */;
UNLOCK TABLES;

--
-- Table structure for table `com_vtiger_workflowtemplates`
--

DROP TABLE IF EXISTS `com_vtiger_workflowtemplates`;
/*!40101 SET @saved_cs_client     = @@character_set_client */;
/*!40101 SET character_set_client = utf8 */;
CREATE TABLE `com_vtiger_workflowtemplates` (
  `template_id` int(11) NOT NULL AUTO_INCREMENT,
  `module_name` varchar(100) DEFAULT NULL,
  `title` varchar(400) DEFAULT NULL,
  `template` text DEFAULT NULL,
  PRIMARY KEY (`template_id`)
) ENGINE=InnoDB DEFAULT CHARSET=utf8;
/*!40101 SET character_set_client = @saved_cs_client */;

--
-- Dumping data for table `com_vtiger_workflowtemplates`
--

LOCK TABLES `com_vtiger_workflowtemplates` WRITE;
/*!40000 ALTER TABLE `com_vtiger_workflowtemplates` DISABLE KEYS */;
/*!40000 ALTER TABLE `com_vtiger_workflowtemplates` ENABLE KEYS */;
UNLOCK TABLES;

--
-- Table structure for table `vtiger_acciones`
--

DROP TABLE IF EXISTS `vtiger_acciones`;
/*!40101 SET @saved_cs_client     = @@character_set_client */;
/*!40101 SET character_set_client = utf8 */;
CREATE TABLE `vtiger_acciones` (
  `accionesid` int(11) NOT NULL,
  `accionesno` varchar(100) DEFAULT NULL,
  `acciones_tks_tema` int(11) DEFAULT NULL,
  `acciones_tks_accion` varchar(100) DEFAULT NULL,
  `acciones_tks_rolresponsable` varchar(100) DEFAULT NULL,
  `acciones_tks_titulo` varchar(200) NOT NULL,
  PRIMARY KEY (`accionesid`)
) ENGINE=InnoDB DEFAULT CHARSET=utf8;
/*!40101 SET character_set_client = @saved_cs_client */;

--
-- Dumping data for table `vtiger_acciones`
--

LOCK TABLES `vtiger_acciones` WRITE;
/*!40000 ALTER TABLE `vtiger_acciones` DISABLE KEYS */;
INSERT INTO `vtiger_acciones` VALUES (57,'ACC1',56,'Acción 1','Administrador',''),(58,'ACC2',1,'Acción 1','Administrador',''),(60,'ACC3',59,'Acción 1','Administrador','Jefatura de Inicial'),(62,'ACC4',61,'Acción 1','H5-Asistente','Acción 1'),(63,'ACC5',61,'Acción 2','H3-Director','Acción 2'),(64,'ACC6',61,'Acción 3','H5-Asistente','Acción 3'),(66,'ACC7',65,'Acción 3','H2-CEO','Acción 3'),(67,'ACC8',65,'Acción 4','H3-Director','Acción 4'),(68,'ACC9',65,'Acción 5','H4-Subdirector','Acción 5'),(70,'ACC10',65,'Acción 6','H6-Profesor','Acción 6');
/*!40000 ALTER TABLE `vtiger_acciones` ENABLE KEYS */;
UNLOCK TABLES;

--
-- Table structure for table `vtiger_acciones_tks_accion`
--

DROP TABLE IF EXISTS `vtiger_acciones_tks_accion`;
/*!40101 SET @saved_cs_client     = @@character_set_client */;
/*!40101 SET character_set_client = utf8 */;
CREATE TABLE `vtiger_acciones_tks_accion` (
  `acciones_tks_accionid` int(11) NOT NULL AUTO_INCREMENT,
  `acciones_tks_accion` varchar(200) NOT NULL,
  `presence` int(1) NOT NULL DEFAULT 1,
  `picklist_valueid` int(11) NOT NULL DEFAULT 0,
  `sortorderid` int(11) DEFAULT 0,
  `color` varchar(10) DEFAULT NULL,
  PRIMARY KEY (`acciones_tks_accionid`)
) ENGINE=InnoDB AUTO_INCREMENT=4 DEFAULT CHARSET=utf8;
/*!40101 SET character_set_client = @saved_cs_client */;

--
-- Dumping data for table `vtiger_acciones_tks_accion`
--

LOCK TABLES `vtiger_acciones_tks_accion` WRITE;
/*!40000 ALTER TABLE `vtiger_acciones_tks_accion` DISABLE KEYS */;
INSERT INTO `vtiger_acciones_tks_accion` VALUES (1,'Paso 1',1,383,1,NULL),(2,'Paso 2',1,384,2,NULL),(3,'Otro',1,385,3,NULL);
/*!40000 ALTER TABLE `vtiger_acciones_tks_accion` ENABLE KEYS */;
UNLOCK TABLES;

--
-- Table structure for table `vtiger_acciones_tks_accion_seq`
--

DROP TABLE IF EXISTS `vtiger_acciones_tks_accion_seq`;
/*!40101 SET @saved_cs_client     = @@character_set_client */;
/*!40101 SET character_set_client = utf8 */;
CREATE TABLE `vtiger_acciones_tks_accion_seq` (
  `id` int(11) NOT NULL
) ENGINE=InnoDB DEFAULT CHARSET=utf8;
/*!40101 SET character_set_client = @saved_cs_client */;

--
-- Dumping data for table `vtiger_acciones_tks_accion_seq`
--

LOCK TABLES `vtiger_acciones_tks_accion_seq` WRITE;
/*!40000 ALTER TABLE `vtiger_acciones_tks_accion_seq` DISABLE KEYS */;
INSERT INTO `vtiger_acciones_tks_accion_seq` VALUES (3);
/*!40000 ALTER TABLE `vtiger_acciones_tks_accion_seq` ENABLE KEYS */;
UNLOCK TABLES;

--
-- Table structure for table `vtiger_acciones_tks_rolresponsable`
--

DROP TABLE IF EXISTS `vtiger_acciones_tks_rolresponsable`;
/*!40101 SET @saved_cs_client     = @@character_set_client */;
/*!40101 SET character_set_client = utf8 */;
CREATE TABLE `vtiger_acciones_tks_rolresponsable` (
  `acciones_tks_rolresponsableid` int(11) NOT NULL AUTO_INCREMENT,
  `acciones_tks_rolresponsable` varchar(200) NOT NULL,
  `presence` int(1) NOT NULL DEFAULT 1,
  `picklist_valueid` int(11) NOT NULL DEFAULT 0,
  `sortorderid` int(11) DEFAULT 0,
  `color` varchar(10) DEFAULT NULL,
  PRIMARY KEY (`acciones_tks_rolresponsableid`)
) ENGINE=InnoDB AUTO_INCREMENT=3 DEFAULT CHARSET=utf8;
/*!40101 SET character_set_client = @saved_cs_client */;

--
-- Dumping data for table `vtiger_acciones_tks_rolresponsable`
--

LOCK TABLES `vtiger_acciones_tks_rolresponsable` WRITE;
/*!40000 ALTER TABLE `vtiger_acciones_tks_rolresponsable` DISABLE KEYS */;
INSERT INTO `vtiger_acciones_tks_rolresponsable` VALUES (1,'Administrador',1,386,1,NULL),(2,'CEO',1,387,2,NULL);
/*!40000 ALTER TABLE `vtiger_acciones_tks_rolresponsable` ENABLE KEYS */;
UNLOCK TABLES;

--
-- Table structure for table `vtiger_acciones_tks_rolresponsable_seq`
--

DROP TABLE IF EXISTS `vtiger_acciones_tks_rolresponsable_seq`;
/*!40101 SET @saved_cs_client     = @@character_set_client */;
/*!40101 SET character_set_client = utf8 */;
CREATE TABLE `vtiger_acciones_tks_rolresponsable_seq` (
  `id` int(11) NOT NULL
) ENGINE=InnoDB DEFAULT CHARSET=utf8;
/*!40101 SET character_set_client = @saved_cs_client */;

--
-- Dumping data for table `vtiger_acciones_tks_rolresponsable_seq`
--

LOCK TABLES `vtiger_acciones_tks_rolresponsable_seq` WRITE;
/*!40000 ALTER TABLE `vtiger_acciones_tks_rolresponsable_seq` DISABLE KEYS */;
INSERT INTO `vtiger_acciones_tks_rolresponsable_seq` VALUES (2);
/*!40000 ALTER TABLE `vtiger_acciones_tks_rolresponsable_seq` ENABLE KEYS */;
UNLOCK TABLES;

--
-- Table structure for table `vtiger_accionescf`
--

DROP TABLE IF EXISTS `vtiger_accionescf`;
/*!40101 SET @saved_cs_client     = @@character_set_client */;
/*!40101 SET character_set_client = utf8 */;
CREATE TABLE `vtiger_accionescf` (
  `accionesid` int(11) NOT NULL,
  `tags` varchar(1) DEFAULT NULL,
  PRIMARY KEY (`accionesid`)
) ENGINE=InnoDB DEFAULT CHARSET=utf8;
/*!40101 SET character_set_client = @saved_cs_client */;

--
-- Dumping data for table `vtiger_accionescf`
--

LOCK TABLES `vtiger_accionescf` WRITE;
/*!40000 ALTER TABLE `vtiger_accionescf` DISABLE KEYS */;
INSERT INTO `vtiger_accionescf` VALUES (57,''),(58,''),(60,''),(62,''),(63,''),(64,''),(66,''),(67,''),(68,''),(70,'');
/*!40000 ALTER TABLE `vtiger_accionescf` ENABLE KEYS */;
UNLOCK TABLES;

--
-- Table structure for table `vtiger_account`
--

DROP TABLE IF EXISTS `vtiger_account`;
/*!40101 SET @saved_cs_client     = @@character_set_client */;
/*!40101 SET character_set_client = utf8 */;
CREATE TABLE `vtiger_account` (
  `accountid` int(19) NOT NULL DEFAULT 0,
  `account_no` varchar(100) NOT NULL,
  `accountname` varchar(100) NOT NULL,
  `parentid` int(19) DEFAULT 0,
  `account_type` varchar(200) DEFAULT NULL,
  `industry` varchar(200) DEFAULT NULL,
  `annualrevenue` decimal(25,8) DEFAULT NULL,
  `rating` varchar(200) DEFAULT NULL,
  `ownership` varchar(50) DEFAULT NULL,
  `siccode` varchar(50) DEFAULT NULL,
  `tickersymbol` varchar(30) DEFAULT NULL,
  `phone` varchar(30) DEFAULT NULL,
  `otherphone` varchar(30) DEFAULT NULL,
  `email1` varchar(100) DEFAULT NULL,
  `email2` varchar(100) DEFAULT NULL,
  `website` varchar(100) DEFAULT NULL,
  `fax` varchar(30) DEFAULT NULL,
  `employees` int(10) DEFAULT 0,
  `emailoptout` varchar(3) DEFAULT '0',
  `notify_owner` varchar(3) DEFAULT '0',
  `isconvertedfromlead` varchar(3) DEFAULT '0',
  `tags` varchar(1) DEFAULT NULL,
  PRIMARY KEY (`accountid`),
  KEY `account_account_type_idx` (`account_type`),
  KEY `email_idx` (`email1`,`email2`),
  CONSTRAINT `fk_1_vtiger_account` FOREIGN KEY (`accountid`) REFERENCES `vtiger_crmentity` (`crmid`) ON DELETE CASCADE
) ENGINE=InnoDB DEFAULT CHARSET=utf8;
/*!40101 SET character_set_client = @saved_cs_client */;

--
-- Dumping data for table `vtiger_account`
--

LOCK TABLES `vtiger_account` WRITE;
/*!40000 ALTER TABLE `vtiger_account` DISABLE KEYS */;
INSERT INTO `vtiger_account` VALUES (21,'ACC1','Pedro',0,NULL,NULL,NULL,NULL,NULL,'70353625',NULL,'956797989','','hcumbicusr@gmail.com','',NULL,NULL,0,'0','0','0',''),(49,'AP2','Sebastián Gonzales Suáres',0,NULL,NULL,NULL,NULL,NULL,'00235689',NULL,'956727971','','hcumbicusr@gmail.com','',NULL,NULL,0,'0','0','0',''),(52,'AP3','Carolina Rázuri Farfán',0,NULL,NULL,NULL,NULL,NULL,'00235685',NULL,'956727972','','creantisdevelopment@gmail.com','',NULL,NULL,0,'0','0','0','');
/*!40000 ALTER TABLE `vtiger_account` ENABLE KEYS */;
UNLOCK TABLES;

--
-- Table structure for table `vtiger_accountbillads`
--

DROP TABLE IF EXISTS `vtiger_accountbillads`;
/*!40101 SET @saved_cs_client     = @@character_set_client */;
/*!40101 SET character_set_client = utf8 */;
CREATE TABLE `vtiger_accountbillads` (
  `accountaddressid` int(19) NOT NULL DEFAULT 0,
  `bill_city` varchar(30) DEFAULT NULL,
  `bill_code` varchar(30) DEFAULT NULL,
  `bill_country` varchar(30) DEFAULT NULL,
  `bill_state` varchar(30) DEFAULT NULL,
  `bill_street` varchar(250) DEFAULT NULL,
  `bill_pobox` varchar(30) DEFAULT NULL,
  PRIMARY KEY (`accountaddressid`),
  CONSTRAINT `fk_1_vtiger_accountbillads` FOREIGN KEY (`accountaddressid`) REFERENCES `vtiger_account` (`accountid`) ON DELETE CASCADE
) ENGINE=InnoDB DEFAULT CHARSET=utf8;
/*!40101 SET character_set_client = @saved_cs_client */;

--
-- Dumping data for table `vtiger_accountbillads`
--

LOCK TABLES `vtiger_accountbillads` WRITE;
/*!40000 ALTER TABLE `vtiger_accountbillads` DISABLE KEYS */;
INSERT INTO `vtiger_accountbillads` VALUES (21,'','','','','',''),(49,NULL,NULL,NULL,NULL,NULL,NULL),(52,NULL,NULL,NULL,NULL,NULL,NULL);
/*!40000 ALTER TABLE `vtiger_accountbillads` ENABLE KEYS */;
UNLOCK TABLES;

--
-- Table structure for table `vtiger_accountrating`
--

DROP TABLE IF EXISTS `vtiger_accountrating`;
/*!40101 SET @saved_cs_client     = @@character_set_client */;
/*!40101 SET character_set_client = utf8 */;
CREATE TABLE `vtiger_accountrating` (
  `accountratingid` int(19) NOT NULL AUTO_INCREMENT,
  `rating` varchar(200) NOT NULL,
  `sortorderid` int(19) NOT NULL DEFAULT 0,
  `presence` int(1) NOT NULL DEFAULT 1,
  PRIMARY KEY (`accountratingid`),
  UNIQUE KEY `accountrating_rating_idx` (`rating`)
) ENGINE=InnoDB DEFAULT CHARSET=utf8;
/*!40101 SET character_set_client = @saved_cs_client */;

--
-- Dumping data for table `vtiger_accountrating`
--

LOCK TABLES `vtiger_accountrating` WRITE;
/*!40000 ALTER TABLE `vtiger_accountrating` DISABLE KEYS */;
/*!40000 ALTER TABLE `vtiger_accountrating` ENABLE KEYS */;
UNLOCK TABLES;

--
-- Table structure for table `vtiger_accountscf`
--

DROP TABLE IF EXISTS `vtiger_accountscf`;
/*!40101 SET @saved_cs_client     = @@character_set_client */;
/*!40101 SET character_set_client = utf8 */;
CREATE TABLE `vtiger_accountscf` (
  `accountid` int(19) NOT NULL DEFAULT 0,
  `cf_870` varchar(255) DEFAULT '',
  `cf_914` varchar(50) DEFAULT '',
  `cf_916` varchar(100) DEFAULT '',
  `cf_918` varchar(100) DEFAULT '',
  PRIMARY KEY (`accountid`),
  CONSTRAINT `fk_1_vtiger_accountscf` FOREIGN KEY (`accountid`) REFERENCES `vtiger_account` (`accountid`) ON DELETE CASCADE
) ENGINE=InnoDB DEFAULT CHARSET=utf8;
/*!40101 SET character_set_client = @saved_cs_client */;

--
-- Dumping data for table `vtiger_accountscf`
--

LOCK TABLES `vtiger_accountscf` WRITE;
/*!40000 ALTER TABLE `vtiger_accountscf` DISABLE KEYS */;
INSERT INTO `vtiger_accountscf` VALUES (21,'DNI','','',''),(49,'DNI','Sebastián','Gonzales','Suáres'),(52,'DNI','Carolina','Rázuri','Farfán');
/*!40000 ALTER TABLE `vtiger_accountscf` ENABLE KEYS */;
UNLOCK TABLES;

--
-- Table structure for table `vtiger_accountshipads`
--

DROP TABLE IF EXISTS `vtiger_accountshipads`;
/*!40101 SET @saved_cs_client     = @@character_set_client */;
/*!40101 SET character_set_client = utf8 */;
CREATE TABLE `vtiger_accountshipads` (
  `accountaddressid` int(19) NOT NULL DEFAULT 0,
  `ship_city` varchar(30) DEFAULT NULL,
  `ship_code` varchar(30) DEFAULT NULL,
  `ship_country` varchar(30) DEFAULT NULL,
  `ship_state` varchar(30) DEFAULT NULL,
  `ship_pobox` varchar(30) DEFAULT NULL,
  `ship_street` varchar(250) DEFAULT NULL,
  PRIMARY KEY (`accountaddressid`),
  CONSTRAINT `fk_1_vtiger_accountshipads` FOREIGN KEY (`accountaddressid`) REFERENCES `vtiger_account` (`accountid`) ON DELETE CASCADE
) ENGINE=InnoDB DEFAULT CHARSET=utf8;
/*!40101 SET character_set_client = @saved_cs_client */;

--
-- Dumping data for table `vtiger_accountshipads`
--

LOCK TABLES `vtiger_accountshipads` WRITE;
/*!40000 ALTER TABLE `vtiger_accountshipads` DISABLE KEYS */;
INSERT INTO `vtiger_accountshipads` VALUES (21,'','','','','',''),(49,'',NULL,NULL,'','',''),(52,'',NULL,NULL,'','','');
/*!40000 ALTER TABLE `vtiger_accountshipads` ENABLE KEYS */;
UNLOCK TABLES;

--
-- Table structure for table `vtiger_accounttype`
--

DROP TABLE IF EXISTS `vtiger_accounttype`;
/*!40101 SET @saved_cs_client     = @@character_set_client */;
/*!40101 SET character_set_client = utf8 */;
CREATE TABLE `vtiger_accounttype` (
  `accounttypeid` int(19) NOT NULL AUTO_INCREMENT,
  `accounttype` varchar(200) NOT NULL,
  `presence` int(1) NOT NULL DEFAULT 1,
  `picklist_valueid` int(19) NOT NULL DEFAULT 0,
  `sortorderid` int(11) DEFAULT NULL,
  `color` varchar(10) DEFAULT NULL,
  PRIMARY KEY (`accounttypeid`),
  UNIQUE KEY `accounttype_accounttype_idx` (`accounttype`)
) ENGINE=InnoDB AUTO_INCREMENT=12 DEFAULT CHARSET=utf8;
/*!40101 SET character_set_client = @saved_cs_client */;

--
-- Dumping data for table `vtiger_accounttype`
--

LOCK TABLES `vtiger_accounttype` WRITE;
/*!40000 ALTER TABLE `vtiger_accounttype` DISABLE KEYS */;
INSERT INTO `vtiger_accounttype` VALUES (2,'Analyst',1,2,1,NULL),(3,'Competitor',1,3,2,NULL),(4,'Customer',1,4,3,NULL),(5,'Integrator',1,5,4,NULL),(6,'Investor',1,6,5,NULL),(7,'Partner',1,7,6,NULL),(8,'Press',1,8,7,NULL),(9,'Prospect',1,9,8,NULL),(10,'Reseller',1,10,9,NULL),(11,'Other',1,11,10,NULL);
/*!40000 ALTER TABLE `vtiger_accounttype` ENABLE KEYS */;
UNLOCK TABLES;

--
-- Table structure for table `vtiger_accounttype_seq`
--

DROP TABLE IF EXISTS `vtiger_accounttype_seq`;
/*!40101 SET @saved_cs_client     = @@character_set_client */;
/*!40101 SET character_set_client = utf8 */;
CREATE TABLE `vtiger_accounttype_seq` (
  `id` int(11) NOT NULL
) ENGINE=InnoDB DEFAULT CHARSET=utf8;
/*!40101 SET character_set_client = @saved_cs_client */;

--
-- Dumping data for table `vtiger_accounttype_seq`
--

LOCK TABLES `vtiger_accounttype_seq` WRITE;
/*!40000 ALTER TABLE `vtiger_accounttype_seq` DISABLE KEYS */;
INSERT INTO `vtiger_accounttype_seq` VALUES (11);
/*!40000 ALTER TABLE `vtiger_accounttype_seq` ENABLE KEYS */;
UNLOCK TABLES;

--
-- Table structure for table `vtiger_actionmapping`
--

DROP TABLE IF EXISTS `vtiger_actionmapping`;
/*!40101 SET @saved_cs_client     = @@character_set_client */;
/*!40101 SET character_set_client = utf8 */;
CREATE TABLE `vtiger_actionmapping` (
  `actionid` int(19) NOT NULL,
  `actionname` varchar(200) NOT NULL,
  `securitycheck` int(19) DEFAULT NULL,
  PRIMARY KEY (`actionid`,`actionname`)
) ENGINE=InnoDB DEFAULT CHARSET=utf8;
/*!40101 SET character_set_client = @saved_cs_client */;

--
-- Dumping data for table `vtiger_actionmapping`
--

LOCK TABLES `vtiger_actionmapping` WRITE;
/*!40000 ALTER TABLE `vtiger_actionmapping` DISABLE KEYS */;
INSERT INTO `vtiger_actionmapping` VALUES (0,'Save',0),(0,'SavePriceBook',1),(0,'SaveVendor',1),(1,'DetailViewAjax',1),(1,'EditView',0),(1,'PriceBookEditView',1),(1,'QuickCreate',1),(1,'VendorEditView',1),(2,'Delete',0),(2,'DeletePriceBook',1),(2,'DeleteVendor',1),(3,'index',0),(3,'Popup',1),(4,'DetailView',0),(4,'PriceBookDetailView',1),(4,'TagCloud',1),(4,'VendorDetailView',1),(5,'Import',0),(6,'Export',0),(7,'CreateView',0),(8,'Merge',0),(9,'ConvertLead',0),(10,'DuplicatesHandling',0),(13,'Print',0);
/*!40000 ALTER TABLE `vtiger_actionmapping` ENABLE KEYS */;
UNLOCK TABLES;

--
-- Table structure for table `vtiger_activity`
--

DROP TABLE IF EXISTS `vtiger_activity`;
/*!40101 SET @saved_cs_client     = @@character_set_client */;
/*!40101 SET character_set_client = utf8 */;
CREATE TABLE `vtiger_activity` (
  `activityid` int(19) NOT NULL DEFAULT 0,
  `subject` varchar(255) DEFAULT NULL,
  `semodule` varchar(20) DEFAULT NULL,
  `activitytype` varchar(200) NOT NULL,
  `date_start` date NOT NULL,
  `due_date` date DEFAULT NULL,
  `time_start` varchar(50) DEFAULT NULL,
  `time_end` varchar(50) DEFAULT NULL,
  `sendnotification` varchar(3) NOT NULL DEFAULT '0',
  `duration_hours` varchar(200) DEFAULT NULL,
  `duration_minutes` varchar(200) DEFAULT NULL,
  `status` varchar(200) DEFAULT NULL,
  `eventstatus` varchar(200) DEFAULT NULL,
  `priority` varchar(200) DEFAULT NULL,
  `location` varchar(150) DEFAULT NULL,
  `notime` varchar(3) NOT NULL DEFAULT '0',
  `visibility` varchar(50) NOT NULL DEFAULT 'all',
  `recurringtype` varchar(200) DEFAULT NULL,
  `tags` varchar(1) DEFAULT NULL,
  PRIMARY KEY (`activityid`),
  KEY `activity_activityid_subject_idx` (`activityid`,`subject`),
  KEY `activity_activitytype_date_start_idx` (`activitytype`,`date_start`),
  KEY `activity_date_start_due_date_idx` (`date_start`,`due_date`),
  KEY `activity_date_start_time_start_idx` (`date_start`,`time_start`),
  KEY `activity_eventstatus_idx` (`eventstatus`),
  KEY `activity_status_idx` (`status`),
  CONSTRAINT `fk_1_vtiger_activity` FOREIGN KEY (`activityid`) REFERENCES `vtiger_crmentity` (`crmid`) ON DELETE CASCADE
) ENGINE=InnoDB DEFAULT CHARSET=utf8;
/*!40101 SET character_set_client = @saved_cs_client */;

--
-- Dumping data for table `vtiger_activity`
--

LOCK TABLES `vtiger_activity` WRITE;
/*!40000 ALTER TABLE `vtiger_activity` DISABLE KEYS */;
INSERT INTO `vtiger_activity` VALUES (3,'Regarding Contact Assignment','','Emails','2019-01-23',NULL,'14:15:03',NULL,'0',NULL,NULL,NULL,NULL,NULL,NULL,'0','all',NULL,''),(5,'Ticket Number : TT1 Error en la nota','','Emails','2019-01-23',NULL,'15:15:02',NULL,'0',NULL,NULL,NULL,NULL,NULL,NULL,'0','all',NULL,''),(6,'TT1 [ Ticket Id : 4 ] Error en la nota','','Emails','2019-01-23',NULL,'15:15:03',NULL,'0',NULL,NULL,NULL,NULL,NULL,NULL,'0','all',NULL,''),(9,'Ticket Number : TT2 Corregir nota','','Emails','2019-01-25',NULL,'16:45:02',NULL,'0',NULL,NULL,NULL,NULL,NULL,NULL,'0','all',NULL,''),(10,'TT2 [ Ticket Id : 8 ] Corregir nota','','Emails','2019-01-25',NULL,'16:45:03',NULL,'0',NULL,NULL,NULL,NULL,NULL,NULL,'0','all',NULL,''),(11,'TT2 [ Ticket Id : 8 ] Corregir nota','','Emails','2019-01-25',NULL,'16:45:03',NULL,'0',NULL,NULL,NULL,NULL,NULL,NULL,'0','all',NULL,''),(12,'Ticket Number : TT2 Corregir nota','','Emails','2019-01-25',NULL,'16:45:03',NULL,'0',NULL,NULL,NULL,NULL,NULL,NULL,'0','all',NULL,''),(13,'TT2 [ Ticket Id : 8 ] Corregir nota','','Emails','2019-01-25',NULL,'16:45:04',NULL,'0',NULL,NULL,NULL,NULL,NULL,NULL,'0','all',NULL,''),(14,'Ticket Number : TT2 Corregir nota','','Emails','2019-01-25',NULL,'16:45:04',NULL,'0',NULL,NULL,NULL,NULL,NULL,NULL,'0','all',NULL,''),(17,'Ticket Number : TT3 correir nota','','Emails','2019-01-25',NULL,'17:15:03',NULL,'0',NULL,NULL,NULL,NULL,NULL,NULL,'0','all',NULL,''),(18,'TT3 [ Ticket Id : 15 ] correir nota','','Emails','2019-01-25',NULL,'17:15:03',NULL,'0',NULL,NULL,NULL,NULL,NULL,NULL,'0','all',NULL,''),(19,'Ticket Number : TT4 asunto del correo','','Emails','2019-01-25',NULL,'17:15:03',NULL,'0',NULL,NULL,NULL,NULL,NULL,NULL,'0','all',NULL,''),(20,'TT4 [ Ticket Id : 16 ] asunto del correo','','Emails','2019-01-25',NULL,'17:15:04',NULL,'0',NULL,NULL,NULL,NULL,NULL,NULL,'0','all',NULL,''),(33,'Disponible - Profesor 1 Primaria',NULL,'Meeting','2019-02-25','2019-02-25','21:00:00','21:30:00','1','0','30',NULL,'Planned','','','0','Public','--None--',''),(34,'Disponible - Profesor 1 Primaria',NULL,'Meeting','2019-02-25','2019-02-25','21:30:00','22:00:00','0','0','30',NULL,'Disponible','','','0','Public','',''),(35,'Tarea x',NULL,'Task','2019-02-25','2019-02-25','20:00:00','','0','9','0','Planned','','','','0','Private','',''),(36,'5w345',NULL,'Call','2019-02-22','2019-02-22','22:58:00','23:03:00','0','0','5',NULL,'Planned','','','0','Public','--None--',''),(37,'TEST CENTOS','','Emails','2019-02-25',NULL,'17:02',NULL,'0',NULL,NULL,NULL,NULL,NULL,NULL,'0','all',NULL,''),(38,'TEST 2','','Emails','2019-02-25',NULL,'17:04',NULL,'0',NULL,NULL,NULL,NULL,NULL,NULL,'0','all',NULL,''),(39,'Consulta: Pedro',NULL,'Meeting','2019-02-25','2019-02-25','21:40:00','22:10:00','1','0','30',NULL,'Planned','','','0','Public','--None--',''),(41,'Event :  Consulta: Pedro','','Emails','2019-02-25',NULL,'18:45:02',NULL,'0',NULL,NULL,NULL,NULL,NULL,NULL,'0','all',NULL,''),(42,'Event :  Consulta: Pedro','','Emails','2019-02-25',NULL,'18:45:05',NULL,'0',NULL,NULL,NULL,NULL,NULL,NULL,'0','all',NULL,''),(43,'Event :  Consulta: Pedro','','Emails','2019-02-25',NULL,'19:39:30',NULL,'0',NULL,NULL,NULL,NULL,NULL,NULL,'0','all',NULL,''),(44,': Pedro',NULL,'Meeting','2019-02-25','2019-02-25','22:10:00','22:40:00','1','0','30',NULL,'Planned','','','0','Public','--None--',''),(46,'Event :  : Pedro','','Emails','2019-02-25',NULL,'20:10:02',NULL,'0',NULL,NULL,NULL,NULL,NULL,NULL,'0','all',NULL,'');
/*!40000 ALTER TABLE `vtiger_activity` ENABLE KEYS */;
UNLOCK TABLES;

--
-- Table structure for table `vtiger_activity_recurring_info`
--

DROP TABLE IF EXISTS `vtiger_activity_recurring_info`;
/*!40101 SET @saved_cs_client     = @@character_set_client */;
/*!40101 SET character_set_client = utf8 */;
CREATE TABLE `vtiger_activity_recurring_info` (
  `activityid` int(19) NOT NULL,
  `recurrenceid` int(19) NOT NULL
) ENGINE=InnoDB DEFAULT CHARSET=utf8;
/*!40101 SET character_set_client = @saved_cs_client */;

--
-- Dumping data for table `vtiger_activity_recurring_info`
--

LOCK TABLES `vtiger_activity_recurring_info` WRITE;
/*!40000 ALTER TABLE `vtiger_activity_recurring_info` DISABLE KEYS */;
/*!40000 ALTER TABLE `vtiger_activity_recurring_info` ENABLE KEYS */;
UNLOCK TABLES;

--
-- Table structure for table `vtiger_activity_reminder`
--

DROP TABLE IF EXISTS `vtiger_activity_reminder`;
/*!40101 SET @saved_cs_client     = @@character_set_client */;
/*!40101 SET character_set_client = utf8 */;
CREATE TABLE `vtiger_activity_reminder` (
  `activity_id` int(11) NOT NULL,
  `reminder_time` int(11) NOT NULL,
  `reminder_sent` int(2) NOT NULL,
  `recurringid` int(19) NOT NULL,
  PRIMARY KEY (`activity_id`,`recurringid`),
  CONSTRAINT `fk_activityid_vtiger_activity_reminder` FOREIGN KEY (`activity_id`) REFERENCES `vtiger_activity` (`activityid`) ON DELETE CASCADE
) ENGINE=InnoDB DEFAULT CHARSET=utf8;
/*!40101 SET character_set_client = @saved_cs_client */;

--
-- Dumping data for table `vtiger_activity_reminder`
--

LOCK TABLES `vtiger_activity_reminder` WRITE;
/*!40000 ALTER TABLE `vtiger_activity_reminder` DISABLE KEYS */;
INSERT INTO `vtiger_activity_reminder` VALUES (39,30,1,0),(44,30,1,0);
/*!40000 ALTER TABLE `vtiger_activity_reminder` ENABLE KEYS */;
UNLOCK TABLES;

--
-- Table structure for table `vtiger_activity_reminder_popup`
--

DROP TABLE IF EXISTS `vtiger_activity_reminder_popup`;
/*!40101 SET @saved_cs_client     = @@character_set_client */;
/*!40101 SET character_set_client = utf8 */;
CREATE TABLE `vtiger_activity_reminder_popup` (
  `reminderid` int(19) NOT NULL AUTO_INCREMENT,
  `semodule` varchar(100) NOT NULL,
  `recordid` int(19) NOT NULL,
  `date_start` date NOT NULL,
  `time_start` varchar(100) NOT NULL,
  `status` int(2) NOT NULL,
  PRIMARY KEY (`reminderid`)
) ENGINE=InnoDB AUTO_INCREMENT=9 DEFAULT CHARSET=utf8;
/*!40101 SET character_set_client = @saved_cs_client */;

--
-- Dumping data for table `vtiger_activity_reminder_popup`
--

LOCK TABLES `vtiger_activity_reminder_popup` WRITE;
/*!40000 ALTER TABLE `vtiger_activity_reminder_popup` DISABLE KEYS */;
INSERT INTO `vtiger_activity_reminder_popup` VALUES (1,'Events',33,'2019-02-25','21:00:00',0),(2,'Events',34,'2019-02-25','21:30:00',0),(3,'Calendar',35,'2019-02-25','20:00:00',0),(4,'Calendar',33,'2019-02-25','21:00:00',0),(5,'Events',39,'2019-02-25','21:40:00',0),(6,'Calendar',39,'2019-02-25','22:30:00',0),(7,'Events',44,'2019-02-25','22:10:00',0),(8,'Calendar',44,'2019-02-25','22:10:00',0);
/*!40000 ALTER TABLE `vtiger_activity_reminder_popup` ENABLE KEYS */;
UNLOCK TABLES;

--
-- Table structure for table `vtiger_activity_view`
--

DROP TABLE IF EXISTS `vtiger_activity_view`;
/*!40101 SET @saved_cs_client     = @@character_set_client */;
/*!40101 SET character_set_client = utf8 */;
CREATE TABLE `vtiger_activity_view` (
  `activity_viewid` int(19) NOT NULL AUTO_INCREMENT,
  `activity_view` varchar(200) NOT NULL,
  `sortorderid` int(19) NOT NULL DEFAULT 0,
  `presence` int(1) NOT NULL DEFAULT 1,
  PRIMARY KEY (`activity_viewid`)
) ENGINE=InnoDB AUTO_INCREMENT=6 DEFAULT CHARSET=utf8;
/*!40101 SET character_set_client = @saved_cs_client */;

--
-- Dumping data for table `vtiger_activity_view`
--

LOCK TABLES `vtiger_activity_view` WRITE;
/*!40000 ALTER TABLE `vtiger_activity_view` DISABLE KEYS */;
INSERT INTO `vtiger_activity_view` VALUES (1,'Today',0,1),(2,'This Week',1,1),(3,'This Month',2,1),(4,'This Year',3,1),(5,'Agenda',4,1);
/*!40000 ALTER TABLE `vtiger_activity_view` ENABLE KEYS */;
UNLOCK TABLES;

--
-- Table structure for table `vtiger_activity_view_seq`
--

DROP TABLE IF EXISTS `vtiger_activity_view_seq`;
/*!40101 SET @saved_cs_client     = @@character_set_client */;
/*!40101 SET character_set_client = utf8 */;
CREATE TABLE `vtiger_activity_view_seq` (
  `id` int(11) NOT NULL
) ENGINE=InnoDB DEFAULT CHARSET=utf8;
/*!40101 SET character_set_client = @saved_cs_client */;

--
-- Dumping data for table `vtiger_activity_view_seq`
--

LOCK TABLES `vtiger_activity_view_seq` WRITE;
/*!40000 ALTER TABLE `vtiger_activity_view_seq` DISABLE KEYS */;
INSERT INTO `vtiger_activity_view_seq` VALUES (5);
/*!40000 ALTER TABLE `vtiger_activity_view_seq` ENABLE KEYS */;
UNLOCK TABLES;

--
-- Table structure for table `vtiger_activitycf`
--

DROP TABLE IF EXISTS `vtiger_activitycf`;
/*!40101 SET @saved_cs_client     = @@character_set_client */;
/*!40101 SET character_set_client = utf8 */;
CREATE TABLE `vtiger_activitycf` (
  `activityid` int(19) NOT NULL DEFAULT 0,
  `cf_902` bigint(11) DEFAULT NULL,
  `cf_906` varchar(255) DEFAULT '',
  PRIMARY KEY (`activityid`),
  CONSTRAINT `fk_activityid_vtiger_activitycf` FOREIGN KEY (`activityid`) REFERENCES `vtiger_activity` (`activityid`) ON DELETE CASCADE
) ENGINE=InnoDB DEFAULT CHARSET=utf8;
/*!40101 SET character_set_client = @saved_cs_client */;

--
-- Dumping data for table `vtiger_activitycf`
--

LOCK TABLES `vtiger_activitycf` WRITE;
/*!40000 ALTER TABLE `vtiger_activitycf` DISABLE KEYS */;
INSERT INTO `vtiger_activitycf` VALUES (33,120,''),(34,NULL,''),(35,NULL,''),(36,NULL,''),(39,120,'SI'),(44,120,'SI');
/*!40000 ALTER TABLE `vtiger_activitycf` ENABLE KEYS */;
UNLOCK TABLES;

--
-- Table structure for table `vtiger_activityproductrel`
--

DROP TABLE IF EXISTS `vtiger_activityproductrel`;
/*!40101 SET @saved_cs_client     = @@character_set_client */;
/*!40101 SET character_set_client = utf8 */;
CREATE TABLE `vtiger_activityproductrel` (
  `activityid` int(19) NOT NULL DEFAULT 0,
  `productid` int(19) NOT NULL DEFAULT 0,
  PRIMARY KEY (`activityid`,`productid`),
  KEY `activityproductrel_activityid_idx` (`activityid`),
  KEY `activityproductrel_productid_idx` (`productid`),
  CONSTRAINT `fk_2_vtiger_activityproductrel` FOREIGN KEY (`productid`) REFERENCES `vtiger_products` (`productid`) ON DELETE CASCADE
) ENGINE=InnoDB DEFAULT CHARSET=utf8;
/*!40101 SET character_set_client = @saved_cs_client */;

--
-- Dumping data for table `vtiger_activityproductrel`
--

LOCK TABLES `vtiger_activityproductrel` WRITE;
/*!40000 ALTER TABLE `vtiger_activityproductrel` DISABLE KEYS */;
/*!40000 ALTER TABLE `vtiger_activityproductrel` ENABLE KEYS */;
UNLOCK TABLES;

--
-- Table structure for table `vtiger_activitytype`
--

DROP TABLE IF EXISTS `vtiger_activitytype`;
/*!40101 SET @saved_cs_client     = @@character_set_client */;
/*!40101 SET character_set_client = utf8 */;
CREATE TABLE `vtiger_activitytype` (
  `activitytypeid` int(19) NOT NULL AUTO_INCREMENT,
  `activitytype` varchar(200) NOT NULL,
  `presence` int(1) NOT NULL DEFAULT 1,
  `picklist_valueid` int(19) NOT NULL DEFAULT 0,
  `sortorderid` int(11) DEFAULT NULL,
  `color` varchar(10) DEFAULT NULL,
  PRIMARY KEY (`activitytypeid`),
  UNIQUE KEY `activitytype_activitytype_idx` (`activitytype`)
) ENGINE=InnoDB AUTO_INCREMENT=4 DEFAULT CHARSET=utf8;
/*!40101 SET character_set_client = @saved_cs_client */;

--
-- Dumping data for table `vtiger_activitytype`
--

LOCK TABLES `vtiger_activitytype` WRITE;
/*!40000 ALTER TABLE `vtiger_activitytype` DISABLE KEYS */;
INSERT INTO `vtiger_activitytype` VALUES (1,'Call',0,12,0,NULL),(2,'Meeting',0,13,1,NULL),(3,'Mobile Call',0,295,1,NULL);
/*!40000 ALTER TABLE `vtiger_activitytype` ENABLE KEYS */;
UNLOCK TABLES;

--
-- Table structure for table `vtiger_activitytype_seq`
--

DROP TABLE IF EXISTS `vtiger_activitytype_seq`;
/*!40101 SET @saved_cs_client     = @@character_set_client */;
/*!40101 SET character_set_client = utf8 */;
CREATE TABLE `vtiger_activitytype_seq` (
  `id` int(11) NOT NULL
) ENGINE=InnoDB DEFAULT CHARSET=utf8;
/*!40101 SET character_set_client = @saved_cs_client */;

--
-- Dumping data for table `vtiger_activitytype_seq`
--

LOCK TABLES `vtiger_activitytype_seq` WRITE;
/*!40000 ALTER TABLE `vtiger_activitytype_seq` DISABLE KEYS */;
INSERT INTO `vtiger_activitytype_seq` VALUES (3);
/*!40000 ALTER TABLE `vtiger_activitytype_seq` ENABLE KEYS */;
UNLOCK TABLES;

--
-- Table structure for table `vtiger_almsecc`
--

DROP TABLE IF EXISTS `vtiger_almsecc`;
/*!40101 SET @saved_cs_client     = @@character_set_client */;
/*!40101 SET character_set_client = utf8 */;
CREATE TABLE `vtiger_almsecc` (
  `almseccid` int(11) NOT NULL,
  `almseccno` varchar(100) DEFAULT NULL,
  `almsecc_tks_alumno` varchar(100) DEFAULT NULL,
  `almsecc_tks_codigoalumno` varchar(20) DEFAULT NULL,
  `almsecc_tks_nivel` varchar(100) DEFAULT NULL,
  `almsecc_tks_grado` varchar(100) DEFAULT NULL,
  `almsecc_tks_seccion` varchar(100) DEFAULT NULL,
  `almsecc_tks_ano` int(11) DEFAULT NULL,
  `almsecc_tks_estado` varchar(100) DEFAULT NULL,
  PRIMARY KEY (`almseccid`)
) ENGINE=InnoDB DEFAULT CHARSET=utf8;
/*!40101 SET character_set_client = @saved_cs_client */;

--
-- Dumping data for table `vtiger_almsecc`
--

LOCK TABLES `vtiger_almsecc` WRITE;
/*!40000 ALTER TABLE `vtiger_almsecc` DISABLE KEYS */;
INSERT INTO `vtiger_almsecc` VALUES (28,'ALM-SEC1','2','2101140081','Primaria','2','2',2019,'Activo');
/*!40000 ALTER TABLE `vtiger_almsecc` ENABLE KEYS */;
UNLOCK TABLES;

--
-- Table structure for table `vtiger_almsecc_tks_estado`
--

DROP TABLE IF EXISTS `vtiger_almsecc_tks_estado`;
/*!40101 SET @saved_cs_client     = @@character_set_client */;
/*!40101 SET character_set_client = utf8 */;
CREATE TABLE `vtiger_almsecc_tks_estado` (
  `almsecc_tks_estadoid` int(11) NOT NULL AUTO_INCREMENT,
  `almsecc_tks_estado` varchar(200) NOT NULL,
  `presence` int(1) NOT NULL DEFAULT 1,
  `picklist_valueid` int(11) NOT NULL DEFAULT 0,
  `sortorderid` int(11) DEFAULT 0,
  `color` varchar(10) DEFAULT NULL,
  PRIMARY KEY (`almsecc_tks_estadoid`)
) ENGINE=InnoDB AUTO_INCREMENT=3 DEFAULT CHARSET=utf8;
/*!40101 SET character_set_client = @saved_cs_client */;

--
-- Dumping data for table `vtiger_almsecc_tks_estado`
--

LOCK TABLES `vtiger_almsecc_tks_estado` WRITE;
/*!40000 ALTER TABLE `vtiger_almsecc_tks_estado` DISABLE KEYS */;
INSERT INTO `vtiger_almsecc_tks_estado` VALUES (1,'Activo',1,363,1,NULL),(2,'Inactivo',1,364,2,NULL);
/*!40000 ALTER TABLE `vtiger_almsecc_tks_estado` ENABLE KEYS */;
UNLOCK TABLES;

--
-- Table structure for table `vtiger_almsecc_tks_estado_seq`
--

DROP TABLE IF EXISTS `vtiger_almsecc_tks_estado_seq`;
/*!40101 SET @saved_cs_client     = @@character_set_client */;
/*!40101 SET character_set_client = utf8 */;
CREATE TABLE `vtiger_almsecc_tks_estado_seq` (
  `id` int(11) NOT NULL
) ENGINE=InnoDB DEFAULT CHARSET=utf8;
/*!40101 SET character_set_client = @saved_cs_client */;

--
-- Dumping data for table `vtiger_almsecc_tks_estado_seq`
--

LOCK TABLES `vtiger_almsecc_tks_estado_seq` WRITE;
/*!40000 ALTER TABLE `vtiger_almsecc_tks_estado_seq` DISABLE KEYS */;
INSERT INTO `vtiger_almsecc_tks_estado_seq` VALUES (2);
/*!40000 ALTER TABLE `vtiger_almsecc_tks_estado_seq` ENABLE KEYS */;
UNLOCK TABLES;

--
-- Table structure for table `vtiger_almsecc_tks_grado`
--

DROP TABLE IF EXISTS `vtiger_almsecc_tks_grado`;
/*!40101 SET @saved_cs_client     = @@character_set_client */;
/*!40101 SET character_set_client = utf8 */;
CREATE TABLE `vtiger_almsecc_tks_grado` (
  `almsecc_tks_gradoid` int(11) NOT NULL AUTO_INCREMENT,
  `almsecc_tks_grado` varchar(200) NOT NULL,
  `presence` int(1) NOT NULL DEFAULT 1,
  `picklist_valueid` int(11) NOT NULL DEFAULT 0,
  `sortorderid` int(11) DEFAULT 0,
  `color` varchar(10) DEFAULT NULL,
  PRIMARY KEY (`almsecc_tks_gradoid`)
) ENGINE=InnoDB AUTO_INCREMENT=7 DEFAULT CHARSET=utf8;
/*!40101 SET character_set_client = @saved_cs_client */;

--
-- Dumping data for table `vtiger_almsecc_tks_grado`
--

LOCK TABLES `vtiger_almsecc_tks_grado` WRITE;
/*!40000 ALTER TABLE `vtiger_almsecc_tks_grado` DISABLE KEYS */;
INSERT INTO `vtiger_almsecc_tks_grado` VALUES (1,'1',1,352,1,NULL),(2,'2',1,353,2,NULL),(3,'3',1,354,3,NULL),(4,'4',1,355,4,NULL),(5,'5',1,356,5,NULL),(6,'6',1,357,6,NULL);
/*!40000 ALTER TABLE `vtiger_almsecc_tks_grado` ENABLE KEYS */;
UNLOCK TABLES;

--
-- Table structure for table `vtiger_almsecc_tks_grado_seq`
--

DROP TABLE IF EXISTS `vtiger_almsecc_tks_grado_seq`;
/*!40101 SET @saved_cs_client     = @@character_set_client */;
/*!40101 SET character_set_client = utf8 */;
CREATE TABLE `vtiger_almsecc_tks_grado_seq` (
  `id` int(11) NOT NULL
) ENGINE=InnoDB DEFAULT CHARSET=utf8;
/*!40101 SET character_set_client = @saved_cs_client */;

--
-- Dumping data for table `vtiger_almsecc_tks_grado_seq`
--

LOCK TABLES `vtiger_almsecc_tks_grado_seq` WRITE;
/*!40000 ALTER TABLE `vtiger_almsecc_tks_grado_seq` DISABLE KEYS */;
INSERT INTO `vtiger_almsecc_tks_grado_seq` VALUES (6);
/*!40000 ALTER TABLE `vtiger_almsecc_tks_grado_seq` ENABLE KEYS */;
UNLOCK TABLES;

--
-- Table structure for table `vtiger_almsecc_tks_nivel`
--

DROP TABLE IF EXISTS `vtiger_almsecc_tks_nivel`;
/*!40101 SET @saved_cs_client     = @@character_set_client */;
/*!40101 SET character_set_client = utf8 */;
CREATE TABLE `vtiger_almsecc_tks_nivel` (
  `almsecc_tks_nivelid` int(11) NOT NULL AUTO_INCREMENT,
  `almsecc_tks_nivel` varchar(200) NOT NULL,
  `presence` int(1) NOT NULL DEFAULT 1,
  `picklist_valueid` int(11) NOT NULL DEFAULT 0,
  `sortorderid` int(11) DEFAULT 0,
  `color` varchar(10) DEFAULT NULL,
  PRIMARY KEY (`almsecc_tks_nivelid`)
) ENGINE=InnoDB AUTO_INCREMENT=5 DEFAULT CHARSET=utf8;
/*!40101 SET character_set_client = @saved_cs_client */;

--
-- Dumping data for table `vtiger_almsecc_tks_nivel`
--

LOCK TABLES `vtiger_almsecc_tks_nivel` WRITE;
/*!40000 ALTER TABLE `vtiger_almsecc_tks_nivel` DISABLE KEYS */;
INSERT INTO `vtiger_almsecc_tks_nivel` VALUES (1,'Inicial',1,348,1,NULL),(2,'Primaria',1,349,2,NULL),(3,'Secundaria',1,350,3,NULL),(4,'Diplomado',1,351,4,NULL);
/*!40000 ALTER TABLE `vtiger_almsecc_tks_nivel` ENABLE KEYS */;
UNLOCK TABLES;

--
-- Table structure for table `vtiger_almsecc_tks_nivel_seq`
--

DROP TABLE IF EXISTS `vtiger_almsecc_tks_nivel_seq`;
/*!40101 SET @saved_cs_client     = @@character_set_client */;
/*!40101 SET character_set_client = utf8 */;
CREATE TABLE `vtiger_almsecc_tks_nivel_seq` (
  `id` int(11) NOT NULL
) ENGINE=InnoDB DEFAULT CHARSET=utf8;
/*!40101 SET character_set_client = @saved_cs_client */;

--
-- Dumping data for table `vtiger_almsecc_tks_nivel_seq`
--

LOCK TABLES `vtiger_almsecc_tks_nivel_seq` WRITE;
/*!40000 ALTER TABLE `vtiger_almsecc_tks_nivel_seq` DISABLE KEYS */;
INSERT INTO `vtiger_almsecc_tks_nivel_seq` VALUES (4);
/*!40000 ALTER TABLE `vtiger_almsecc_tks_nivel_seq` ENABLE KEYS */;
UNLOCK TABLES;

--
-- Table structure for table `vtiger_almsecc_tks_seccion`
--

DROP TABLE IF EXISTS `vtiger_almsecc_tks_seccion`;
/*!40101 SET @saved_cs_client     = @@character_set_client */;
/*!40101 SET character_set_client = utf8 */;
CREATE TABLE `vtiger_almsecc_tks_seccion` (
  `almsecc_tks_seccionid` int(11) NOT NULL AUTO_INCREMENT,
  `almsecc_tks_seccion` varchar(200) NOT NULL,
  `presence` int(1) NOT NULL DEFAULT 1,
  `picklist_valueid` int(11) NOT NULL DEFAULT 0,
  `sortorderid` int(11) DEFAULT 0,
  `color` varchar(10) DEFAULT NULL,
  PRIMARY KEY (`almsecc_tks_seccionid`)
) ENGINE=InnoDB AUTO_INCREMENT=6 DEFAULT CHARSET=utf8;
/*!40101 SET character_set_client = @saved_cs_client */;

--
-- Dumping data for table `vtiger_almsecc_tks_seccion`
--

LOCK TABLES `vtiger_almsecc_tks_seccion` WRITE;
/*!40000 ALTER TABLE `vtiger_almsecc_tks_seccion` DISABLE KEYS */;
INSERT INTO `vtiger_almsecc_tks_seccion` VALUES (1,'1',1,358,1,NULL),(2,'2',1,359,2,NULL),(3,'3',1,360,3,NULL),(4,'4',1,361,4,NULL),(5,'5',1,362,5,NULL);
/*!40000 ALTER TABLE `vtiger_almsecc_tks_seccion` ENABLE KEYS */;
UNLOCK TABLES;

--
-- Table structure for table `vtiger_almsecc_tks_seccion_seq`
--

DROP TABLE IF EXISTS `vtiger_almsecc_tks_seccion_seq`;
/*!40101 SET @saved_cs_client     = @@character_set_client */;
/*!40101 SET character_set_client = utf8 */;
CREATE TABLE `vtiger_almsecc_tks_seccion_seq` (
  `id` int(11) NOT NULL
) ENGINE=InnoDB DEFAULT CHARSET=utf8;
/*!40101 SET character_set_client = @saved_cs_client */;

--
-- Dumping data for table `vtiger_almsecc_tks_seccion_seq`
--

LOCK TABLES `vtiger_almsecc_tks_seccion_seq` WRITE;
/*!40000 ALTER TABLE `vtiger_almsecc_tks_seccion_seq` DISABLE KEYS */;
INSERT INTO `vtiger_almsecc_tks_seccion_seq` VALUES (5);
/*!40000 ALTER TABLE `vtiger_almsecc_tks_seccion_seq` ENABLE KEYS */;
UNLOCK TABLES;

--
-- Table structure for table `vtiger_almsecccf`
--

DROP TABLE IF EXISTS `vtiger_almsecccf`;
/*!40101 SET @saved_cs_client     = @@character_set_client */;
/*!40101 SET character_set_client = utf8 */;
CREATE TABLE `vtiger_almsecccf` (
  `almseccid` int(11) NOT NULL,
  `tags` varchar(1) DEFAULT NULL,
  PRIMARY KEY (`almseccid`)
) ENGINE=InnoDB DEFAULT CHARSET=utf8;
/*!40101 SET character_set_client = @saved_cs_client */;

--
-- Dumping data for table `vtiger_almsecccf`
--

LOCK TABLES `vtiger_almsecccf` WRITE;
/*!40000 ALTER TABLE `vtiger_almsecccf` DISABLE KEYS */;
INSERT INTO `vtiger_almsecccf` VALUES (28,'');
/*!40000 ALTER TABLE `vtiger_almsecccf` ENABLE KEYS */;
UNLOCK TABLES;

--
-- Table structure for table `vtiger_announcement`
--

DROP TABLE IF EXISTS `vtiger_announcement`;
/*!40101 SET @saved_cs_client     = @@character_set_client */;
/*!40101 SET character_set_client = utf8 */;
CREATE TABLE `vtiger_announcement` (
  `creatorid` int(19) NOT NULL,
  `announcement` text DEFAULT NULL,
  `title` varchar(255) DEFAULT NULL,
  `time` timestamp NOT NULL DEFAULT current_timestamp() ON UPDATE current_timestamp(),
  PRIMARY KEY (`creatorid`),
  KEY `announcement_creatorid_idx` (`creatorid`)
) ENGINE=InnoDB DEFAULT CHARSET=utf8;
/*!40101 SET character_set_client = @saved_cs_client */;

--
-- Dumping data for table `vtiger_announcement`
--

LOCK TABLES `vtiger_announcement` WRITE;
/*!40000 ALTER TABLE `vtiger_announcement` DISABLE KEYS */;
/*!40000 ALTER TABLE `vtiger_announcement` ENABLE KEYS */;
UNLOCK TABLES;

--
-- Table structure for table `vtiger_apdalm`
--

DROP TABLE IF EXISTS `vtiger_apdalm`;
/*!40101 SET @saved_cs_client     = @@character_set_client */;
/*!40101 SET character_set_client = utf8 */;
CREATE TABLE `vtiger_apdalm` (
  `apdalmid` int(11) NOT NULL,
  `apdalmno` varchar(100) DEFAULT NULL,
  `apdalm_tks_apoderado` varchar(100) DEFAULT NULL,
  `apdalm_tks_alumno` varchar(100) DEFAULT NULL,
  `apdalm_tks_estado` varchar(100) DEFAULT NULL,
  `apdalm_tks_tipodevinculo` varchar(100) DEFAULT NULL,
  `apdalm_tks_nrodocumentoapodera` varchar(20) DEFAULT NULL,
  `apdalm_tks_codigoalumno` varchar(30) DEFAULT NULL,
  `apdalm_tks_ano` int(11) DEFAULT NULL,
  PRIMARY KEY (`apdalmid`)
) ENGINE=InnoDB DEFAULT CHARSET=utf8;
/*!40101 SET character_set_client = @saved_cs_client */;

--
-- Dumping data for table `vtiger_apdalm`
--

LOCK TABLES `vtiger_apdalm` WRITE;
/*!40000 ALTER TABLE `vtiger_apdalm` DISABLE KEYS */;
INSERT INTO `vtiger_apdalm` VALUES (22,'AP-AL1','21','2','Activo','Padre','70353625','2101140081',2019),(48,'AP-ALM2','21','47','Activo','Padre','70353625','21235645785',2019),(51,'AP-ALM3','49','50','Activo','Padre','00235689','2145582256',2019),(53,'AP-ALM4','52','50','Activo','Madre','00235685','2145582256',2019);
/*!40000 ALTER TABLE `vtiger_apdalm` ENABLE KEYS */;
UNLOCK TABLES;

--
-- Table structure for table `vtiger_apdalm_tks_estado`
--

DROP TABLE IF EXISTS `vtiger_apdalm_tks_estado`;
/*!40101 SET @saved_cs_client     = @@character_set_client */;
/*!40101 SET character_set_client = utf8 */;
CREATE TABLE `vtiger_apdalm_tks_estado` (
  `apdalm_tks_estadoid` int(11) NOT NULL AUTO_INCREMENT,
  `apdalm_tks_estado` varchar(200) NOT NULL,
  `presence` int(1) NOT NULL DEFAULT 1,
  `picklist_valueid` int(11) NOT NULL DEFAULT 0,
  `sortorderid` int(11) DEFAULT 0,
  `color` varchar(10) DEFAULT NULL,
  PRIMARY KEY (`apdalm_tks_estadoid`)
) ENGINE=InnoDB AUTO_INCREMENT=3 DEFAULT CHARSET=utf8;
/*!40101 SET character_set_client = @saved_cs_client */;

--
-- Dumping data for table `vtiger_apdalm_tks_estado`
--

LOCK TABLES `vtiger_apdalm_tks_estado` WRITE;
/*!40000 ALTER TABLE `vtiger_apdalm_tks_estado` DISABLE KEYS */;
INSERT INTO `vtiger_apdalm_tks_estado` VALUES (1,'Activo',1,315,1,NULL),(2,'Inactivo',1,316,2,NULL);
/*!40000 ALTER TABLE `vtiger_apdalm_tks_estado` ENABLE KEYS */;
UNLOCK TABLES;

--
-- Table structure for table `vtiger_apdalm_tks_estado_seq`
--

DROP TABLE IF EXISTS `vtiger_apdalm_tks_estado_seq`;
/*!40101 SET @saved_cs_client     = @@character_set_client */;
/*!40101 SET character_set_client = utf8 */;
CREATE TABLE `vtiger_apdalm_tks_estado_seq` (
  `id` int(11) NOT NULL
) ENGINE=InnoDB DEFAULT CHARSET=utf8;
/*!40101 SET character_set_client = @saved_cs_client */;

--
-- Dumping data for table `vtiger_apdalm_tks_estado_seq`
--

LOCK TABLES `vtiger_apdalm_tks_estado_seq` WRITE;
/*!40000 ALTER TABLE `vtiger_apdalm_tks_estado_seq` DISABLE KEYS */;
INSERT INTO `vtiger_apdalm_tks_estado_seq` VALUES (2);
/*!40000 ALTER TABLE `vtiger_apdalm_tks_estado_seq` ENABLE KEYS */;
UNLOCK TABLES;

--
-- Table structure for table `vtiger_apdalm_tks_tipodevinculo`
--

DROP TABLE IF EXISTS `vtiger_apdalm_tks_tipodevinculo`;
/*!40101 SET @saved_cs_client     = @@character_set_client */;
/*!40101 SET character_set_client = utf8 */;
CREATE TABLE `vtiger_apdalm_tks_tipodevinculo` (
  `apdalm_tks_tipodevinculoid` int(11) NOT NULL AUTO_INCREMENT,
  `apdalm_tks_tipodevinculo` varchar(200) NOT NULL,
  `presence` int(1) NOT NULL DEFAULT 1,
  `picklist_valueid` int(11) NOT NULL DEFAULT 0,
  `sortorderid` int(11) DEFAULT 0,
  `color` varchar(10) DEFAULT NULL,
  PRIMARY KEY (`apdalm_tks_tipodevinculoid`)
) ENGINE=InnoDB AUTO_INCREMENT=5 DEFAULT CHARSET=utf8;
/*!40101 SET character_set_client = @saved_cs_client */;

--
-- Dumping data for table `vtiger_apdalm_tks_tipodevinculo`
--

LOCK TABLES `vtiger_apdalm_tks_tipodevinculo` WRITE;
/*!40000 ALTER TABLE `vtiger_apdalm_tks_tipodevinculo` DISABLE KEYS */;
INSERT INTO `vtiger_apdalm_tks_tipodevinculo` VALUES (1,'Padre',1,317,1,NULL),(2,'Madre',1,318,2,NULL),(3,'Tutor',1,319,3,NULL),(4,'Hermano',1,320,4,NULL);
/*!40000 ALTER TABLE `vtiger_apdalm_tks_tipodevinculo` ENABLE KEYS */;
UNLOCK TABLES;

--
-- Table structure for table `vtiger_apdalm_tks_tipodevinculo_seq`
--

DROP TABLE IF EXISTS `vtiger_apdalm_tks_tipodevinculo_seq`;
/*!40101 SET @saved_cs_client     = @@character_set_client */;
/*!40101 SET character_set_client = utf8 */;
CREATE TABLE `vtiger_apdalm_tks_tipodevinculo_seq` (
  `id` int(11) NOT NULL
) ENGINE=InnoDB DEFAULT CHARSET=utf8;
/*!40101 SET character_set_client = @saved_cs_client */;

--
-- Dumping data for table `vtiger_apdalm_tks_tipodevinculo_seq`
--

LOCK TABLES `vtiger_apdalm_tks_tipodevinculo_seq` WRITE;
/*!40000 ALTER TABLE `vtiger_apdalm_tks_tipodevinculo_seq` DISABLE KEYS */;
INSERT INTO `vtiger_apdalm_tks_tipodevinculo_seq` VALUES (4);
/*!40000 ALTER TABLE `vtiger_apdalm_tks_tipodevinculo_seq` ENABLE KEYS */;
UNLOCK TABLES;

--
-- Table structure for table `vtiger_apdalmcf`
--

DROP TABLE IF EXISTS `vtiger_apdalmcf`;
/*!40101 SET @saved_cs_client     = @@character_set_client */;
/*!40101 SET character_set_client = utf8 */;
CREATE TABLE `vtiger_apdalmcf` (
  `apdalmid` int(11) NOT NULL,
  `tags` varchar(1) DEFAULT NULL,
  PRIMARY KEY (`apdalmid`)
) ENGINE=InnoDB DEFAULT CHARSET=utf8;
/*!40101 SET character_set_client = @saved_cs_client */;

--
-- Dumping data for table `vtiger_apdalmcf`
--

LOCK TABLES `vtiger_apdalmcf` WRITE;
/*!40000 ALTER TABLE `vtiger_apdalmcf` DISABLE KEYS */;
INSERT INTO `vtiger_apdalmcf` VALUES (22,''),(48,''),(51,''),(53,'');
/*!40000 ALTER TABLE `vtiger_apdalmcf` ENABLE KEYS */;
UNLOCK TABLES;

--
-- Table structure for table `vtiger_app2tab`
--

DROP TABLE IF EXISTS `vtiger_app2tab`;
/*!40101 SET @saved_cs_client     = @@character_set_client */;
/*!40101 SET character_set_client = utf8 */;
CREATE TABLE `vtiger_app2tab` (
  `tabid` int(11) DEFAULT NULL,
  `appname` varchar(20) DEFAULT NULL,
  `sequence` int(19) DEFAULT NULL,
  `visible` int(3) DEFAULT 1,
  KEY `vtiger_app2tab_fk_tab` (`tabid`),
  CONSTRAINT `vtiger_app2tab_fk_tab` FOREIGN KEY (`tabid`) REFERENCES `vtiger_tab` (`tabid`) ON DELETE CASCADE
) ENGINE=InnoDB DEFAULT CHARSET=utf8;
/*!40101 SET character_set_client = @saved_cs_client */;

--
-- Dumping data for table `vtiger_app2tab`
--

LOCK TABLES `vtiger_app2tab` WRITE;
/*!40000 ALTER TABLE `vtiger_app2tab` DISABLE KEYS */;
INSERT INTO `vtiger_app2tab` VALUES (34,'INVENTORY',2,1),(35,'TOOLS',5,1),(37,'SUPPORT',3,1),(40,'TOOLS',1,0),(45,'TOOLS',4,0),(49,'SETTINGS',1,1),(2,'SALES',1,1),(20,'SALES',2,1),(4,'SALES',6,0),(6,'SALES',1,0),(14,'SALES',2,0),(34,'SALES',4,1),(4,'MARKETING',3,0),(6,'MARKETING',4,0),(7,'MARKETING',2,1),(26,'MARKETING',1,1),(4,'INVENTORY',8,0),(6,'INVENTORY',9,0),(22,'INVENTORY',5,1),(23,'INVENTORY',4,1),(14,'INVENTORY',1,1),(18,'INVENTORY',7,1),(19,'INVENTORY',3,1),(21,'INVENTORY',6,1),(4,'SUPPORT',6,1),(6,'SUPPORT',7,1),(13,'SUPPORT',1,1),(15,'SUPPORT',2,1),(38,'SUPPORT',4,1),(44,'PROJECT',1,1),(43,'PROJECT',2,1),(42,'PROJECT',3,1),(4,'PROJECT',4,0),(6,'PROJECT',5,0),(39,'SALES',5,1),(39,'SUPPORT',5,1),(24,'TOOLS',2,1),(27,'TOOLS',3,1),(50,'SETTINGS',2,1),(52,'SUPPORT',8,1),(53,'SUPPORT',9,1),(54,'TOOLS',6,1),(55,'TOOLS',7,1);
/*!40000 ALTER TABLE `vtiger_app2tab` ENABLE KEYS */;
UNLOCK TABLES;

--
-- Table structure for table `vtiger_assets`
--

DROP TABLE IF EXISTS `vtiger_assets`;
/*!40101 SET @saved_cs_client     = @@character_set_client */;
/*!40101 SET character_set_client = utf8 */;
CREATE TABLE `vtiger_assets` (
  `assetsid` int(11) NOT NULL,
  `asset_no` varchar(30) NOT NULL,
  `account` int(19) DEFAULT NULL,
  `product` int(19) NOT NULL,
  `serialnumber` varchar(200) DEFAULT NULL,
  `datesold` date DEFAULT NULL,
  `dateinservice` date DEFAULT NULL,
  `assetstatus` varchar(200) DEFAULT 'In Service',
  `tagnumber` varchar(300) DEFAULT NULL,
  `invoiceid` int(19) DEFAULT NULL,
  `shippingmethod` varchar(200) DEFAULT NULL,
  `shippingtrackingnumber` varchar(200) DEFAULT NULL,
  `assetname` varchar(100) DEFAULT NULL,
  `contact` int(19) DEFAULT NULL,
  `tags` varchar(1) DEFAULT NULL,
  PRIMARY KEY (`assetsid`),
  CONSTRAINT `fk_1_vtiger_assets` FOREIGN KEY (`assetsid`) REFERENCES `vtiger_crmentity` (`crmid`) ON DELETE CASCADE
) ENGINE=InnoDB DEFAULT CHARSET=utf8;
/*!40101 SET character_set_client = @saved_cs_client */;

--
-- Dumping data for table `vtiger_assets`
--

LOCK TABLES `vtiger_assets` WRITE;
/*!40000 ALTER TABLE `vtiger_assets` DISABLE KEYS */;
/*!40000 ALTER TABLE `vtiger_assets` ENABLE KEYS */;
UNLOCK TABLES;

--
-- Table structure for table `vtiger_assetscf`
--

DROP TABLE IF EXISTS `vtiger_assetscf`;
/*!40101 SET @saved_cs_client     = @@character_set_client */;
/*!40101 SET character_set_client = utf8 */;
CREATE TABLE `vtiger_assetscf` (
  `assetsid` int(19) NOT NULL,
  PRIMARY KEY (`assetsid`),
  CONSTRAINT `fk_assetsid_vtiger_assetscf` FOREIGN KEY (`assetsid`) REFERENCES `vtiger_assets` (`assetsid`) ON DELETE CASCADE
) ENGINE=InnoDB DEFAULT CHARSET=utf8;
/*!40101 SET character_set_client = @saved_cs_client */;

--
-- Dumping data for table `vtiger_assetscf`
--

LOCK TABLES `vtiger_assetscf` WRITE;
/*!40000 ALTER TABLE `vtiger_assetscf` DISABLE KEYS */;
/*!40000 ALTER TABLE `vtiger_assetscf` ENABLE KEYS */;
UNLOCK TABLES;

--
-- Table structure for table `vtiger_assetstatus`
--

DROP TABLE IF EXISTS `vtiger_assetstatus`;
/*!40101 SET @saved_cs_client     = @@character_set_client */;
/*!40101 SET character_set_client = utf8 */;
CREATE TABLE `vtiger_assetstatus` (
  `assetstatusid` int(11) NOT NULL AUTO_INCREMENT,
  `assetstatus` varchar(200) NOT NULL,
  `presence` int(1) NOT NULL DEFAULT 1,
  `picklist_valueid` int(11) NOT NULL DEFAULT 0,
  `sortorderid` int(11) DEFAULT 0,
  `color` varchar(10) DEFAULT NULL,
  PRIMARY KEY (`assetstatusid`)
) ENGINE=InnoDB AUTO_INCREMENT=3 DEFAULT CHARSET=utf8;
/*!40101 SET character_set_client = @saved_cs_client */;

--
-- Dumping data for table `vtiger_assetstatus`
--

LOCK TABLES `vtiger_assetstatus` WRITE;
/*!40000 ALTER TABLE `vtiger_assetstatus` DISABLE KEYS */;
INSERT INTO `vtiger_assetstatus` VALUES (1,'In Service',1,235,1,NULL),(2,'Out-of-service',1,236,2,NULL);
/*!40000 ALTER TABLE `vtiger_assetstatus` ENABLE KEYS */;
UNLOCK TABLES;

--
-- Table structure for table `vtiger_assetstatus_seq`
--

DROP TABLE IF EXISTS `vtiger_assetstatus_seq`;
/*!40101 SET @saved_cs_client     = @@character_set_client */;
/*!40101 SET character_set_client = utf8 */;
CREATE TABLE `vtiger_assetstatus_seq` (
  `id` int(11) NOT NULL
) ENGINE=InnoDB DEFAULT CHARSET=utf8;
/*!40101 SET character_set_client = @saved_cs_client */;

--
-- Dumping data for table `vtiger_assetstatus_seq`
--

LOCK TABLES `vtiger_assetstatus_seq` WRITE;
/*!40000 ALTER TABLE `vtiger_assetstatus_seq` DISABLE KEYS */;
INSERT INTO `vtiger_assetstatus_seq` VALUES (2);
/*!40000 ALTER TABLE `vtiger_assetstatus_seq` ENABLE KEYS */;
UNLOCK TABLES;

--
-- Table structure for table `vtiger_asterisk`
--

DROP TABLE IF EXISTS `vtiger_asterisk`;
/*!40101 SET @saved_cs_client     = @@character_set_client */;
/*!40101 SET character_set_client = utf8 */;
CREATE TABLE `vtiger_asterisk` (
  `server` varchar(30) DEFAULT NULL,
  `port` varchar(30) DEFAULT NULL,
  `username` varchar(50) DEFAULT NULL,
  `password` varchar(50) DEFAULT NULL,
  `version` varchar(50) DEFAULT NULL
) ENGINE=InnoDB DEFAULT CHARSET=utf8;
/*!40101 SET character_set_client = @saved_cs_client */;

--
-- Dumping data for table `vtiger_asterisk`
--

LOCK TABLES `vtiger_asterisk` WRITE;
/*!40000 ALTER TABLE `vtiger_asterisk` DISABLE KEYS */;
/*!40000 ALTER TABLE `vtiger_asterisk` ENABLE KEYS */;
UNLOCK TABLES;

--
-- Table structure for table `vtiger_asteriskextensions`
--

DROP TABLE IF EXISTS `vtiger_asteriskextensions`;
/*!40101 SET @saved_cs_client     = @@character_set_client */;
/*!40101 SET character_set_client = utf8 */;
CREATE TABLE `vtiger_asteriskextensions` (
  `userid` int(11) DEFAULT NULL,
  `asterisk_extension` varchar(50) DEFAULT NULL,
  `use_asterisk` varchar(3) DEFAULT NULL
) ENGINE=InnoDB DEFAULT CHARSET=utf8;
/*!40101 SET character_set_client = @saved_cs_client */;

--
-- Dumping data for table `vtiger_asteriskextensions`
--

LOCK TABLES `vtiger_asteriskextensions` WRITE;
/*!40000 ALTER TABLE `vtiger_asteriskextensions` DISABLE KEYS */;
INSERT INTO `vtiger_asteriskextensions` VALUES (1,NULL,NULL),(5,NULL,NULL),(6,NULL,NULL),(7,NULL,NULL);
/*!40000 ALTER TABLE `vtiger_asteriskextensions` ENABLE KEYS */;
UNLOCK TABLES;

--
-- Table structure for table `vtiger_asteriskincomingcalls`
--

DROP TABLE IF EXISTS `vtiger_asteriskincomingcalls`;
/*!40101 SET @saved_cs_client     = @@character_set_client */;
/*!40101 SET character_set_client = utf8 */;
CREATE TABLE `vtiger_asteriskincomingcalls` (
  `from_number` varchar(50) DEFAULT NULL,
  `from_name` varchar(50) DEFAULT NULL,
  `to_number` varchar(50) DEFAULT NULL,
  `callertype` varchar(30) DEFAULT NULL,
  `flag` int(19) DEFAULT NULL,
  `timer` int(19) DEFAULT NULL,
  `refuid` varchar(255) DEFAULT NULL
) ENGINE=InnoDB DEFAULT CHARSET=utf8;
/*!40101 SET character_set_client = @saved_cs_client */;

--
-- Dumping data for table `vtiger_asteriskincomingcalls`
--

LOCK TABLES `vtiger_asteriskincomingcalls` WRITE;
/*!40000 ALTER TABLE `vtiger_asteriskincomingcalls` DISABLE KEYS */;
/*!40000 ALTER TABLE `vtiger_asteriskincomingcalls` ENABLE KEYS */;
UNLOCK TABLES;

--
-- Table structure for table `vtiger_asteriskincomingevents`
--

DROP TABLE IF EXISTS `vtiger_asteriskincomingevents`;
/*!40101 SET @saved_cs_client     = @@character_set_client */;
/*!40101 SET character_set_client = utf8 */;
CREATE TABLE `vtiger_asteriskincomingevents` (
  `uid` varchar(255) NOT NULL,
  `channel` varchar(100) DEFAULT NULL,
  `from_number` bigint(20) DEFAULT NULL,
  `from_name` varchar(100) DEFAULT NULL,
  `to_number` bigint(20) DEFAULT NULL,
  `callertype` varchar(100) DEFAULT NULL,
  `timer` int(20) DEFAULT NULL,
  `flag` varchar(3) DEFAULT NULL,
  `pbxrecordid` int(19) DEFAULT NULL,
  `relcrmid` int(19) DEFAULT NULL,
  PRIMARY KEY (`uid`)
) ENGINE=InnoDB DEFAULT CHARSET=utf8;
/*!40101 SET character_set_client = @saved_cs_client */;

--
-- Dumping data for table `vtiger_asteriskincomingevents`
--

LOCK TABLES `vtiger_asteriskincomingevents` WRITE;
/*!40000 ALTER TABLE `vtiger_asteriskincomingevents` DISABLE KEYS */;
/*!40000 ALTER TABLE `vtiger_asteriskincomingevents` ENABLE KEYS */;
UNLOCK TABLES;

--
-- Table structure for table `vtiger_attachments`
--

DROP TABLE IF EXISTS `vtiger_attachments`;
/*!40101 SET @saved_cs_client     = @@character_set_client */;
/*!40101 SET character_set_client = utf8 */;
CREATE TABLE `vtiger_attachments` (
  `attachmentsid` int(19) NOT NULL,
  `name` varchar(255) NOT NULL,
  `description` text DEFAULT NULL,
  `type` varchar(100) DEFAULT NULL,
  `path` text DEFAULT NULL,
  `subject` varchar(255) DEFAULT NULL,
  PRIMARY KEY (`attachmentsid`),
  KEY `attachments_attachmentsid_idx` (`attachmentsid`),
  CONSTRAINT `fk_1_vtiger_attachments` FOREIGN KEY (`attachmentsid`) REFERENCES `vtiger_crmentity` (`crmid`) ON DELETE CASCADE
) ENGINE=InnoDB DEFAULT CHARSET=utf8;
/*!40101 SET character_set_client = @saved_cs_client */;

--
-- Dumping data for table `vtiger_attachments`
--

LOCK TABLES `vtiger_attachments` WRITE;
/*!40000 ALTER TABLE `vtiger_attachments` DISABLE KEYS */;
INSERT INTO `vtiger_attachments` VALUES (7,'Ruben2017.jpg','','image/jpeg','storage/2019/January/week4/',NULL);
/*!40000 ALTER TABLE `vtiger_attachments` ENABLE KEYS */;
UNLOCK TABLES;

--
-- Table structure for table `vtiger_attachmentsfolder`
--

DROP TABLE IF EXISTS `vtiger_attachmentsfolder`;
/*!40101 SET @saved_cs_client     = @@character_set_client */;
/*!40101 SET character_set_client = utf8 */;
CREATE TABLE `vtiger_attachmentsfolder` (
  `folderid` int(19) NOT NULL AUTO_INCREMENT,
  `foldername` varchar(200) NOT NULL,
  `description` varchar(250) DEFAULT NULL,
  `createdby` int(19) NOT NULL,
  `sequence` int(19) DEFAULT NULL,
  PRIMARY KEY (`folderid`)
) ENGINE=InnoDB AUTO_INCREMENT=2 DEFAULT CHARSET=utf8;
/*!40101 SET character_set_client = @saved_cs_client */;

--
-- Dumping data for table `vtiger_attachmentsfolder`
--

LOCK TABLES `vtiger_attachmentsfolder` WRITE;
/*!40000 ALTER TABLE `vtiger_attachmentsfolder` DISABLE KEYS */;
INSERT INTO `vtiger_attachmentsfolder` VALUES (1,'Default','This is a Default Folder',1,1);
/*!40000 ALTER TABLE `vtiger_attachmentsfolder` ENABLE KEYS */;
UNLOCK TABLES;

--
-- Table structure for table `vtiger_attachmentsfolder_seq`
--

DROP TABLE IF EXISTS `vtiger_attachmentsfolder_seq`;
/*!40101 SET @saved_cs_client     = @@character_set_client */;
/*!40101 SET character_set_client = utf8 */;
CREATE TABLE `vtiger_attachmentsfolder_seq` (
  `id` int(11) NOT NULL
) ENGINE=InnoDB DEFAULT CHARSET=utf8;
/*!40101 SET character_set_client = @saved_cs_client */;

--
-- Dumping data for table `vtiger_attachmentsfolder_seq`
--

LOCK TABLES `vtiger_attachmentsfolder_seq` WRITE;
/*!40000 ALTER TABLE `vtiger_attachmentsfolder_seq` DISABLE KEYS */;
INSERT INTO `vtiger_attachmentsfolder_seq` VALUES (1);
/*!40000 ALTER TABLE `vtiger_attachmentsfolder_seq` ENABLE KEYS */;
UNLOCK TABLES;

--
-- Table structure for table `vtiger_audit_trial`
--

DROP TABLE IF EXISTS `vtiger_audit_trial`;
/*!40101 SET @saved_cs_client     = @@character_set_client */;
/*!40101 SET character_set_client = utf8 */;
CREATE TABLE `vtiger_audit_trial` (
  `auditid` int(19) NOT NULL,
  `userid` int(19) DEFAULT NULL,
  `module` varchar(255) DEFAULT NULL,
  `action` varchar(255) DEFAULT NULL,
  `recordid` varchar(20) DEFAULT NULL,
  `actiondate` datetime DEFAULT NULL,
  PRIMARY KEY (`auditid`)
) ENGINE=InnoDB DEFAULT CHARSET=utf8;
/*!40101 SET character_set_client = @saved_cs_client */;

--
-- Dumping data for table `vtiger_audit_trial`
--

LOCK TABLES `vtiger_audit_trial` WRITE;
/*!40000 ALTER TABLE `vtiger_audit_trial` DISABLE KEYS */;
/*!40000 ALTER TABLE `vtiger_audit_trial` ENABLE KEYS */;
UNLOCK TABLES;

--
-- Table structure for table `vtiger_blocks`
--

DROP TABLE IF EXISTS `vtiger_blocks`;
/*!40101 SET @saved_cs_client     = @@character_set_client */;
/*!40101 SET character_set_client = utf8 */;
CREATE TABLE `vtiger_blocks` (
  `blockid` int(19) NOT NULL,
  `tabid` int(19) NOT NULL,
  `blocklabel` varchar(100) NOT NULL,
  `sequence` int(10) DEFAULT NULL,
  `show_title` int(2) DEFAULT NULL,
  `visible` int(2) NOT NULL DEFAULT 0,
  `create_view` int(2) NOT NULL DEFAULT 0,
  `edit_view` int(2) NOT NULL DEFAULT 0,
  `detail_view` int(2) NOT NULL DEFAULT 0,
  `display_status` int(1) NOT NULL DEFAULT 1,
  `iscustom` int(1) NOT NULL DEFAULT 0,
  PRIMARY KEY (`blockid`),
  KEY `block_tabid_idx` (`tabid`),
  CONSTRAINT `fk_1_vtiger_blocks` FOREIGN KEY (`tabid`) REFERENCES `vtiger_tab` (`tabid`) ON DELETE CASCADE
) ENGINE=InnoDB DEFAULT CHARSET=utf8;
/*!40101 SET character_set_client = @saved_cs_client */;

--
-- Dumping data for table `vtiger_blocks`
--

LOCK TABLES `vtiger_blocks` WRITE;
/*!40000 ALTER TABLE `vtiger_blocks` DISABLE KEYS */;
INSERT INTO `vtiger_blocks` VALUES (1,2,'LBL_OPPORTUNITY_INFORMATION',1,0,0,0,0,0,1,0),(2,2,'LBL_CUSTOM_INFORMATION',2,0,0,0,0,0,1,0),(3,2,'LBL_DESCRIPTION_INFORMATION',3,0,0,0,0,0,1,0),(4,4,'LBL_CONTACT_INFORMATION',1,0,0,0,0,0,1,0),(5,4,'LBL_CUSTOM_INFORMATION',3,0,0,0,0,0,0,0),(6,4,'LBL_CUSTOMER_PORTAL_INFORMATION',5,0,0,0,0,0,1,0),(7,4,'LBL_ADDRESS_INFORMATION',2,0,0,0,0,0,1,0),(8,4,'LBL_DESCRIPTION_INFORMATION',4,0,0,0,0,0,1,0),(9,6,'LBL_ACCOUNT_INFORMATION',1,0,0,0,0,0,1,0),(10,6,'LBL_CUSTOM_INFORMATION',2,0,0,0,0,0,0,0),(11,6,'LBL_ADDRESS_INFORMATION',3,0,0,0,0,0,1,0),(12,6,'LBL_DESCRIPTION_INFORMATION',4,0,0,0,0,0,1,0),(13,7,'LBL_LEAD_INFORMATION',1,0,0,0,0,0,1,0),(14,7,'LBL_CUSTOM_INFORMATION',2,0,0,0,0,0,1,0),(15,7,'LBL_ADDRESS_INFORMATION',3,0,0,0,0,0,1,0),(16,7,'LBL_DESCRIPTION_INFORMATION',4,0,0,0,0,0,1,0),(17,8,'LBL_NOTE_INFORMATION',1,0,0,0,0,0,1,0),(18,8,'LBL_FILE_INFORMATION',3,1,0,0,0,0,1,0),(19,9,'LBL_TASK_INFORMATION',1,0,0,0,0,0,1,0),(20,9,'LBL_DESCRIPTION_INFORMATION',3,1,0,0,0,0,1,0),(21,10,'LBL_EMAIL_INFORMATION',1,0,0,0,0,0,1,0),(22,10,'Emails_Block1',2,1,0,0,0,0,1,0),(23,10,'Emails_Block2',3,1,0,0,0,0,1,0),(24,10,'Emails_Block3',4,1,0,0,0,0,1,0),(25,13,'LBL_TICKET_INFORMATION',1,0,0,0,0,0,1,0),(26,13,'',2,1,0,0,0,0,1,0),(27,13,'LBL_CUSTOM_INFORMATION',3,0,0,0,0,0,1,0),(28,13,'LBL_DESCRIPTION_INFORMATION',4,0,0,0,0,0,1,0),(29,13,'LBL_TICKET_RESOLUTION',2,0,0,1,0,0,1,0),(30,13,'LBL_COMMENTS',6,0,0,1,0,0,1,0),(31,14,'LBL_PRODUCT_INFORMATION',1,0,0,0,0,0,1,0),(32,14,'LBL_PRICING_INFORMATION',3,0,0,0,0,0,1,0),(33,14,'LBL_STOCK_INFORMATION',4,0,0,0,0,0,1,0),(34,14,'LBL_CUSTOM_INFORMATION',2,0,0,0,0,0,0,0),(35,14,'LBL_IMAGE_INFORMATION',5,0,0,0,0,0,1,0),(36,14,'LBL_DESCRIPTION_INFORMATION',6,0,0,0,0,0,1,0),(37,15,'LBL_FAQ_INFORMATION',1,0,0,0,0,0,1,0),(38,15,'LBL_COMMENT_INFORMATION',4,0,0,1,0,0,1,0),(39,16,'LBL_EVENT_INFORMATION',1,0,0,0,0,0,1,0),(40,16,'LBL_REMINDER_INFORMATION',2,0,0,0,0,0,1,0),(41,16,'LBL_DESCRIPTION_INFORMATION',6,0,0,0,0,0,1,0),(42,18,'LBL_VENDOR_INFORMATION',1,0,0,0,0,0,1,0),(43,18,'LBL_CUSTOM_INFORMATION',2,0,0,0,0,0,1,0),(44,18,'LBL_VENDOR_ADDRESS_INFORMATION',3,0,0,0,0,0,1,0),(45,18,'LBL_DESCRIPTION_INFORMATION',4,0,0,0,0,0,1,0),(46,19,'LBL_PRICEBOOK_INFORMATION',1,0,0,0,0,0,1,0),(47,19,'LBL_CUSTOM_INFORMATION',2,0,0,0,0,0,1,0),(48,19,'LBL_DESCRIPTION_INFORMATION',3,0,0,0,0,0,1,0),(49,20,'LBL_QUOTE_INFORMATION',1,0,0,0,0,0,1,0),(50,20,'LBL_CUSTOM_INFORMATION',2,0,0,0,0,0,1,0),(51,20,'LBL_ADDRESS_INFORMATION',3,0,0,0,0,0,1,0),(52,20,'LBL_RELATED_PRODUCTS',4,0,0,0,0,0,1,0),(53,20,'LBL_TERMS_INFORMATION',5,0,0,0,0,0,1,0),(54,20,'LBL_DESCRIPTION_INFORMATION',6,0,0,0,0,0,1,0),(55,21,'LBL_PO_INFORMATION',1,0,0,0,0,0,1,0),(56,21,'LBL_CUSTOM_INFORMATION',2,0,0,0,0,0,1,0),(57,21,'LBL_ADDRESS_INFORMATION',3,0,0,0,0,0,1,0),(58,21,'LBL_RELATED_PRODUCTS',4,0,0,0,0,0,1,0),(59,21,'LBL_TERMS_INFORMATION',5,0,0,0,0,0,1,0),(60,21,'LBL_DESCRIPTION_INFORMATION',6,0,0,0,0,0,1,0),(61,22,'LBL_SO_INFORMATION',1,0,0,0,0,0,1,0),(62,22,'LBL_CUSTOM_INFORMATION',3,0,0,0,0,0,1,0),(63,22,'LBL_ADDRESS_INFORMATION',4,0,0,0,0,0,1,0),(64,22,'LBL_RELATED_PRODUCTS',5,0,0,0,0,0,1,0),(65,22,'LBL_TERMS_INFORMATION',6,0,0,0,0,0,1,0),(66,22,'LBL_DESCRIPTION_INFORMATION',7,0,0,0,0,0,1,0),(67,23,'LBL_INVOICE_INFORMATION',1,0,0,0,0,0,1,0),(68,23,'LBL_CUSTOM_INFORMATION',2,0,0,0,0,0,1,0),(69,23,'LBL_ADDRESS_INFORMATION',3,0,0,0,0,0,1,0),(70,23,'LBL_RELATED_PRODUCTS',4,0,0,0,0,0,1,0),(71,23,'LBL_TERMS_INFORMATION',5,0,0,0,0,0,1,0),(72,23,'LBL_DESCRIPTION_INFORMATION',6,0,0,0,0,0,1,0),(73,4,'LBL_IMAGE_INFORMATION',6,0,0,0,0,0,1,0),(74,26,'LBL_CAMPAIGN_INFORMATION',1,0,0,0,0,0,1,0),(75,26,'LBL_CUSTOM_INFORMATION',2,0,0,0,0,0,1,0),(76,26,'LBL_EXPECTATIONS_AND_ACTUALS',3,0,0,0,0,0,1,0),(77,29,'LBL_USERLOGIN_ROLE',1,0,0,0,0,0,1,0),(78,29,'LBL_CURRENCY_CONFIGURATION',3,0,0,0,0,0,1,0),(79,29,'LBL_MORE_INFORMATION',4,0,0,0,0,0,1,0),(80,29,'LBL_ADDRESS_INFORMATION',5,0,0,0,0,0,1,0),(81,26,'LBL_DESCRIPTION_INFORMATION',4,0,0,0,0,0,1,0),(82,29,'LBL_USER_IMAGE_INFORMATION',5,0,0,0,0,0,1,0),(83,29,'LBL_USER_ADV_OPTIONS',6,0,0,0,0,0,1,0),(84,8,'LBL_DESCRIPTION',2,0,0,0,0,0,1,0),(85,22,'Recurring Invoice Information',2,0,0,0,0,0,1,0),(86,9,'LBL_CUSTOM_INFORMATION',4,0,0,0,0,0,1,0),(87,16,'LBL_CUSTOM_INFORMATION',7,0,0,0,0,0,1,0),(88,34,'LBL_SERVICE_INFORMATION',1,0,0,0,0,0,1,0),(89,34,'LBL_PRICING_INFORMATION',2,0,0,0,0,0,1,0),(90,34,'LBL_CUSTOM_INFORMATION',3,0,0,0,0,0,1,0),(91,34,'LBL_DESCRIPTION_INFORMATION',4,0,0,0,0,0,1,0),(92,35,'LBL_PBXMANAGER_INFORMATION',1,0,0,0,0,0,1,0),(93,37,'LBL_SERVICE_CONTRACT_INFORMATION',1,0,0,0,0,0,1,0),(94,37,'LBL_CUSTOM_INFORMATION',2,0,0,0,0,0,1,0),(95,38,'LBL_ASSET_INFORMATION',1,0,0,0,0,0,1,0),(96,38,'LBL_CUSTOM_INFORMATION',2,0,0,0,0,0,1,0),(97,38,'LBL_DESCRIPTION_INFORMATION',3,0,0,0,0,0,1,0),(98,39,'LBL_SMSNOTIFIER_INFORMATION',1,0,0,0,0,0,1,0),(99,39,'LBL_CUSTOM_INFORMATION',2,0,0,0,0,0,1,0),(100,39,'StatusInformation',3,0,0,0,0,0,1,0),(101,41,'LBL_MODCOMMENTS_INFORMATION',1,0,0,0,0,0,1,0),(102,41,'LBL_OTHER_INFORMATION',2,0,0,0,0,0,1,0),(103,41,'LBL_CUSTOM_INFORMATION',3,0,0,0,0,0,1,0),(104,42,'LBL_PROJECT_MILESTONE_INFORMATION',1,0,0,0,0,0,1,0),(105,42,'LBL_CUSTOM_INFORMATION',2,0,0,0,0,0,1,0),(106,42,'LBL_DESCRIPTION_INFORMATION',3,0,0,0,0,0,1,0),(107,43,'LBL_PROJECT_TASK_INFORMATION',1,0,0,0,0,0,1,0),(108,43,'LBL_CUSTOM_INFORMATION',2,0,0,0,0,0,1,0),(109,43,'LBL_DESCRIPTION_INFORMATION',3,0,0,0,0,0,1,0),(110,44,'LBL_PROJECT_INFORMATION',1,0,0,0,0,0,1,0),(111,44,'LBL_CUSTOM_INFORMATION',2,0,0,0,0,0,1,0),(112,44,'LBL_DESCRIPTION_INFORMATION',3,0,0,0,0,0,1,0),(113,23,'LBL_ITEM_DETAILS',5,0,0,0,0,0,1,0),(114,22,'LBL_ITEM_DETAILS',5,0,0,0,0,0,1,0),(115,21,'LBL_ITEM_DETAILS',5,0,0,0,0,0,1,0),(116,20,'LBL_ITEM_DETAILS',5,0,0,0,0,0,1,0),(117,16,'LBL_RECURRENCE_INFORMATION',4,0,0,0,0,0,1,0),(118,29,'LBL_CALENDAR_SETTINGS',2,0,0,0,0,0,1,0),(119,16,'LBL_RELATED_TO',5,0,0,0,0,0,1,0),(120,9,'LBL_REMINDER_INFORMATION',2,0,0,0,0,0,1,0),(121,52,'Detalles',1,0,0,0,0,0,1,0),(122,53,'Detalles',1,0,0,0,0,0,1,0),(123,16,'Recordatorio a Apoderados',3,0,0,0,0,0,1,1),(124,54,'Reglas',1,0,0,0,0,0,1,0),(125,55,'Accion',1,0,0,0,0,0,1,0);
/*!40000 ALTER TABLE `vtiger_blocks` ENABLE KEYS */;
UNLOCK TABLES;

--
-- Table structure for table `vtiger_blocks_seq`
--

DROP TABLE IF EXISTS `vtiger_blocks_seq`;
/*!40101 SET @saved_cs_client     = @@character_set_client */;
/*!40101 SET character_set_client = utf8 */;
CREATE TABLE `vtiger_blocks_seq` (
  `id` int(11) NOT NULL
) ENGINE=InnoDB DEFAULT CHARSET=utf8;
/*!40101 SET character_set_client = @saved_cs_client */;

--
-- Dumping data for table `vtiger_blocks_seq`
--

LOCK TABLES `vtiger_blocks_seq` WRITE;
/*!40000 ALTER TABLE `vtiger_blocks_seq` DISABLE KEYS */;
INSERT INTO `vtiger_blocks_seq` VALUES (125);
/*!40000 ALTER TABLE `vtiger_blocks_seq` ENABLE KEYS */;
UNLOCK TABLES;

--
-- Table structure for table `vtiger_calendar_default_activitytypes`
--

DROP TABLE IF EXISTS `vtiger_calendar_default_activitytypes`;
/*!40101 SET @saved_cs_client     = @@character_set_client */;
/*!40101 SET character_set_client = utf8 */;
CREATE TABLE `vtiger_calendar_default_activitytypes` (
  `id` int(19) NOT NULL,
  `module` varchar(50) DEFAULT NULL,
  `fieldname` varchar(50) DEFAULT NULL,
  `defaultcolor` varchar(50) DEFAULT NULL,
  `isdefault` int(11) DEFAULT 1,
  `conditions` varchar(255) DEFAULT NULL,
  PRIMARY KEY (`id`)
) ENGINE=InnoDB DEFAULT CHARSET=utf8;
/*!40101 SET character_set_client = @saved_cs_client */;

--
-- Dumping data for table `vtiger_calendar_default_activitytypes`
--

LOCK TABLES `vtiger_calendar_default_activitytypes` WRITE;
/*!40000 ALTER TABLE `vtiger_calendar_default_activitytypes` DISABLE KEYS */;
INSERT INTO `vtiger_calendar_default_activitytypes` VALUES (1,'Events','[\"date_start\",\"due_date\"]','#17309A',1,NULL),(2,'Calendar','[\"date_start\",\"due_date\"]','#3A87AD',1,NULL),(3,'Potentials','[\"closingdate\"]','#AA6705',1,NULL),(4,'Contacts','[\"support_end_date\"]','#953B39',1,NULL),(5,'Contacts','[\"birthday\"]','#545252',1,NULL),(6,'Invoice','[\"duedate\"]','#87865D',1,NULL),(7,'Project','[\"startdate\",\"targetenddate\"]','#C71585',1,NULL),(8,'ProjectTask','[\"startdate\",\"enddate\"]','#006400',1,NULL);
/*!40000 ALTER TABLE `vtiger_calendar_default_activitytypes` ENABLE KEYS */;
UNLOCK TABLES;

--
-- Table structure for table `vtiger_calendar_default_activitytypes_seq`
--

DROP TABLE IF EXISTS `vtiger_calendar_default_activitytypes_seq`;
/*!40101 SET @saved_cs_client     = @@character_set_client */;
/*!40101 SET character_set_client = utf8 */;
CREATE TABLE `vtiger_calendar_default_activitytypes_seq` (
  `id` int(11) NOT NULL
) ENGINE=InnoDB DEFAULT CHARSET=utf8;
/*!40101 SET character_set_client = @saved_cs_client */;

--
-- Dumping data for table `vtiger_calendar_default_activitytypes_seq`
--

LOCK TABLES `vtiger_calendar_default_activitytypes_seq` WRITE;
/*!40000 ALTER TABLE `vtiger_calendar_default_activitytypes_seq` DISABLE KEYS */;
INSERT INTO `vtiger_calendar_default_activitytypes_seq` VALUES (8);
/*!40000 ALTER TABLE `vtiger_calendar_default_activitytypes_seq` ENABLE KEYS */;
UNLOCK TABLES;

--
-- Table structure for table `vtiger_calendar_user_activitytypes`
--

DROP TABLE IF EXISTS `vtiger_calendar_user_activitytypes`;
/*!40101 SET @saved_cs_client     = @@character_set_client */;
/*!40101 SET character_set_client = utf8 */;
CREATE TABLE `vtiger_calendar_user_activitytypes` (
  `id` int(19) NOT NULL,
  `defaultid` int(19) DEFAULT NULL,
  `userid` int(19) DEFAULT NULL,
  `color` varchar(50) DEFAULT NULL,
  `visible` int(19) DEFAULT 1,
  PRIMARY KEY (`id`)
) ENGINE=InnoDB DEFAULT CHARSET=utf8;
/*!40101 SET character_set_client = @saved_cs_client */;

--
-- Dumping data for table `vtiger_calendar_user_activitytypes`
--

LOCK TABLES `vtiger_calendar_user_activitytypes` WRITE;
/*!40000 ALTER TABLE `vtiger_calendar_user_activitytypes` DISABLE KEYS */;
INSERT INTO `vtiger_calendar_user_activitytypes` VALUES (1,1,1,'#17309A',1),(2,2,1,'#3A87AD',1),(3,3,1,'#AA6705',1),(4,4,1,'#953B39',1),(5,5,1,'#545252',1),(6,6,1,'#87865D',1),(7,7,1,'#C71585',1),(8,8,1,'#006400',1),(9,1,5,'#17309A',1),(10,2,5,'#3A87AD',1),(11,3,5,'#AA6705',1),(12,4,5,'#953B39',1),(13,5,5,'#545252',1),(14,6,5,'#87865D',1),(15,7,5,'#C71585',1),(16,8,5,'#006400',1),(17,1,6,'#17309A',1),(18,2,6,'#3A87AD',1),(19,3,6,'#AA6705',1),(20,4,6,'#953B39',1),(21,5,6,'#545252',1),(22,6,6,'#87865D',1),(23,7,6,'#C71585',1),(24,8,6,'#006400',1),(25,1,7,'#17309A',1),(26,2,7,'#3A87AD',1),(27,3,7,'#AA6705',1),(28,4,7,'#953B39',1),(29,5,7,'#545252',1),(30,6,7,'#87865D',1),(31,7,7,'#C71585',1),(32,8,7,'#006400',1);
/*!40000 ALTER TABLE `vtiger_calendar_user_activitytypes` ENABLE KEYS */;
UNLOCK TABLES;

--
-- Table structure for table `vtiger_calendar_user_activitytypes_seq`
--

DROP TABLE IF EXISTS `vtiger_calendar_user_activitytypes_seq`;
/*!40101 SET @saved_cs_client     = @@character_set_client */;
/*!40101 SET character_set_client = utf8 */;
CREATE TABLE `vtiger_calendar_user_activitytypes_seq` (
  `id` int(11) NOT NULL
) ENGINE=InnoDB DEFAULT CHARSET=utf8;
/*!40101 SET character_set_client = @saved_cs_client */;

--
-- Dumping data for table `vtiger_calendar_user_activitytypes_seq`
--

LOCK TABLES `vtiger_calendar_user_activitytypes_seq` WRITE;
/*!40000 ALTER TABLE `vtiger_calendar_user_activitytypes_seq` DISABLE KEYS */;
INSERT INTO `vtiger_calendar_user_activitytypes_seq` VALUES (32);
/*!40000 ALTER TABLE `vtiger_calendar_user_activitytypes_seq` ENABLE KEYS */;
UNLOCK TABLES;

--
-- Table structure for table `vtiger_calendarsharedtype`
--

DROP TABLE IF EXISTS `vtiger_calendarsharedtype`;
/*!40101 SET @saved_cs_client     = @@character_set_client */;
/*!40101 SET character_set_client = utf8 */;
CREATE TABLE `vtiger_calendarsharedtype` (
  `calendarsharedtypeid` int(11) NOT NULL AUTO_INCREMENT,
  `calendarsharedtype` varchar(200) NOT NULL,
  `sortorderid` int(11) DEFAULT NULL,
  `presence` int(11) NOT NULL DEFAULT 1,
  PRIMARY KEY (`calendarsharedtypeid`)
) ENGINE=InnoDB AUTO_INCREMENT=4 DEFAULT CHARSET=utf8;
/*!40101 SET character_set_client = @saved_cs_client */;

--
-- Dumping data for table `vtiger_calendarsharedtype`
--

LOCK TABLES `vtiger_calendarsharedtype` WRITE;
/*!40000 ALTER TABLE `vtiger_calendarsharedtype` DISABLE KEYS */;
INSERT INTO `vtiger_calendarsharedtype` VALUES (1,'public',0,1),(2,'private',1,1),(3,'seletedusers',2,1);
/*!40000 ALTER TABLE `vtiger_calendarsharedtype` ENABLE KEYS */;
UNLOCK TABLES;

--
-- Table structure for table `vtiger_calendarsharedtype_seq`
--

DROP TABLE IF EXISTS `vtiger_calendarsharedtype_seq`;
/*!40101 SET @saved_cs_client     = @@character_set_client */;
/*!40101 SET character_set_client = utf8 */;
CREATE TABLE `vtiger_calendarsharedtype_seq` (
  `id` int(11) NOT NULL
) ENGINE=InnoDB DEFAULT CHARSET=utf8;
/*!40101 SET character_set_client = @saved_cs_client */;

--
-- Dumping data for table `vtiger_calendarsharedtype_seq`
--

LOCK TABLES `vtiger_calendarsharedtype_seq` WRITE;
/*!40000 ALTER TABLE `vtiger_calendarsharedtype_seq` DISABLE KEYS */;
INSERT INTO `vtiger_calendarsharedtype_seq` VALUES (3);
/*!40000 ALTER TABLE `vtiger_calendarsharedtype_seq` ENABLE KEYS */;
UNLOCK TABLES;

--
-- Table structure for table `vtiger_callduration`
--

DROP TABLE IF EXISTS `vtiger_callduration`;
/*!40101 SET @saved_cs_client     = @@character_set_client */;
/*!40101 SET character_set_client = utf8 */;
CREATE TABLE `vtiger_callduration` (
  `calldurationid` int(11) NOT NULL AUTO_INCREMENT,
  `callduration` varchar(200) NOT NULL,
  `sortorderid` int(11) DEFAULT NULL,
  `presence` int(11) NOT NULL DEFAULT 1,
  PRIMARY KEY (`calldurationid`)
) ENGINE=InnoDB AUTO_INCREMENT=6 DEFAULT CHARSET=utf8;
/*!40101 SET character_set_client = @saved_cs_client */;

--
-- Dumping data for table `vtiger_callduration`
--

LOCK TABLES `vtiger_callduration` WRITE;
/*!40000 ALTER TABLE `vtiger_callduration` DISABLE KEYS */;
INSERT INTO `vtiger_callduration` VALUES (1,'5',0,1),(2,'10',1,1),(3,'30',2,1),(4,'60',3,1),(5,'120',4,1);
/*!40000 ALTER TABLE `vtiger_callduration` ENABLE KEYS */;
UNLOCK TABLES;

--
-- Table structure for table `vtiger_callduration_seq`
--

DROP TABLE IF EXISTS `vtiger_callduration_seq`;
/*!40101 SET @saved_cs_client     = @@character_set_client */;
/*!40101 SET character_set_client = utf8 */;
CREATE TABLE `vtiger_callduration_seq` (
  `id` int(11) NOT NULL
) ENGINE=InnoDB DEFAULT CHARSET=utf8;
/*!40101 SET character_set_client = @saved_cs_client */;

--
-- Dumping data for table `vtiger_callduration_seq`
--

LOCK TABLES `vtiger_callduration_seq` WRITE;
/*!40000 ALTER TABLE `vtiger_callduration_seq` DISABLE KEYS */;
INSERT INTO `vtiger_callduration_seq` VALUES (5);
/*!40000 ALTER TABLE `vtiger_callduration_seq` ENABLE KEYS */;
UNLOCK TABLES;

--
-- Table structure for table `vtiger_campaign`
--

DROP TABLE IF EXISTS `vtiger_campaign`;
/*!40101 SET @saved_cs_client     = @@character_set_client */;
/*!40101 SET character_set_client = utf8 */;
CREATE TABLE `vtiger_campaign` (
  `campaign_no` varchar(100) NOT NULL,
  `campaignname` varchar(255) DEFAULT NULL,
  `campaigntype` varchar(200) DEFAULT NULL,
  `campaignstatus` varchar(200) DEFAULT NULL,
  `expectedrevenue` decimal(25,8) DEFAULT NULL,
  `budgetcost` decimal(25,8) DEFAULT NULL,
  `actualcost` decimal(25,8) DEFAULT NULL,
  `expectedresponse` varchar(200) DEFAULT NULL,
  `numsent` decimal(11,0) DEFAULT NULL,
  `product_id` int(19) DEFAULT NULL,
  `sponsor` varchar(255) DEFAULT NULL,
  `targetaudience` varchar(255) DEFAULT NULL,
  `targetsize` int(19) DEFAULT NULL,
  `expectedresponsecount` int(19) DEFAULT NULL,
  `expectedsalescount` int(19) DEFAULT NULL,
  `expectedroi` decimal(25,8) DEFAULT NULL,
  `actualresponsecount` int(19) DEFAULT NULL,
  `actualsalescount` int(19) DEFAULT NULL,
  `actualroi` decimal(25,8) DEFAULT NULL,
  `campaignid` int(19) NOT NULL,
  `closingdate` date DEFAULT NULL,
  `tags` varchar(1) DEFAULT NULL,
  PRIMARY KEY (`campaignid`),
  KEY `campaign_campaignstatus_idx` (`campaignstatus`),
  KEY `campaign_campaignname_idx` (`campaignname`),
  KEY `campaign_campaignid_idx` (`campaignid`),
  CONSTRAINT `fk_crmid_vtiger_campaign` FOREIGN KEY (`campaignid`) REFERENCES `vtiger_crmentity` (`crmid`) ON DELETE CASCADE
) ENGINE=InnoDB DEFAULT CHARSET=utf8;
/*!40101 SET character_set_client = @saved_cs_client */;

--
-- Dumping data for table `vtiger_campaign`
--

LOCK TABLES `vtiger_campaign` WRITE;
/*!40000 ALTER TABLE `vtiger_campaign` DISABLE KEYS */;
/*!40000 ALTER TABLE `vtiger_campaign` ENABLE KEYS */;
UNLOCK TABLES;

--
-- Table structure for table `vtiger_campaignaccountrel`
--

DROP TABLE IF EXISTS `vtiger_campaignaccountrel`;
/*!40101 SET @saved_cs_client     = @@character_set_client */;
/*!40101 SET character_set_client = utf8 */;
CREATE TABLE `vtiger_campaignaccountrel` (
  `campaignid` int(19) DEFAULT NULL,
  `accountid` int(19) DEFAULT NULL,
  `campaignrelstatusid` int(19) DEFAULT NULL
) ENGINE=InnoDB DEFAULT CHARSET=utf8;
/*!40101 SET character_set_client = @saved_cs_client */;

--
-- Dumping data for table `vtiger_campaignaccountrel`
--

LOCK TABLES `vtiger_campaignaccountrel` WRITE;
/*!40000 ALTER TABLE `vtiger_campaignaccountrel` DISABLE KEYS */;
/*!40000 ALTER TABLE `vtiger_campaignaccountrel` ENABLE KEYS */;
UNLOCK TABLES;

--
-- Table structure for table `vtiger_campaigncontrel`
--

DROP TABLE IF EXISTS `vtiger_campaigncontrel`;
/*!40101 SET @saved_cs_client     = @@character_set_client */;
/*!40101 SET character_set_client = utf8 */;
CREATE TABLE `vtiger_campaigncontrel` (
  `campaignid` int(19) NOT NULL DEFAULT 0,
  `contactid` int(19) NOT NULL DEFAULT 0,
  `campaignrelstatusid` int(19) NOT NULL DEFAULT 0,
  PRIMARY KEY (`campaignid`,`contactid`,`campaignrelstatusid`),
  KEY `campaigncontrel_contractid_idx` (`contactid`),
  CONSTRAINT `fk_2_vtiger_campaigncontrel` FOREIGN KEY (`contactid`) REFERENCES `vtiger_contactdetails` (`contactid`) ON DELETE CASCADE
) ENGINE=InnoDB DEFAULT CHARSET=utf8;
/*!40101 SET character_set_client = @saved_cs_client */;

--
-- Dumping data for table `vtiger_campaigncontrel`
--

LOCK TABLES `vtiger_campaigncontrel` WRITE;
/*!40000 ALTER TABLE `vtiger_campaigncontrel` DISABLE KEYS */;
/*!40000 ALTER TABLE `vtiger_campaigncontrel` ENABLE KEYS */;
UNLOCK TABLES;

--
-- Table structure for table `vtiger_campaignleadrel`
--

DROP TABLE IF EXISTS `vtiger_campaignleadrel`;
/*!40101 SET @saved_cs_client     = @@character_set_client */;
/*!40101 SET character_set_client = utf8 */;
CREATE TABLE `vtiger_campaignleadrel` (
  `campaignid` int(19) NOT NULL DEFAULT 0,
  `leadid` int(19) NOT NULL DEFAULT 0,
  `campaignrelstatusid` int(19) NOT NULL DEFAULT 0,
  PRIMARY KEY (`campaignid`,`leadid`,`campaignrelstatusid`),
  KEY `campaignleadrel_leadid_campaignid_idx` (`leadid`,`campaignid`),
  CONSTRAINT `fk_2_vtiger_campaignleadrel` FOREIGN KEY (`leadid`) REFERENCES `vtiger_leaddetails` (`leadid`) ON DELETE CASCADE
) ENGINE=InnoDB DEFAULT CHARSET=utf8;
/*!40101 SET character_set_client = @saved_cs_client */;

--
-- Dumping data for table `vtiger_campaignleadrel`
--

LOCK TABLES `vtiger_campaignleadrel` WRITE;
/*!40000 ALTER TABLE `vtiger_campaignleadrel` DISABLE KEYS */;
/*!40000 ALTER TABLE `vtiger_campaignleadrel` ENABLE KEYS */;
UNLOCK TABLES;

--
-- Table structure for table `vtiger_campaignrelstatus`
--

DROP TABLE IF EXISTS `vtiger_campaignrelstatus`;
/*!40101 SET @saved_cs_client     = @@character_set_client */;
/*!40101 SET character_set_client = utf8 */;
CREATE TABLE `vtiger_campaignrelstatus` (
  `campaignrelstatusid` int(19) DEFAULT NULL,
  `campaignrelstatus` varchar(256) DEFAULT NULL,
  `sortorderid` int(19) DEFAULT NULL,
  `presence` int(19) DEFAULT NULL,
  `color` varchar(10) DEFAULT NULL
) ENGINE=InnoDB DEFAULT CHARSET=utf8;
/*!40101 SET character_set_client = @saved_cs_client */;

--
-- Dumping data for table `vtiger_campaignrelstatus`
--

LOCK TABLES `vtiger_campaignrelstatus` WRITE;
/*!40000 ALTER TABLE `vtiger_campaignrelstatus` DISABLE KEYS */;
INSERT INTO `vtiger_campaignrelstatus` VALUES (2,'Contacted - Successful',1,1,NULL),(3,'Contacted - Unsuccessful',2,1,NULL),(4,'Contacted - Never Contact Again',3,1,NULL);
/*!40000 ALTER TABLE `vtiger_campaignrelstatus` ENABLE KEYS */;
UNLOCK TABLES;

--
-- Table structure for table `vtiger_campaignrelstatus_seq`
--

DROP TABLE IF EXISTS `vtiger_campaignrelstatus_seq`;
/*!40101 SET @saved_cs_client     = @@character_set_client */;
/*!40101 SET character_set_client = utf8 */;
CREATE TABLE `vtiger_campaignrelstatus_seq` (
  `id` int(11) NOT NULL
) ENGINE=InnoDB DEFAULT CHARSET=utf8;
/*!40101 SET character_set_client = @saved_cs_client */;

--
-- Dumping data for table `vtiger_campaignrelstatus_seq`
--

LOCK TABLES `vtiger_campaignrelstatus_seq` WRITE;
/*!40000 ALTER TABLE `vtiger_campaignrelstatus_seq` DISABLE KEYS */;
INSERT INTO `vtiger_campaignrelstatus_seq` VALUES (4);
/*!40000 ALTER TABLE `vtiger_campaignrelstatus_seq` ENABLE KEYS */;
UNLOCK TABLES;

--
-- Table structure for table `vtiger_campaignscf`
--

DROP TABLE IF EXISTS `vtiger_campaignscf`;
/*!40101 SET @saved_cs_client     = @@character_set_client */;
/*!40101 SET character_set_client = utf8 */;
CREATE TABLE `vtiger_campaignscf` (
  `campaignid` int(19) NOT NULL DEFAULT 0,
  PRIMARY KEY (`campaignid`),
  CONSTRAINT `fk_1_vtiger_campaignscf` FOREIGN KEY (`campaignid`) REFERENCES `vtiger_campaign` (`campaignid`) ON DELETE CASCADE
) ENGINE=InnoDB DEFAULT CHARSET=utf8;
/*!40101 SET character_set_client = @saved_cs_client */;

--
-- Dumping data for table `vtiger_campaignscf`
--

LOCK TABLES `vtiger_campaignscf` WRITE;
/*!40000 ALTER TABLE `vtiger_campaignscf` DISABLE KEYS */;
/*!40000 ALTER TABLE `vtiger_campaignscf` ENABLE KEYS */;
UNLOCK TABLES;

--
-- Table structure for table `vtiger_campaignstatus`
--

DROP TABLE IF EXISTS `vtiger_campaignstatus`;
/*!40101 SET @saved_cs_client     = @@character_set_client */;
/*!40101 SET character_set_client = utf8 */;
CREATE TABLE `vtiger_campaignstatus` (
  `campaignstatusid` int(19) NOT NULL AUTO_INCREMENT,
  `campaignstatus` varchar(200) NOT NULL,
  `presence` int(1) NOT NULL DEFAULT 1,
  `picklist_valueid` int(19) NOT NULL DEFAULT 0,
  `sortorderid` int(11) DEFAULT NULL,
  `color` varchar(10) DEFAULT NULL,
  PRIMARY KEY (`campaignstatusid`),
  KEY `campaignstatus_campaignstatus_idx` (`campaignstatus`)
) ENGINE=InnoDB AUTO_INCREMENT=7 DEFAULT CHARSET=utf8;
/*!40101 SET character_set_client = @saved_cs_client */;

--
-- Dumping data for table `vtiger_campaignstatus`
--

LOCK TABLES `vtiger_campaignstatus` WRITE;
/*!40000 ALTER TABLE `vtiger_campaignstatus` DISABLE KEYS */;
INSERT INTO `vtiger_campaignstatus` VALUES (2,'Planning',1,15,1,NULL),(3,'Active',1,16,2,NULL),(4,'Inactive',1,17,3,NULL),(5,'Completed',1,18,4,NULL),(6,'Cancelled',1,19,5,NULL);
/*!40000 ALTER TABLE `vtiger_campaignstatus` ENABLE KEYS */;
UNLOCK TABLES;

--
-- Table structure for table `vtiger_campaignstatus_seq`
--

DROP TABLE IF EXISTS `vtiger_campaignstatus_seq`;
/*!40101 SET @saved_cs_client     = @@character_set_client */;
/*!40101 SET character_set_client = utf8 */;
CREATE TABLE `vtiger_campaignstatus_seq` (
  `id` int(11) NOT NULL
) ENGINE=InnoDB DEFAULT CHARSET=utf8;
/*!40101 SET character_set_client = @saved_cs_client */;

--
-- Dumping data for table `vtiger_campaignstatus_seq`
--

LOCK TABLES `vtiger_campaignstatus_seq` WRITE;
/*!40000 ALTER TABLE `vtiger_campaignstatus_seq` DISABLE KEYS */;
INSERT INTO `vtiger_campaignstatus_seq` VALUES (6);
/*!40000 ALTER TABLE `vtiger_campaignstatus_seq` ENABLE KEYS */;
UNLOCK TABLES;

--
-- Table structure for table `vtiger_campaigntype`
--

DROP TABLE IF EXISTS `vtiger_campaigntype`;
/*!40101 SET @saved_cs_client     = @@character_set_client */;
/*!40101 SET character_set_client = utf8 */;
CREATE TABLE `vtiger_campaigntype` (
  `campaigntypeid` int(19) NOT NULL AUTO_INCREMENT,
  `campaigntype` varchar(200) NOT NULL,
  `presence` int(1) NOT NULL DEFAULT 1,
  `picklist_valueid` int(19) NOT NULL DEFAULT 0,
  `sortorderid` int(11) DEFAULT NULL,
  `color` varchar(10) DEFAULT NULL,
  PRIMARY KEY (`campaigntypeid`),
  UNIQUE KEY `campaigntype_campaigntype_idx` (`campaigntype`)
) ENGINE=InnoDB AUTO_INCREMENT=14 DEFAULT CHARSET=utf8;
/*!40101 SET character_set_client = @saved_cs_client */;

--
-- Dumping data for table `vtiger_campaigntype`
--

LOCK TABLES `vtiger_campaigntype` WRITE;
/*!40000 ALTER TABLE `vtiger_campaigntype` DISABLE KEYS */;
INSERT INTO `vtiger_campaigntype` VALUES (2,'Conference',1,21,1,NULL),(3,'Webinar',1,22,2,NULL),(4,'Trade Show',1,23,3,NULL),(5,'Public Relations',1,24,4,NULL),(6,'Partners',1,25,5,NULL),(7,'Referral Program',1,26,6,NULL),(8,'Advertisement',1,27,7,NULL),(9,'Banner Ads',1,28,8,NULL),(10,'Direct Mail',1,29,9,NULL),(11,'Email',1,30,10,NULL),(12,'Telemarketing',1,31,11,NULL),(13,'Others',1,32,12,NULL);
/*!40000 ALTER TABLE `vtiger_campaigntype` ENABLE KEYS */;
UNLOCK TABLES;

--
-- Table structure for table `vtiger_campaigntype_seq`
--

DROP TABLE IF EXISTS `vtiger_campaigntype_seq`;
/*!40101 SET @saved_cs_client     = @@character_set_client */;
/*!40101 SET character_set_client = utf8 */;
CREATE TABLE `vtiger_campaigntype_seq` (
  `id` int(11) NOT NULL
) ENGINE=InnoDB DEFAULT CHARSET=utf8;
/*!40101 SET character_set_client = @saved_cs_client */;

--
-- Dumping data for table `vtiger_campaigntype_seq`
--

LOCK TABLES `vtiger_campaigntype_seq` WRITE;
/*!40000 ALTER TABLE `vtiger_campaigntype_seq` DISABLE KEYS */;
INSERT INTO `vtiger_campaigntype_seq` VALUES (13);
/*!40000 ALTER TABLE `vtiger_campaigntype_seq` ENABLE KEYS */;
UNLOCK TABLES;

--
-- Table structure for table `vtiger_carrier`
--

DROP TABLE IF EXISTS `vtiger_carrier`;
/*!40101 SET @saved_cs_client     = @@character_set_client */;
/*!40101 SET character_set_client = utf8 */;
CREATE TABLE `vtiger_carrier` (
  `carrierid` int(19) NOT NULL AUTO_INCREMENT,
  `carrier` varchar(200) NOT NULL,
  `presence` int(1) NOT NULL DEFAULT 1,
  `picklist_valueid` int(19) NOT NULL DEFAULT 0,
  `sortorderid` int(11) DEFAULT NULL,
  `color` varchar(10) DEFAULT NULL,
  PRIMARY KEY (`carrierid`),
  UNIQUE KEY `carrier_carrier_idx` (`carrier`)
) ENGINE=InnoDB AUTO_INCREMENT=6 DEFAULT CHARSET=utf8;
/*!40101 SET character_set_client = @saved_cs_client */;

--
-- Dumping data for table `vtiger_carrier`
--

LOCK TABLES `vtiger_carrier` WRITE;
/*!40000 ALTER TABLE `vtiger_carrier` DISABLE KEYS */;
INSERT INTO `vtiger_carrier` VALUES (1,'FedEx',1,33,0,NULL),(2,'UPS',1,34,1,NULL),(3,'USPS',1,35,2,NULL),(4,'DHL',1,36,3,NULL),(5,'BlueDart',1,37,4,NULL);
/*!40000 ALTER TABLE `vtiger_carrier` ENABLE KEYS */;
UNLOCK TABLES;

--
-- Table structure for table `vtiger_carrier_seq`
--

DROP TABLE IF EXISTS `vtiger_carrier_seq`;
/*!40101 SET @saved_cs_client     = @@character_set_client */;
/*!40101 SET character_set_client = utf8 */;
CREATE TABLE `vtiger_carrier_seq` (
  `id` int(11) NOT NULL
) ENGINE=InnoDB DEFAULT CHARSET=utf8;
/*!40101 SET character_set_client = @saved_cs_client */;

--
-- Dumping data for table `vtiger_carrier_seq`
--

LOCK TABLES `vtiger_carrier_seq` WRITE;
/*!40000 ALTER TABLE `vtiger_carrier_seq` DISABLE KEYS */;
INSERT INTO `vtiger_carrier_seq` VALUES (5);
/*!40000 ALTER TABLE `vtiger_carrier_seq` ENABLE KEYS */;
UNLOCK TABLES;

--
-- Table structure for table `vtiger_cf_852`
--

DROP TABLE IF EXISTS `vtiger_cf_852`;
/*!40101 SET @saved_cs_client     = @@character_set_client */;
/*!40101 SET character_set_client = utf8 */;
CREATE TABLE `vtiger_cf_852` (
  `cf_852id` int(11) NOT NULL AUTO_INCREMENT,
  `cf_852` varchar(200) NOT NULL,
  `presence` int(1) NOT NULL DEFAULT 1,
  `picklist_valueid` int(11) NOT NULL DEFAULT 0,
  `sortorderid` int(11) DEFAULT 0,
  `color` varchar(10) DEFAULT NULL,
  PRIMARY KEY (`cf_852id`)
) ENGINE=InnoDB AUTO_INCREMENT=19 DEFAULT CHARSET=utf8;
/*!40101 SET character_set_client = @saved_cs_client */;

--
-- Dumping data for table `vtiger_cf_852`
--

LOCK TABLES `vtiger_cf_852` WRITE;
/*!40000 ALTER TABLE `vtiger_cf_852` DISABLE KEYS */;
INSERT INTO `vtiger_cf_852` VALUES (9,'Acción 1',1,406,9,''),(10,'Acción 2',1,407,10,''),(11,'Acción 3',1,408,11,''),(12,'Acción 4',1,409,12,''),(13,'Acción 5',1,410,13,''),(14,'Acción 6',1,411,14,''),(15,'Acción 7',1,412,15,''),(16,'Acción 8',1,413,16,''),(17,'Acción 9',1,414,17,''),(18,'Acción 10',1,415,18,'');
/*!40000 ALTER TABLE `vtiger_cf_852` ENABLE KEYS */;
UNLOCK TABLES;

--
-- Table structure for table `vtiger_cf_852_seq`
--

DROP TABLE IF EXISTS `vtiger_cf_852_seq`;
/*!40101 SET @saved_cs_client     = @@character_set_client */;
/*!40101 SET character_set_client = utf8 */;
CREATE TABLE `vtiger_cf_852_seq` (
  `id` int(11) NOT NULL
) ENGINE=MyISAM DEFAULT CHARSET=utf8;
/*!40101 SET character_set_client = @saved_cs_client */;

--
-- Dumping data for table `vtiger_cf_852_seq`
--

LOCK TABLES `vtiger_cf_852_seq` WRITE;
/*!40000 ALTER TABLE `vtiger_cf_852_seq` DISABLE KEYS */;
INSERT INTO `vtiger_cf_852_seq` VALUES (18);
/*!40000 ALTER TABLE `vtiger_cf_852_seq` ENABLE KEYS */;
UNLOCK TABLES;

--
-- Table structure for table `vtiger_cf_854`
--

DROP TABLE IF EXISTS `vtiger_cf_854`;
/*!40101 SET @saved_cs_client     = @@character_set_client */;
/*!40101 SET character_set_client = utf8 */;
CREATE TABLE `vtiger_cf_854` (
  `cf_854id` int(11) NOT NULL AUTO_INCREMENT,
  `cf_854` varchar(200) NOT NULL,
  `sortorderid` int(11) DEFAULT NULL,
  `presence` int(11) NOT NULL DEFAULT 1,
  `color` varchar(10) DEFAULT NULL,
  PRIMARY KEY (`cf_854id`)
) ENGINE=InnoDB AUTO_INCREMENT=4 DEFAULT CHARSET=utf8;
/*!40101 SET character_set_client = @saved_cs_client */;

--
-- Dumping data for table `vtiger_cf_854`
--

LOCK TABLES `vtiger_cf_854` WRITE;
/*!40000 ALTER TABLE `vtiger_cf_854` DISABLE KEYS */;
INSERT INTO `vtiger_cf_854` VALUES (1,'Atender el caso',0,1,NULL),(2,'Respuesta a Cliente',1,1,NULL),(3,'Atencion Culminada',2,1,NULL);
/*!40000 ALTER TABLE `vtiger_cf_854` ENABLE KEYS */;
UNLOCK TABLES;

--
-- Table structure for table `vtiger_cf_854_seq`
--

DROP TABLE IF EXISTS `vtiger_cf_854_seq`;
/*!40101 SET @saved_cs_client     = @@character_set_client */;
/*!40101 SET character_set_client = utf8 */;
CREATE TABLE `vtiger_cf_854_seq` (
  `id` int(11) NOT NULL
) ENGINE=MyISAM DEFAULT CHARSET=utf8;
/*!40101 SET character_set_client = @saved_cs_client */;

--
-- Dumping data for table `vtiger_cf_854_seq`
--

LOCK TABLES `vtiger_cf_854_seq` WRITE;
/*!40000 ALTER TABLE `vtiger_cf_854_seq` DISABLE KEYS */;
INSERT INTO `vtiger_cf_854_seq` VALUES (3);
/*!40000 ALTER TABLE `vtiger_cf_854_seq` ENABLE KEYS */;
UNLOCK TABLES;

--
-- Table structure for table `vtiger_cf_870`
--

DROP TABLE IF EXISTS `vtiger_cf_870`;
/*!40101 SET @saved_cs_client     = @@character_set_client */;
/*!40101 SET character_set_client = utf8 */;
CREATE TABLE `vtiger_cf_870` (
  `cf_870id` int(11) NOT NULL AUTO_INCREMENT,
  `cf_870` varchar(200) NOT NULL,
  `presence` int(1) NOT NULL DEFAULT 1,
  `picklist_valueid` int(11) NOT NULL DEFAULT 0,
  `sortorderid` int(11) DEFAULT 0,
  `color` varchar(10) DEFAULT NULL,
  PRIMARY KEY (`cf_870id`)
) ENGINE=InnoDB AUTO_INCREMENT=4 DEFAULT CHARSET=utf8;
/*!40101 SET character_set_client = @saved_cs_client */;

--
-- Dumping data for table `vtiger_cf_870`
--

LOCK TABLES `vtiger_cf_870` WRITE;
/*!40000 ALTER TABLE `vtiger_cf_870` DISABLE KEYS */;
INSERT INTO `vtiger_cf_870` VALUES (1,'DNI',1,321,1,NULL),(2,'C.E.',1,322,2,NULL),(3,'PASAPORTE',1,323,3,NULL);
/*!40000 ALTER TABLE `vtiger_cf_870` ENABLE KEYS */;
UNLOCK TABLES;

--
-- Table structure for table `vtiger_cf_870_seq`
--

DROP TABLE IF EXISTS `vtiger_cf_870_seq`;
/*!40101 SET @saved_cs_client     = @@character_set_client */;
/*!40101 SET character_set_client = utf8 */;
CREATE TABLE `vtiger_cf_870_seq` (
  `id` int(11) NOT NULL
) ENGINE=InnoDB DEFAULT CHARSET=utf8;
/*!40101 SET character_set_client = @saved_cs_client */;

--
-- Dumping data for table `vtiger_cf_870_seq`
--

LOCK TABLES `vtiger_cf_870_seq` WRITE;
/*!40000 ALTER TABLE `vtiger_cf_870_seq` DISABLE KEYS */;
INSERT INTO `vtiger_cf_870_seq` VALUES (3);
/*!40000 ALTER TABLE `vtiger_cf_870_seq` ENABLE KEYS */;
UNLOCK TABLES;

--
-- Table structure for table `vtiger_cf_874`
--

DROP TABLE IF EXISTS `vtiger_cf_874`;
/*!40101 SET @saved_cs_client     = @@character_set_client */;
/*!40101 SET character_set_client = utf8 */;
CREATE TABLE `vtiger_cf_874` (
  `cf_874id` int(11) NOT NULL AUTO_INCREMENT,
  `cf_874` varchar(200) NOT NULL,
  `presence` int(1) NOT NULL DEFAULT 1,
  `picklist_valueid` int(11) NOT NULL DEFAULT 0,
  `sortorderid` int(11) DEFAULT 0,
  `color` varchar(10) DEFAULT NULL,
  PRIMARY KEY (`cf_874id`)
) ENGINE=InnoDB AUTO_INCREMENT=8 DEFAULT CHARSET=utf8;
/*!40101 SET character_set_client = @saved_cs_client */;

--
-- Dumping data for table `vtiger_cf_874`
--

LOCK TABLES `vtiger_cf_874` WRITE;
/*!40000 ALTER TABLE `vtiger_cf_874` DISABLE KEYS */;
INSERT INTO `vtiger_cf_874` VALUES (1,'1',1,329,1,NULL),(2,'2',1,330,2,NULL),(3,'3',1,331,3,NULL),(4,'4',1,332,4,NULL),(5,'5',1,333,5,NULL),(6,'6',1,334,6,NULL),(7,'Todos',1,335,7,NULL);
/*!40000 ALTER TABLE `vtiger_cf_874` ENABLE KEYS */;
UNLOCK TABLES;

--
-- Table structure for table `vtiger_cf_874_seq`
--

DROP TABLE IF EXISTS `vtiger_cf_874_seq`;
/*!40101 SET @saved_cs_client     = @@character_set_client */;
/*!40101 SET character_set_client = utf8 */;
CREATE TABLE `vtiger_cf_874_seq` (
  `id` int(11) NOT NULL
) ENGINE=InnoDB DEFAULT CHARSET=utf8;
/*!40101 SET character_set_client = @saved_cs_client */;

--
-- Dumping data for table `vtiger_cf_874_seq`
--

LOCK TABLES `vtiger_cf_874_seq` WRITE;
/*!40000 ALTER TABLE `vtiger_cf_874_seq` DISABLE KEYS */;
INSERT INTO `vtiger_cf_874_seq` VALUES (7);
/*!40000 ALTER TABLE `vtiger_cf_874_seq` ENABLE KEYS */;
UNLOCK TABLES;

--
-- Table structure for table `vtiger_cf_876`
--

DROP TABLE IF EXISTS `vtiger_cf_876`;
/*!40101 SET @saved_cs_client     = @@character_set_client */;
/*!40101 SET character_set_client = utf8 */;
CREATE TABLE `vtiger_cf_876` (
  `cf_876id` int(11) NOT NULL AUTO_INCREMENT,
  `cf_876` varchar(200) NOT NULL,
  `presence` int(1) NOT NULL DEFAULT 1,
  `picklist_valueid` int(11) NOT NULL DEFAULT 0,
  `sortorderid` int(11) DEFAULT 0,
  `color` varchar(10) DEFAULT NULL,
  PRIMARY KEY (`cf_876id`)
) ENGINE=InnoDB AUTO_INCREMENT=9 DEFAULT CHARSET=utf8;
/*!40101 SET character_set_client = @saved_cs_client */;

--
-- Dumping data for table `vtiger_cf_876`
--

LOCK TABLES `vtiger_cf_876` WRITE;
/*!40000 ALTER TABLE `vtiger_cf_876` DISABLE KEYS */;
INSERT INTO `vtiger_cf_876` VALUES (1,'1',1,336,1,NULL),(2,'2',1,337,2,NULL),(3,'3',1,338,3,NULL),(4,'4',1,339,4,NULL),(5,'5',1,340,5,NULL),(6,'6',1,341,6,NULL),(7,'7',1,342,7,NULL),(8,'Todos',1,343,8,NULL);
/*!40000 ALTER TABLE `vtiger_cf_876` ENABLE KEYS */;
UNLOCK TABLES;

--
-- Table structure for table `vtiger_cf_876_seq`
--

DROP TABLE IF EXISTS `vtiger_cf_876_seq`;
/*!40101 SET @saved_cs_client     = @@character_set_client */;
/*!40101 SET character_set_client = utf8 */;
CREATE TABLE `vtiger_cf_876_seq` (
  `id` int(11) NOT NULL
) ENGINE=InnoDB DEFAULT CHARSET=utf8;
/*!40101 SET character_set_client = @saved_cs_client */;

--
-- Dumping data for table `vtiger_cf_876_seq`
--

LOCK TABLES `vtiger_cf_876_seq` WRITE;
/*!40000 ALTER TABLE `vtiger_cf_876_seq` DISABLE KEYS */;
INSERT INTO `vtiger_cf_876_seq` VALUES (8);
/*!40000 ALTER TABLE `vtiger_cf_876_seq` ENABLE KEYS */;
UNLOCK TABLES;

--
-- Table structure for table `vtiger_cf_878`
--

DROP TABLE IF EXISTS `vtiger_cf_878`;
/*!40101 SET @saved_cs_client     = @@character_set_client */;
/*!40101 SET character_set_client = utf8 */;
CREATE TABLE `vtiger_cf_878` (
  `cf_878id` int(11) NOT NULL AUTO_INCREMENT,
  `cf_878` varchar(200) NOT NULL,
  `presence` int(1) NOT NULL DEFAULT 1,
  `picklist_valueid` int(11) NOT NULL DEFAULT 0,
  `sortorderid` int(11) DEFAULT 0,
  `color` varchar(10) DEFAULT NULL,
  PRIMARY KEY (`cf_878id`)
) ENGINE=InnoDB AUTO_INCREMENT=5 DEFAULT CHARSET=utf8;
/*!40101 SET character_set_client = @saved_cs_client */;

--
-- Dumping data for table `vtiger_cf_878`
--

LOCK TABLES `vtiger_cf_878` WRITE;
/*!40000 ALTER TABLE `vtiger_cf_878` DISABLE KEYS */;
INSERT INTO `vtiger_cf_878` VALUES (1,'Matemática',1,344,1,NULL),(2,'Comunicación',1,345,2,NULL),(3,'Ciencias Sociales',1,346,3,NULL),(4,'Todos',1,347,4,NULL);
/*!40000 ALTER TABLE `vtiger_cf_878` ENABLE KEYS */;
UNLOCK TABLES;

--
-- Table structure for table `vtiger_cf_878_seq`
--

DROP TABLE IF EXISTS `vtiger_cf_878_seq`;
/*!40101 SET @saved_cs_client     = @@character_set_client */;
/*!40101 SET character_set_client = utf8 */;
CREATE TABLE `vtiger_cf_878_seq` (
  `id` int(11) NOT NULL
) ENGINE=InnoDB DEFAULT CHARSET=utf8;
/*!40101 SET character_set_client = @saved_cs_client */;

--
-- Dumping data for table `vtiger_cf_878_seq`
--

LOCK TABLES `vtiger_cf_878_seq` WRITE;
/*!40000 ALTER TABLE `vtiger_cf_878_seq` DISABLE KEYS */;
INSERT INTO `vtiger_cf_878_seq` VALUES (4);
/*!40000 ALTER TABLE `vtiger_cf_878_seq` ENABLE KEYS */;
UNLOCK TABLES;

--
-- Table structure for table `vtiger_cf_900`
--

DROP TABLE IF EXISTS `vtiger_cf_900`;
/*!40101 SET @saved_cs_client     = @@character_set_client */;
/*!40101 SET character_set_client = utf8 */;
CREATE TABLE `vtiger_cf_900` (
  `cf_900id` int(11) NOT NULL AUTO_INCREMENT,
  `cf_900` varchar(200) NOT NULL,
  `presence` int(1) NOT NULL DEFAULT 1,
  `picklist_valueid` int(11) NOT NULL DEFAULT 0,
  `sortorderid` int(11) DEFAULT 0,
  `color` varchar(10) DEFAULT NULL,
  PRIMARY KEY (`cf_900id`)
) ENGINE=InnoDB AUTO_INCREMENT=7 DEFAULT CHARSET=utf8;
/*!40101 SET character_set_client = @saved_cs_client */;

--
-- Dumping data for table `vtiger_cf_900`
--

LOCK TABLES `vtiger_cf_900` WRITE;
/*!40000 ALTER TABLE `vtiger_cf_900` DISABLE KEYS */;
INSERT INTO `vtiger_cf_900` VALUES (1,'Académico',1,366,1,NULL),(2,'Psicológico',1,367,2,NULL),(3,'Legal',1,368,3,NULL),(4,'Administrativo',1,369,4,NULL),(5,'Otro',1,370,6,NULL),(6,'Servicios',1,376,5,'');
/*!40000 ALTER TABLE `vtiger_cf_900` ENABLE KEYS */;
UNLOCK TABLES;

--
-- Table structure for table `vtiger_cf_900_seq`
--

DROP TABLE IF EXISTS `vtiger_cf_900_seq`;
/*!40101 SET @saved_cs_client     = @@character_set_client */;
/*!40101 SET character_set_client = utf8 */;
CREATE TABLE `vtiger_cf_900_seq` (
  `id` int(11) NOT NULL
) ENGINE=InnoDB DEFAULT CHARSET=utf8;
/*!40101 SET character_set_client = @saved_cs_client */;

--
-- Dumping data for table `vtiger_cf_900_seq`
--

LOCK TABLES `vtiger_cf_900_seq` WRITE;
/*!40000 ALTER TABLE `vtiger_cf_900_seq` DISABLE KEYS */;
INSERT INTO `vtiger_cf_900_seq` VALUES (6);
/*!40000 ALTER TABLE `vtiger_cf_900_seq` ENABLE KEYS */;
UNLOCK TABLES;

--
-- Table structure for table `vtiger_cf_906`
--

DROP TABLE IF EXISTS `vtiger_cf_906`;
/*!40101 SET @saved_cs_client     = @@character_set_client */;
/*!40101 SET character_set_client = utf8 */;
CREATE TABLE `vtiger_cf_906` (
  `cf_906id` int(11) NOT NULL AUTO_INCREMENT,
  `cf_906` varchar(200) NOT NULL,
  `presence` int(1) NOT NULL DEFAULT 1,
  `picklist_valueid` int(11) NOT NULL DEFAULT 0,
  `sortorderid` int(11) DEFAULT 0,
  `color` varchar(10) DEFAULT NULL,
  PRIMARY KEY (`cf_906id`)
) ENGINE=InnoDB AUTO_INCREMENT=3 DEFAULT CHARSET=utf8;
/*!40101 SET character_set_client = @saved_cs_client */;

--
-- Dumping data for table `vtiger_cf_906`
--

LOCK TABLES `vtiger_cf_906` WRITE;
/*!40000 ALTER TABLE `vtiger_cf_906` DISABLE KEYS */;
INSERT INTO `vtiger_cf_906` VALUES (1,'SI',1,371,1,NULL),(2,'NO',1,372,2,NULL);
/*!40000 ALTER TABLE `vtiger_cf_906` ENABLE KEYS */;
UNLOCK TABLES;

--
-- Table structure for table `vtiger_cf_906_seq`
--

DROP TABLE IF EXISTS `vtiger_cf_906_seq`;
/*!40101 SET @saved_cs_client     = @@character_set_client */;
/*!40101 SET character_set_client = utf8 */;
CREATE TABLE `vtiger_cf_906_seq` (
  `id` int(11) NOT NULL
) ENGINE=InnoDB DEFAULT CHARSET=utf8;
/*!40101 SET character_set_client = @saved_cs_client */;

--
-- Dumping data for table `vtiger_cf_906_seq`
--

LOCK TABLES `vtiger_cf_906_seq` WRITE;
/*!40000 ALTER TABLE `vtiger_cf_906_seq` DISABLE KEYS */;
INSERT INTO `vtiger_cf_906_seq` VALUES (2);
/*!40000 ALTER TABLE `vtiger_cf_906_seq` ENABLE KEYS */;
UNLOCK TABLES;

--
-- Table structure for table `vtiger_cf_910`
--

DROP TABLE IF EXISTS `vtiger_cf_910`;
/*!40101 SET @saved_cs_client     = @@character_set_client */;
/*!40101 SET character_set_client = utf8 */;
CREATE TABLE `vtiger_cf_910` (
  `cf_910id` int(11) NOT NULL AUTO_INCREMENT,
  `cf_910` varchar(200) NOT NULL,
  `presence` int(1) NOT NULL DEFAULT 1,
  `picklist_valueid` int(11) NOT NULL DEFAULT 0,
  `sortorderid` int(11) DEFAULT 0,
  `color` varchar(10) DEFAULT NULL,
  PRIMARY KEY (`cf_910id`)
) ENGINE=InnoDB AUTO_INCREMENT=4 DEFAULT CHARSET=utf8;
/*!40101 SET character_set_client = @saved_cs_client */;

--
-- Dumping data for table `vtiger_cf_910`
--

LOCK TABLES `vtiger_cf_910` WRITE;
/*!40000 ALTER TABLE `vtiger_cf_910` DISABLE KEYS */;
INSERT INTO `vtiger_cf_910` VALUES (1,'DNI',1,373,1,NULL),(2,'C.E.',1,374,2,NULL),(3,'PASAPORTE',1,375,3,NULL);
/*!40000 ALTER TABLE `vtiger_cf_910` ENABLE KEYS */;
UNLOCK TABLES;

--
-- Table structure for table `vtiger_cf_910_seq`
--

DROP TABLE IF EXISTS `vtiger_cf_910_seq`;
/*!40101 SET @saved_cs_client     = @@character_set_client */;
/*!40101 SET character_set_client = utf8 */;
CREATE TABLE `vtiger_cf_910_seq` (
  `id` int(11) NOT NULL
) ENGINE=InnoDB DEFAULT CHARSET=utf8;
/*!40101 SET character_set_client = @saved_cs_client */;

--
-- Dumping data for table `vtiger_cf_910_seq`
--

LOCK TABLES `vtiger_cf_910_seq` WRITE;
/*!40000 ALTER TABLE `vtiger_cf_910_seq` DISABLE KEYS */;
INSERT INTO `vtiger_cf_910_seq` VALUES (3);
/*!40000 ALTER TABLE `vtiger_cf_910_seq` ENABLE KEYS */;
UNLOCK TABLES;

--
-- Table structure for table `vtiger_cntactivityrel`
--

DROP TABLE IF EXISTS `vtiger_cntactivityrel`;
/*!40101 SET @saved_cs_client     = @@character_set_client */;
/*!40101 SET character_set_client = utf8 */;
CREATE TABLE `vtiger_cntactivityrel` (
  `contactid` int(19) NOT NULL DEFAULT 0,
  `activityid` int(19) NOT NULL DEFAULT 0,
  PRIMARY KEY (`contactid`,`activityid`),
  KEY `cntactivityrel_contactid_idx` (`contactid`),
  KEY `cntactivityrel_activityid_idx` (`activityid`),
  CONSTRAINT `fk_2_vtiger_cntactivityrel` FOREIGN KEY (`contactid`) REFERENCES `vtiger_contactdetails` (`contactid`) ON DELETE CASCADE
) ENGINE=InnoDB DEFAULT CHARSET=utf8;
/*!40101 SET character_set_client = @saved_cs_client */;

--
-- Dumping data for table `vtiger_cntactivityrel`
--

LOCK TABLES `vtiger_cntactivityrel` WRITE;
/*!40000 ALTER TABLE `vtiger_cntactivityrel` DISABLE KEYS */;
/*!40000 ALTER TABLE `vtiger_cntactivityrel` ENABLE KEYS */;
UNLOCK TABLES;

--
-- Table structure for table `vtiger_contactaddress`
--

DROP TABLE IF EXISTS `vtiger_contactaddress`;
/*!40101 SET @saved_cs_client     = @@character_set_client */;
/*!40101 SET character_set_client = utf8 */;
CREATE TABLE `vtiger_contactaddress` (
  `contactaddressid` int(19) NOT NULL DEFAULT 0,
  `mailingcity` varchar(40) DEFAULT NULL,
  `mailingstreet` varchar(250) DEFAULT NULL,
  `mailingcountry` varchar(40) DEFAULT NULL,
  `othercountry` varchar(30) DEFAULT NULL,
  `mailingstate` varchar(30) DEFAULT NULL,
  `mailingpobox` varchar(30) DEFAULT NULL,
  `othercity` varchar(40) DEFAULT NULL,
  `otherstate` varchar(50) DEFAULT NULL,
  `mailingzip` varchar(30) DEFAULT NULL,
  `otherzip` varchar(30) DEFAULT NULL,
  `otherstreet` varchar(250) DEFAULT NULL,
  `otherpobox` varchar(30) DEFAULT NULL,
  PRIMARY KEY (`contactaddressid`),
  CONSTRAINT `fk_1_vtiger_contactaddress` FOREIGN KEY (`contactaddressid`) REFERENCES `vtiger_contactdetails` (`contactid`) ON DELETE CASCADE
) ENGINE=InnoDB DEFAULT CHARSET=utf8;
/*!40101 SET character_set_client = @saved_cs_client */;

--
-- Dumping data for table `vtiger_contactaddress`
--

LOCK TABLES `vtiger_contactaddress` WRITE;
/*!40000 ALTER TABLE `vtiger_contactaddress` DISABLE KEYS */;
INSERT INTO `vtiger_contactaddress` VALUES (2,NULL,NULL,NULL,NULL,NULL,NULL,'','',NULL,NULL,'',''),(31,NULL,NULL,NULL,NULL,NULL,NULL,'','',NULL,NULL,'',''),(47,NULL,NULL,NULL,NULL,NULL,NULL,'','',NULL,NULL,'',''),(50,NULL,NULL,NULL,NULL,NULL,NULL,'','',NULL,NULL,'','');
/*!40000 ALTER TABLE `vtiger_contactaddress` ENABLE KEYS */;
UNLOCK TABLES;

--
-- Table structure for table `vtiger_contactdetails`
--

DROP TABLE IF EXISTS `vtiger_contactdetails`;
/*!40101 SET @saved_cs_client     = @@character_set_client */;
/*!40101 SET character_set_client = utf8 */;
CREATE TABLE `vtiger_contactdetails` (
  `contactid` int(19) NOT NULL DEFAULT 0,
  `contact_no` varchar(100) NOT NULL,
  `accountid` int(19) DEFAULT NULL,
  `salutation` varchar(200) DEFAULT NULL,
  `firstname` varchar(40) DEFAULT NULL,
  `lastname` varchar(80) NOT NULL,
  `email` varchar(100) DEFAULT NULL,
  `phone` varchar(50) DEFAULT NULL,
  `mobile` varchar(50) DEFAULT NULL,
  `title` varchar(50) DEFAULT NULL,
  `department` varchar(30) DEFAULT NULL,
  `fax` varchar(50) DEFAULT NULL,
  `reportsto` varchar(30) DEFAULT NULL,
  `training` varchar(50) DEFAULT NULL,
  `usertype` varchar(50) DEFAULT NULL,
  `contacttype` varchar(50) DEFAULT NULL,
  `otheremail` varchar(100) DEFAULT NULL,
  `secondaryemail` varchar(100) DEFAULT NULL,
  `donotcall` varchar(3) DEFAULT NULL,
  `emailoptout` varchar(3) DEFAULT '0',
  `imagename` varchar(150) DEFAULT NULL,
  `reference` varchar(3) DEFAULT NULL,
  `notify_owner` varchar(3) DEFAULT '0',
  `isconvertedfromlead` varchar(3) DEFAULT '0',
  `tags` varchar(1) DEFAULT NULL,
  PRIMARY KEY (`contactid`),
  KEY `contactdetails_accountid_idx` (`accountid`),
  KEY `email_idx` (`email`),
  CONSTRAINT `fk_1_vtiger_contactdetails` FOREIGN KEY (`contactid`) REFERENCES `vtiger_crmentity` (`crmid`) ON DELETE CASCADE
) ENGINE=InnoDB DEFAULT CHARSET=utf8;
/*!40101 SET character_set_client = @saved_cs_client */;

--
-- Dumping data for table `vtiger_contactdetails`
--

LOCK TABLES `vtiger_contactdetails` WRITE;
/*!40000 ALTER TABLE `vtiger_contactdetails` DISABLE KEYS */;
INSERT INTO `vtiger_contactdetails` VALUES (2,'CON1',0,'','Juan','Perez','oscar@creantis.com',NULL,'999999999',NULL,NULL,NULL,'0',NULL,NULL,NULL,NULL,'','0','0',NULL,NULL,'0','0',''),(31,'ALM2',0,'','Luis Alberto','Ruiz','hs@gmail.com',NULL,'',NULL,NULL,NULL,'0',NULL,NULL,NULL,NULL,'','0','0',NULL,NULL,'0','0',''),(47,'ALM3',0,'','Diana','Zapata','',NULL,'',NULL,NULL,NULL,NULL,NULL,NULL,NULL,NULL,'','0','0',NULL,NULL,'0','0',''),(50,'ALM4',0,'','Jhon Daniel','Gonalez','',NULL,'',NULL,NULL,NULL,NULL,NULL,NULL,NULL,NULL,'','0','0',NULL,NULL,'0','0','');
/*!40000 ALTER TABLE `vtiger_contactdetails` ENABLE KEYS */;
UNLOCK TABLES;

--
-- Table structure for table `vtiger_contactscf`
--

DROP TABLE IF EXISTS `vtiger_contactscf`;
/*!40101 SET @saved_cs_client     = @@character_set_client */;
/*!40101 SET character_set_client = utf8 */;
CREATE TABLE `vtiger_contactscf` (
  `contactid` int(19) NOT NULL DEFAULT 0,
  `cf_872` varchar(30) DEFAULT '',
  `cf_908` varchar(100) DEFAULT '',
  `cf_910` varchar(255) DEFAULT '',
  `cf_912` varchar(20) DEFAULT '',
  PRIMARY KEY (`contactid`),
  CONSTRAINT `fk_1_vtiger_contactscf` FOREIGN KEY (`contactid`) REFERENCES `vtiger_contactdetails` (`contactid`) ON DELETE CASCADE
) ENGINE=InnoDB DEFAULT CHARSET=utf8;
/*!40101 SET character_set_client = @saved_cs_client */;

--
-- Dumping data for table `vtiger_contactscf`
--

LOCK TABLES `vtiger_contactscf` WRITE;
/*!40000 ALTER TABLE `vtiger_contactscf` DISABLE KEYS */;
INSERT INTO `vtiger_contactscf` VALUES (2,'2101140081','','',''),(31,'2101145895','','',''),(47,'21235645785','Morán','DNI','03256986'),(50,'2145582256','Rázuri','DNI','70353621');
/*!40000 ALTER TABLE `vtiger_contactscf` ENABLE KEYS */;
UNLOCK TABLES;

--
-- Table structure for table `vtiger_contactsubdetails`
--

DROP TABLE IF EXISTS `vtiger_contactsubdetails`;
/*!40101 SET @saved_cs_client     = @@character_set_client */;
/*!40101 SET character_set_client = utf8 */;
CREATE TABLE `vtiger_contactsubdetails` (
  `contactsubscriptionid` int(19) NOT NULL DEFAULT 0,
  `homephone` varchar(50) DEFAULT NULL,
  `otherphone` varchar(50) DEFAULT NULL,
  `assistant` varchar(30) DEFAULT NULL,
  `assistantphone` varchar(50) DEFAULT NULL,
  `birthday` date DEFAULT NULL,
  `laststayintouchrequest` int(30) DEFAULT 0,
  `laststayintouchsavedate` int(19) DEFAULT 0,
  `leadsource` varchar(200) DEFAULT NULL,
  PRIMARY KEY (`contactsubscriptionid`),
  CONSTRAINT `fk_1_vtiger_contactsubdetails` FOREIGN KEY (`contactsubscriptionid`) REFERENCES `vtiger_contactdetails` (`contactid`) ON DELETE CASCADE
) ENGINE=InnoDB DEFAULT CHARSET=utf8;
/*!40101 SET character_set_client = @saved_cs_client */;

--
-- Dumping data for table `vtiger_contactsubdetails`
--

LOCK TABLES `vtiger_contactsubdetails` WRITE;
/*!40000 ALTER TABLE `vtiger_contactsubdetails` DISABLE KEYS */;
INSERT INTO `vtiger_contactsubdetails` VALUES (2,'','',NULL,NULL,NULL,0,0,NULL),(31,'','',NULL,NULL,NULL,0,0,NULL),(47,'','',NULL,NULL,NULL,0,0,NULL),(50,'','',NULL,NULL,NULL,0,0,NULL);
/*!40000 ALTER TABLE `vtiger_contactsubdetails` ENABLE KEYS */;
UNLOCK TABLES;

--
-- Table structure for table `vtiger_contpotentialrel`
--

DROP TABLE IF EXISTS `vtiger_contpotentialrel`;
/*!40101 SET @saved_cs_client     = @@character_set_client */;
/*!40101 SET character_set_client = utf8 */;
CREATE TABLE `vtiger_contpotentialrel` (
  `contactid` int(19) NOT NULL DEFAULT 0,
  `potentialid` int(19) NOT NULL DEFAULT 0,
  PRIMARY KEY (`contactid`,`potentialid`),
  KEY `contpotentialrel_potentialid_idx` (`potentialid`),
  KEY `contpotentialrel_contactid_idx` (`contactid`),
  CONSTRAINT `fk_2_vtiger_contpotentialrel` FOREIGN KEY (`potentialid`) REFERENCES `vtiger_potential` (`potentialid`) ON DELETE CASCADE
) ENGINE=InnoDB DEFAULT CHARSET=utf8;
/*!40101 SET character_set_client = @saved_cs_client */;

--
-- Dumping data for table `vtiger_contpotentialrel`
--

LOCK TABLES `vtiger_contpotentialrel` WRITE;
/*!40000 ALTER TABLE `vtiger_contpotentialrel` DISABLE KEYS */;
/*!40000 ALTER TABLE `vtiger_contpotentialrel` ENABLE KEYS */;
UNLOCK TABLES;

--
-- Table structure for table `vtiger_contract_priority`
--

DROP TABLE IF EXISTS `vtiger_contract_priority`;
/*!40101 SET @saved_cs_client     = @@character_set_client */;
/*!40101 SET character_set_client = utf8 */;
CREATE TABLE `vtiger_contract_priority` (
  `contract_priorityid` int(11) NOT NULL AUTO_INCREMENT,
  `contract_priority` varchar(200) NOT NULL,
  `presence` int(1) NOT NULL DEFAULT 1,
  `picklist_valueid` int(11) NOT NULL DEFAULT 0,
  `sortorderid` int(11) DEFAULT 0,
  `color` varchar(10) DEFAULT NULL,
  PRIMARY KEY (`contract_priorityid`)
) ENGINE=InnoDB AUTO_INCREMENT=4 DEFAULT CHARSET=utf8;
/*!40101 SET character_set_client = @saved_cs_client */;

--
-- Dumping data for table `vtiger_contract_priority`
--

LOCK TABLES `vtiger_contract_priority` WRITE;
/*!40000 ALTER TABLE `vtiger_contract_priority` DISABLE KEYS */;
INSERT INTO `vtiger_contract_priority` VALUES (1,'Low',1,229,1,NULL),(2,'Normal',1,230,2,NULL),(3,'High',1,231,3,NULL);
/*!40000 ALTER TABLE `vtiger_contract_priority` ENABLE KEYS */;
UNLOCK TABLES;

--
-- Table structure for table `vtiger_contract_priority_seq`
--

DROP TABLE IF EXISTS `vtiger_contract_priority_seq`;
/*!40101 SET @saved_cs_client     = @@character_set_client */;
/*!40101 SET character_set_client = utf8 */;
CREATE TABLE `vtiger_contract_priority_seq` (
  `id` int(11) NOT NULL
) ENGINE=InnoDB DEFAULT CHARSET=utf8;
/*!40101 SET character_set_client = @saved_cs_client */;

--
-- Dumping data for table `vtiger_contract_priority_seq`
--

LOCK TABLES `vtiger_contract_priority_seq` WRITE;
/*!40000 ALTER TABLE `vtiger_contract_priority_seq` DISABLE KEYS */;
INSERT INTO `vtiger_contract_priority_seq` VALUES (3);
/*!40000 ALTER TABLE `vtiger_contract_priority_seq` ENABLE KEYS */;
UNLOCK TABLES;

--
-- Table structure for table `vtiger_contract_status`
--

DROP TABLE IF EXISTS `vtiger_contract_status`;
/*!40101 SET @saved_cs_client     = @@character_set_client */;
/*!40101 SET character_set_client = utf8 */;
CREATE TABLE `vtiger_contract_status` (
  `contract_statusid` int(11) NOT NULL AUTO_INCREMENT,
  `contract_status` varchar(200) NOT NULL,
  `presence` int(1) NOT NULL DEFAULT 1,
  `picklist_valueid` int(11) NOT NULL DEFAULT 0,
  `sortorderid` int(11) DEFAULT 0,
  `color` varchar(10) DEFAULT NULL,
  PRIMARY KEY (`contract_statusid`)
) ENGINE=InnoDB AUTO_INCREMENT=7 DEFAULT CHARSET=utf8;
/*!40101 SET character_set_client = @saved_cs_client */;

--
-- Dumping data for table `vtiger_contract_status`
--

LOCK TABLES `vtiger_contract_status` WRITE;
/*!40000 ALTER TABLE `vtiger_contract_status` DISABLE KEYS */;
INSERT INTO `vtiger_contract_status` VALUES (1,'Undefined',1,223,1,NULL),(2,'In Planning',1,224,2,NULL),(3,'In Progress',1,225,3,NULL),(4,'On Hold',1,226,4,NULL),(5,'Complete',0,227,5,NULL),(6,'Archived',1,228,6,NULL);
/*!40000 ALTER TABLE `vtiger_contract_status` ENABLE KEYS */;
UNLOCK TABLES;

--
-- Table structure for table `vtiger_contract_status_seq`
--

DROP TABLE IF EXISTS `vtiger_contract_status_seq`;
/*!40101 SET @saved_cs_client     = @@character_set_client */;
/*!40101 SET character_set_client = utf8 */;
CREATE TABLE `vtiger_contract_status_seq` (
  `id` int(11) NOT NULL
) ENGINE=InnoDB DEFAULT CHARSET=utf8;
/*!40101 SET character_set_client = @saved_cs_client */;

--
-- Dumping data for table `vtiger_contract_status_seq`
--

LOCK TABLES `vtiger_contract_status_seq` WRITE;
/*!40000 ALTER TABLE `vtiger_contract_status_seq` DISABLE KEYS */;
INSERT INTO `vtiger_contract_status_seq` VALUES (6);
/*!40000 ALTER TABLE `vtiger_contract_status_seq` ENABLE KEYS */;
UNLOCK TABLES;

--
-- Table structure for table `vtiger_contract_type`
--

DROP TABLE IF EXISTS `vtiger_contract_type`;
/*!40101 SET @saved_cs_client     = @@character_set_client */;
/*!40101 SET character_set_client = utf8 */;
CREATE TABLE `vtiger_contract_type` (
  `contract_typeid` int(11) NOT NULL AUTO_INCREMENT,
  `contract_type` varchar(200) NOT NULL,
  `presence` int(1) NOT NULL DEFAULT 1,
  `picklist_valueid` int(11) NOT NULL DEFAULT 0,
  `sortorderid` int(11) DEFAULT 0,
  `color` varchar(10) DEFAULT NULL,
  PRIMARY KEY (`contract_typeid`)
) ENGINE=InnoDB AUTO_INCREMENT=4 DEFAULT CHARSET=utf8;
/*!40101 SET character_set_client = @saved_cs_client */;

--
-- Dumping data for table `vtiger_contract_type`
--

LOCK TABLES `vtiger_contract_type` WRITE;
/*!40000 ALTER TABLE `vtiger_contract_type` DISABLE KEYS */;
INSERT INTO `vtiger_contract_type` VALUES (1,'Support',1,232,1,NULL),(2,'Services',1,233,2,NULL),(3,'Administrative',1,234,3,NULL);
/*!40000 ALTER TABLE `vtiger_contract_type` ENABLE KEYS */;
UNLOCK TABLES;

--
-- Table structure for table `vtiger_contract_type_seq`
--

DROP TABLE IF EXISTS `vtiger_contract_type_seq`;
/*!40101 SET @saved_cs_client     = @@character_set_client */;
/*!40101 SET character_set_client = utf8 */;
CREATE TABLE `vtiger_contract_type_seq` (
  `id` int(11) NOT NULL
) ENGINE=InnoDB DEFAULT CHARSET=utf8;
/*!40101 SET character_set_client = @saved_cs_client */;

--
-- Dumping data for table `vtiger_contract_type_seq`
--

LOCK TABLES `vtiger_contract_type_seq` WRITE;
/*!40000 ALTER TABLE `vtiger_contract_type_seq` DISABLE KEYS */;
INSERT INTO `vtiger_contract_type_seq` VALUES (3);
/*!40000 ALTER TABLE `vtiger_contract_type_seq` ENABLE KEYS */;
UNLOCK TABLES;

--
-- Table structure for table `vtiger_convertleadmapping`
--

DROP TABLE IF EXISTS `vtiger_convertleadmapping`;
/*!40101 SET @saved_cs_client     = @@character_set_client */;
/*!40101 SET character_set_client = utf8 */;
CREATE TABLE `vtiger_convertleadmapping` (
  `cfmid` int(19) NOT NULL AUTO_INCREMENT,
  `leadfid` int(19) NOT NULL,
  `accountfid` int(19) DEFAULT NULL,
  `contactfid` int(19) DEFAULT NULL,
  `potentialfid` int(19) DEFAULT NULL,
  `editable` int(19) DEFAULT 1,
  PRIMARY KEY (`cfmid`)
) ENGINE=InnoDB AUTO_INCREMENT=31 DEFAULT CHARSET=utf8;
/*!40101 SET character_set_client = @saved_cs_client */;

--
-- Dumping data for table `vtiger_convertleadmapping`
--

LOCK TABLES `vtiger_convertleadmapping` WRITE;
/*!40000 ALTER TABLE `vtiger_convertleadmapping` DISABLE KEYS */;
INSERT INTO `vtiger_convertleadmapping` VALUES (1,43,1,0,110,0),(2,49,14,0,0,1),(3,40,3,69,0,1),(4,44,5,77,0,1),(5,52,13,0,0,1),(6,46,9,80,0,0),(7,48,4,0,0,1),(8,61,26,98,0,1),(9,60,30,0,0,1),(10,62,32,104,0,1),(11,63,28,100,0,1),(12,59,24,96,0,1),(13,64,34,106,0,1),(14,61,27,0,0,1),(15,60,31,0,0,1),(16,62,33,0,0,1),(17,63,29,0,0,1),(18,59,25,0,0,1),(19,64,35,0,0,1),(20,65,36,109,125,1),(21,37,0,66,0,1),(22,38,0,67,0,0),(23,41,0,70,0,0),(24,42,0,71,0,1),(25,45,0,76,0,1),(26,55,0,83,0,1),(27,47,0,74,117,1),(28,50,0,0,0,1),(29,53,10,0,0,1),(30,51,17,0,0,1);
/*!40000 ALTER TABLE `vtiger_convertleadmapping` ENABLE KEYS */;
UNLOCK TABLES;

--
-- Table structure for table `vtiger_convertpotentialmapping`
--

DROP TABLE IF EXISTS `vtiger_convertpotentialmapping`;
/*!40101 SET @saved_cs_client     = @@character_set_client */;
/*!40101 SET character_set_client = utf8 */;
CREATE TABLE `vtiger_convertpotentialmapping` (
  `cfmid` int(19) NOT NULL AUTO_INCREMENT,
  `potentialfid` int(19) NOT NULL,
  `projectfid` int(19) DEFAULT NULL,
  `editable` int(11) DEFAULT 1,
  PRIMARY KEY (`cfmid`)
) ENGINE=InnoDB AUTO_INCREMENT=3 DEFAULT CHARSET=utf8;
/*!40101 SET character_set_client = @saved_cs_client */;

--
-- Dumping data for table `vtiger_convertpotentialmapping`
--

LOCK TABLES `vtiger_convertpotentialmapping` WRITE;
/*!40000 ALTER TABLE `vtiger_convertpotentialmapping` DISABLE KEYS */;
INSERT INTO `vtiger_convertpotentialmapping` VALUES (1,110,654,NULL),(2,125,670,NULL);
/*!40000 ALTER TABLE `vtiger_convertpotentialmapping` ENABLE KEYS */;
UNLOCK TABLES;

--
-- Table structure for table `vtiger_crmentity`
--

DROP TABLE IF EXISTS `vtiger_crmentity`;
/*!40101 SET @saved_cs_client     = @@character_set_client */;
/*!40101 SET character_set_client = utf8 */;
CREATE TABLE `vtiger_crmentity` (
  `crmid` int(19) NOT NULL,
  `smcreatorid` int(19) NOT NULL DEFAULT 0,
  `smownerid` int(19) NOT NULL DEFAULT 0,
  `modifiedby` int(19) NOT NULL DEFAULT 0,
  `setype` varchar(100) DEFAULT NULL,
  `description` mediumtext DEFAULT NULL,
  `createdtime` datetime NOT NULL,
  `modifiedtime` datetime NOT NULL,
  `viewedtime` datetime DEFAULT NULL,
  `status` varchar(50) DEFAULT NULL,
  `version` int(19) NOT NULL DEFAULT 0,
  `presence` int(1) DEFAULT 1,
  `deleted` int(1) NOT NULL DEFAULT 0,
  `smgroupid` int(19) DEFAULT NULL,
  `source` varchar(100) DEFAULT NULL,
  `label` varchar(255) DEFAULT NULL,
  PRIMARY KEY (`crmid`),
  KEY `crmentity_smcreatorid_idx` (`smcreatorid`),
  KEY `crmentity_modifiedby_idx` (`modifiedby`),
  KEY `crmentity_deleted_idx` (`deleted`),
  KEY `crm_ownerid_del_setype_idx` (`smownerid`,`deleted`,`setype`),
  KEY `vtiger_crmentity_labelidx` (`label`)
) ENGINE=InnoDB DEFAULT CHARSET=utf8;
/*!40101 SET character_set_client = @saved_cs_client */;

--
-- Dumping data for table `vtiger_crmentity`
--

LOCK TABLES `vtiger_crmentity` WRITE;
/*!40000 ALTER TABLE `vtiger_crmentity` DISABLE KEYS */;
INSERT INTO `vtiger_crmentity` VALUES (2,1,1,1,'Contacts',NULL,'2019-01-23 14:09:43','2019-02-20 16:23:14',NULL,NULL,0,1,0,0,'CRM','Juan Perez'),(3,1,1,1,'Emails','An Contact has been assigned to you on vtigerCRM<br>Details of Contact are :<br><br>Contact Id:<b>CON1</b><br>LastName:<b>Perez</b><br>FirstName:<b>Juan</b><br>Lead Source:<b></b><br>Department:<b></b><br>Description:<b></b><br><br><br>And <b>CustomerPortal Login Details</b> is sent to the EmailID :-oscar@creantis.com<br><br>Thank You<br>Admin<br><br>','2019-01-23 14:15:03','2019-01-23 14:15:03',NULL,NULL,0,1,0,0,'CRM','Regarding Contact Assignment'),(4,1,1,1,'HelpDesk','por favor corregir la nota de matematicas de mi hijo de octavo grado, Juancito Perez','2019-01-23 15:03:45','2019-03-01 11:00:02',NULL,NULL,0,1,0,0,'CRM','Error en la nota'),(5,1,1,1,'Emails','Ticket ID : 4<br>Ticket Title : Error en la nota<br><br>\n								Dear Administrator ,<br><br>\n								The Ticket is replied the details are :<br><br>\n								Ticket No : TT1<br>\n								Status : Abierta<br>\n								Category : Reclamo<br>\n								Severity : <br>\n								Priority : Normal<br><br>\n								Description : <br>por favor corregir la nota de matematicas de mi hijo de octavo grado, Juancito Perez<br><br>\n								Solution : <br>\n								<br><br>\n								Regards<br>Support Administrator<br><br>','2019-01-23 15:15:02','2019-01-23 15:15:02',NULL,NULL,0,1,0,0,'CRM','Ticket Number : TT1 Error en la nota'),(6,1,1,1,'Emails','Ticket ID : 4<br>Ticket Title : Error en la nota<br><br>\n								Dear Perez Juan,<br><br>\n								The Ticket is replied the details are :<br><br>\n								Ticket No : TT1<br>\n								Status : Abierta<br>\n								Category : Reclamo<br>\n								Severity : <br>\n								Priority : Normal<br><br>\n								Description : <br>por favor corregir la nota de matematicas de mi hijo de octavo grado, Juancito Perez<br><br>\n								Solution : <br><br>\n								The comments are : <br>\n								<br><br>\n								Regards<br>Support Administrator<br><br>','2019-01-23 15:15:03','2019-01-23 15:15:03',NULL,NULL,0,1,0,0,'CRM','TT1 [ Ticket Id : 4 ] Error en la nota'),(7,1,1,0,'Users Image','','2019-01-23 15:23:04','2019-01-23 15:23:04',NULL,NULL,0,1,0,NULL,NULL,NULL),(8,1,1,1,'HelpDesk','de su hij juancito de 9no grado, matematicas.','2019-01-25 16:34:06','2019-01-25 16:45:04',NULL,NULL,0,1,0,0,'CRM','Corregir nota'),(9,1,1,1,'Emails','Ticket ID : 8<br>Ticket Title : Corregir nota<br><br>\n								Dear Administrator ,<br><br>\n								The Ticket is replied the details are :<br><br>\n								Ticket No : TT2<br>\n								Status : Abierta<br>\n								Category : Reclamo<br>\n								Severity : <br>\n								Priority : Normal<br><br>\n								Description : <br>de su hij juancito de 9no grado, matematicas.<br><br>\n								Solution : <br>\n								<br><br>\n								Regards<br>Support Administrator<br><br>','2019-01-25 16:45:02','2019-01-25 16:45:02',NULL,NULL,0,1,0,0,'CRM','Ticket Number : TT2 Corregir nota'),(10,1,1,1,'Emails','Ticket ID : 8<br>Ticket Title : Corregir nota<br><br>\n								Dear Perez Juan,<br><br>\n								The Ticket is replied the details are :<br><br>\n								Ticket No : TT2<br>\n								Status : Abierta<br>\n								Category : Reclamo<br>\n								Severity : <br>\n								Priority : Normal<br><br>\n								Description : <br>de su hij juancito de 9no grado, matematicas.<br><br>\n								Solution : <br><br>\n								The comments are : <br>\n								<br><br>\n								Regards<br>Support Administrator<br><br>','2019-01-25 16:45:03','2019-01-25 16:45:03',NULL,NULL,0,1,0,0,'CRM','TT2 [ Ticket Id : 8 ] Corregir nota'),(11,1,1,1,'Emails','Ticket ID : 8<br>Ticket Title : Corregir nota<br><br>\n								Dear Perez Juan,<br><br>\n								The Ticket is replied the details are :<br><br>\n								Ticket No : TT2<br>\n								Status : Abierta<br>\n								Category : Reclamo<br>\n								Severity : <br>\n								Priority : Normal<br><br>\n								Description : <br>de su hij juancito de 9no grado, matematicas.<br><br>\n								Solution : <br>corregi la nota segun las indicadiones<br>\n								The comments are : <br>\n								<br><br>\n								Regards<br>Support Administrator<br><br>','2019-01-25 16:45:03','2019-01-25 16:45:03',NULL,NULL,0,1,0,0,'CRM','TT2 [ Ticket Id : 8 ] Corregir nota'),(12,1,1,1,'Emails','Ticket ID : 8<br>Ticket Title : Corregir nota<br><br>\n								Dear Administrator ,<br><br>\n								The Ticket is replied the details are :<br><br>\n								Ticket No : TT2<br>\n								Status : Abierta<br>\n								Category : Reclamo<br>\n								Severity : <br>\n								Priority : Normal<br><br>\n								Description : <br>de su hij juancito de 9no grado, matematicas.<br><br>\n								Solution : <br>corregi la nota segun las indicadiones\n								<br><br>\n								Regards<br>Support Administrator<br><br>','2019-01-25 16:45:03','2019-01-25 16:45:03',NULL,NULL,0,1,0,0,'CRM','Ticket Number : TT2 Corregir nota'),(13,1,1,1,'Emails','Ticket ID : 8<br>Ticket Title : Corregir nota<br><br>\n								Dear Perez Juan,<br><br>\n								The Ticket is replied the details are :<br><br>\n								Ticket No : TT2<br>\n								Status : Cerrada<br>\n								Category : Reclamo<br>\n								Severity : <br>\n								Priority : Normal<br><br>\n								Description : <br>de su hij juancito de 9no grado, matematicas.<br><br>\n								Solution : <br>corregi la nota segun las indicadiones<br>\n								The comments are : <br>\n								<br><br>\n								Regards<br>Support Administrator<br><br>','2019-01-25 16:45:04','2019-01-25 16:45:04',NULL,NULL,0,1,0,0,'CRM','TT2 [ Ticket Id : 8 ] Corregir nota'),(14,1,1,1,'Emails','Ticket ID : 8<br>Ticket Title : Corregir nota<br><br>\n								Dear Administrator ,<br><br>\n								The Ticket is replied the details are :<br><br>\n								Ticket No : TT2<br>\n								Status : Cerrada<br>\n								Category : Reclamo<br>\n								Severity : <br>\n								Priority : Normal<br><br>\n								Description : <br>de su hij juancito de 9no grado, matematicas.<br><br>\n								Solution : <br>corregi la nota segun las indicadiones\n								<br><br>\n								Regards<br>Support Administrator<br><br>','2019-01-25 16:45:04','2019-01-25 16:45:04',NULL,NULL,0,1,0,0,'CRM','Ticket Number : TT2 Corregir nota'),(15,1,1,1,'HelpDesk','pediro de 8vo grado, matematicas. la nota es 18','2019-01-25 16:45:22','2019-03-01 11:00:02',NULL,NULL,0,1,0,0,'CRM','correir nota'),(16,1,1,1,'HelpDesk','cuerpo del correo, mi juan de 8 vo','2019-01-25 17:04:02','2019-03-01 11:00:02',NULL,NULL,0,1,0,0,'CRM','asunto del correo'),(17,1,1,1,'Emails','Ticket ID : 15<br>Ticket Title : correir nota<br><br>\n								Dear Administrator ,<br><br>\n								The Ticket is replied the details are :<br><br>\n								Ticket No : TT3<br>\n								Status : Abierta<br>\n								Category : Reclamo<br>\n								Severity : <br>\n								Priority : Normal<br><br>\n								Description : <br>pediro de 8vo grado, matematicas. la nota es 18<br><br>\n								Solution : <br>\n								<br><br>\n								Regards<br>Support Administrator<br><br>','2019-01-25 17:15:03','2019-01-25 17:15:03',NULL,NULL,0,1,0,0,'CRM','Ticket Number : TT3 correir nota'),(18,1,1,1,'Emails','Ticket ID : 15<br>Ticket Title : correir nota<br><br>\n								Dear Perez Juan,<br><br>\n								The Ticket is replied the details are :<br><br>\n								Ticket No : TT3<br>\n								Status : Abierta<br>\n								Category : Reclamo<br>\n								Severity : <br>\n								Priority : Normal<br><br>\n								Description : <br>pediro de 8vo grado, matematicas. la nota es 18<br><br>\n								Solution : <br><br>\n								The comments are : <br>\n								<br><br>\n								Regards<br>Support Administrator<br><br>','2019-01-25 17:15:03','2019-01-25 17:15:03',NULL,NULL,0,1,0,0,'CRM','TT3 [ Ticket Id : 15 ] correir nota'),(19,1,1,1,'Emails','Ticket ID : 16<br>Ticket Title : asunto del correo<br><br>\n								Dear Administrator ,<br><br>\n								The Ticket is replied the details are :<br><br>\n								Ticket No : TT4<br>\n								Status : Abierta<br>\n								Category : <br>\n								Severity : <br>\n								Priority : Normal<br><br>\n								Description : <br>cuerpo del correo, mi juan de 8 vo<br><br>\n								Solution : <br>\n								<br><br>\n								Regards<br>Support Administrator<br><br>','2019-01-25 17:15:03','2019-01-25 17:15:03',NULL,NULL,0,1,0,0,'CRM','Ticket Number : TT4 asunto del correo'),(20,1,1,1,'Emails','Ticket ID : 16<br>Ticket Title : asunto del correo<br><br>\n								Dear Perez Juan,<br><br>\n								The Ticket is replied the details are :<br><br>\n								Ticket No : TT4<br>\n								Status : Abierta<br>\n								Category : <br>\n								Severity : <br>\n								Priority : Normal<br><br>\n								Description : <br>cuerpo del correo, mi juan de 8 vo<br><br>\n								Solution : <br><br>\n								The comments are : <br>\n								<br><br>\n								Regards<br>Support Administrator<br><br>','2019-01-25 17:15:04','2019-01-25 17:15:04',NULL,NULL,0,1,0,0,'CRM','TT4 [ Ticket Id : 16 ] asunto del correo'),(21,1,1,1,'Accounts','','2019-02-20 16:08:08','2019-02-25 17:02:06',NULL,NULL,0,1,0,0,'CRM','Pedro'),(22,1,1,1,'Apdalm',NULL,'2019-02-20 16:31:28','2019-02-21 17:04:11',NULL,NULL,0,1,0,0,'CRM','2101140081'),(23,1,1,1,'Products','','2019-02-21 17:24:53','2019-02-21 19:39:21',NULL,NULL,0,1,1,0,'CRM','NIVEL: Inicial - GRADO: 1 - SECC: 1 - CURSO: Matemática'),(24,1,1,1,'Products','','2019-02-21 17:28:30','2019-02-21 19:39:21',NULL,NULL,0,1,1,0,'CRM','123 - NIVEL: Inicial - GRADO: 1 - SECC: 1 - CURSO: Comunicación'),(25,1,5,1,'Products','','2019-02-21 17:33:10','2019-02-21 19:39:21',NULL,NULL,0,1,1,0,'CRM','[12125] - AÑO: 2019 - NIVEL: Secundaria - GRADO: 1 - SECC: 3 - CURSO: Comunicación'),(26,1,1,1,'Products','','2019-02-21 17:42:28','2019-02-21 17:42:28',NULL,NULL,0,1,0,0,'CRM','AÑO: 2019 - NIVEL: Primaria - GRADO: Todos - SECC: Todos - CURSO: Todos'),(27,1,1,1,'Products','','2019-02-21 17:48:39','2019-02-21 17:52:10',NULL,NULL,0,1,0,0,'CRM','AÑO: 2019 - NIVEL: Secundaria - GRADO: Todos - SECC: Todos - CURSO: Todos'),(28,1,1,1,'Almsecc',NULL,'2019-02-21 19:37:25','2019-02-21 19:37:25',NULL,NULL,0,1,0,0,'CRM','2101140081'),(29,1,6,1,'Products','','2019-02-21 19:48:34','2019-02-21 19:48:34',NULL,NULL,0,1,0,0,'CRM','[P22M2019] - AÑO: 2019 - NIVEL: Primaria - GRADO: 2 - SECC: 2 - CURSO: Matemática'),(30,1,7,1,'Products','','2019-02-21 19:49:11','2019-02-21 19:49:32',NULL,NULL,0,1,0,0,'CRM','[P21M2019] - AÑO: 2019 - NIVEL: Primaria - GRADO: 2 - SECC: 1 - CURSO: Matemática'),(31,1,1,1,'Contacts','','2019-02-22 16:54:32','2019-02-22 16:54:32',NULL,NULL,0,1,0,0,'CRM','Luis Alberto Ruiz'),(32,1,6,1,'HelpDesk','avance escolar','2019-02-22 17:41:31','2019-03-01 11:00:02',NULL,NULL,0,1,0,0,'CRM','Cita para revisar avance escolar'),(33,1,6,1,'Calendar','','2019-02-22 17:48:30','2019-02-25 18:28:02',NULL,NULL,0,1,1,0,'CRM','Disponible - Profesor 1 Primaria'),(34,1,6,1,'Calendar','','2019-02-22 17:49:00','2019-02-25 18:28:02',NULL,NULL,0,1,1,0,'CRM','Disponible - Profesor 1 Primaria'),(35,1,6,1,'Calendar','','2019-02-22 17:49:29','2019-02-25 18:28:02',NULL,NULL,0,1,1,0,'CRM','Tarea x'),(36,1,1,1,'Calendar','','2019-02-22 22:58:48','2019-02-22 22:59:13',NULL,NULL,0,1,1,0,'CRM','5w345'),(37,1,1,1,'Emails','<html>\r\n<head>\r\n	<title></title>\r\n</head>\r\n<body>TEST CENTOS</body>\r\n</html>\r\n','2019-02-25 17:02:47','2019-02-25 17:02:47',NULL,NULL,0,1,0,0,'CRM','TEST CENTOS'),(38,1,1,1,'Emails','<html>\r\n<head>\r\n	<title></title>\r\n</head>\r\n<body>TEST 2</body>\r\n</html>\r\n','2019-02-25 17:04:25','2019-02-25 17:04:25',NULL,NULL,0,1,0,0,'CRM','TEST 2'),(39,1,6,1,'Calendar','','2019-02-25 18:27:19','2019-02-25 19:39:31',NULL,NULL,0,1,0,0,'CRM','Consulta: Pedro'),(40,1,6,1,'HelpDesk','ppff','2019-02-25 18:35:07','2019-02-28 16:00:02',NULL,NULL,0,1,0,0,'CRM','Citación'),(41,1,1,1,'Emails','Primaria Profesor 1 ,<br/><b>Activity Notification Details:</b><br/>Subject             : Consulta: Pedro<br/>Start date and time : 2019-02-25 10:30 PM ((UTC) Coordinated Universal Time, Greenwich Mean Time)<br/>End date and time   : 2019-02-25 11:00 PM ((UTC) Coordinated Universal Time, Greenwich Mean Time) <br/>Status              : Planeado <br/>Priority            :  <br/>Related To          :     Citación  <br/>Contacts List       :  <br/>Location            :  <br/>Description         : <br><br>','2019-02-25 18:45:02','2019-02-25 18:45:02',NULL,NULL,0,1,0,0,'CRM','Event :  Consulta: Pedro'),(42,1,1,1,'Emails','Primaria Profesor 1 ,<br/><b>Activity Notification Details:</b><br/>Subject             : Consulta: Pedro<br/>Start date and time : 2019-02-25 10:30 PM ((UTC) Coordinated Universal Time, Greenwich Mean Time)<br/>End date and time   : 2019-02-25 11:00 PM ((UTC) Coordinated Universal Time, Greenwich Mean Time) <br/>Status              : Planeado <br/>Priority            :  <br/>Related To          :     Citación  <br/>Contacts List       :  <br/>Location            :  <br/>Description         : <br><br>','2019-02-25 18:45:05','2019-02-25 18:45:05',NULL,NULL,0,1,0,0,'CRM','Event :  Consulta: Pedro'),(43,1,1,1,'Emails','Primaria Profesor 1 ,<br/><b>Activity Notification Details:</b><br/>Subject             : Consulta: Pedro<br/>Start date and time : 2019-02-25 9:40 PM ((UTC) Coordinated Universal Time, Greenwich Mean Time)<br/>End date and time   : 2019-02-25 10:10 PM ((UTC) Coordinated Universal Time, Greenwich Mean Time) <br/>Status              : Planeado <br/>Priority            :  <br/>Related To          :     Citación  <br/>Contacts List       :  <br/>Location            :  <br/>Description         : <br><br>','2019-02-25 19:39:30','2019-02-25 19:39:30',NULL,NULL,0,1,0,0,'CRM','Event :  Consulta: Pedro'),(44,1,6,1,'Calendar','','2019-02-25 20:07:12','2019-02-25 20:10:02',NULL,NULL,0,1,0,0,'CRM',': Pedro'),(45,1,6,1,'HelpDesk','','2019-02-25 20:08:04','2019-02-28 16:00:02',NULL,NULL,0,1,0,0,'CRM','TEsT 2'),(46,1,1,1,'Emails','Primaria Profesor 1 ,<br/><b>Activity Notification Details:</b><br/>Subject             : : Pedro<br/>Start date and time : 2019-02-25 10:10 PM ((UTC) Coordinated Universal Time, Greenwich Mean Time)<br/>End date and time   : 2019-02-25 10:40 PM ((UTC) Coordinated Universal Time, Greenwich Mean Time) <br/>Status              : Planeado <br/>Priority            :  <br/>Related To          :     TEsT 2  <br/>Contacts List       :  <br/>Location            :  <br/>Description         : <br><br>','2019-02-25 20:10:02','2019-02-25 20:10:02',NULL,NULL,0,1,0,0,'CRM','Event :  : Pedro'),(47,1,1,1,'Contacts',NULL,'2019-02-27 14:42:17','2019-02-27 14:42:17',NULL,NULL,0,1,0,0,'CRM',NULL),(48,1,1,1,'Apdalm',NULL,'2019-02-27 14:44:11','2019-02-27 15:09:46',NULL,NULL,0,1,0,0,'CRM','21235645785'),(49,1,1,1,'Accounts','','2019-02-27 15:20:25','2019-02-27 15:20:25',NULL,NULL,0,1,0,0,'CRM','Sebastián Gonzales Suáres'),(50,1,1,1,'Contacts',NULL,'2019-02-27 15:21:31','2019-02-27 20:26:23',NULL,NULL,0,1,0,0,'CRM','Jhon Daniel Gonalez Rázuri'),(51,1,1,1,'Apdalm',NULL,'2019-02-27 15:22:00','2019-02-27 15:22:00',NULL,NULL,0,1,0,0,'CRM','2145582256'),(52,1,1,1,'Accounts','','2019-02-27 15:22:42','2019-02-27 15:22:42',NULL,NULL,0,1,0,0,'CRM','Carolina Rázuri Farfán'),(53,1,1,1,'Apdalm',NULL,'2019-02-27 15:23:23','2019-02-27 15:23:23',NULL,NULL,0,1,0,0,'CRM','2145582256'),(54,1,6,1,'HelpDesk','','2019-02-28 15:49:53','2019-03-01 11:00:02',NULL,NULL,0,1,0,0,'CRM','test'),(55,1,1,1,'Temas',NULL,'2019-03-01 15:36:16','2019-03-01 16:25:36',NULL,NULL,0,1,1,0,'CRM','Legal Sacar cita'),(56,1,1,1,'Temas',NULL,'2019-03-01 15:38:22','2019-03-01 16:25:36',NULL,NULL,0,1,1,0,'CRM','Académico Consulta'),(57,1,1,1,'Acciones',NULL,'2019-03-01 15:49:35','2019-03-01 16:26:57',NULL,NULL,0,1,1,0,'CRM','Jefatura de Inicial'),(58,1,1,1,'Acciones',NULL,'2019-03-01 15:59:09','2019-03-01 16:26:57',NULL,NULL,0,1,1,0,'CRM','Jefatura de Inicial'),(59,1,1,1,'Temas',NULL,'2019-03-01 16:27:16','2019-03-01 20:23:29',NULL,NULL,0,1,1,0,'CRM','Académico - Sugerencia'),(60,1,1,1,'Acciones',NULL,'2019-03-01 16:27:43','2019-03-01 20:23:23',NULL,NULL,0,1,1,0,'CRM','Jefatura de Inicial'),(61,1,1,1,'Temas',NULL,'2019-03-01 21:01:08','2019-03-01 21:31:18',NULL,NULL,0,1,0,0,'CRM','Académico - Subtema 1'),(62,1,1,1,'Acciones',NULL,'2019-03-01 21:14:09','2019-03-01 21:14:09',NULL,NULL,0,1,0,0,'CRM','Acción 1'),(63,1,1,1,'Acciones',NULL,'2019-03-01 21:26:26','2019-03-01 21:26:26',NULL,NULL,0,1,0,0,'CRM','Acción 2'),(64,1,1,1,'Acciones',NULL,'2019-03-01 21:31:18','2019-03-01 21:31:18',NULL,NULL,0,1,0,0,'CRM','Acción 3'),(65,1,1,1,'Temas',NULL,'2019-03-01 21:33:36','2019-03-01 23:45:49',NULL,NULL,0,1,0,0,'CRM','Académico - Subtema 2'),(66,1,1,1,'Acciones',NULL,'2019-03-01 21:33:52','2019-03-01 21:33:52',NULL,NULL,0,1,0,0,'CRM','Acción 3'),(67,1,1,1,'Acciones',NULL,'2019-03-01 21:34:01','2019-03-01 21:34:01',NULL,NULL,0,1,0,0,'CRM','Acción 4'),(68,1,1,1,'Acciones',NULL,'2019-03-01 21:34:11','2019-03-01 21:34:11',NULL,NULL,0,1,0,0,'CRM','Acción 5'),(69,1,1,1,'Temas',NULL,'2019-03-01 22:42:26','2019-03-01 22:42:26',NULL,NULL,0,1,0,0,'CRM','Legal - Subtema 1'),(70,1,1,1,'Acciones',NULL,'2019-03-01 23:45:48','2019-03-01 23:57:26',NULL,NULL,0,1,0,0,'CRM','Acción 6'),(71,1,6,1,'HelpDesk','test','2019-03-02 00:12:16','2019-03-02 00:12:16',NULL,NULL,0,1,0,0,'CRM','test 1');
/*!40000 ALTER TABLE `vtiger_crmentity` ENABLE KEYS */;
UNLOCK TABLES;

--
-- Table structure for table `vtiger_crmentity_seq`
--

DROP TABLE IF EXISTS `vtiger_crmentity_seq`;
/*!40101 SET @saved_cs_client     = @@character_set_client */;
/*!40101 SET character_set_client = utf8 */;
CREATE TABLE `vtiger_crmentity_seq` (
  `id` int(11) NOT NULL
) ENGINE=InnoDB DEFAULT CHARSET=utf8;
/*!40101 SET character_set_client = @saved_cs_client */;

--
-- Dumping data for table `vtiger_crmentity_seq`
--

LOCK TABLES `vtiger_crmentity_seq` WRITE;
/*!40000 ALTER TABLE `vtiger_crmentity_seq` DISABLE KEYS */;
INSERT INTO `vtiger_crmentity_seq` VALUES (71);
/*!40000 ALTER TABLE `vtiger_crmentity_seq` ENABLE KEYS */;
UNLOCK TABLES;

--
-- Table structure for table `vtiger_crmentity_user_field`
--

DROP TABLE IF EXISTS `vtiger_crmentity_user_field`;
/*!40101 SET @saved_cs_client     = @@character_set_client */;
/*!40101 SET character_set_client = utf8 */;
CREATE TABLE `vtiger_crmentity_user_field` (
  `recordid` int(19) NOT NULL,
  `userid` int(19) NOT NULL,
  `starred` varchar(100) DEFAULT NULL,
  KEY `record_user_idx` (`recordid`,`userid`)
) ENGINE=InnoDB DEFAULT CHARSET=utf8;
/*!40101 SET character_set_client = @saved_cs_client */;

--
-- Dumping data for table `vtiger_crmentity_user_field`
--

LOCK TABLES `vtiger_crmentity_user_field` WRITE;
/*!40000 ALTER TABLE `vtiger_crmentity_user_field` DISABLE KEYS */;
INSERT INTO `vtiger_crmentity_user_field` VALUES (2,1,'0'),(3,1,'0'),(4,1,'0'),(5,1,'0'),(6,1,'0'),(8,1,'0'),(9,1,'0'),(10,1,'0'),(11,1,'0'),(12,1,'0'),(13,1,'0'),(14,1,'0'),(15,1,'0'),(16,1,'0'),(17,1,'0'),(18,1,'0'),(19,1,'0'),(20,1,'0'),(21,1,'0'),(22,1,'0'),(23,1,'0'),(24,1,'0'),(25,1,'0'),(26,1,'0'),(27,1,'0'),(28,1,'0'),(29,1,'0'),(30,1,'0'),(31,1,'0'),(32,1,'0'),(33,1,'0'),(34,1,'0'),(35,1,'0'),(36,1,'0'),(37,1,'0'),(38,1,'0'),(39,1,'0'),(40,1,'0'),(41,1,'0'),(42,1,'0'),(43,1,'0'),(44,1,'0'),(45,1,'0'),(46,1,'0'),(47,1,'0'),(48,1,'0'),(49,1,'0'),(50,1,'0'),(51,1,'0'),(52,1,'0'),(53,1,'0'),(54,1,'0'),(55,1,'0'),(56,1,'0'),(57,1,'0'),(58,1,'0'),(59,1,'0'),(60,1,'0'),(61,1,'0'),(62,1,'0'),(63,1,'0'),(64,1,'0'),(65,1,'0'),(66,1,'0'),(67,1,'0'),(68,1,'0'),(69,1,'0'),(70,1,'0'),(71,1,'0');
/*!40000 ALTER TABLE `vtiger_crmentity_user_field` ENABLE KEYS */;
UNLOCK TABLES;

--
-- Table structure for table `vtiger_crmentityrel`
--

DROP TABLE IF EXISTS `vtiger_crmentityrel`;
/*!40101 SET @saved_cs_client     = @@character_set_client */;
/*!40101 SET character_set_client = utf8 */;
CREATE TABLE `vtiger_crmentityrel` (
  `crmid` int(11) NOT NULL,
  `module` varchar(100) NOT NULL,
  `relcrmid` int(11) NOT NULL,
  `relmodule` varchar(100) NOT NULL,
  KEY `crmid_idx` (`crmid`),
  KEY `relcrmid_idx` (`relcrmid`)
) ENGINE=InnoDB DEFAULT CHARSET=utf8;
/*!40101 SET character_set_client = @saved_cs_client */;

--
-- Dumping data for table `vtiger_crmentityrel`
--

LOCK TABLES `vtiger_crmentityrel` WRITE;
/*!40000 ALTER TABLE `vtiger_crmentityrel` DISABLE KEYS */;
INSERT INTO `vtiger_crmentityrel` VALUES (2,'Contacts',3,'Emails'),(4,'HelpDesk',5,'Emails'),(4,'HelpDesk',6,'Emails'),(2,'Contacts',8,'HelpDesk'),(8,'HelpDesk',9,'Emails'),(8,'HelpDesk',10,'Emails'),(8,'HelpDesk',11,'Emails'),(8,'HelpDesk',12,'Emails'),(8,'HelpDesk',13,'Emails'),(8,'HelpDesk',14,'Emails'),(15,'HelpDesk',17,'Emails'),(15,'HelpDesk',18,'Emails'),(16,'HelpDesk',19,'Emails'),(16,'HelpDesk',20,'Emails'),(22,'Apdalm',21,'Accounts'),(22,'Apdalm',2,'Contacts'),(28,'Almsecc',2,'Contacts'),(39,'Events',41,'Emails'),(39,'Events',42,'Emails'),(39,'Events',43,'Emails'),(44,'Events',46,'Emails'),(48,'Apdalm',21,'Accounts'),(48,'Apdalm',47,'Contacts'),(51,'Apdalm',49,'Accounts'),(51,'Apdalm',50,'Contacts'),(53,'Apdalm',52,'Accounts'),(53,'Apdalm',50,'Contacts'),(57,'Acciones',56,'Temas'),(60,'Acciones',59,'Temas'),(62,'Acciones',61,'Temas'),(61,'Temas',62,'Acciones'),(63,'Acciones',61,'Temas'),(61,'Temas',63,'Acciones'),(64,'Acciones',61,'Temas'),(61,'Temas',64,'Acciones'),(66,'Acciones',65,'Temas'),(65,'Temas',66,'Acciones'),(67,'Acciones',65,'Temas'),(65,'Temas',67,'Acciones'),(68,'Acciones',65,'Temas'),(65,'Temas',68,'Acciones'),(70,'Acciones',65,'Temas'),(65,'Temas',70,'Acciones');
/*!40000 ALTER TABLE `vtiger_crmentityrel` ENABLE KEYS */;
UNLOCK TABLES;

--
-- Table structure for table `vtiger_crmsetup`
--

DROP TABLE IF EXISTS `vtiger_crmsetup`;
/*!40101 SET @saved_cs_client     = @@character_set_client */;
/*!40101 SET character_set_client = utf8 */;
CREATE TABLE `vtiger_crmsetup` (
  `userid` int(11) DEFAULT NULL,
  `setup_status` int(2) DEFAULT NULL
) ENGINE=InnoDB DEFAULT CHARSET=utf8;
/*!40101 SET character_set_client = @saved_cs_client */;

--
-- Dumping data for table `vtiger_crmsetup`
--

LOCK TABLES `vtiger_crmsetup` WRITE;
/*!40000 ALTER TABLE `vtiger_crmsetup` DISABLE KEYS */;
INSERT INTO `vtiger_crmsetup` VALUES (1,1);
/*!40000 ALTER TABLE `vtiger_crmsetup` ENABLE KEYS */;
UNLOCK TABLES;

--
-- Table structure for table `vtiger_cron_task`
--

DROP TABLE IF EXISTS `vtiger_cron_task`;
/*!40101 SET @saved_cs_client     = @@character_set_client */;
/*!40101 SET character_set_client = utf8 */;
CREATE TABLE `vtiger_cron_task` (
  `id` int(11) NOT NULL AUTO_INCREMENT,
  `name` varchar(100) DEFAULT NULL,
  `handler_file` varchar(100) DEFAULT NULL,
  `frequency` int(11) DEFAULT NULL,
  `laststart` int(11) unsigned DEFAULT NULL,
  `lastend` int(11) unsigned DEFAULT NULL,
  `status` int(11) DEFAULT NULL,
  `module` varchar(100) DEFAULT NULL,
  `sequence` int(11) DEFAULT NULL,
  `description` text DEFAULT NULL,
  PRIMARY KEY (`id`),
  UNIQUE KEY `name` (`name`),
  UNIQUE KEY `handler_file` (`handler_file`)
) ENGINE=InnoDB AUTO_INCREMENT=8 DEFAULT CHARSET=utf8;
/*!40101 SET character_set_client = @saved_cs_client */;

--
-- Dumping data for table `vtiger_cron_task`
--

LOCK TABLES `vtiger_cron_task` WRITE;
/*!40000 ALTER TABLE `vtiger_cron_task` DISABLE KEYS */;
INSERT INTO `vtiger_cron_task` VALUES (1,'Workflow','cron/modules/com_vtiger_workflow/com_vtiger_workflow.service',300,1551485702,1551485702,1,'com_vtiger_workflow',1,'Recommended frequency for Workflow is 15 mins'),(2,'RecurringInvoice','cron/modules/SalesOrder/RecurringInvoice.service',43200,1551460502,1551460502,1,'SalesOrder',2,'Recommended frequency for RecurringInvoice is 12 hours'),(3,'SendReminder','cron/SendReminder.service',300,1551485702,1551485702,1,'Calendar',3,'Recommended frequency for SendReminder is 15 mins'),(5,'MailScanner','cron/MailScanner.service',300,1551485702,1551485702,1,'Settings',5,'Recommended frequency for MailScanner is 15 mins'),(6,'Scheduled Import','cron/modules/Import/ScheduledImport.service',300,NULL,NULL,0,'Import',6,'Recommended frequency for MailScanner is 15 mins'),(7,'ScheduleReports','cron/modules/Reports/ScheduleReports.service',300,1551485702,1551485702,1,'Reports',7,'Recommended frequency for ScheduleReports is 15 mins');
/*!40000 ALTER TABLE `vtiger_cron_task` ENABLE KEYS */;
UNLOCK TABLES;

--
-- Table structure for table `vtiger_currencies`
--

DROP TABLE IF EXISTS `vtiger_currencies`;
/*!40101 SET @saved_cs_client     = @@character_set_client */;
/*!40101 SET character_set_client = utf8 */;
CREATE TABLE `vtiger_currencies` (
  `currencyid` int(19) NOT NULL AUTO_INCREMENT,
  `currency_name` varchar(200) DEFAULT NULL,
  `currency_code` varchar(50) DEFAULT NULL,
  `currency_symbol` varchar(11) DEFAULT NULL,
  PRIMARY KEY (`currencyid`)
) ENGINE=InnoDB AUTO_INCREMENT=139 DEFAULT CHARSET=utf8;
/*!40101 SET character_set_client = @saved_cs_client */;

--
-- Dumping data for table `vtiger_currencies`
--

LOCK TABLES `vtiger_currencies` WRITE;
/*!40000 ALTER TABLE `vtiger_currencies` DISABLE KEYS */;
INSERT INTO `vtiger_currencies` VALUES (1,'Albania, Leke','ALL','Lek'),(2,'Argentina, Pesos','ARS','$'),(3,'Aruba, Guilders','AWG','ƒ'),(4,'Australia, Dollars','AUD','$'),(5,'Azerbaijan, New Manats','AZN','ман'),(6,'Bahamas, Dollars','BSD','$'),(7,'Bahrain, Dinar','BHD','BD'),(8,'Barbados, Dollars','BBD','$'),(9,'Belarus, Rubles','BYR','p.'),(10,'Belize, Dollars','BZD','BZ$'),(11,'Bermuda, Dollars','BMD','$'),(12,'Bolivia, Bolivianos','BOB','$b'),(13,'China, Yuan Renminbi','CNY','¥'),(14,'Convertible Marka','BAM','KM'),(15,'Botswana, Pulas','BWP','P'),(16,'Bulgaria, Leva','BGN','лв'),(17,'Brazil, Reais','BRL','R$'),(18,'Great Britain Pounds','GBP','£'),(19,'Brunei Darussalam, Dollars','BND','$'),(20,'Canada, Dollars','CAD','$'),(21,'Cayman Islands, Dollars','KYD','$'),(22,'Chile, Pesos','CLP','$'),(23,'Colombia, Pesos','COP','$'),(24,'Costa Rica, Colón','CRC','₡'),(25,'Croatia, Kuna','HRK','kn'),(26,'Cuba, Pesos','CUP','₱'),(27,'Czech Republic, Koruny','CZK','Kč'),(28,'Cyprus, Pounds','CYP','£'),(29,'Denmark, Kroner','DKK','kr'),(30,'Dominican Republic, Pesos','DOP','RD$'),(31,'East Caribbean, Dollars','XCD','$'),(32,'Egypt, Pounds','EGP','E£'),(33,'El Salvador, Colón','SVC','₡'),(34,'England, Pounds','GBP','£'),(35,'Estonia, Krooni','EEK','kr'),(36,'Euro','EUR','€'),(37,'Falkland Islands, Pounds','FKP','£'),(38,'Fiji, Dollars','FJD','$'),(39,'Ghana, Cedis','GHC','¢'),(40,'Gibraltar, Pounds','GIP','£'),(41,'Guatemala, Quetzales','GTQ','Q'),(42,'Guernsey, Pounds','GGP','£'),(43,'Guyana, Dollars','GYD','$'),(44,'Honduras, Lempiras','HNL','L'),(45,'Hong Kong, Dollars','HKD','HK$'),(46,'Hungary, Forint','HUF','Ft'),(47,'Iceland, Krona','ISK','kr'),(48,'India, Rupees','INR','₹'),(49,'Indonesia, Rupiahs','IDR','Rp'),(50,'Iran, Rials','IRR','﷼'),(51,'Isle of Man, Pounds','IMP','£'),(52,'Israel, New Shekels','ILS','₪'),(53,'Jamaica, Dollars','JMD','J$'),(54,'Japan, Yen','JPY','¥'),(55,'Jersey, Pounds','JEP','£'),(56,'Jordan, Dinar','JOD','JOD'),(57,'Kazakhstan, Tenge','KZT','〒'),(58,'Kenya, Shilling','KES','KES'),(59,'Korea (North), Won','KPW','₩'),(60,'Korea (South), Won','KRW','₩'),(61,'Kuwait, Dinar','KWD','KWD'),(62,'Kyrgyzstan, Soms','KGS','лв'),(63,'Laos, Kips','LAK','₭'),(64,'Latvia, Lati','LVL','Ls'),(65,'Lebanon, Pounds','LBP','£'),(66,'Liberia, Dollars','LRD','$'),(67,'Switzerland Francs','CHF','CHF'),(68,'Lithuania, Litai','LTL','Lt'),(69,'MADAGASCAR, Malagasy Ariary','MGA','MGA'),(70,'Macedonia, Denars','MKD','ден'),(71,'Malaysia, Ringgits','MYR','RM'),(72,'Malta, Liri','MTL','₤'),(73,'Mauritius, Rupees','MUR','₨'),(74,'Mexico, Pesos','MXN','$'),(75,'Mongolia, Tugriks','MNT','₮'),(76,'Mozambique, Meticais','MZN','MT'),(77,'Namibia, Dollars','NAD','$'),(78,'Nepal, Rupees','NPR','₨'),(79,'Netherlands Antilles, Guilders','ANG','ƒ'),(80,'New Zealand, Dollars','NZD','$'),(81,'Nicaragua, Cordobas','NIO','C$'),(82,'Nigeria, Nairas','NGN','₦'),(83,'North Korea, Won','KPW','₩'),(84,'Norway, Krone','NOK','kr'),(85,'Oman, Rials','OMR','﷼'),(86,'Pakistan, Rupees','PKR','₨'),(87,'Panama, Balboa','PAB','B/.'),(88,'Paraguay, Guarani','PYG','Gs'),(89,'Peru, Nuevos Soles','PEN','S/.'),(90,'Philippines, Pesos','PHP','Php'),(91,'Poland, Zlotych','PLN','zł'),(92,'Qatar, Rials','QAR','﷼'),(93,'Romania, New Lei','RON','lei'),(94,'Russia, Rubles','RUB','руб'),(95,'Saint Helena, Pounds','SHP','£'),(96,'Saudi Arabia, Riyals','SAR','﷼'),(97,'Serbia, Dinars','RSD','Дин.'),(98,'Seychelles, Rupees','SCR','₨'),(99,'Singapore, Dollars','SGD','$'),(100,'Solomon Islands, Dollars','SBD','$'),(101,'Somalia, Shillings','SOS','S'),(102,'South Africa, Rand','ZAR','R'),(103,'South Korea, Won','KRW','₩'),(104,'Sri Lanka, Rupees','LKR','₨'),(105,'Sweden, Kronor','SEK','kr'),(106,'Switzerland, Francs','CHF','CHF'),(107,'Suriname, Dollars','SRD','$'),(108,'Syria, Pounds','SYP','£'),(109,'Taiwan, New Dollars','TWD','NT$'),(110,'Thailand, Baht','THB','฿'),(111,'Trinidad and Tobago, Dollars','TTD','TT$'),(112,'Turkey, New Lira','TRY','YTL'),(113,'Turkey, Liras','TRL','₤'),(114,'Tuvalu, Dollars','TVD','$'),(115,'Ukraine, Hryvnia','UAH','₴'),(116,'United Arab Emirates, Dirham','AED','AED'),(117,'United Kingdom, Pounds','GBP','£'),(118,'United Republic of Tanzania, Shilling','TZS','TZS'),(119,'USA, Dollars','USD','$'),(120,'Uruguay, Pesos','UYU','$U'),(121,'Uzbekistan, Sums','UZS','лв'),(122,'Venezuela, Bolivares Fuertes','VEF','Bs'),(123,'Vietnam, Dong','VND','₫'),(124,'Zambia, Kwacha','ZMK','ZMK'),(125,'Yemen, Rials','YER','﷼'),(126,'Zimbabwe Dollars','ZWD','Z$'),(127,'Malawi, Kwacha','MWK','MK'),(128,'Tunisian, Dinar','TD','TD'),(129,'Moroccan, Dirham','MAD','DH'),(130,'Iraqi Dinar','IQD','ID'),(131,'Maldivian Ruffiya','MVR','MVR'),(132,'Ugandan Shilling','UGX','Sh'),(133,'Sudanese Pound','SDG','£'),(134,'CFA Franc BCEAO','XOF','CFA'),(135,'CFA Franc BEAC','XAF','CFA'),(136,'Haiti, Gourde','HTG','G'),(137,'Libya, Dinar','LYD','LYD'),(138,'CFP Franc','XPF','F');
/*!40000 ALTER TABLE `vtiger_currencies` ENABLE KEYS */;
UNLOCK TABLES;

--
-- Table structure for table `vtiger_currencies_seq`
--

DROP TABLE IF EXISTS `vtiger_currencies_seq`;
/*!40101 SET @saved_cs_client     = @@character_set_client */;
/*!40101 SET character_set_client = utf8 */;
CREATE TABLE `vtiger_currencies_seq` (
  `id` int(11) NOT NULL
) ENGINE=InnoDB DEFAULT CHARSET=utf8;
/*!40101 SET character_set_client = @saved_cs_client */;

--
-- Dumping data for table `vtiger_currencies_seq`
--

LOCK TABLES `vtiger_currencies_seq` WRITE;
/*!40000 ALTER TABLE `vtiger_currencies_seq` DISABLE KEYS */;
INSERT INTO `vtiger_currencies_seq` VALUES (138);
/*!40000 ALTER TABLE `vtiger_currencies_seq` ENABLE KEYS */;
UNLOCK TABLES;

--
-- Table structure for table `vtiger_currency`
--

DROP TABLE IF EXISTS `vtiger_currency`;
/*!40101 SET @saved_cs_client     = @@character_set_client */;
/*!40101 SET character_set_client = utf8 */;
CREATE TABLE `vtiger_currency` (
  `currencyid` int(19) NOT NULL AUTO_INCREMENT,
  `currency` varchar(200) NOT NULL,
  `sortorderid` int(19) NOT NULL DEFAULT 0,
  `presence` int(1) NOT NULL DEFAULT 1,
  PRIMARY KEY (`currencyid`),
  UNIQUE KEY `currency_currency_idx` (`currency`)
) ENGINE=InnoDB DEFAULT CHARSET=utf8;
/*!40101 SET character_set_client = @saved_cs_client */;

--
-- Dumping data for table `vtiger_currency`
--

LOCK TABLES `vtiger_currency` WRITE;
/*!40000 ALTER TABLE `vtiger_currency` DISABLE KEYS */;
/*!40000 ALTER TABLE `vtiger_currency` ENABLE KEYS */;
UNLOCK TABLES;

--
-- Table structure for table `vtiger_currency_decimal_separator`
--

DROP TABLE IF EXISTS `vtiger_currency_decimal_separator`;
/*!40101 SET @saved_cs_client     = @@character_set_client */;
/*!40101 SET character_set_client = utf8 */;
CREATE TABLE `vtiger_currency_decimal_separator` (
  `currency_decimal_separatorid` int(19) NOT NULL AUTO_INCREMENT,
  `currency_decimal_separator` varchar(2) NOT NULL,
  `sortorderid` int(19) NOT NULL DEFAULT 0,
  `presence` int(1) NOT NULL DEFAULT 1,
  PRIMARY KEY (`currency_decimal_separatorid`)
) ENGINE=InnoDB AUTO_INCREMENT=6 DEFAULT CHARSET=utf8;
/*!40101 SET character_set_client = @saved_cs_client */;

--
-- Dumping data for table `vtiger_currency_decimal_separator`
--

LOCK TABLES `vtiger_currency_decimal_separator` WRITE;
/*!40000 ALTER TABLE `vtiger_currency_decimal_separator` DISABLE KEYS */;
INSERT INTO `vtiger_currency_decimal_separator` VALUES (1,'.',0,1),(2,',',1,1),(3,'\'',2,1),(4,' ',3,1),(5,'$',4,1);
/*!40000 ALTER TABLE `vtiger_currency_decimal_separator` ENABLE KEYS */;
UNLOCK TABLES;

--
-- Table structure for table `vtiger_currency_decimal_separator_seq`
--

DROP TABLE IF EXISTS `vtiger_currency_decimal_separator_seq`;
/*!40101 SET @saved_cs_client     = @@character_set_client */;
/*!40101 SET character_set_client = utf8 */;
CREATE TABLE `vtiger_currency_decimal_separator_seq` (
  `id` int(11) NOT NULL
) ENGINE=InnoDB DEFAULT CHARSET=utf8;
/*!40101 SET character_set_client = @saved_cs_client */;

--
-- Dumping data for table `vtiger_currency_decimal_separator_seq`
--

LOCK TABLES `vtiger_currency_decimal_separator_seq` WRITE;
/*!40000 ALTER TABLE `vtiger_currency_decimal_separator_seq` DISABLE KEYS */;
INSERT INTO `vtiger_currency_decimal_separator_seq` VALUES (5);
/*!40000 ALTER TABLE `vtiger_currency_decimal_separator_seq` ENABLE KEYS */;
UNLOCK TABLES;

--
-- Table structure for table `vtiger_currency_grouping_pattern`
--

DROP TABLE IF EXISTS `vtiger_currency_grouping_pattern`;
/*!40101 SET @saved_cs_client     = @@character_set_client */;
/*!40101 SET character_set_client = utf8 */;
CREATE TABLE `vtiger_currency_grouping_pattern` (
  `currency_grouping_patternid` int(19) NOT NULL AUTO_INCREMENT,
  `currency_grouping_pattern` varchar(200) NOT NULL,
  `sortorderid` int(19) NOT NULL DEFAULT 0,
  `presence` int(1) NOT NULL DEFAULT 1,
  PRIMARY KEY (`currency_grouping_patternid`)
) ENGINE=InnoDB AUTO_INCREMENT=5 DEFAULT CHARSET=utf8;
/*!40101 SET character_set_client = @saved_cs_client */;

--
-- Dumping data for table `vtiger_currency_grouping_pattern`
--

LOCK TABLES `vtiger_currency_grouping_pattern` WRITE;
/*!40000 ALTER TABLE `vtiger_currency_grouping_pattern` DISABLE KEYS */;
INSERT INTO `vtiger_currency_grouping_pattern` VALUES (1,'123,456,789',0,1),(2,'123456789',1,1),(3,'123456,789',2,1),(4,'12,34,56,789',3,1);
/*!40000 ALTER TABLE `vtiger_currency_grouping_pattern` ENABLE KEYS */;
UNLOCK TABLES;

--
-- Table structure for table `vtiger_currency_grouping_pattern_seq`
--

DROP TABLE IF EXISTS `vtiger_currency_grouping_pattern_seq`;
/*!40101 SET @saved_cs_client     = @@character_set_client */;
/*!40101 SET character_set_client = utf8 */;
CREATE TABLE `vtiger_currency_grouping_pattern_seq` (
  `id` int(11) NOT NULL
) ENGINE=InnoDB DEFAULT CHARSET=utf8;
/*!40101 SET character_set_client = @saved_cs_client */;

--
-- Dumping data for table `vtiger_currency_grouping_pattern_seq`
--

LOCK TABLES `vtiger_currency_grouping_pattern_seq` WRITE;
/*!40000 ALTER TABLE `vtiger_currency_grouping_pattern_seq` DISABLE KEYS */;
INSERT INTO `vtiger_currency_grouping_pattern_seq` VALUES (4);
/*!40000 ALTER TABLE `vtiger_currency_grouping_pattern_seq` ENABLE KEYS */;
UNLOCK TABLES;

--
-- Table structure for table `vtiger_currency_grouping_separator`
--

DROP TABLE IF EXISTS `vtiger_currency_grouping_separator`;
/*!40101 SET @saved_cs_client     = @@character_set_client */;
/*!40101 SET character_set_client = utf8 */;
CREATE TABLE `vtiger_currency_grouping_separator` (
  `currency_grouping_separatorid` int(19) NOT NULL AUTO_INCREMENT,
  `currency_grouping_separator` varchar(2) NOT NULL,
  `sortorderid` int(19) NOT NULL DEFAULT 0,
  `presence` int(1) NOT NULL DEFAULT 1,
  PRIMARY KEY (`currency_grouping_separatorid`)
) ENGINE=InnoDB AUTO_INCREMENT=6 DEFAULT CHARSET=utf8;
/*!40101 SET character_set_client = @saved_cs_client */;

--
-- Dumping data for table `vtiger_currency_grouping_separator`
--

LOCK TABLES `vtiger_currency_grouping_separator` WRITE;
/*!40000 ALTER TABLE `vtiger_currency_grouping_separator` DISABLE KEYS */;
INSERT INTO `vtiger_currency_grouping_separator` VALUES (1,',',0,1),(2,'.',1,1),(3,'\'',2,1),(4,' ',3,1),(5,'$',4,1);
/*!40000 ALTER TABLE `vtiger_currency_grouping_separator` ENABLE KEYS */;
UNLOCK TABLES;

--
-- Table structure for table `vtiger_currency_grouping_separator_seq`
--

DROP TABLE IF EXISTS `vtiger_currency_grouping_separator_seq`;
/*!40101 SET @saved_cs_client     = @@character_set_client */;
/*!40101 SET character_set_client = utf8 */;
CREATE TABLE `vtiger_currency_grouping_separator_seq` (
  `id` int(11) NOT NULL
) ENGINE=InnoDB DEFAULT CHARSET=utf8;
/*!40101 SET character_set_client = @saved_cs_client */;

--
-- Dumping data for table `vtiger_currency_grouping_separator_seq`
--

LOCK TABLES `vtiger_currency_grouping_separator_seq` WRITE;
/*!40000 ALTER TABLE `vtiger_currency_grouping_separator_seq` DISABLE KEYS */;
INSERT INTO `vtiger_currency_grouping_separator_seq` VALUES (5);
/*!40000 ALTER TABLE `vtiger_currency_grouping_separator_seq` ENABLE KEYS */;
UNLOCK TABLES;

--
-- Table structure for table `vtiger_currency_info`
--

DROP TABLE IF EXISTS `vtiger_currency_info`;
/*!40101 SET @saved_cs_client     = @@character_set_client */;
/*!40101 SET character_set_client = utf8 */;
CREATE TABLE `vtiger_currency_info` (
  `id` int(11) NOT NULL AUTO_INCREMENT,
  `currency_name` varchar(100) DEFAULT NULL,
  `currency_code` varchar(100) DEFAULT NULL,
  `currency_symbol` varchar(30) DEFAULT NULL,
  `conversion_rate` decimal(12,5) DEFAULT NULL,
  `currency_status` varchar(25) DEFAULT NULL,
  `defaultid` varchar(10) NOT NULL DEFAULT '0',
  `deleted` int(1) NOT NULL DEFAULT 0,
  PRIMARY KEY (`id`)
) ENGINE=InnoDB AUTO_INCREMENT=2 DEFAULT CHARSET=utf8;
/*!40101 SET character_set_client = @saved_cs_client */;

--
-- Dumping data for table `vtiger_currency_info`
--

LOCK TABLES `vtiger_currency_info` WRITE;
/*!40000 ALTER TABLE `vtiger_currency_info` DISABLE KEYS */;
INSERT INTO `vtiger_currency_info` VALUES (1,'USA, Dollars','USD','$',1.00000,'Active','-11',0);
/*!40000 ALTER TABLE `vtiger_currency_info` ENABLE KEYS */;
UNLOCK TABLES;

--
-- Table structure for table `vtiger_currency_info_seq`
--

DROP TABLE IF EXISTS `vtiger_currency_info_seq`;
/*!40101 SET @saved_cs_client     = @@character_set_client */;
/*!40101 SET character_set_client = utf8 */;
CREATE TABLE `vtiger_currency_info_seq` (
  `id` int(11) NOT NULL
) ENGINE=InnoDB DEFAULT CHARSET=utf8;
/*!40101 SET character_set_client = @saved_cs_client */;

--
-- Dumping data for table `vtiger_currency_info_seq`
--

LOCK TABLES `vtiger_currency_info_seq` WRITE;
/*!40000 ALTER TABLE `vtiger_currency_info_seq` DISABLE KEYS */;
INSERT INTO `vtiger_currency_info_seq` VALUES (1);
/*!40000 ALTER TABLE `vtiger_currency_info_seq` ENABLE KEYS */;
UNLOCK TABLES;

--
-- Table structure for table `vtiger_currency_symbol_placement`
--

DROP TABLE IF EXISTS `vtiger_currency_symbol_placement`;
/*!40101 SET @saved_cs_client     = @@character_set_client */;
/*!40101 SET character_set_client = utf8 */;
CREATE TABLE `vtiger_currency_symbol_placement` (
  `currency_symbol_placementid` int(19) NOT NULL AUTO_INCREMENT,
  `currency_symbol_placement` varchar(30) NOT NULL,
  `sortorderid` int(19) NOT NULL DEFAULT 0,
  `presence` int(1) NOT NULL DEFAULT 1,
  PRIMARY KEY (`currency_symbol_placementid`)
) ENGINE=InnoDB AUTO_INCREMENT=3 DEFAULT CHARSET=utf8;
/*!40101 SET character_set_client = @saved_cs_client */;

--
-- Dumping data for table `vtiger_currency_symbol_placement`
--

LOCK TABLES `vtiger_currency_symbol_placement` WRITE;
/*!40000 ALTER TABLE `vtiger_currency_symbol_placement` DISABLE KEYS */;
INSERT INTO `vtiger_currency_symbol_placement` VALUES (1,'$1.0',0,1),(2,'1.0$',1,1);
/*!40000 ALTER TABLE `vtiger_currency_symbol_placement` ENABLE KEYS */;
UNLOCK TABLES;

--
-- Table structure for table `vtiger_currency_symbol_placement_seq`
--

DROP TABLE IF EXISTS `vtiger_currency_symbol_placement_seq`;
/*!40101 SET @saved_cs_client     = @@character_set_client */;
/*!40101 SET character_set_client = utf8 */;
CREATE TABLE `vtiger_currency_symbol_placement_seq` (
  `id` int(11) NOT NULL
) ENGINE=InnoDB DEFAULT CHARSET=utf8;
/*!40101 SET character_set_client = @saved_cs_client */;

--
-- Dumping data for table `vtiger_currency_symbol_placement_seq`
--

LOCK TABLES `vtiger_currency_symbol_placement_seq` WRITE;
/*!40000 ALTER TABLE `vtiger_currency_symbol_placement_seq` DISABLE KEYS */;
INSERT INTO `vtiger_currency_symbol_placement_seq` VALUES (2);
/*!40000 ALTER TABLE `vtiger_currency_symbol_placement_seq` ENABLE KEYS */;
UNLOCK TABLES;

--
-- Table structure for table `vtiger_customaction`
--

DROP TABLE IF EXISTS `vtiger_customaction`;
/*!40101 SET @saved_cs_client     = @@character_set_client */;
/*!40101 SET character_set_client = utf8 */;
CREATE TABLE `vtiger_customaction` (
  `cvid` int(19) NOT NULL,
  `subject` varchar(250) NOT NULL,
  `module` varchar(50) NOT NULL,
  `content` text DEFAULT NULL,
  KEY `customaction_cvid_idx` (`cvid`),
  CONSTRAINT `fk_1_vtiger_customaction` FOREIGN KEY (`cvid`) REFERENCES `vtiger_customview` (`cvid`) ON DELETE CASCADE
) ENGINE=InnoDB DEFAULT CHARSET=utf8;
/*!40101 SET character_set_client = @saved_cs_client */;

--
-- Dumping data for table `vtiger_customaction`
--

LOCK TABLES `vtiger_customaction` WRITE;
/*!40000 ALTER TABLE `vtiger_customaction` DISABLE KEYS */;
/*!40000 ALTER TABLE `vtiger_customaction` ENABLE KEYS */;
UNLOCK TABLES;

--
-- Table structure for table `vtiger_customerdetails`
--

DROP TABLE IF EXISTS `vtiger_customerdetails`;
/*!40101 SET @saved_cs_client     = @@character_set_client */;
/*!40101 SET character_set_client = utf8 */;
CREATE TABLE `vtiger_customerdetails` (
  `customerid` int(19) NOT NULL,
  `portal` varchar(3) DEFAULT NULL,
  `support_start_date` date DEFAULT NULL,
  `support_end_date` date DEFAULT NULL,
  PRIMARY KEY (`customerid`),
  CONSTRAINT `fk_1_vtiger_customerdetails` FOREIGN KEY (`customerid`) REFERENCES `vtiger_contactdetails` (`contactid`) ON DELETE CASCADE
) ENGINE=InnoDB DEFAULT CHARSET=utf8;
/*!40101 SET character_set_client = @saved_cs_client */;

--
-- Dumping data for table `vtiger_customerdetails`
--

LOCK TABLES `vtiger_customerdetails` WRITE;
/*!40000 ALTER TABLE `vtiger_customerdetails` DISABLE KEYS */;
INSERT INTO `vtiger_customerdetails` VALUES (2,NULL,NULL,NULL),(31,NULL,NULL,NULL),(47,NULL,NULL,NULL),(50,NULL,NULL,NULL);
/*!40000 ALTER TABLE `vtiger_customerdetails` ENABLE KEYS */;
UNLOCK TABLES;

--
-- Table structure for table `vtiger_customerportal_fields`
--

DROP TABLE IF EXISTS `vtiger_customerportal_fields`;
/*!40101 SET @saved_cs_client     = @@character_set_client */;
/*!40101 SET character_set_client = utf8 */;
CREATE TABLE `vtiger_customerportal_fields` (
  `tabid` int(19) NOT NULL,
  `fieldinfo` text DEFAULT NULL,
  `records_visible` int(1) DEFAULT NULL,
  PRIMARY KEY (`tabid`)
) ENGINE=InnoDB DEFAULT CHARSET=utf8;
/*!40101 SET character_set_client = @saved_cs_client */;

--
-- Dumping data for table `vtiger_customerportal_fields`
--

LOCK TABLES `vtiger_customerportal_fields` WRITE;
/*!40000 ALTER TABLE `vtiger_customerportal_fields` DISABLE KEYS */;
INSERT INTO `vtiger_customerportal_fields` VALUES (4,'{\"lastname\":1,\"assigned_user_id\":1}',1),(6,'{\"accountname\":1,\"assigned_user_id\":1}',1),(8,'{\"notes_title\":1,\"assigned_user_id\":1,\"filename\":0}',1),(13,'{\"ticket_title\":1,\"assigned_user_id\":1,\"ticketpriorities\":1,\"ticketstatus\":1,\"description\":1,\"product_id\":1,\"ticketseverities\":1,\"ticketcategories\":1}',1),(14,'{\"productname\":1,\"assigned_user_id\":1}',1),(15,'{\"faqstatus\":1,\"question\":1,\"faq_answer\":1}',1),(20,'{\"subject\":1,\"quotestage\":1,\"account_id\":1,\"assigned_user_id\":1,\"bill_street\":1,\"ship_street\":1}',1),(23,'{\"subject\":1,\"account_id\":1,\"assigned_user_id\":1,\"bill_street\":1,\"ship_street\":1}',1),(34,'{\"servicename\":1}',1),(37,'{\"subject\":1,\"assigned_user_id\":1}',NULL),(38,'{\"product\":1,\"serialnumber\":1,\"assigned_user_id\":1,\"datesold\":1,\"dateinservice\":1,\"assetstatus\":1,\"assetname\":1,\"account\":1}',1),(42,'{\"projectmilestonename\":1,\"projectid\":1,\"assigned_user_id\":1}',1),(43,'{\"projecttaskname\":1,\"projectid\":1,\"assigned_user_id\":1}',1),(44,'{\"projectname\":1,\"assigned_user_id\":1}',1);
/*!40000 ALTER TABLE `vtiger_customerportal_fields` ENABLE KEYS */;
UNLOCK TABLES;

--
-- Table structure for table `vtiger_customerportal_prefs`
--

DROP TABLE IF EXISTS `vtiger_customerportal_prefs`;
/*!40101 SET @saved_cs_client     = @@character_set_client */;
/*!40101 SET character_set_client = utf8 */;
CREATE TABLE `vtiger_customerportal_prefs` (
  `tabid` int(19) NOT NULL,
  `prefkey` varchar(100) NOT NULL,
  `prefvalue` int(20) DEFAULT NULL,
  PRIMARY KEY (`tabid`,`prefkey`)
) ENGINE=InnoDB DEFAULT CHARSET=utf8;
/*!40101 SET character_set_client = @saved_cs_client */;

--
-- Dumping data for table `vtiger_customerportal_prefs`
--

LOCK TABLES `vtiger_customerportal_prefs` WRITE;
/*!40000 ALTER TABLE `vtiger_customerportal_prefs` DISABLE KEYS */;
INSERT INTO `vtiger_customerportal_prefs` VALUES (0,'defaultassignee',1),(0,'userid',1),(4,'showrelatedinfo',1),(6,'showrelatedinfo',1),(8,'showrelatedinfo',1),(13,'showrelatedinfo',1),(14,'showrelatedinfo',1),(15,'showrelatedinfo',1),(20,'showrelatedinfo',1),(23,'showrelatedinfo',1),(34,'showrelatedinfo',1),(38,'showrelatedinfo',1),(42,'showrelatedinfo',1),(43,'showrelatedinfo',1),(44,'showrelatedinfo',1);
/*!40000 ALTER TABLE `vtiger_customerportal_prefs` ENABLE KEYS */;
UNLOCK TABLES;

--
-- Table structure for table `vtiger_customerportal_relatedmoduleinfo`
--

DROP TABLE IF EXISTS `vtiger_customerportal_relatedmoduleinfo`;
/*!40101 SET @saved_cs_client     = @@character_set_client */;
/*!40101 SET character_set_client = utf8 */;
CREATE TABLE `vtiger_customerportal_relatedmoduleinfo` (
  `tabid` int(19) NOT NULL,
  `relatedmodules` text DEFAULT NULL,
  PRIMARY KEY (`tabid`)
) ENGINE=InnoDB DEFAULT CHARSET=utf8;
/*!40101 SET character_set_client = @saved_cs_client */;

--
-- Dumping data for table `vtiger_customerportal_relatedmoduleinfo`
--

LOCK TABLES `vtiger_customerportal_relatedmoduleinfo` WRITE;
/*!40000 ALTER TABLE `vtiger_customerportal_relatedmoduleinfo` DISABLE KEYS */;
INSERT INTO `vtiger_customerportal_relatedmoduleinfo` VALUES (8,'[{\"name\":\"History\",\"value\":1}]'),(13,'[{\"name\":\"History\",\"value\":1},{\"name\":\"ModComments\",\"value\":1},{\"name\":\"Documents\",\"value\":1}]'),(14,'[{\"name\":\"History\",\"value\":1}]'),(20,'[{\"name\":\"History\",\"value\":1}]'),(23,'[{\"name\":\"History\",\"value\":1}]'),(34,'[{\"name\":\"History\",\"value\":1}]'),(37,'[{\"name\":\"History\",\"value\":1}]'),(38,'[{\"name\":\"History\",\"value\":1}]'),(42,'[{\"name\":\"History\",\"value\":1}]'),(43,'[{\"name\":\"History\",\"value\":1},{\"name\":\"ModComments\",\"value\":1}]'),(44,'[{\"name\":\"History\",\"value\":1},{\"name\":\"ModComments\",\"value\":1},{\"name\":\"ProjectTask\",\"value\":1},{\"name\":\"ProjectMilestone\",\"value\":1},{\"name\":\"Documents\",\"value\":1}]');
/*!40000 ALTER TABLE `vtiger_customerportal_relatedmoduleinfo` ENABLE KEYS */;
UNLOCK TABLES;

--
-- Table structure for table `vtiger_customerportal_settings`
--

DROP TABLE IF EXISTS `vtiger_customerportal_settings`;
/*!40101 SET @saved_cs_client     = @@character_set_client */;
/*!40101 SET character_set_client = utf8 */;
CREATE TABLE `vtiger_customerportal_settings` (
  `id` int(11) DEFAULT NULL,
  `url` varchar(250) DEFAULT NULL,
  `default_assignee` int(11) DEFAULT NULL,
  `support_notification` int(11) DEFAULT NULL,
  `announcement` text DEFAULT NULL,
  `shortcuts` text DEFAULT NULL,
  `widgets` text DEFAULT NULL,
  `charts` text DEFAULT NULL
) ENGINE=InnoDB DEFAULT CHARSET=utf8;
/*!40101 SET character_set_client = @saved_cs_client */;

--
-- Dumping data for table `vtiger_customerportal_settings`
--

LOCK TABLES `vtiger_customerportal_settings` WRITE;
/*!40000 ALTER TABLE `vtiger_customerportal_settings` DISABLE KEYS */;
INSERT INTO `vtiger_customerportal_settings` VALUES (1,NULL,1,NULL,NULL,'{\"Documents\":{\"LBL_ADD_DOCUMENT\":1},\"HelpDesk\":{\"LBL_CREATE_TICKET\":1,\"LBL_OPEN_TICKETS\":1}}','{\"widgets\":{\"HelpDesk\":1,\"Documents\":1,\"Faq\":1}}','{\"charts\":{\"OpenTicketsByPriority\":1,\"TicketsClosureTimeByPriority\":1}}');
/*!40000 ALTER TABLE `vtiger_customerportal_settings` ENABLE KEYS */;
UNLOCK TABLES;

--
-- Table structure for table `vtiger_customerportal_tabs`
--

DROP TABLE IF EXISTS `vtiger_customerportal_tabs`;
/*!40101 SET @saved_cs_client     = @@character_set_client */;
/*!40101 SET character_set_client = utf8 */;
CREATE TABLE `vtiger_customerportal_tabs` (
  `tabid` int(19) NOT NULL,
  `visible` int(1) DEFAULT 1,
  `sequence` int(1) DEFAULT NULL,
  `createrecord` tinyint(1) NOT NULL DEFAULT 0,
  `editrecord` tinyint(1) NOT NULL DEFAULT 0,
  PRIMARY KEY (`tabid`)
) ENGINE=InnoDB DEFAULT CHARSET=utf8;
/*!40101 SET character_set_client = @saved_cs_client */;

--
-- Dumping data for table `vtiger_customerportal_tabs`
--

LOCK TABLES `vtiger_customerportal_tabs` WRITE;
/*!40000 ALTER TABLE `vtiger_customerportal_tabs` DISABLE KEYS */;
INSERT INTO `vtiger_customerportal_tabs` VALUES (4,0,9,0,1),(6,0,10,0,1),(8,1,8,1,0),(13,1,2,1,1),(14,1,6,0,0),(15,1,3,0,0),(20,1,5,0,0),(23,1,4,0,0),(34,1,7,0,0),(37,1,25,0,0),(38,1,14,0,1),(42,1,13,0,0),(43,1,12,0,0),(44,1,11,0,0);
/*!40000 ALTER TABLE `vtiger_customerportal_tabs` ENABLE KEYS */;
UNLOCK TABLES;

--
-- Table structure for table `vtiger_customview`
--

DROP TABLE IF EXISTS `vtiger_customview`;
/*!40101 SET @saved_cs_client     = @@character_set_client */;
/*!40101 SET character_set_client = utf8 */;
CREATE TABLE `vtiger_customview` (
  `cvid` int(19) NOT NULL,
  `viewname` varchar(100) NOT NULL,
  `setdefault` int(1) DEFAULT 0,
  `setmetrics` int(1) DEFAULT 0,
  `entitytype` varchar(25) NOT NULL,
  `status` int(1) DEFAULT 1,
  `userid` int(19) DEFAULT 1,
  PRIMARY KEY (`cvid`),
  KEY `customview_entitytype_idx` (`entitytype`),
  CONSTRAINT `fk_1_vtiger_customview` FOREIGN KEY (`entitytype`) REFERENCES `vtiger_tab` (`name`) ON DELETE CASCADE
) ENGINE=InnoDB DEFAULT CHARSET=utf8;
/*!40101 SET character_set_client = @saved_cs_client */;

--
-- Dumping data for table `vtiger_customview`
--

LOCK TABLES `vtiger_customview` WRITE;
/*!40000 ALTER TABLE `vtiger_customview` DISABLE KEYS */;
INSERT INTO `vtiger_customview` VALUES (1,'All',1,0,'Leads',0,1),(2,'Hot Leads',0,1,'Leads',3,1),(3,'This Month Leads',0,0,'Leads',3,1),(4,'All',1,0,'Accounts',0,1),(5,'Prospect Accounts',0,1,'Accounts',3,1),(6,'New This Week',0,0,'Accounts',3,1),(7,'All',1,0,'Contacts',0,1),(8,'Contacts Address',0,0,'Contacts',3,1),(9,'Todays Birthday',0,0,'Contacts',3,1),(10,'All',1,0,'Potentials',0,1),(11,'Potentials Won',0,1,'Potentials',3,1),(12,'Prospecting',0,0,'Potentials',3,1),(13,'All',1,0,'HelpDesk',0,1),(14,'Open Tickets',0,1,'HelpDesk',3,1),(15,'High Prioriy Tickets',0,0,'HelpDesk',3,1),(16,'All',1,0,'Quotes',0,1),(17,'Open Quotes',0,1,'Quotes',3,1),(18,'Rejected Quotes',0,0,'Quotes',3,1),(19,'All',1,0,'Calendar',0,1),(20,'All',1,0,'Emails',0,1),(21,'All',1,0,'Invoice',0,1),(22,'All',1,0,'Documents',0,1),(23,'All',1,0,'PriceBooks',0,1),(24,'All',1,0,'Products',0,1),(25,'All',1,0,'PurchaseOrder',0,1),(26,'All',1,0,'SalesOrder',0,1),(27,'All',1,0,'Vendors',0,1),(28,'All',1,0,'Faq',0,1),(29,'All',1,0,'Campaigns',0,1),(30,'All',1,0,'Webmails',0,1),(31,'Drafted FAQ',0,0,'Faq',3,1),(32,'Published FAQ',0,0,'Faq',3,1),(33,'Open Purchase Orders',0,0,'PurchaseOrder',3,1),(34,'Received Purchase Orders',0,0,'PurchaseOrder',3,1),(35,'Open Invoices',0,0,'Invoice',3,1),(36,'Paid Invoices',0,0,'Invoice',3,1),(37,'Pending Sales Orders',0,0,'SalesOrder',3,1),(38,'All',1,0,'Services',0,1),(39,'All',1,0,'PBXManager',0,1),(40,'All',1,0,'ServiceContracts',0,1),(41,'All',1,0,'Assets',0,1),(42,'All',0,0,'SMSNotifier',0,1),(43,'All',0,0,'ModComments',0,1),(47,'All',1,0,'ProjectMilestone',0,1),(48,'All',1,0,'ProjectTask',0,1),(49,'All',1,0,'Project',0,1),(50,'All',0,0,'Apdalm',0,1),(51,'All',0,0,'Almsecc',0,1),(52,'All',0,0,'Temas',0,1),(53,'All',0,0,'Acciones',0,1);
/*!40000 ALTER TABLE `vtiger_customview` ENABLE KEYS */;
UNLOCK TABLES;

--
-- Table structure for table `vtiger_customview_seq`
--

DROP TABLE IF EXISTS `vtiger_customview_seq`;
/*!40101 SET @saved_cs_client     = @@character_set_client */;
/*!40101 SET character_set_client = utf8 */;
CREATE TABLE `vtiger_customview_seq` (
  `id` int(11) NOT NULL
) ENGINE=InnoDB DEFAULT CHARSET=utf8;
/*!40101 SET character_set_client = @saved_cs_client */;

--
-- Dumping data for table `vtiger_customview_seq`
--

LOCK TABLES `vtiger_customview_seq` WRITE;
/*!40000 ALTER TABLE `vtiger_customview_seq` DISABLE KEYS */;
INSERT INTO `vtiger_customview_seq` VALUES (53);
/*!40000 ALTER TABLE `vtiger_customview_seq` ENABLE KEYS */;
UNLOCK TABLES;

--
-- Table structure for table `vtiger_cv2group`
--

DROP TABLE IF EXISTS `vtiger_cv2group`;
/*!40101 SET @saved_cs_client     = @@character_set_client */;
/*!40101 SET character_set_client = utf8 */;
CREATE TABLE `vtiger_cv2group` (
  `cvid` int(25) NOT NULL,
  `groupid` int(25) NOT NULL,
  KEY `vtiger_cv2group_ibfk_1` (`cvid`),
  KEY `vtiger_groups_ibfk_1` (`groupid`),
  CONSTRAINT `vtiger_customview_ibfk_2` FOREIGN KEY (`cvid`) REFERENCES `vtiger_customview` (`cvid`) ON DELETE CASCADE,
  CONSTRAINT `vtiger_groups_ibfk_1` FOREIGN KEY (`groupid`) REFERENCES `vtiger_groups` (`groupid`) ON DELETE CASCADE
) ENGINE=InnoDB DEFAULT CHARSET=utf8;
/*!40101 SET character_set_client = @saved_cs_client */;

--
-- Dumping data for table `vtiger_cv2group`
--

LOCK TABLES `vtiger_cv2group` WRITE;
/*!40000 ALTER TABLE `vtiger_cv2group` DISABLE KEYS */;
/*!40000 ALTER TABLE `vtiger_cv2group` ENABLE KEYS */;
UNLOCK TABLES;

--
-- Table structure for table `vtiger_cv2role`
--

DROP TABLE IF EXISTS `vtiger_cv2role`;
/*!40101 SET @saved_cs_client     = @@character_set_client */;
/*!40101 SET character_set_client = utf8 */;
CREATE TABLE `vtiger_cv2role` (
  `cvid` int(25) NOT NULL,
  `roleid` varchar(255) NOT NULL,
  KEY `vtiger_cv2role_ibfk_1` (`cvid`),
  KEY `vtiger_role_ibfk_1` (`roleid`),
  CONSTRAINT `vtiger_customview_ibfk_3` FOREIGN KEY (`cvid`) REFERENCES `vtiger_customview` (`cvid`) ON DELETE CASCADE,
  CONSTRAINT `vtiger_role_ibfk_1` FOREIGN KEY (`roleid`) REFERENCES `vtiger_role` (`roleid`) ON DELETE CASCADE
) ENGINE=InnoDB DEFAULT CHARSET=utf8;
/*!40101 SET character_set_client = @saved_cs_client */;

--
-- Dumping data for table `vtiger_cv2role`
--

LOCK TABLES `vtiger_cv2role` WRITE;
/*!40000 ALTER TABLE `vtiger_cv2role` DISABLE KEYS */;
/*!40000 ALTER TABLE `vtiger_cv2role` ENABLE KEYS */;
UNLOCK TABLES;

--
-- Table structure for table `vtiger_cv2rs`
--

DROP TABLE IF EXISTS `vtiger_cv2rs`;
/*!40101 SET @saved_cs_client     = @@character_set_client */;
/*!40101 SET character_set_client = utf8 */;
CREATE TABLE `vtiger_cv2rs` (
  `cvid` int(25) NOT NULL,
  `rsid` varchar(255) NOT NULL,
  KEY `vtiger_cv2role_ibfk_1` (`cvid`),
  KEY `vtiger_rolesd_ibfk_1` (`rsid`),
  CONSTRAINT `vtiger_customview_ibfk_4` FOREIGN KEY (`cvid`) REFERENCES `vtiger_customview` (`cvid`) ON DELETE CASCADE,
  CONSTRAINT `vtiger_rolesd_ibfk_1` FOREIGN KEY (`rsid`) REFERENCES `vtiger_role` (`roleid`) ON DELETE CASCADE
) ENGINE=InnoDB DEFAULT CHARSET=utf8;
/*!40101 SET character_set_client = @saved_cs_client */;

--
-- Dumping data for table `vtiger_cv2rs`
--

LOCK TABLES `vtiger_cv2rs` WRITE;
/*!40000 ALTER TABLE `vtiger_cv2rs` DISABLE KEYS */;
/*!40000 ALTER TABLE `vtiger_cv2rs` ENABLE KEYS */;
UNLOCK TABLES;

--
-- Table structure for table `vtiger_cv2users`
--

DROP TABLE IF EXISTS `vtiger_cv2users`;
/*!40101 SET @saved_cs_client     = @@character_set_client */;
/*!40101 SET character_set_client = utf8 */;
CREATE TABLE `vtiger_cv2users` (
  `cvid` int(25) NOT NULL,
  `userid` int(25) NOT NULL,
  KEY `vtiger_cv2users_ibfk_1` (`cvid`),
  KEY `vtiger_users_ibfk_1` (`userid`),
  CONSTRAINT `vtiger_customview_ibfk_1` FOREIGN KEY (`cvid`) REFERENCES `vtiger_customview` (`cvid`) ON DELETE CASCADE,
  CONSTRAINT `vtiger_users_ibfk_1` FOREIGN KEY (`userid`) REFERENCES `vtiger_users` (`id`) ON DELETE CASCADE
) ENGINE=InnoDB DEFAULT CHARSET=utf8;
/*!40101 SET character_set_client = @saved_cs_client */;

--
-- Dumping data for table `vtiger_cv2users`
--

LOCK TABLES `vtiger_cv2users` WRITE;
/*!40000 ALTER TABLE `vtiger_cv2users` DISABLE KEYS */;
/*!40000 ALTER TABLE `vtiger_cv2users` ENABLE KEYS */;
UNLOCK TABLES;

--
-- Table structure for table `vtiger_cvadvfilter`
--

DROP TABLE IF EXISTS `vtiger_cvadvfilter`;
/*!40101 SET @saved_cs_client     = @@character_set_client */;
/*!40101 SET character_set_client = utf8 */;
CREATE TABLE `vtiger_cvadvfilter` (
  `cvid` int(19) NOT NULL,
  `columnindex` int(11) NOT NULL,
  `columnname` varchar(250) DEFAULT '',
  `comparator` varchar(20) DEFAULT NULL,
  `value` varchar(512) DEFAULT NULL,
  `groupid` int(11) DEFAULT 1,
  `column_condition` varchar(255) DEFAULT 'and',
  PRIMARY KEY (`cvid`,`columnindex`),
  KEY `cvadvfilter_cvid_idx` (`cvid`),
  CONSTRAINT `fk_1_vtiger_cvadvfilter` FOREIGN KEY (`cvid`) REFERENCES `vtiger_customview` (`cvid`) ON DELETE CASCADE
) ENGINE=InnoDB DEFAULT CHARSET=utf8;
/*!40101 SET character_set_client = @saved_cs_client */;

--
-- Dumping data for table `vtiger_cvadvfilter`
--

LOCK TABLES `vtiger_cvadvfilter` WRITE;
/*!40000 ALTER TABLE `vtiger_cvadvfilter` DISABLE KEYS */;
INSERT INTO `vtiger_cvadvfilter` VALUES (2,0,'vtiger_leaddetails:leadstatus:leadstatus:Leads_Lead_Status:V','e','Hot',1,'and'),(5,0,'vtiger_account:account_type:accounttype:Accounts_Type:V','e','Prospect',1,'and'),(11,0,'vtiger_potential:sales_stage:sales_stage:Potentials_Sales_Stage:V','e','Closed Won',1,'and'),(12,0,'vtiger_potential:sales_stage:sales_stage:Potentials_Sales_Stage:V','e','Prospecting',1,'and'),(14,0,'vtiger_troubletickets:status:ticketstatus:HelpDesk_Status:V','n','Closed',1,'and'),(15,0,'vtiger_troubletickets:priority:ticketpriorities:HelpDesk_Priority:V','e','High',1,'and'),(17,0,'vtiger_quotes:quotestage:quotestage:Quotes_Quote_Stage:V','n','Accepted',1,'and'),(17,1,'vtiger_quotes:quotestage:quotestage:Quotes_Quote_Stage:V','n','Rejected',1,'and'),(18,0,'vtiger_quotes:quotestage:quotestage:Quotes_Quote_Stage:V','e','Rejected',1,'and'),(31,0,'vtiger_faq:status:faqstatus:Faq_Status:V','e','Draft',1,'and'),(32,0,'vtiger_faq:status:faqstatus:Faq_Status:V','e','Published',1,'and'),(33,0,'vtiger_purchaseorder:postatus:postatus:PurchaseOrder_Status:V','e','Created, Approved, Delivered',1,'and'),(34,0,'vtiger_purchaseorder:postatus:postatus:PurchaseOrder_Status:V','e','Received Shipment',1,'and'),(35,0,'vtiger_invoice:invoicestatus:invoicestatus:Invoice_Status:V','e','Created, Approved, Sent',1,'and'),(36,0,'vtiger_invoice:invoicestatus:invoicestatus:Invoice_Status:V','e','Paid',1,'and'),(37,0,'vtiger_salesorder:sostatus:sostatus:SalesOrder_Status:V','e','Created, Approved',1,'and');
/*!40000 ALTER TABLE `vtiger_cvadvfilter` ENABLE KEYS */;
UNLOCK TABLES;

--
-- Table structure for table `vtiger_cvadvfilter_grouping`
--

DROP TABLE IF EXISTS `vtiger_cvadvfilter_grouping`;
/*!40101 SET @saved_cs_client     = @@character_set_client */;
/*!40101 SET character_set_client = utf8 */;
CREATE TABLE `vtiger_cvadvfilter_grouping` (
  `groupid` int(11) NOT NULL,
  `cvid` int(19) NOT NULL,
  `group_condition` varchar(255) DEFAULT NULL,
  `condition_expression` text DEFAULT NULL,
  PRIMARY KEY (`groupid`,`cvid`)
) ENGINE=InnoDB DEFAULT CHARSET=utf8;
/*!40101 SET character_set_client = @saved_cs_client */;

--
-- Dumping data for table `vtiger_cvadvfilter_grouping`
--

LOCK TABLES `vtiger_cvadvfilter_grouping` WRITE;
/*!40000 ALTER TABLE `vtiger_cvadvfilter_grouping` DISABLE KEYS */;
INSERT INTO `vtiger_cvadvfilter_grouping` VALUES (1,2,'',''),(1,5,'',''),(1,11,'',''),(1,12,'',''),(1,14,'',''),(1,15,'',''),(1,17,'',''),(1,18,'',''),(1,31,'',''),(1,32,'',''),(1,33,'',''),(1,34,'',''),(1,35,'',''),(1,36,'',''),(1,37,'','');
/*!40000 ALTER TABLE `vtiger_cvadvfilter_grouping` ENABLE KEYS */;
UNLOCK TABLES;

--
-- Table structure for table `vtiger_cvcolumnlist`
--

DROP TABLE IF EXISTS `vtiger_cvcolumnlist`;
/*!40101 SET @saved_cs_client     = @@character_set_client */;
/*!40101 SET character_set_client = utf8 */;
CREATE TABLE `vtiger_cvcolumnlist` (
  `cvid` int(19) NOT NULL,
  `columnindex` int(11) NOT NULL,
  `columnname` varchar(250) DEFAULT '',
  PRIMARY KEY (`cvid`,`columnindex`),
  KEY `cvcolumnlist_columnindex_idx` (`columnindex`),
  KEY `cvcolumnlist_cvid_idx` (`cvid`),
  CONSTRAINT `fk_1_vtiger_cvcolumnlist` FOREIGN KEY (`cvid`) REFERENCES `vtiger_customview` (`cvid`) ON DELETE CASCADE
) ENGINE=InnoDB DEFAULT CHARSET=utf8;
/*!40101 SET character_set_client = @saved_cs_client */;

--
-- Dumping data for table `vtiger_cvcolumnlist`
--

LOCK TABLES `vtiger_cvcolumnlist` WRITE;
/*!40000 ALTER TABLE `vtiger_cvcolumnlist` DISABLE KEYS */;
INSERT INTO `vtiger_cvcolumnlist` VALUES (1,1,'vtiger_leaddetails:firstname:firstname:Leads_First_Name:V'),(1,2,'vtiger_leaddetails:lastname:lastname:Leads_Last_Name:V'),(1,3,'vtiger_leaddetails:company:company:Leads_Company:V'),(1,4,'vtiger_leadaddress:phone:phone:Leads_Phone:V'),(1,5,'vtiger_leadsubdetails:website:website:Leads_Website:V'),(1,6,'vtiger_leaddetails:email:email:Leads_Email:V'),(1,7,'vtiger_crmentity:smownerid:assigned_user_id:Leads_Assigned_To:V'),(2,0,'vtiger_leaddetails:firstname:firstname:Leads_First_Name:V'),(2,1,'vtiger_leaddetails:lastname:lastname:Leads_Last_Name:V'),(2,2,'vtiger_leaddetails:company:company:Leads_Company:V'),(2,3,'vtiger_leaddetails:leadsource:leadsource:Leads_Lead_Source:V'),(2,4,'vtiger_leadsubdetails:website:website:Leads_Website:V'),(2,5,'vtiger_leaddetails:email:email:Leads_Email:E'),(3,0,'vtiger_leaddetails:firstname:firstname:Leads_First_Name:V'),(3,1,'vtiger_leaddetails:lastname:lastname:Leads_Last_Name:V'),(3,2,'vtiger_leaddetails:company:company:Leads_Company:V'),(3,3,'vtiger_leaddetails:leadsource:leadsource:Leads_Lead_Source:V'),(3,4,'vtiger_leadsubdetails:website:website:Leads_Website:V'),(3,5,'vtiger_leaddetails:email:email:Leads_Email:E'),(4,1,'vtiger_account:accountname:accountname:Accounts_Account_Name:V'),(4,2,'vtiger_accountbillads:bill_city:bill_city:Accounts_Billing_City:V'),(4,3,'vtiger_account:website:website:Accounts_Website:V'),(4,4,'vtiger_account:phone:phone:Accounts_Phone:V'),(4,5,'vtiger_crmentity:smownerid:assigned_user_id:Accounts_Assigned_To:V'),(5,0,'vtiger_account:accountname:accountname:Accounts_Account_Name:V'),(5,1,'vtiger_account:phone:phone:Accounts_Phone:V'),(5,2,'vtiger_account:website:website:Accounts_Website:V'),(5,3,'vtiger_account:rating:rating:Accounts_Rating:V'),(5,4,'vtiger_crmentity:smownerid:assigned_user_id:Accounts_Assigned_To:V'),(6,0,'vtiger_account:accountname:accountname:Accounts_Account_Name:V'),(6,1,'vtiger_account:phone:phone:Accounts_Phone:V'),(6,2,'vtiger_account:website:website:Accounts_Website:V'),(6,3,'vtiger_accountbillads:bill_city:bill_city:Accounts_City:V'),(6,4,'vtiger_crmentity:smownerid:assigned_user_id:Accounts_Assigned_To:V'),(7,1,'vtiger_contactdetails:firstname:firstname:Contacts_First_Name:V'),(7,2,'vtiger_contactdetails:lastname:lastname:Contacts_Last_Name:V'),(7,3,'vtiger_contactdetails:title:title:Contacts_Title:V'),(7,4,'vtiger_contactdetails:accountid:account_id:Contacts_Account_Name:V'),(7,5,'vtiger_contactdetails:email:email:Contacts_Email:V'),(7,6,'vtiger_contactdetails:phone:phone:Contacts_Office_Phone:V'),(7,7,'vtiger_crmentity:smownerid:assigned_user_id:Contacts_Assigned_To:V'),(8,0,'vtiger_contactdetails:firstname:firstname:Contacts_First_Name:V'),(8,1,'vtiger_contactdetails:lastname:lastname:Contacts_Last_Name:V'),(8,2,'vtiger_contactaddress:mailingstreet:mailingstreet:Contacts_Mailing_Street:V'),(8,3,'vtiger_contactaddress:mailingcity:mailingcity:Contacts_Mailing_City:V'),(8,4,'vtiger_contactaddress:mailingstate:mailingstate:Contacts_Mailing_State:V'),(8,5,'vtiger_contactaddress:mailingzip:mailingzip:Contacts_Mailing_Zip:V'),(8,6,'vtiger_contactaddress:mailingcountry:mailingcountry:Contacts_Mailing_Country:V'),(9,0,'vtiger_contactdetails:firstname:firstname:Contacts_First_Name:V'),(9,1,'vtiger_contactdetails:lastname:lastname:Contacts_Last_Name:V'),(9,2,'vtiger_contactdetails:title:title:Contacts_Title:V'),(9,3,'vtiger_contactdetails:accountid:account_id:Contacts_Account_Name:I'),(9,4,'vtiger_contactdetails:email:email:Contacts_Email:E'),(9,5,'vtiger_contactsubdetails:otherphone:otherphone:Contacts_Phone:V'),(9,6,'vtiger_crmentity:smownerid:assigned_user_id:Contacts_Assigned_To:V'),(10,1,'vtiger_potential:potentialname:potentialname:Potentials_Potential_Name:V'),(10,2,'vtiger_potential:related_to:related_to:Potentials_Related_To:V'),(10,3,'vtiger_potential:sales_stage:sales_stage:Potentials_Sales_Stage:V'),(10,4,'vtiger_potential:leadsource:leadsource:Potentials_Lead_Source:V'),(10,5,'vtiger_potential:closingdate:closingdate:Potentials_Expected_Close_Date:D'),(10,6,'vtiger_potential:amount:amount:Potentials_Amount:N'),(10,7,'vtiger_crmentity:smownerid:assigned_user_id:Potentials_Assigned_To:V'),(10,8,'vtiger_potential:contact_id:contact_id:Potentials_Contact_Name:V'),(11,0,'vtiger_potential:potentialname:potentialname:Potentials_Potential_Name:V'),(11,1,'vtiger_potential:related_to:related_to:Potentials_Related_To:V'),(11,2,'vtiger_potential:amount:amount:Potentials_Amount:N'),(11,3,'vtiger_potential:closingdate:closingdate:Potentials_Expected_Close_Date:D'),(11,4,'vtiger_crmentity:smownerid:assigned_user_id:Potentials_Assigned_To:V'),(11,5,'vtiger_potential:contact_id:contact_id:Potentials_Contact_Name:V'),(12,0,'vtiger_potential:potentialname:potentialname:Potentials_Potential_Name:V'),(12,1,'vtiger_potential:related_to:related_to:Potentials_Related_To:V'),(12,2,'vtiger_potential:amount:amount:Potentials_Amount:N'),(12,3,'vtiger_potential:leadsource:leadsource:Potentials_Lead_Source:V'),(12,4,'vtiger_potential:closingdate:closingdate:Potentials_Expected_Close_Date:D'),(12,5,'vtiger_crmentity:smownerid:assigned_user_id:Potentials_Assigned_To:V'),(12,6,'vtiger_potential:contact_id:contact_id:Potentials_Contact_Name:V'),(13,0,'vtiger_troubletickets:title:ticket_title:HelpDesk_Title:V'),(13,1,'vtiger_troubletickets:contact_id:contact_id:HelpDesk_Contact_Name:V'),(13,2,'vtiger_troubletickets:status:ticketstatus:HelpDesk_Status:V'),(13,3,'vtiger_troubletickets:priority:ticketpriorities:HelpDesk_Priority:V'),(13,4,'vtiger_crmentity:smownerid:assigned_user_id:HelpDesk_Assigned_To:V'),(13,5,'vtiger_troubletickets:days:days:HelpDesk_Days:N'),(14,0,'vtiger_troubletickets:title:ticket_title:HelpDesk_Title:V'),(14,1,'vtiger_troubletickets:parent_id:parent_id:HelpDesk_Related_To:I'),(14,2,'vtiger_troubletickets:priority:ticketpriorities:HelpDesk_Priority:V'),(14,3,'vtiger_troubletickets:product_id:product_id:HelpDesk_Product_Name:I'),(14,4,'vtiger_crmentity:smownerid:assigned_user_id:HelpDesk_Assigned_To:V'),(14,5,'vtiger_troubletickets:contact_id:contact_id:HelpDesk_Contact_Name:V'),(15,0,'vtiger_troubletickets:title:ticket_title:HelpDesk_Title:V'),(15,1,'vtiger_troubletickets:parent_id:parent_id:HelpDesk_Related_To:I'),(15,2,'vtiger_troubletickets:status:ticketstatus:HelpDesk_Status:V'),(15,3,'vtiger_troubletickets:product_id:product_id:HelpDesk_Product_Name:I'),(15,4,'vtiger_crmentity:smownerid:assigned_user_id:HelpDesk_Assigned_To:V'),(15,5,'vtiger_troubletickets:contact_id:contact_id:HelpDesk_Contact_Name:V'),(16,1,'vtiger_quotes:subject:subject:Quotes_Subject:V'),(16,2,'vtiger_quotes:quotestage:quotestage:Quotes_Quote_Stage:V'),(16,3,'vtiger_quotes:potentialid:potential_id:Quotes_Potential_Name:V'),(16,4,'vtiger_quotes:accountid:account_id:Quotes_Account_Name:V'),(16,5,'vtiger_quotes:total:hdnGrandTotal:Quotes_Total:N'),(16,6,'vtiger_crmentity:smownerid:assigned_user_id:Quotes_Assigned_To:V'),(17,0,'vtiger_quotes:subject:subject:Quotes_Subject:V'),(17,1,'vtiger_quotes:quotestage:quotestage:Quotes_Quote_Stage:V'),(17,2,'vtiger_quotes:potentialid:potential_id:Quotes_Potential_Name:I'),(17,3,'vtiger_quotes:accountid:account_id:Quotes_Account_Name:I'),(17,4,'vtiger_quotes:validtill:validtill:Quotes_Valid_Till:D'),(17,5,'vtiger_crmentity:smownerid:assigned_user_id:Quotes_Assigned_To:V'),(18,0,'vtiger_quotes:subject:subject:Quotes_Subject:V'),(18,1,'vtiger_quotes:potentialid:potential_id:Quotes_Potential_Name:I'),(18,2,'vtiger_quotes:accountid:account_id:Quotes_Account_Name:I'),(18,3,'vtiger_quotes:validtill:validtill:Quotes_Valid_Till:D'),(18,4,'vtiger_crmentity:smownerid:assigned_user_id:Quotes_Assigned_To:V'),(19,0,'vtiger_activity:status:taskstatus:Calendar_Status:V'),(19,1,'vtiger_activity:activitytype:activitytype:Calendar_Activity_Type:V'),(19,2,'vtiger_activity:subject:subject:Calendar_Subject:V'),(19,3,'vtiger_seactivityrel:crmid:parent_id:Calendar_Related_To:V'),(19,4,'vtiger_activity:date_start:date_start:Calendar_Start_Date_&_Time:DT'),(19,5,'vtiger_activity:due_date:due_date:Calendar_Due_Date:D'),(19,6,'vtiger_crmentity:smownerid:assigned_user_id:Calendar_Assigned_To:V'),(20,0,'vtiger_activity:subject:subject:Emails_Subject:V'),(20,1,'vtiger_emaildetails:to_email:saved_toid:Emails_To:V'),(20,2,'vtiger_activity:date_start:date_start:Emails_Date_&_Time_Sent:DT'),(21,1,'vtiger_invoice:subject:subject:Invoice_Subject:V'),(21,2,'vtiger_invoice:salesorderid:salesorder_id:Invoice_Sales_Order:V'),(21,3,'vtiger_invoice:invoicestatus:invoicestatus:Invoice_Status:V'),(21,4,'vtiger_invoice:total:hdnGrandTotal:Invoice_Total:N'),(21,5,'vtiger_crmentity:smownerid:assigned_user_id:Invoice_Assigned_To:V'),(22,1,'vtiger_notes:title:notes_title:Documents_Title:V'),(22,2,'vtiger_notes:filename:filename:Documents_File_Name:V'),(22,3,'vtiger_crmentity:modifiedtime:modifiedtime:Documents_Modified_Time:DT'),(22,4,'vtiger_crmentity:smownerid:assigned_user_id:Documents_Assigned_To:V'),(23,1,'vtiger_pricebook:bookname:bookname:PriceBooks_Price_Book_Name:V'),(23,2,'vtiger_pricebook:active:active:PriceBooks_Active:C'),(23,3,'vtiger_pricebook:currency_id:currency_id:PriceBooks_Currency:V'),(24,0,'vtiger_products:productname:productname:Products_Product_Name:V'),(24,1,'vtiger_products:productcode:productcode:Products_Part_Number:V'),(24,2,'vtiger_products:productcategory:productcategory:Products_Product_Category:V'),(24,3,'vtiger_productcf:cf_874:cf_874:Products_Grado:V'),(24,4,'vtiger_productcf:cf_876:cf_876:Products_Sección:V'),(24,5,'vtiger_productcf:cf_878:cf_878:Products_Curso:V'),(24,6,'vtiger_crmentity:smownerid:assigned_user_id:Products_Handler:V'),(24,7,'vtiger_productcf:cf_880:cf_880:Products_Año:I'),(24,8,'vtiger_products:discontinued:discontinued:Products_Product_Active:C'),(25,1,'vtiger_purchaseorder:subject:subject:PurchaseOrder_Subject:V'),(25,2,'vtiger_purchaseorder:vendorid:vendor_id:PurchaseOrder_Vendor_Name:V'),(25,3,'vtiger_purchaseorder:tracking_no:tracking_no:PurchaseOrder_Tracking_Number:V'),(25,4,'vtiger_purchaseorder:total:hdnGrandTotal:PurchaseOrder_Total:N'),(25,5,'vtiger_crmentity:smownerid:assigned_user_id:PurchaseOrder_Assigned_To:V'),(26,1,'vtiger_salesorder:subject:subject:SalesOrder_Subject:V'),(26,2,'vtiger_salesorder:accountid:account_id:SalesOrder_Account_Name:V'),(26,3,'vtiger_salesorder:quoteid:quote_id:SalesOrder_Quote_Name:V'),(26,4,'vtiger_salesorder:total:hdnGrandTotal:SalesOrder_Total:N'),(26,5,'vtiger_crmentity:smownerid:assigned_user_id:SalesOrder_Assigned_To:V'),(27,1,'vtiger_vendor:vendorname:vendorname:Vendors_Vendor_Name:V'),(27,2,'vtiger_vendor:phone:phone:Vendors_Phone:V'),(27,3,'vtiger_vendor:email:email:Vendors_Email:V'),(27,4,'vtiger_vendor:category:category:Vendors_Category:V'),(27,5,'vtiger_crmentity:smownerid:assigned_user_id:Vendors_Assigned_To:V'),(28,1,'vtiger_faq:question:question:Faq_Question:V'),(28,2,'vtiger_faq:category:faqcategories:Faq_Category:V'),(28,3,'vtiger_faq:product_id:product_id:Faq_Product_Name:V'),(28,4,'vtiger_crmentity:createdtime:createdtime:Faq_Created_Time:DT'),(28,5,'vtiger_crmentity:modifiedtime:modifiedtime:Faq_Modified_Time:DT'),(29,1,'vtiger_campaign:campaignname:campaignname:Campaigns_Campaign_Name:V'),(29,2,'vtiger_campaign:campaigntype:campaigntype:Campaigns_Campaign_Type:V'),(29,3,'vtiger_campaign:campaignstatus:campaignstatus:Campaigns_Campaign_Status:V'),(29,4,'vtiger_campaign:expectedrevenue:expectedrevenue:Campaigns_Expected_Revenue:N'),(29,5,'vtiger_campaign:closingdate:closingdate:Campaigns_Expected_Close_Date:D'),(29,6,'vtiger_crmentity:smownerid:assigned_user_id:Campaigns_Assigned_To:V'),(30,0,'subject:subject:subject:Subject:V'),(30,1,'from:fromname:fromname:From:N'),(30,2,'to:tpname:toname:To:N'),(30,3,'body:body:body:Body:V'),(31,0,'vtiger_faq:question:question:Faq_Question:V'),(31,1,'vtiger_faq:status:faqstatus:Faq_Status:V'),(31,2,'vtiger_faq:product_id:product_id:Faq_Product_Name:I'),(31,3,'vtiger_faq:category:faqcategories:Faq_Category:V'),(31,4,'vtiger_crmentity:createdtime:createdtime:Faq_Created_Time:DT'),(32,0,'vtiger_faq:question:question:Faq_Question:V'),(32,1,'vtiger_faq:answer:faq_answer:Faq_Answer:V'),(32,2,'vtiger_faq:status:faqstatus:Faq_Status:V'),(32,3,'vtiger_faq:product_id:product_id:Faq_Product_Name:I'),(32,4,'vtiger_faq:category:faqcategories:Faq_Category:V'),(32,5,'vtiger_crmentity:createdtime:createdtime:Faq_Created_Time:DT'),(33,0,'vtiger_purchaseorder:subject:subject:PurchaseOrder_Subject:V'),(33,1,'vtiger_purchaseorder:postatus:postatus:PurchaseOrder_Status:V'),(33,2,'vtiger_purchaseorder:vendorid:vendor_id:PurchaseOrder_Vendor_Name:I'),(33,3,'vtiger_crmentity:smownerid:assigned_user_id:PurchaseOrder_Assigned_To:V'),(33,4,'vtiger_purchaseorder:duedate:duedate:PurchaseOrder_Due_Date:V'),(34,0,'vtiger_purchaseorder:subject:subject:PurchaseOrder_Subject:V'),(34,1,'vtiger_purchaseorder:vendorid:vendor_id:PurchaseOrder_Vendor_Name:I'),(34,2,'vtiger_crmentity:smownerid:assigned_user_id:PurchaseOrder_Assigned_To:V'),(34,3,'vtiger_purchaseorder:postatus:postatus:PurchaseOrder_Status:V'),(34,4,'vtiger_purchaseorder:carrier:carrier:PurchaseOrder_Carrier:V'),(34,5,'vtiger_poshipads:ship_street:ship_street:PurchaseOrder_Shipping_Address:V'),(35,0,'vtiger_invoice:invoice_no:invoice_no:Invoice_Invoice_No:V'),(35,1,'vtiger_invoice:subject:subject:Invoice_Subject:V'),(35,2,'vtiger_invoice:accountid:account_id:Invoice_Account_Name:I'),(35,3,'vtiger_invoice:salesorderid:salesorder_id:Invoice_Sales_Order:I'),(35,4,'vtiger_invoice:invoicestatus:invoicestatus:Invoice_Status:V'),(35,5,'vtiger_crmentity:smownerid:assigned_user_id:Invoice_Assigned_To:V'),(35,6,'vtiger_crmentity:createdtime:createdtime:Invoice_Created_Time:DT'),(36,0,'vtiger_invoice:invoice_no:invoice_no:Invoice_Invoice_No:V'),(36,1,'vtiger_invoice:subject:subject:Invoice_Subject:V'),(36,2,'vtiger_invoice:accountid:account_id:Invoice_Account_Name:I'),(36,3,'vtiger_invoice:salesorderid:salesorder_id:Invoice_Sales_Order:I'),(36,4,'vtiger_invoice:invoicestatus:invoicestatus:Invoice_Status:V'),(36,5,'vtiger_invoiceshipads:ship_street:ship_street:Invoice_Shipping_Address:V'),(36,6,'vtiger_crmentity:smownerid:assigned_user_id:Invoice_Assigned_To:V'),(37,0,'vtiger_salesorder:subject:subject:SalesOrder_Subject:V'),(37,1,'vtiger_salesorder:accountid:account_id:SalesOrder_Account_Name:I'),(37,2,'vtiger_salesorder:sostatus:sostatus:SalesOrder_Status:V'),(37,3,'vtiger_crmentity:smownerid:assigned_user_id:SalesOrder_Assigned_To:V'),(37,4,'vtiger_soshipads:ship_street:ship_street:SalesOrder_Shipping_Address:V'),(37,5,'vtiger_salesorder:carrier:carrier:SalesOrder_Carrier:V'),(38,1,'vtiger_service:servicename:servicename:Services_Service_Name:V'),(38,2,'vtiger_service:service_usageunit:service_usageunit:Services_Usage_Unit:V'),(38,3,'vtiger_service:unit_price:unit_price:Services_Price:N'),(38,4,'vtiger_service:qty_per_unit:qty_per_unit:Services_No_of_Units:N'),(38,5,'vtiger_service:servicecategory:servicecategory:Services_Service_Category:V'),(38,6,'vtiger_crmentity:smownerid:assigned_user_id:Services_Owner:I'),(39,0,'vtiger_pbxmanager:callstatus:callstatus:PBXManager_Call_Status:V'),(39,1,'vtiger_pbxmanager:customernumber:customernumber:PBXManager_Customer_Number:V'),(39,2,'vtiger_pbxmanager:customer:customer:PBXManager_Customer:V'),(39,3,'vtiger_pbxmanager:user:user:PBXManager_User:V'),(39,4,'vtiger_pbxmanager:recordingurl:recordingurl:PBXManager_Recording_URL:V'),(39,5,'vtiger_pbxmanager:totalduration:totalduration:PBXManager_Total_Duration:I'),(39,6,'vtiger_pbxmanager:starttime:starttime:PBXManager_Start_Time:DT'),(40,1,'vtiger_servicecontracts:subject:subject:ServiceContracts_Subject:V'),(40,2,'vtiger_servicecontracts:sc_related_to:sc_related_to:ServiceContracts_Related_to:V'),(40,3,'vtiger_crmentity:smownerid:assigned_user_id:ServiceContracts_Assigned_To:V'),(40,4,'vtiger_servicecontracts:start_date:start_date:ServiceContracts_Start_Date:D'),(40,5,'vtiger_servicecontracts:due_date:due_date:ServiceContracts_Due_date:D'),(40,7,'vtiger_servicecontracts:progress:progress:ServiceContracts_Progress:N'),(40,8,'vtiger_servicecontracts:contract_status:contract_status:ServiceContracts_Status:V'),(41,1,'vtiger_assets:assetname:assetname:Assets_Asset_Name:V'),(41,2,'vtiger_assets:account:account:Assets_Customer_Name:V'),(41,3,'vtiger_assets:product:product:Assets_Product_Name:V'),(42,0,'vtiger_smsnotifier:message:message:SMSNotifier_message:V'),(42,2,'vtiger_crmentity:smownerid:assigned_user_id:SMSNotifier_Assigned_To:V'),(42,3,'vtiger_crmentity:createdtime:createdtime:SMSNotifier_Created_Time:DT'),(42,4,'vtiger_crmentity:modifiedtime:modifiedtime:SMSNotifier_Modified_Time:DT'),(43,0,'vtiger_modcomments:commentcontent:commentcontent:ModComments_Comment:V'),(43,1,'vtiger_modcomments:related_to:related_to:ModComments_Related_To:V'),(43,2,'vtiger_crmentity:modifiedtime:modifiedtime:ModComments_Modified_Time:DT'),(43,3,'vtiger_crmentity:smownerid:assigned_user_id:ModComments_Assigned_To:V'),(47,0,'vtiger_projectmilestone:projectmilestonename:projectmilestonename:ProjectMilestone_Project_Milestone_Name:V'),(47,1,'vtiger_projectmilestone:projectmilestonedate:projectmilestonedate:ProjectMilestone_Milestone_Date:D'),(47,3,'vtiger_crmentity:description:description:ProjectMilestone_description:V'),(47,4,'vtiger_crmentity:createdtime:createdtime:ProjectMilestone_Created_Time:DT'),(47,5,'vtiger_crmentity:modifiedtime:modifiedtime:ProjectMilestone_Modified_Time:DT'),(48,2,'vtiger_projecttask:projecttaskname:projecttaskname:ProjectTask_Project_Task_Name:V'),(48,3,'vtiger_projecttask:projectid:projectid:ProjectTask_Related_to:V'),(48,4,'vtiger_projecttask:projecttaskpriority:projecttaskpriority:ProjectTask_Priority:V'),(48,5,'vtiger_projecttask:projecttaskprogress:projecttaskprogress:ProjectTask_Progress:V'),(48,6,'vtiger_projecttask:projecttaskhours:projecttaskhours:ProjectTask_Worked_Hours:V'),(48,7,'vtiger_projecttask:startdate:startdate:ProjectTask_Start_Date:D'),(48,8,'vtiger_projecttask:enddate:enddate:ProjectTask_End_Date:D'),(48,9,'vtiger_crmentity:smownerid:assigned_user_id:ProjectTask_Assigned_To:V'),(49,0,'vtiger_project:projectname:projectname:Project_Project_Name:V'),(49,1,'vtiger_project:linktoaccountscontacts:linktoaccountscontacts:Project_Related_to:V'),(49,2,'vtiger_project:startdate:startdate:Project_Start_Date:D'),(49,3,'vtiger_project:targetenddate:targetenddate:Project_Target_End_Date:D'),(49,4,'vtiger_project:actualenddate:actualenddate:Project_Actual_End_Date:D'),(49,5,'vtiger_project:targetbudget:targetbudget:Project_Target_Budget:V'),(49,6,'vtiger_project:progress:progress:Project_Progress:V'),(49,7,'vtiger_project:projectstatus:projectstatus:Project_Status:V'),(49,8,'vtiger_crmentity:smownerid:assigned_user_id:Project_Assigned_To:V'),(49,19,'vtiger_project:contactid:contactid:Project_Contact_Name:V'),(50,0,'vtiger_apdalm:apdalmno:apdalmno:Apdalm_Apdalm_No:V'),(50,1,'vtiger_apdalm:apdalm_tks_apoderado:apdalm_tks_apoderado:Apdalm_Apoderado:V'),(50,2,'vtiger_apdalm:apdalm_tks_tipodevinculo:apdalm_tks_tipodevinculo:Apdalm_Tipo_de_vinculo:V'),(50,3,'vtiger_apdalm:apdalm_tks_alumno:apdalm_tks_alumno:Apdalm_Alumno:V'),(50,4,'vtiger_apdalm:apdalm_tks_codigoalumno:apdalm_tks_codigoalumno:Apdalm_Codigo_Alumno:V'),(50,5,'vtiger_apdalm:apdalm_tks_nrodocumentoapodera:apdalm_tks_nrodocumentoapodera:Apdalm_Nro_Documento_Apoderado:V'),(50,6,'vtiger_apdalm:apdalm_tks_estado:apdalm_tks_estado:Apdalm_Estado:V'),(50,7,'vtiger_apdalm:apdalm_tks_ano:apdalm_tks_ano:Apdalm_Ano:I'),(50,8,'vtiger_crmentity:smownerid:assigned_user_id:Apdalm_Assigned_To:V'),(50,9,'vtiger_crmentity:createdtime:createdtime:Apdalm_Created_Time:T'),(51,0,'vtiger_almsecc:almsecc_tks_codigoalumno:almsecc_tks_codigoalumno:Almsecc_Código_Alumno:V'),(51,1,'vtiger_almsecc:almsecc_tks_alumno:almsecc_tks_alumno:Almsecc_Alumno:V'),(51,2,'vtiger_almsecc:almsecc_tks_nivel:almsecc_tks_nivel:Almsecc_Nivel:V'),(51,3,'vtiger_almsecc:almsecc_tks_grado:almsecc_tks_grado:Almsecc_Grado:V'),(51,4,'vtiger_almsecc:almsecc_tks_seccion:almsecc_tks_seccion:Almsecc_Seccion:V'),(51,5,'vtiger_almsecc:almsecc_tks_ano:almsecc_tks_ano:Almsecc_Año:I'),(51,6,'vtiger_almsecc:almsecc_tks_estado:almsecc_tks_estado:Almsecc_Estado:V'),(51,7,'vtiger_almsecc:almseccno:almseccno:Almsecc_Almsecc_No:V'),(51,8,'vtiger_crmentity:smownerid:assigned_user_id:Almsecc_Assigned_To:V'),(51,9,'vtiger_crmentity:createdtime:createdtime:Almsecc_Created_Time:T'),(52,0,'vtiger_temas:temas_tks_tema:temas_tks_tema:Temas_Tema:V'),(52,1,'vtiger_temas:temas_tks_subtema:temas_tks_subtema:Temas_Subtema:V'),(52,2,'vtiger_temas:temas_tks_rolresponsable:temas_tks_rolresponsable:Temas_Rol_responsable:V'),(52,3,'vtiger_temas:temas_tks_regla:temas_tks_regla:Temas_Caso:V'),(52,4,'vtiger_temas:temasno:temasno:Temas_Temas_No:V'),(52,5,'vtiger_crmentity:smownerid:assigned_user_id:Temas_Assigned_To:V'),(52,6,'vtiger_crmentity:createdtime:createdtime:Temas_Created_Time:T'),(52,7,'vtiger_crmentity:modifiedtime:modifiedtime:Temas_Modified_Time:T'),(53,0,'vtiger_acciones:acciones_tks_tema:acciones_tks_tema:Acciones_Tema:V'),(53,1,'vtiger_acciones:acciones_tks_accion:acciones_tks_accion:Acciones_Acción_a_Realizar:V'),(53,2,'vtiger_acciones:acciones_tks_rolresponsable:acciones_tks_rolresponsable:Acciones_Rol_responsable:V'),(53,3,'vtiger_acciones:accionesno:accionesno:Acciones_Acciones_No:V'),(53,4,'vtiger_crmentity:smownerid:assigned_user_id:Acciones_Assigned_To:V'),(53,5,'vtiger_crmentity:createdtime:createdtime:Acciones_Created_Time:T'),(53,6,'vtiger_crmentity:modifiedtime:modifiedtime:Acciones_Modified_Time:T');
/*!40000 ALTER TABLE `vtiger_cvcolumnlist` ENABLE KEYS */;
UNLOCK TABLES;

--
-- Table structure for table `vtiger_cvstdfilter`
--

DROP TABLE IF EXISTS `vtiger_cvstdfilter`;
/*!40101 SET @saved_cs_client     = @@character_set_client */;
/*!40101 SET character_set_client = utf8 */;
CREATE TABLE `vtiger_cvstdfilter` (
  `cvid` int(19) NOT NULL,
  `columnname` varchar(250) DEFAULT '',
  `stdfilter` varchar(250) DEFAULT '',
  `startdate` date DEFAULT NULL,
  `enddate` date DEFAULT NULL,
  KEY `cvstdfilter_cvid_idx` (`cvid`),
  CONSTRAINT `fk_1_vtiger_cvstdfilter` FOREIGN KEY (`cvid`) REFERENCES `vtiger_customview` (`cvid`) ON DELETE CASCADE
) ENGINE=InnoDB DEFAULT CHARSET=utf8;
/*!40101 SET character_set_client = @saved_cs_client */;

--
-- Dumping data for table `vtiger_cvstdfilter`
--

LOCK TABLES `vtiger_cvstdfilter` WRITE;
/*!40000 ALTER TABLE `vtiger_cvstdfilter` DISABLE KEYS */;
INSERT INTO `vtiger_cvstdfilter` VALUES (3,'vtiger_crmentity:modifiedtime:modifiedtime:Leads_Modified_Time','thismonth','2005-06-01','2005-06-30'),(6,'vtiger_crmentity:createdtime:createdtime:Accounts_Created_Time','thisweek','2005-06-19','2005-06-25'),(9,'vtiger_contactsubdetails:birthday:birthday:Contacts_Birthdate','today','2005-06-25','2005-06-25');
/*!40000 ALTER TABLE `vtiger_cvstdfilter` ENABLE KEYS */;
UNLOCK TABLES;

--
-- Table structure for table `vtiger_dashboard_tabs`
--

DROP TABLE IF EXISTS `vtiger_dashboard_tabs`;
/*!40101 SET @saved_cs_client     = @@character_set_client */;
/*!40101 SET character_set_client = utf8 */;
CREATE TABLE `vtiger_dashboard_tabs` (
  `id` int(19) NOT NULL AUTO_INCREMENT,
  `tabname` varchar(50) DEFAULT NULL,
  `isdefault` int(1) DEFAULT 0,
  `sequence` int(5) DEFAULT 2,
  `appname` varchar(20) DEFAULT NULL,
  `modulename` varchar(50) DEFAULT NULL,
  `userid` int(11) DEFAULT NULL,
  PRIMARY KEY (`id`),
  UNIQUE KEY `tabname` (`tabname`,`userid`),
  KEY `vtiger_dashboard_tabs_ibfk_1` (`userid`),
  CONSTRAINT `vtiger_dashboard_tabs_ibfk_1` FOREIGN KEY (`userid`) REFERENCES `vtiger_users` (`id`) ON DELETE CASCADE
) ENGINE=InnoDB AUTO_INCREMENT=13 DEFAULT CHARSET=utf8;
/*!40101 SET character_set_client = @saved_cs_client */;

--
-- Dumping data for table `vtiger_dashboard_tabs`
--

LOCK TABLES `vtiger_dashboard_tabs` WRITE;
/*!40000 ALTER TABLE `vtiger_dashboard_tabs` DISABLE KEYS */;
INSERT INTO `vtiger_dashboard_tabs` VALUES (2,'My Dashboard',1,1,'','',1),(4,'My Dashboard',1,1,'','',5),(7,'My Dashboard',1,1,'','',6),(8,'My Dashboard',1,1,'','',7);
/*!40000 ALTER TABLE `vtiger_dashboard_tabs` ENABLE KEYS */;
UNLOCK TABLES;

--
-- Table structure for table `vtiger_datashare_grp2grp`
--

DROP TABLE IF EXISTS `vtiger_datashare_grp2grp`;
/*!40101 SET @saved_cs_client     = @@character_set_client */;
/*!40101 SET character_set_client = utf8 */;
CREATE TABLE `vtiger_datashare_grp2grp` (
  `shareid` int(19) NOT NULL,
  `share_groupid` int(19) DEFAULT NULL,
  `to_groupid` int(19) DEFAULT NULL,
  `permission` int(19) DEFAULT NULL,
  PRIMARY KEY (`shareid`),
  KEY `datashare_grp2grp_share_groupid_idx` (`share_groupid`),
  KEY `datashare_grp2grp_to_groupid_idx` (`to_groupid`),
  CONSTRAINT `fk_3_vtiger_datashare_grp2grp` FOREIGN KEY (`to_groupid`) REFERENCES `vtiger_groups` (`groupid`) ON DELETE CASCADE
) ENGINE=InnoDB DEFAULT CHARSET=utf8;
/*!40101 SET character_set_client = @saved_cs_client */;

--
-- Dumping data for table `vtiger_datashare_grp2grp`
--

LOCK TABLES `vtiger_datashare_grp2grp` WRITE;
/*!40000 ALTER TABLE `vtiger_datashare_grp2grp` DISABLE KEYS */;
/*!40000 ALTER TABLE `vtiger_datashare_grp2grp` ENABLE KEYS */;
UNLOCK TABLES;

--
-- Table structure for table `vtiger_datashare_grp2role`
--

DROP TABLE IF EXISTS `vtiger_datashare_grp2role`;
/*!40101 SET @saved_cs_client     = @@character_set_client */;
/*!40101 SET character_set_client = utf8 */;
CREATE TABLE `vtiger_datashare_grp2role` (
  `shareid` int(19) NOT NULL,
  `share_groupid` int(19) DEFAULT NULL,
  `to_roleid` varchar(255) DEFAULT NULL,
  `permission` int(19) DEFAULT NULL,
  PRIMARY KEY (`shareid`),
  KEY `idx_datashare_grp2role_share_groupid` (`share_groupid`),
  KEY `idx_datashare_grp2role_to_roleid` (`to_roleid`),
  CONSTRAINT `fk_3_vtiger_datashare_grp2role` FOREIGN KEY (`to_roleid`) REFERENCES `vtiger_role` (`roleid`) ON DELETE CASCADE
) ENGINE=InnoDB DEFAULT CHARSET=utf8;
/*!40101 SET character_set_client = @saved_cs_client */;

--
-- Dumping data for table `vtiger_datashare_grp2role`
--

LOCK TABLES `vtiger_datashare_grp2role` WRITE;
/*!40000 ALTER TABLE `vtiger_datashare_grp2role` DISABLE KEYS */;
/*!40000 ALTER TABLE `vtiger_datashare_grp2role` ENABLE KEYS */;
UNLOCK TABLES;

--
-- Table structure for table `vtiger_datashare_grp2rs`
--

DROP TABLE IF EXISTS `vtiger_datashare_grp2rs`;
/*!40101 SET @saved_cs_client     = @@character_set_client */;
/*!40101 SET character_set_client = utf8 */;
CREATE TABLE `vtiger_datashare_grp2rs` (
  `shareid` int(19) NOT NULL,
  `share_groupid` int(19) DEFAULT NULL,
  `to_roleandsubid` varchar(255) DEFAULT NULL,
  `permission` int(19) DEFAULT NULL,
  PRIMARY KEY (`shareid`),
  KEY `datashare_grp2rs_share_groupid_idx` (`share_groupid`),
  KEY `datashare_grp2rs_to_roleandsubid_idx` (`to_roleandsubid`),
  CONSTRAINT `fk_3_vtiger_datashare_grp2rs` FOREIGN KEY (`to_roleandsubid`) REFERENCES `vtiger_role` (`roleid`) ON DELETE CASCADE
) ENGINE=InnoDB DEFAULT CHARSET=utf8;
/*!40101 SET character_set_client = @saved_cs_client */;

--
-- Dumping data for table `vtiger_datashare_grp2rs`
--

LOCK TABLES `vtiger_datashare_grp2rs` WRITE;
/*!40000 ALTER TABLE `vtiger_datashare_grp2rs` DISABLE KEYS */;
/*!40000 ALTER TABLE `vtiger_datashare_grp2rs` ENABLE KEYS */;
UNLOCK TABLES;

--
-- Table structure for table `vtiger_datashare_module_rel`
--

DROP TABLE IF EXISTS `vtiger_datashare_module_rel`;
/*!40101 SET @saved_cs_client     = @@character_set_client */;
/*!40101 SET character_set_client = utf8 */;
CREATE TABLE `vtiger_datashare_module_rel` (
  `shareid` int(19) NOT NULL,
  `tabid` int(19) NOT NULL,
  `relationtype` varchar(200) DEFAULT NULL,
  PRIMARY KEY (`shareid`),
  KEY `idx_datashare_module_rel_tabid` (`tabid`),
  CONSTRAINT `fk_1_vtiger_datashare_module_rel` FOREIGN KEY (`tabid`) REFERENCES `vtiger_tab` (`tabid`) ON DELETE CASCADE
) ENGINE=InnoDB DEFAULT CHARSET=utf8;
/*!40101 SET character_set_client = @saved_cs_client */;

--
-- Dumping data for table `vtiger_datashare_module_rel`
--

LOCK TABLES `vtiger_datashare_module_rel` WRITE;
/*!40000 ALTER TABLE `vtiger_datashare_module_rel` DISABLE KEYS */;
/*!40000 ALTER TABLE `vtiger_datashare_module_rel` ENABLE KEYS */;
UNLOCK TABLES;

--
-- Table structure for table `vtiger_datashare_relatedmodule_permission`
--

DROP TABLE IF EXISTS `vtiger_datashare_relatedmodule_permission`;
/*!40101 SET @saved_cs_client     = @@character_set_client */;
/*!40101 SET character_set_client = utf8 */;
CREATE TABLE `vtiger_datashare_relatedmodule_permission` (
  `shareid` int(19) NOT NULL,
  `datashare_relatedmodule_id` int(19) NOT NULL,
  `permission` int(19) DEFAULT NULL,
  PRIMARY KEY (`shareid`,`datashare_relatedmodule_id`),
  KEY `datashare_relatedmodule_permission_shareid_permissions_idx` (`shareid`,`permission`)
) ENGINE=InnoDB DEFAULT CHARSET=utf8;
/*!40101 SET character_set_client = @saved_cs_client */;

--
-- Dumping data for table `vtiger_datashare_relatedmodule_permission`
--

LOCK TABLES `vtiger_datashare_relatedmodule_permission` WRITE;
/*!40000 ALTER TABLE `vtiger_datashare_relatedmodule_permission` DISABLE KEYS */;
/*!40000 ALTER TABLE `vtiger_datashare_relatedmodule_permission` ENABLE KEYS */;
UNLOCK TABLES;

--
-- Table structure for table `vtiger_datashare_relatedmodules`
--

DROP TABLE IF EXISTS `vtiger_datashare_relatedmodules`;
/*!40101 SET @saved_cs_client     = @@character_set_client */;
/*!40101 SET character_set_client = utf8 */;
CREATE TABLE `vtiger_datashare_relatedmodules` (
  `datashare_relatedmodule_id` int(19) NOT NULL,
  `tabid` int(19) DEFAULT NULL,
  `relatedto_tabid` int(19) DEFAULT NULL,
  PRIMARY KEY (`datashare_relatedmodule_id`),
  KEY `datashare_relatedmodules_tabid_idx` (`tabid`),
  KEY `datashare_relatedmodules_relatedto_tabid_idx` (`relatedto_tabid`),
  CONSTRAINT `fk_2_vtiger_datashare_relatedmodules` FOREIGN KEY (`tabid`) REFERENCES `vtiger_tab` (`tabid`) ON DELETE CASCADE
) ENGINE=InnoDB DEFAULT CHARSET=utf8;
/*!40101 SET character_set_client = @saved_cs_client */;

--
-- Dumping data for table `vtiger_datashare_relatedmodules`
--

LOCK TABLES `vtiger_datashare_relatedmodules` WRITE;
/*!40000 ALTER TABLE `vtiger_datashare_relatedmodules` DISABLE KEYS */;
INSERT INTO `vtiger_datashare_relatedmodules` VALUES (1,6,2),(2,6,13),(3,6,20),(4,6,22),(5,6,23),(6,2,20),(7,2,22),(8,20,22),(9,22,23);
/*!40000 ALTER TABLE `vtiger_datashare_relatedmodules` ENABLE KEYS */;
UNLOCK TABLES;

--
-- Table structure for table `vtiger_datashare_relatedmodules_seq`
--

DROP TABLE IF EXISTS `vtiger_datashare_relatedmodules_seq`;
/*!40101 SET @saved_cs_client     = @@character_set_client */;
/*!40101 SET character_set_client = utf8 */;
CREATE TABLE `vtiger_datashare_relatedmodules_seq` (
  `id` int(11) NOT NULL
) ENGINE=InnoDB DEFAULT CHARSET=utf8;
/*!40101 SET character_set_client = @saved_cs_client */;

--
-- Dumping data for table `vtiger_datashare_relatedmodules_seq`
--

LOCK TABLES `vtiger_datashare_relatedmodules_seq` WRITE;
/*!40000 ALTER TABLE `vtiger_datashare_relatedmodules_seq` DISABLE KEYS */;
INSERT INTO `vtiger_datashare_relatedmodules_seq` VALUES (9);
/*!40000 ALTER TABLE `vtiger_datashare_relatedmodules_seq` ENABLE KEYS */;
UNLOCK TABLES;

--
-- Table structure for table `vtiger_datashare_role2group`
--

DROP TABLE IF EXISTS `vtiger_datashare_role2group`;
/*!40101 SET @saved_cs_client     = @@character_set_client */;
/*!40101 SET character_set_client = utf8 */;
CREATE TABLE `vtiger_datashare_role2group` (
  `shareid` int(19) NOT NULL,
  `share_roleid` varchar(255) DEFAULT NULL,
  `to_groupid` int(19) DEFAULT NULL,
  `permission` int(19) DEFAULT NULL,
  PRIMARY KEY (`shareid`),
  KEY `idx_datashare_role2group_share_roleid` (`share_roleid`),
  KEY `idx_datashare_role2group_to_groupid` (`to_groupid`),
  CONSTRAINT `fk_3_vtiger_datashare_role2group` FOREIGN KEY (`share_roleid`) REFERENCES `vtiger_role` (`roleid`) ON DELETE CASCADE
) ENGINE=InnoDB DEFAULT CHARSET=utf8;
/*!40101 SET character_set_client = @saved_cs_client */;

--
-- Dumping data for table `vtiger_datashare_role2group`
--

LOCK TABLES `vtiger_datashare_role2group` WRITE;
/*!40000 ALTER TABLE `vtiger_datashare_role2group` DISABLE KEYS */;
/*!40000 ALTER TABLE `vtiger_datashare_role2group` ENABLE KEYS */;
UNLOCK TABLES;

--
-- Table structure for table `vtiger_datashare_role2role`
--

DROP TABLE IF EXISTS `vtiger_datashare_role2role`;
/*!40101 SET @saved_cs_client     = @@character_set_client */;
/*!40101 SET character_set_client = utf8 */;
CREATE TABLE `vtiger_datashare_role2role` (
  `shareid` int(19) NOT NULL,
  `share_roleid` varchar(255) DEFAULT NULL,
  `to_roleid` varchar(255) DEFAULT NULL,
  `permission` int(19) DEFAULT NULL,
  PRIMARY KEY (`shareid`),
  KEY `datashare_role2role_share_roleid_idx` (`share_roleid`),
  KEY `datashare_role2role_to_roleid_idx` (`to_roleid`),
  CONSTRAINT `fk_3_vtiger_datashare_role2role` FOREIGN KEY (`to_roleid`) REFERENCES `vtiger_role` (`roleid`) ON DELETE CASCADE
) ENGINE=InnoDB DEFAULT CHARSET=utf8;
/*!40101 SET character_set_client = @saved_cs_client */;

--
-- Dumping data for table `vtiger_datashare_role2role`
--

LOCK TABLES `vtiger_datashare_role2role` WRITE;
/*!40000 ALTER TABLE `vtiger_datashare_role2role` DISABLE KEYS */;
/*!40000 ALTER TABLE `vtiger_datashare_role2role` ENABLE KEYS */;
UNLOCK TABLES;

--
-- Table structure for table `vtiger_datashare_role2rs`
--

DROP TABLE IF EXISTS `vtiger_datashare_role2rs`;
/*!40101 SET @saved_cs_client     = @@character_set_client */;
/*!40101 SET character_set_client = utf8 */;
CREATE TABLE `vtiger_datashare_role2rs` (
  `shareid` int(19) NOT NULL,
  `share_roleid` varchar(255) DEFAULT NULL,
  `to_roleandsubid` varchar(255) DEFAULT NULL,
  `permission` int(19) DEFAULT NULL,
  PRIMARY KEY (`shareid`),
  KEY `datashare_role2s_share_roleid_idx` (`share_roleid`),
  KEY `datashare_role2s_to_roleandsubid_idx` (`to_roleandsubid`),
  CONSTRAINT `fk_3_vtiger_datashare_role2rs` FOREIGN KEY (`to_roleandsubid`) REFERENCES `vtiger_role` (`roleid`) ON DELETE CASCADE
) ENGINE=InnoDB DEFAULT CHARSET=utf8;
/*!40101 SET character_set_client = @saved_cs_client */;

--
-- Dumping data for table `vtiger_datashare_role2rs`
--

LOCK TABLES `vtiger_datashare_role2rs` WRITE;
/*!40000 ALTER TABLE `vtiger_datashare_role2rs` DISABLE KEYS */;
/*!40000 ALTER TABLE `vtiger_datashare_role2rs` ENABLE KEYS */;
UNLOCK TABLES;

--
-- Table structure for table `vtiger_datashare_rs2grp`
--

DROP TABLE IF EXISTS `vtiger_datashare_rs2grp`;
/*!40101 SET @saved_cs_client     = @@character_set_client */;
/*!40101 SET character_set_client = utf8 */;
CREATE TABLE `vtiger_datashare_rs2grp` (
  `shareid` int(19) NOT NULL,
  `share_roleandsubid` varchar(255) DEFAULT NULL,
  `to_groupid` int(19) DEFAULT NULL,
  `permission` int(19) DEFAULT NULL,
  PRIMARY KEY (`shareid`),
  KEY `datashare_rs2grp_share_roleandsubid_idx` (`share_roleandsubid`),
  KEY `datashare_rs2grp_to_groupid_idx` (`to_groupid`),
  CONSTRAINT `fk_3_vtiger_datashare_rs2grp` FOREIGN KEY (`share_roleandsubid`) REFERENCES `vtiger_role` (`roleid`) ON DELETE CASCADE
) ENGINE=InnoDB DEFAULT CHARSET=utf8;
/*!40101 SET character_set_client = @saved_cs_client */;

--
-- Dumping data for table `vtiger_datashare_rs2grp`
--

LOCK TABLES `vtiger_datashare_rs2grp` WRITE;
/*!40000 ALTER TABLE `vtiger_datashare_rs2grp` DISABLE KEYS */;
/*!40000 ALTER TABLE `vtiger_datashare_rs2grp` ENABLE KEYS */;
UNLOCK TABLES;

--
-- Table structure for table `vtiger_datashare_rs2role`
--

DROP TABLE IF EXISTS `vtiger_datashare_rs2role`;
/*!40101 SET @saved_cs_client     = @@character_set_client */;
/*!40101 SET character_set_client = utf8 */;
CREATE TABLE `vtiger_datashare_rs2role` (
  `shareid` int(19) NOT NULL,
  `share_roleandsubid` varchar(255) DEFAULT NULL,
  `to_roleid` varchar(255) DEFAULT NULL,
  `permission` int(19) DEFAULT NULL,
  PRIMARY KEY (`shareid`),
  KEY `datashare_rs2role_share_roleandsubid_idx` (`share_roleandsubid`),
  KEY `datashare_rs2role_to_roleid_idx` (`to_roleid`),
  CONSTRAINT `fk_3_vtiger_datashare_rs2role` FOREIGN KEY (`to_roleid`) REFERENCES `vtiger_role` (`roleid`) ON DELETE CASCADE
) ENGINE=InnoDB DEFAULT CHARSET=utf8;
/*!40101 SET character_set_client = @saved_cs_client */;

--
-- Dumping data for table `vtiger_datashare_rs2role`
--

LOCK TABLES `vtiger_datashare_rs2role` WRITE;
/*!40000 ALTER TABLE `vtiger_datashare_rs2role` DISABLE KEYS */;
/*!40000 ALTER TABLE `vtiger_datashare_rs2role` ENABLE KEYS */;
UNLOCK TABLES;

--
-- Table structure for table `vtiger_datashare_rs2rs`
--

DROP TABLE IF EXISTS `vtiger_datashare_rs2rs`;
/*!40101 SET @saved_cs_client     = @@character_set_client */;
/*!40101 SET character_set_client = utf8 */;
CREATE TABLE `vtiger_datashare_rs2rs` (
  `shareid` int(19) NOT NULL,
  `share_roleandsubid` varchar(255) DEFAULT NULL,
  `to_roleandsubid` varchar(255) DEFAULT NULL,
  `permission` int(19) DEFAULT NULL,
  PRIMARY KEY (`shareid`),
  KEY `datashare_rs2rs_share_roleandsubid_idx` (`share_roleandsubid`),
  KEY `idx_datashare_rs2rs_to_roleandsubid_idx` (`to_roleandsubid`),
  CONSTRAINT `fk_3_vtiger_datashare_rs2rs` FOREIGN KEY (`to_roleandsubid`) REFERENCES `vtiger_role` (`roleid`) ON DELETE CASCADE
) ENGINE=InnoDB DEFAULT CHARSET=utf8;
/*!40101 SET character_set_client = @saved_cs_client */;

--
-- Dumping data for table `vtiger_datashare_rs2rs`
--

LOCK TABLES `vtiger_datashare_rs2rs` WRITE;
/*!40000 ALTER TABLE `vtiger_datashare_rs2rs` DISABLE KEYS */;
/*!40000 ALTER TABLE `vtiger_datashare_rs2rs` ENABLE KEYS */;
UNLOCK TABLES;

--
-- Table structure for table `vtiger_date_format`
--

DROP TABLE IF EXISTS `vtiger_date_format`;
/*!40101 SET @saved_cs_client     = @@character_set_client */;
/*!40101 SET character_set_client = utf8 */;
CREATE TABLE `vtiger_date_format` (
  `date_formatid` int(19) NOT NULL AUTO_INCREMENT,
  `date_format` varchar(200) NOT NULL,
  `sortorderid` int(19) NOT NULL DEFAULT 0,
  `presence` int(1) NOT NULL DEFAULT 1,
  PRIMARY KEY (`date_formatid`)
) ENGINE=InnoDB AUTO_INCREMENT=4 DEFAULT CHARSET=utf8;
/*!40101 SET character_set_client = @saved_cs_client */;

--
-- Dumping data for table `vtiger_date_format`
--

LOCK TABLES `vtiger_date_format` WRITE;
/*!40000 ALTER TABLE `vtiger_date_format` DISABLE KEYS */;
INSERT INTO `vtiger_date_format` VALUES (1,'dd-mm-yyyy',0,1),(2,'mm-dd-yyyy',1,1),(3,'yyyy-mm-dd',2,1);
/*!40000 ALTER TABLE `vtiger_date_format` ENABLE KEYS */;
UNLOCK TABLES;

--
-- Table structure for table `vtiger_date_format_seq`
--

DROP TABLE IF EXISTS `vtiger_date_format_seq`;
/*!40101 SET @saved_cs_client     = @@character_set_client */;
/*!40101 SET character_set_client = utf8 */;
CREATE TABLE `vtiger_date_format_seq` (
  `id` int(11) NOT NULL
) ENGINE=InnoDB DEFAULT CHARSET=utf8;
/*!40101 SET character_set_client = @saved_cs_client */;

--
-- Dumping data for table `vtiger_date_format_seq`
--

LOCK TABLES `vtiger_date_format_seq` WRITE;
/*!40000 ALTER TABLE `vtiger_date_format_seq` DISABLE KEYS */;
INSERT INTO `vtiger_date_format_seq` VALUES (3);
/*!40000 ALTER TABLE `vtiger_date_format_seq` ENABLE KEYS */;
UNLOCK TABLES;

--
-- Table structure for table `vtiger_dayoftheweek`
--

DROP TABLE IF EXISTS `vtiger_dayoftheweek`;
/*!40101 SET @saved_cs_client     = @@character_set_client */;
/*!40101 SET character_set_client = utf8 */;
CREATE TABLE `vtiger_dayoftheweek` (
  `dayoftheweekid` int(11) NOT NULL AUTO_INCREMENT,
  `dayoftheweek` varchar(200) NOT NULL,
  `sortorderid` int(11) DEFAULT NULL,
  `presence` int(11) NOT NULL DEFAULT 1,
  PRIMARY KEY (`dayoftheweekid`)
) ENGINE=InnoDB AUTO_INCREMENT=8 DEFAULT CHARSET=utf8;
/*!40101 SET character_set_client = @saved_cs_client */;

--
-- Dumping data for table `vtiger_dayoftheweek`
--

LOCK TABLES `vtiger_dayoftheweek` WRITE;
/*!40000 ALTER TABLE `vtiger_dayoftheweek` DISABLE KEYS */;
INSERT INTO `vtiger_dayoftheweek` VALUES (1,'Sunday',0,1),(2,'Monday',1,1),(3,'Tuesday',2,1),(4,'Wednesday',3,1),(5,'Thursday',4,1),(6,'Friday',5,1),(7,'Saturday',6,1);
/*!40000 ALTER TABLE `vtiger_dayoftheweek` ENABLE KEYS */;
UNLOCK TABLES;

--
-- Table structure for table `vtiger_dayoftheweek_seq`
--

DROP TABLE IF EXISTS `vtiger_dayoftheweek_seq`;
/*!40101 SET @saved_cs_client     = @@character_set_client */;
/*!40101 SET character_set_client = utf8 */;
CREATE TABLE `vtiger_dayoftheweek_seq` (
  `id` int(11) NOT NULL
) ENGINE=InnoDB DEFAULT CHARSET=utf8;
/*!40101 SET character_set_client = @saved_cs_client */;

--
-- Dumping data for table `vtiger_dayoftheweek_seq`
--

LOCK TABLES `vtiger_dayoftheweek_seq` WRITE;
/*!40000 ALTER TABLE `vtiger_dayoftheweek_seq` DISABLE KEYS */;
INSERT INTO `vtiger_dayoftheweek_seq` VALUES (7);
/*!40000 ALTER TABLE `vtiger_dayoftheweek_seq` ENABLE KEYS */;
UNLOCK TABLES;

--
-- Table structure for table `vtiger_def_org_field`
--

DROP TABLE IF EXISTS `vtiger_def_org_field`;
/*!40101 SET @saved_cs_client     = @@character_set_client */;
/*!40101 SET character_set_client = utf8 */;
CREATE TABLE `vtiger_def_org_field` (
  `tabid` int(10) DEFAULT NULL,
  `fieldid` int(19) NOT NULL,
  `visible` int(19) DEFAULT NULL,
  `readonly` int(19) DEFAULT NULL,
  PRIMARY KEY (`fieldid`),
  KEY `def_org_field_tabid_fieldid_idx` (`tabid`,`fieldid`),
  KEY `def_org_field_tabid_idx` (`tabid`),
  KEY `def_org_field_visible_fieldid_idx` (`visible`,`fieldid`)
) ENGINE=InnoDB DEFAULT CHARSET=utf8;
/*!40101 SET character_set_client = @saved_cs_client */;

--
-- Dumping data for table `vtiger_def_org_field`
--

LOCK TABLES `vtiger_def_org_field` WRITE;
/*!40000 ALTER TABLE `vtiger_def_org_field` DISABLE KEYS */;
INSERT INTO `vtiger_def_org_field` VALUES (6,1,0,0),(6,2,0,0),(6,3,0,0),(6,4,0,0),(6,5,0,0),(6,6,0,0),(6,7,0,0),(6,8,0,0),(6,9,0,0),(6,10,0,0),(6,11,0,0),(6,12,0,0),(6,13,0,0),(6,14,0,0),(6,15,0,0),(6,16,0,0),(6,17,0,0),(6,18,0,0),(6,19,0,0),(6,20,0,0),(6,21,0,0),(6,22,0,0),(6,23,0,0),(6,24,0,0),(6,25,0,0),(6,26,0,0),(6,27,0,0),(6,28,0,0),(6,29,0,0),(6,30,0,0),(6,31,0,0),(6,32,0,0),(6,33,0,0),(6,34,0,0),(6,35,0,0),(6,36,0,0),(7,37,0,0),(7,38,0,0),(7,39,0,0),(7,40,0,0),(7,41,0,0),(7,42,0,0),(7,43,0,0),(7,44,0,0),(7,45,0,0),(7,46,0,0),(7,47,0,0),(7,48,0,0),(7,49,0,0),(7,50,0,0),(7,51,0,0),(7,52,0,0),(7,53,0,0),(7,54,0,0),(7,55,0,0),(7,56,0,0),(7,57,0,0),(7,58,0,0),(7,59,0,0),(7,60,0,0),(7,61,0,0),(7,62,0,0),(7,63,0,0),(7,64,0,0),(7,65,0,0),(4,66,0,0),(4,67,0,0),(4,68,0,0),(4,69,0,0),(4,70,0,0),(4,71,0,0),(4,72,0,0),(4,73,0,0),(4,74,0,0),(4,75,0,0),(4,76,0,0),(4,77,0,0),(4,78,0,0),(4,79,0,0),(4,80,0,0),(4,81,0,0),(4,82,0,0),(4,83,0,0),(4,84,0,0),(4,85,0,0),(4,86,0,0),(4,87,0,0),(4,88,0,0),(4,89,0,0),(4,90,0,0),(4,91,0,0),(4,92,0,0),(4,93,0,0),(4,94,0,0),(4,95,0,0),(4,96,0,0),(4,97,0,0),(4,98,0,0),(4,99,0,0),(4,100,0,0),(4,101,0,0),(4,102,0,0),(4,103,0,0),(4,104,0,0),(4,105,0,0),(4,106,0,0),(4,107,0,0),(4,108,0,0),(4,109,0,0),(2,110,0,0),(2,111,0,0),(2,112,0,0),(2,113,0,0),(2,114,0,0),(2,115,0,0),(2,116,0,0),(2,117,0,0),(2,118,0,0),(2,119,0,0),(2,120,0,0),(2,121,0,0),(2,122,0,0),(2,123,0,0),(2,124,0,0),(2,125,0,0),(26,126,0,0),(26,127,0,0),(26,128,0,0),(26,129,0,0),(26,130,0,0),(26,131,0,0),(26,132,0,0),(26,133,0,0),(26,134,0,0),(26,135,0,0),(26,136,0,0),(26,137,0,0),(26,138,0,0),(26,139,0,0),(26,140,0,0),(26,141,0,0),(26,142,0,0),(26,143,0,0),(26,144,0,0),(26,145,0,0),(26,146,0,0),(26,147,0,0),(26,148,0,0),(26,149,0,0),(26,150,0,0),(4,151,0,0),(6,152,0,0),(7,153,0,0),(26,154,0,0),(13,155,0,0),(13,156,0,0),(13,157,0,0),(13,158,0,0),(13,159,0,0),(13,160,0,0),(13,161,0,0),(13,162,0,0),(13,163,0,0),(13,164,0,0),(13,165,0,0),(13,166,0,0),(13,167,0,0),(13,168,0,0),(13,169,0,0),(13,170,0,0),(13,171,0,0),(13,172,0,0),(13,173,0,0),(14,174,0,0),(14,175,0,0),(14,176,0,0),(14,177,0,0),(14,178,0,0),(14,179,0,0),(14,180,0,0),(14,181,0,0),(14,182,0,0),(14,183,0,0),(14,184,0,0),(14,185,0,0),(14,186,0,0),(14,187,0,0),(14,188,0,0),(14,189,0,0),(14,190,0,0),(14,191,0,0),(14,192,0,0),(14,193,0,0),(14,194,0,0),(14,195,0,0),(14,196,0,0),(14,197,0,0),(14,198,0,0),(14,199,0,0),(14,200,0,0),(14,201,0,0),(14,202,0,0),(14,203,0,0),(14,204,0,0),(8,205,0,0),(8,206,0,0),(8,207,0,0),(8,208,0,0),(8,209,0,0),(8,210,0,0),(8,211,0,0),(8,212,0,0),(8,213,0,0),(8,214,0,0),(8,215,0,0),(8,216,0,0),(8,217,0,0),(8,218,0,0),(8,219,0,0),(10,220,0,0),(10,221,0,0),(10,222,0,0),(10,223,0,0),(10,224,0,0),(10,225,0,0),(10,226,0,0),(10,227,0,0),(10,228,0,0),(10,229,0,0),(10,230,0,0),(10,231,0,0),(9,232,0,0),(9,233,0,0),(9,234,0,0),(9,235,0,0),(9,236,0,0),(9,237,0,0),(9,238,0,0),(9,239,0,0),(9,240,0,0),(9,241,0,0),(9,242,0,0),(9,243,0,0),(9,244,0,0),(9,245,0,0),(9,246,0,0),(9,247,0,0),(9,248,0,0),(9,249,0,0),(9,250,0,0),(9,251,0,0),(9,252,0,0),(9,253,0,0),(9,254,0,0),(9,255,0,0),(16,256,0,0),(16,257,0,0),(16,258,0,0),(16,259,0,0),(16,260,0,0),(16,261,0,0),(16,262,0,0),(16,263,0,0),(16,264,0,0),(16,265,0,0),(16,266,0,0),(16,267,0,0),(16,268,0,0),(16,269,0,0),(16,270,0,0),(16,271,0,0),(16,272,0,0),(16,273,0,0),(16,274,0,0),(16,275,0,0),(16,276,0,0),(16,277,0,0),(16,278,0,0),(15,279,0,0),(15,280,0,0),(15,281,0,0),(15,282,0,0),(15,283,0,0),(15,284,0,0),(15,285,0,0),(15,286,0,0),(15,287,0,0),(15,288,0,0),(18,289,0,0),(18,290,0,0),(18,291,0,0),(18,292,0,0),(18,293,0,0),(18,294,0,0),(18,295,0,0),(18,296,0,0),(18,297,0,0),(18,298,0,0),(18,299,0,0),(18,300,0,0),(18,301,0,0),(18,302,0,0),(18,303,0,0),(18,304,0,0),(18,305,0,0),(19,306,0,0),(19,307,0,0),(19,308,0,0),(19,309,0,0),(19,310,0,0),(19,311,0,0),(19,312,0,0),(19,313,0,0),(20,314,0,0),(20,315,0,0),(20,316,0,0),(20,317,0,0),(20,318,0,0),(20,319,0,0),(20,320,0,0),(20,321,0,0),(20,322,0,0),(20,323,0,0),(20,324,0,0),(20,325,0,0),(20,326,0,0),(20,327,0,0),(20,328,0,0),(20,329,0,0),(20,330,0,0),(20,331,0,0),(20,332,0,0),(20,333,0,0),(20,334,0,0),(20,335,0,0),(20,336,0,0),(20,337,0,0),(20,338,0,0),(20,339,0,0),(20,340,0,0),(20,341,0,0),(20,342,0,0),(20,343,0,0),(20,344,0,0),(20,345,0,0),(20,346,0,0),(20,347,0,0),(20,348,0,0),(20,349,0,0),(20,350,0,0),(21,351,0,0),(21,352,0,0),(21,353,0,0),(21,354,0,0),(21,355,0,0),(21,356,0,0),(21,357,0,0),(21,358,0,0),(21,359,0,0),(21,360,0,0),(21,361,0,0),(21,362,0,0),(21,363,0,0),(21,364,0,0),(21,365,0,0),(21,366,0,0),(21,367,0,0),(21,368,0,0),(21,369,0,0),(21,370,0,0),(21,371,0,0),(21,372,0,0),(21,373,0,0),(21,374,0,0),(21,375,0,0),(21,376,0,0),(21,377,0,0),(21,378,0,0),(21,379,0,0),(21,380,0,0),(21,381,0,0),(21,382,0,0),(21,383,0,0),(21,384,0,0),(21,385,0,0),(21,386,0,0),(21,387,0,0),(21,388,0,0),(22,389,0,0),(22,390,0,0),(22,391,0,0),(22,392,0,0),(22,393,0,0),(22,394,0,0),(22,395,0,0),(22,396,0,0),(22,397,0,0),(22,398,0,0),(22,399,0,0),(22,400,0,0),(22,401,0,0),(22,402,0,0),(22,403,0,0),(22,404,0,0),(22,405,0,0),(22,406,0,0),(22,407,0,0),(22,408,0,0),(22,409,0,0),(22,410,0,0),(22,411,0,0),(22,412,0,0),(22,413,0,0),(22,414,0,0),(22,415,0,0),(22,416,0,0),(22,417,0,0),(22,418,0,0),(22,419,0,0),(22,420,0,0),(22,421,0,0),(22,422,0,0),(22,423,0,0),(22,424,0,0),(22,425,0,0),(22,426,0,0),(22,427,0,0),(22,428,0,0),(22,429,0,0),(22,430,0,0),(22,431,0,0),(22,432,0,0),(22,433,0,0),(22,434,0,0),(22,435,0,0),(23,436,0,0),(23,437,0,0),(23,438,0,0),(23,439,0,0),(23,440,0,0),(23,441,0,0),(23,442,0,0),(23,443,0,0),(23,444,0,0),(23,445,0,0),(23,446,0,0),(23,447,0,0),(23,448,0,0),(23,449,0,0),(23,450,0,0),(23,451,0,0),(23,452,0,0),(23,453,0,0),(23,454,0,0),(23,455,0,0),(23,456,0,0),(23,457,0,0),(23,458,0,0),(23,459,0,0),(23,460,0,0),(23,461,0,0),(23,462,0,0),(23,463,0,0),(23,464,0,0),(23,465,0,0),(23,466,0,0),(23,467,0,0),(23,468,0,0),(23,469,0,0),(23,470,0,0),(23,471,0,0),(23,472,0,0),(23,473,0,0),(23,474,0,0),(29,475,0,0),(29,479,0,0),(29,480,0,0),(29,481,0,0),(29,482,0,0),(29,489,0,0),(29,490,0,0),(29,491,0,0),(29,492,0,0),(29,493,0,0),(29,494,0,0),(29,495,0,0),(29,496,0,0),(29,497,0,0),(29,498,0,0),(29,499,0,0),(29,504,0,0),(29,505,0,0),(29,506,0,0),(29,507,0,0),(29,510,0,0),(29,515,0,0),(10,520,0,0),(10,521,0,0),(10,522,0,0),(10,523,0,0),(10,524,0,0),(10,525,0,0),(34,526,0,0),(34,527,0,0),(34,528,0,0),(34,529,0,0),(34,530,0,0),(34,531,0,0),(34,532,0,0),(34,533,0,0),(34,534,0,0),(34,535,0,0),(34,536,0,0),(34,537,0,0),(34,538,0,0),(34,539,0,0),(34,540,0,0),(34,541,0,0),(34,542,0,0),(34,543,0,0),(34,544,0,0),(34,545,0,0),(34,546,0,0),(34,547,0,0),(35,548,0,0),(35,549,0,0),(35,550,0,0),(35,551,0,0),(35,552,0,0),(35,553,0,0),(35,554,0,0),(35,555,0,0),(35,556,0,0),(35,557,0,0),(35,558,0,0),(35,559,0,0),(35,560,0,0),(35,561,0,0),(35,562,0,0),(35,563,0,0),(35,564,0,0),(29,565,0,0),(37,566,0,0),(37,567,0,0),(37,568,0,0),(37,569,0,0),(37,570,0,0),(37,571,0,0),(37,572,0,0),(37,573,0,0),(37,574,0,0),(37,575,0,0),(37,576,0,0),(37,577,0,0),(37,578,0,0),(37,579,0,0),(37,580,0,0),(37,581,0,0),(37,582,0,0),(37,583,0,0),(37,584,0,0),(37,585,0,0),(37,586,0,0),(37,587,0,0),(38,588,0,0),(38,589,0,0),(38,590,0,0),(38,591,0,0),(38,592,0,0),(38,593,0,0),(38,594,0,0),(38,595,0,0),(38,596,0,0),(38,597,0,0),(38,598,0,0),(38,599,0,0),(38,600,0,0),(38,601,0,0),(38,602,0,0),(38,603,0,0),(38,604,0,0),(38,605,0,0),(38,606,0,0),(38,607,0,0),(38,608,0,0),(39,609,0,0),(39,610,0,0),(39,611,0,0),(39,612,0,0),(39,613,0,0),(39,614,0,0),(41,615,0,0),(41,616,0,0),(41,617,0,0),(41,618,0,0),(41,619,0,0),(41,620,0,0),(41,621,0,0),(41,622,0,0),(42,623,0,0),(42,624,0,0),(42,625,0,0),(42,626,0,0),(42,627,0,0),(42,628,0,0),(42,629,0,0),(42,630,0,0),(42,631,0,0),(42,632,0,0),(42,633,0,0),(42,634,0,0),(42,635,0,0),(43,636,0,0),(43,637,0,0),(43,638,0,0),(43,639,0,0),(43,640,0,0),(43,641,0,0),(43,642,0,0),(43,643,0,0),(43,644,0,0),(43,645,0,0),(43,646,0,0),(43,647,0,0),(43,648,0,0),(43,649,0,0),(43,650,0,0),(43,651,0,0),(43,652,0,0),(43,653,0,0),(44,654,0,0),(44,655,0,0),(44,656,0,0),(44,657,0,0),(44,658,0,0),(44,659,0,0),(44,660,0,0),(44,661,0,0),(44,662,0,0),(44,663,0,0),(44,664,0,0),(44,665,0,0),(44,666,0,0),(44,667,0,0),(44,668,0,0),(44,669,0,0),(44,670,0,0),(44,671,0,0),(44,672,0,0),(44,673,0,0),(2,674,0,0),(29,675,0,0),(23,676,0,0),(23,677,0,0),(23,678,0,0),(23,679,0,0),(23,680,0,0),(23,681,0,0),(23,682,0,0),(23,683,0,0),(23,684,0,0),(22,685,0,0),(22,686,0,0),(22,687,0,0),(22,688,0,0),(22,689,0,0),(22,690,0,0),(22,691,0,0),(22,692,0,0),(22,693,0,0),(21,694,0,0),(21,695,0,0),(21,696,0,0),(21,697,0,0),(21,698,0,0),(21,699,0,0),(21,700,0,0),(21,701,0,0),(21,702,0,0),(20,703,0,0),(20,704,0,0),(20,705,0,0),(20,706,0,0),(20,707,0,0),(20,708,0,0),(20,709,0,0),(20,710,0,0),(20,711,0,0),(29,712,0,0),(43,713,0,0),(41,714,0,0),(29,715,0,0),(29,716,0,0),(29,717,0,0),(23,718,0,0),(22,719,0,0),(21,720,0,0),(20,721,0,0),(29,722,0,0),(6,723,0,0),(4,724,0,0),(2,725,0,0),(29,726,0,0),(23,727,0,0),(23,728,0,0),(21,729,0,0),(21,730,0,0),(18,731,0,0),(7,732,0,0),(41,733,0,0),(41,734,0,0),(23,735,0,0),(20,736,0,0),(21,737,0,0),(22,738,0,0),(29,739,0,0),(2,740,0,0),(13,741,0,0),(29,742,0,0),(29,743,0,0),(29,744,0,0),(29,745,0,0),(14,772,0,0),(34,773,0,0),(23,774,0,0),(29,775,0,0),(23,776,0,0),(23,777,0,0),(23,778,0,0),(20,779,0,0),(20,780,0,0),(20,781,0,0),(21,782,0,0),(22,783,0,0),(22,784,0,0),(22,785,0,0),(41,786,0,0),(41,787,0,0),(41,788,0,0),(2,789,0,0),(4,790,0,0),(6,791,0,0),(7,792,0,0),(8,793,0,0),(9,794,0,0),(10,795,0,0),(13,796,0,0),(14,797,0,0),(15,798,0,0),(16,799,0,0),(18,800,0,0),(19,801,0,0),(20,802,0,0),(21,803,0,0),(22,804,0,0),(23,805,0,0),(26,806,0,0),(10,807,0,0),(2,808,0,0),(4,809,0,0),(6,810,0,0),(7,811,0,0),(8,812,0,0),(9,813,0,0),(10,814,0,0),(13,815,0,0),(14,816,0,0),(15,817,0,0),(16,818,0,0),(18,819,0,0),(19,820,0,0),(20,821,0,0),(21,822,0,0),(22,823,0,0),(23,824,0,0),(26,825,0,0),(35,826,0,0),(2,827,0,0),(4,828,0,0),(6,829,0,0),(7,830,0,0),(8,831,0,0),(9,832,0,0),(10,833,0,0),(13,834,0,0),(14,835,0,0),(15,836,0,0),(16,837,0,0),(18,838,0,0),(19,839,0,0),(20,840,0,0),(21,841,0,0),(22,842,0,0),(23,843,0,0),(26,844,0,0),(35,845,0,0),(20,846,0,0),(21,847,0,0),(22,848,0,0),(23,849,0,0),(44,850,0,0),(44,851,0,0),(13,853,0,0),(13,855,0,0),(52,856,0,0),(52,857,0,0),(52,858,0,0),(52,859,0,0),(52,860,0,0),(52,861,0,0),(52,862,0,0),(52,863,0,0),(52,864,0,0),(52,865,0,0),(52,866,0,0),(52,867,0,0),(52,868,0,0),(52,869,0,0),(6,871,0,0),(4,873,0,0),(14,875,0,0),(14,877,0,0),(14,879,0,0),(14,881,0,0),(14,883,0,0),(53,884,0,0),(53,885,0,0),(53,886,0,0),(53,887,0,0),(53,888,0,0),(53,889,0,0),(53,890,0,0),(53,891,0,0),(53,892,0,0),(53,893,0,0),(53,894,0,0),(53,895,0,0),(53,896,0,0),(53,897,0,0),(13,899,0,0),(13,901,0,0),(16,903,0,0),(16,907,0,0),(4,909,0,0),(4,911,0,0),(4,913,0,0),(6,915,0,0),(6,917,0,0),(6,919,0,0),(54,920,0,0),(54,921,0,0),(54,922,0,0),(54,923,0,0),(54,924,0,0),(54,925,0,0),(54,926,0,0),(54,927,0,0),(54,928,0,0),(54,929,0,0),(54,930,0,0),(55,931,0,0),(55,932,0,0),(55,933,0,0),(55,934,0,0),(55,935,0,0),(55,936,0,0),(55,937,0,0),(55,938,0,0),(55,939,0,0),(55,940,0,0),(13,943,0,0);
/*!40000 ALTER TABLE `vtiger_def_org_field` ENABLE KEYS */;
UNLOCK TABLES;

--
-- Table structure for table `vtiger_def_org_share`
--

DROP TABLE IF EXISTS `vtiger_def_org_share`;
/*!40101 SET @saved_cs_client     = @@character_set_client */;
/*!40101 SET character_set_client = utf8 */;
CREATE TABLE `vtiger_def_org_share` (
  `ruleid` int(11) NOT NULL AUTO_INCREMENT,
  `tabid` int(11) NOT NULL,
  `permission` int(19) DEFAULT NULL,
  `editstatus` int(19) DEFAULT NULL,
  PRIMARY KEY (`ruleid`),
  KEY `fk_1_vtiger_def_org_share` (`permission`),
  CONSTRAINT `fk_1_vtiger_def_org_share` FOREIGN KEY (`permission`) REFERENCES `vtiger_org_share_action_mapping` (`share_action_id`) ON DELETE CASCADE
) ENGINE=InnoDB AUTO_INCREMENT=30 DEFAULT CHARSET=utf8;
/*!40101 SET character_set_client = @saved_cs_client */;

--
-- Dumping data for table `vtiger_def_org_share`
--

LOCK TABLES `vtiger_def_org_share` WRITE;
/*!40000 ALTER TABLE `vtiger_def_org_share` DISABLE KEYS */;
INSERT INTO `vtiger_def_org_share` VALUES (1,2,2,0),(2,4,2,0),(3,6,2,0),(4,7,2,0),(5,9,3,1),(6,13,2,0),(7,16,3,2),(8,20,2,0),(9,21,2,0),(10,22,2,0),(11,23,2,0),(12,26,2,0),(13,8,2,0),(14,14,2,0),(15,34,2,0),(16,35,3,0),(17,37,2,0),(18,38,2,0),(19,39,2,0),(20,41,2,0),(21,42,2,0),(22,43,2,0),(23,44,2,0),(24,18,2,0),(25,10,2,0),(26,52,3,0),(27,53,3,0),(28,54,3,0),(29,55,3,0);
/*!40000 ALTER TABLE `vtiger_def_org_share` ENABLE KEYS */;
UNLOCK TABLES;

--
-- Table structure for table `vtiger_def_org_share_seq`
--

DROP TABLE IF EXISTS `vtiger_def_org_share_seq`;
/*!40101 SET @saved_cs_client     = @@character_set_client */;
/*!40101 SET character_set_client = utf8 */;
CREATE TABLE `vtiger_def_org_share_seq` (
  `id` int(11) NOT NULL
) ENGINE=InnoDB DEFAULT CHARSET=utf8;
/*!40101 SET character_set_client = @saved_cs_client */;

--
-- Dumping data for table `vtiger_def_org_share_seq`
--

LOCK TABLES `vtiger_def_org_share_seq` WRITE;
/*!40000 ALTER TABLE `vtiger_def_org_share_seq` DISABLE KEYS */;
INSERT INTO `vtiger_def_org_share_seq` VALUES (29);
/*!40000 ALTER TABLE `vtiger_def_org_share_seq` ENABLE KEYS */;
UNLOCK TABLES;

--
-- Table structure for table `vtiger_default_record_view`
--

DROP TABLE IF EXISTS `vtiger_default_record_view`;
/*!40101 SET @saved_cs_client     = @@character_set_client */;
/*!40101 SET character_set_client = utf8 */;
CREATE TABLE `vtiger_default_record_view` (
  `default_record_viewid` int(11) NOT NULL AUTO_INCREMENT,
  `default_record_view` varchar(200) NOT NULL,
  `sortorderid` int(11) DEFAULT NULL,
  `presence` int(11) NOT NULL DEFAULT 1,
  PRIMARY KEY (`default_record_viewid`)
) ENGINE=InnoDB AUTO_INCREMENT=3 DEFAULT CHARSET=utf8;
/*!40101 SET character_set_client = @saved_cs_client */;

--
-- Dumping data for table `vtiger_default_record_view`
--

LOCK TABLES `vtiger_default_record_view` WRITE;
/*!40000 ALTER TABLE `vtiger_default_record_view` DISABLE KEYS */;
INSERT INTO `vtiger_default_record_view` VALUES (1,'Summary',0,1),(2,'Detail',1,1);
/*!40000 ALTER TABLE `vtiger_default_record_view` ENABLE KEYS */;
UNLOCK TABLES;

--
-- Table structure for table `vtiger_default_record_view_seq`
--

DROP TABLE IF EXISTS `vtiger_default_record_view_seq`;
/*!40101 SET @saved_cs_client     = @@character_set_client */;
/*!40101 SET character_set_client = utf8 */;
CREATE TABLE `vtiger_default_record_view_seq` (
  `id` int(11) NOT NULL
) ENGINE=InnoDB DEFAULT CHARSET=utf8;
/*!40101 SET character_set_client = @saved_cs_client */;

--
-- Dumping data for table `vtiger_default_record_view_seq`
--

LOCK TABLES `vtiger_default_record_view_seq` WRITE;
/*!40000 ALTER TABLE `vtiger_default_record_view_seq` DISABLE KEYS */;
INSERT INTO `vtiger_default_record_view_seq` VALUES (2);
/*!40000 ALTER TABLE `vtiger_default_record_view_seq` ENABLE KEYS */;
UNLOCK TABLES;

--
-- Table structure for table `vtiger_defaultactivitytype`
--

DROP TABLE IF EXISTS `vtiger_defaultactivitytype`;
/*!40101 SET @saved_cs_client     = @@character_set_client */;
/*!40101 SET character_set_client = utf8 */;
CREATE TABLE `vtiger_defaultactivitytype` (
  `defaultactivitytypeid` int(11) NOT NULL AUTO_INCREMENT,
  `defaultactivitytype` varchar(200) NOT NULL,
  `presence` int(1) NOT NULL DEFAULT 1,
  `picklist_valueid` int(11) NOT NULL DEFAULT 0,
  `sortorderid` int(11) DEFAULT 0,
  PRIMARY KEY (`defaultactivitytypeid`)
) ENGINE=InnoDB AUTO_INCREMENT=3 DEFAULT CHARSET=utf8;
/*!40101 SET character_set_client = @saved_cs_client */;

--
-- Dumping data for table `vtiger_defaultactivitytype`
--

LOCK TABLES `vtiger_defaultactivitytype` WRITE;
/*!40000 ALTER TABLE `vtiger_defaultactivitytype` DISABLE KEYS */;
INSERT INTO `vtiger_defaultactivitytype` VALUES (1,'Call',1,299,1),(2,'Meeting',1,300,2);
/*!40000 ALTER TABLE `vtiger_defaultactivitytype` ENABLE KEYS */;
UNLOCK TABLES;

--
-- Table structure for table `vtiger_defaultactivitytype_seq`
--

DROP TABLE IF EXISTS `vtiger_defaultactivitytype_seq`;
/*!40101 SET @saved_cs_client     = @@character_set_client */;
/*!40101 SET character_set_client = utf8 */;
CREATE TABLE `vtiger_defaultactivitytype_seq` (
  `id` int(11) NOT NULL
) ENGINE=InnoDB DEFAULT CHARSET=utf8;
/*!40101 SET character_set_client = @saved_cs_client */;

--
-- Dumping data for table `vtiger_defaultactivitytype_seq`
--

LOCK TABLES `vtiger_defaultactivitytype_seq` WRITE;
/*!40000 ALTER TABLE `vtiger_defaultactivitytype_seq` DISABLE KEYS */;
INSERT INTO `vtiger_defaultactivitytype_seq` VALUES (2);
/*!40000 ALTER TABLE `vtiger_defaultactivitytype_seq` ENABLE KEYS */;
UNLOCK TABLES;

--
-- Table structure for table `vtiger_defaultcalendarview`
--

DROP TABLE IF EXISTS `vtiger_defaultcalendarview`;
/*!40101 SET @saved_cs_client     = @@character_set_client */;
/*!40101 SET character_set_client = utf8 */;
CREATE TABLE `vtiger_defaultcalendarview` (
  `defaultcalendarviewid` int(11) NOT NULL AUTO_INCREMENT,
  `defaultcalendarview` varchar(200) NOT NULL,
  `sortorderid` int(11) DEFAULT NULL,
  `presence` int(11) NOT NULL DEFAULT 1,
  PRIMARY KEY (`defaultcalendarviewid`)
) ENGINE=InnoDB AUTO_INCREMENT=4 DEFAULT CHARSET=utf8;
/*!40101 SET character_set_client = @saved_cs_client */;

--
-- Dumping data for table `vtiger_defaultcalendarview`
--

LOCK TABLES `vtiger_defaultcalendarview` WRITE;
/*!40000 ALTER TABLE `vtiger_defaultcalendarview` DISABLE KEYS */;
INSERT INTO `vtiger_defaultcalendarview` VALUES (1,'ListView',0,1),(2,'MyCalendar',1,1),(3,'SharedCalendar',2,1);
/*!40000 ALTER TABLE `vtiger_defaultcalendarview` ENABLE KEYS */;
UNLOCK TABLES;

--
-- Table structure for table `vtiger_defaultcalendarview_seq`
--

DROP TABLE IF EXISTS `vtiger_defaultcalendarview_seq`;
/*!40101 SET @saved_cs_client     = @@character_set_client */;
/*!40101 SET character_set_client = utf8 */;
CREATE TABLE `vtiger_defaultcalendarview_seq` (
  `id` int(11) NOT NULL
) ENGINE=InnoDB DEFAULT CHARSET=utf8;
/*!40101 SET character_set_client = @saved_cs_client */;

--
-- Dumping data for table `vtiger_defaultcalendarview_seq`
--

LOCK TABLES `vtiger_defaultcalendarview_seq` WRITE;
/*!40000 ALTER TABLE `vtiger_defaultcalendarview_seq` DISABLE KEYS */;
INSERT INTO `vtiger_defaultcalendarview_seq` VALUES (3);
/*!40000 ALTER TABLE `vtiger_defaultcalendarview_seq` ENABLE KEYS */;
UNLOCK TABLES;

--
-- Table structure for table `vtiger_defaultcv`
--

DROP TABLE IF EXISTS `vtiger_defaultcv`;
/*!40101 SET @saved_cs_client     = @@character_set_client */;
/*!40101 SET character_set_client = utf8 */;
CREATE TABLE `vtiger_defaultcv` (
  `tabid` int(19) NOT NULL,
  `defaultviewname` varchar(50) NOT NULL,
  `query` text DEFAULT NULL,
  PRIMARY KEY (`tabid`),
  CONSTRAINT `fk_1_vtiger_defaultcv` FOREIGN KEY (`tabid`) REFERENCES `vtiger_tab` (`tabid`) ON DELETE CASCADE
) ENGINE=InnoDB DEFAULT CHARSET=utf8;
/*!40101 SET character_set_client = @saved_cs_client */;

--
-- Dumping data for table `vtiger_defaultcv`
--

LOCK TABLES `vtiger_defaultcv` WRITE;
/*!40000 ALTER TABLE `vtiger_defaultcv` DISABLE KEYS */;
/*!40000 ALTER TABLE `vtiger_defaultcv` ENABLE KEYS */;
UNLOCK TABLES;

--
-- Table structure for table `vtiger_defaulteventstatus`
--

DROP TABLE IF EXISTS `vtiger_defaulteventstatus`;
/*!40101 SET @saved_cs_client     = @@character_set_client */;
/*!40101 SET character_set_client = utf8 */;
CREATE TABLE `vtiger_defaulteventstatus` (
  `defaulteventstatusid` int(11) NOT NULL AUTO_INCREMENT,
  `defaulteventstatus` varchar(200) NOT NULL,
  `presence` int(1) NOT NULL DEFAULT 1,
  `picklist_valueid` int(11) NOT NULL DEFAULT 0,
  `sortorderid` int(11) DEFAULT 0,
  PRIMARY KEY (`defaulteventstatusid`)
) ENGINE=InnoDB AUTO_INCREMENT=4 DEFAULT CHARSET=utf8;
/*!40101 SET character_set_client = @saved_cs_client */;

--
-- Dumping data for table `vtiger_defaulteventstatus`
--

LOCK TABLES `vtiger_defaulteventstatus` WRITE;
/*!40000 ALTER TABLE `vtiger_defaulteventstatus` DISABLE KEYS */;
INSERT INTO `vtiger_defaulteventstatus` VALUES (1,'Planned',1,296,1),(2,'Held',1,297,2),(3,'Not Held',1,298,3);
/*!40000 ALTER TABLE `vtiger_defaulteventstatus` ENABLE KEYS */;
UNLOCK TABLES;

--
-- Table structure for table `vtiger_defaulteventstatus_seq`
--

DROP TABLE IF EXISTS `vtiger_defaulteventstatus_seq`;
/*!40101 SET @saved_cs_client     = @@character_set_client */;
/*!40101 SET character_set_client = utf8 */;
CREATE TABLE `vtiger_defaulteventstatus_seq` (
  `id` int(11) NOT NULL
) ENGINE=InnoDB DEFAULT CHARSET=utf8;
/*!40101 SET character_set_client = @saved_cs_client */;

--
-- Dumping data for table `vtiger_defaulteventstatus_seq`
--

LOCK TABLES `vtiger_defaulteventstatus_seq` WRITE;
/*!40000 ALTER TABLE `vtiger_defaulteventstatus_seq` DISABLE KEYS */;
INSERT INTO `vtiger_defaulteventstatus_seq` VALUES (3);
/*!40000 ALTER TABLE `vtiger_defaulteventstatus_seq` ENABLE KEYS */;
UNLOCK TABLES;

--
-- Table structure for table `vtiger_duration_minutes`
--

DROP TABLE IF EXISTS `vtiger_duration_minutes`;
/*!40101 SET @saved_cs_client     = @@character_set_client */;
/*!40101 SET character_set_client = utf8 */;
CREATE TABLE `vtiger_duration_minutes` (
  `minutesid` int(19) NOT NULL AUTO_INCREMENT,
  `duration_minutes` varchar(200) NOT NULL,
  `sortorderid` int(19) NOT NULL DEFAULT 0,
  `presence` int(1) NOT NULL DEFAULT 1,
  `color` varchar(10) DEFAULT NULL,
  PRIMARY KEY (`minutesid`)
) ENGINE=InnoDB AUTO_INCREMENT=5 DEFAULT CHARSET=utf8;
/*!40101 SET character_set_client = @saved_cs_client */;

--
-- Dumping data for table `vtiger_duration_minutes`
--

LOCK TABLES `vtiger_duration_minutes` WRITE;
/*!40000 ALTER TABLE `vtiger_duration_minutes` DISABLE KEYS */;
INSERT INTO `vtiger_duration_minutes` VALUES (1,'00',0,1,NULL),(2,'15',1,1,NULL),(3,'30',2,1,NULL),(4,'45',3,1,NULL);
/*!40000 ALTER TABLE `vtiger_duration_minutes` ENABLE KEYS */;
UNLOCK TABLES;

--
-- Table structure for table `vtiger_duration_minutes_seq`
--

DROP TABLE IF EXISTS `vtiger_duration_minutes_seq`;
/*!40101 SET @saved_cs_client     = @@character_set_client */;
/*!40101 SET character_set_client = utf8 */;
CREATE TABLE `vtiger_duration_minutes_seq` (
  `id` int(11) NOT NULL
) ENGINE=InnoDB DEFAULT CHARSET=utf8;
/*!40101 SET character_set_client = @saved_cs_client */;

--
-- Dumping data for table `vtiger_duration_minutes_seq`
--

LOCK TABLES `vtiger_duration_minutes_seq` WRITE;
/*!40000 ALTER TABLE `vtiger_duration_minutes_seq` DISABLE KEYS */;
INSERT INTO `vtiger_duration_minutes_seq` VALUES (4);
/*!40000 ALTER TABLE `vtiger_duration_minutes_seq` ENABLE KEYS */;
UNLOCK TABLES;

--
-- Table structure for table `vtiger_durationhrs`
--

DROP TABLE IF EXISTS `vtiger_durationhrs`;
/*!40101 SET @saved_cs_client     = @@character_set_client */;
/*!40101 SET character_set_client = utf8 */;
CREATE TABLE `vtiger_durationhrs` (
  `hrsid` int(19) NOT NULL AUTO_INCREMENT,
  `hrs` varchar(50) DEFAULT NULL,
  `sortorderid` int(19) NOT NULL DEFAULT 0,
  `presence` int(1) NOT NULL DEFAULT 1,
  PRIMARY KEY (`hrsid`)
) ENGINE=InnoDB DEFAULT CHARSET=utf8;
/*!40101 SET character_set_client = @saved_cs_client */;

--
-- Dumping data for table `vtiger_durationhrs`
--

LOCK TABLES `vtiger_durationhrs` WRITE;
/*!40000 ALTER TABLE `vtiger_durationhrs` DISABLE KEYS */;
/*!40000 ALTER TABLE `vtiger_durationhrs` ENABLE KEYS */;
UNLOCK TABLES;

--
-- Table structure for table `vtiger_durationmins`
--

DROP TABLE IF EXISTS `vtiger_durationmins`;
/*!40101 SET @saved_cs_client     = @@character_set_client */;
/*!40101 SET character_set_client = utf8 */;
CREATE TABLE `vtiger_durationmins` (
  `minsid` int(19) NOT NULL AUTO_INCREMENT,
  `mins` varchar(50) DEFAULT NULL,
  `sortorderid` int(19) NOT NULL DEFAULT 0,
  `presence` int(1) NOT NULL DEFAULT 1,
  PRIMARY KEY (`minsid`)
) ENGINE=InnoDB DEFAULT CHARSET=utf8;
/*!40101 SET character_set_client = @saved_cs_client */;

--
-- Dumping data for table `vtiger_durationmins`
--

LOCK TABLES `vtiger_durationmins` WRITE;
/*!40000 ALTER TABLE `vtiger_durationmins` DISABLE KEYS */;
/*!40000 ALTER TABLE `vtiger_durationmins` ENABLE KEYS */;
UNLOCK TABLES;

--
-- Table structure for table `vtiger_email_access`
--

DROP TABLE IF EXISTS `vtiger_email_access`;
/*!40101 SET @saved_cs_client     = @@character_set_client */;
/*!40101 SET character_set_client = utf8 */;
CREATE TABLE `vtiger_email_access` (
  `crmid` int(11) DEFAULT NULL,
  `mailid` int(11) DEFAULT NULL,
  `accessdate` date DEFAULT NULL,
  `accesstime` datetime DEFAULT NULL
) ENGINE=InnoDB DEFAULT CHARSET=utf8;
/*!40101 SET character_set_client = @saved_cs_client */;

--
-- Dumping data for table `vtiger_email_access`
--

LOCK TABLES `vtiger_email_access` WRITE;
/*!40000 ALTER TABLE `vtiger_email_access` DISABLE KEYS */;
/*!40000 ALTER TABLE `vtiger_email_access` ENABLE KEYS */;
UNLOCK TABLES;

--
-- Table structure for table `vtiger_email_track`
--

DROP TABLE IF EXISTS `vtiger_email_track`;
/*!40101 SET @saved_cs_client     = @@character_set_client */;
/*!40101 SET character_set_client = utf8 */;
CREATE TABLE `vtiger_email_track` (
  `crmid` int(11) DEFAULT NULL,
  `mailid` int(11) DEFAULT NULL,
  `access_count` int(11) DEFAULT NULL,
  `click_count` int(11) NOT NULL DEFAULT 0,
  UNIQUE KEY `link_tabidtype_idx` (`crmid`,`mailid`)
) ENGINE=InnoDB DEFAULT CHARSET=utf8;
/*!40101 SET character_set_client = @saved_cs_client */;

--
-- Dumping data for table `vtiger_email_track`
--

LOCK TABLES `vtiger_email_track` WRITE;
/*!40000 ALTER TABLE `vtiger_email_track` DISABLE KEYS */;
INSERT INTO `vtiger_email_track` VALUES (2,3,0,0),(4,5,0,0),(4,6,0,0),(8,9,0,0),(8,10,0,0),(8,11,0,0),(8,12,0,0),(8,13,0,0),(8,14,0,0),(15,17,0,0),(15,18,0,0),(16,19,0,0),(16,20,0,0),(7,37,0,0),(7,38,0,0),(39,41,0,0),(39,42,0,0),(39,43,0,0),(44,46,0,0);
/*!40000 ALTER TABLE `vtiger_email_track` ENABLE KEYS */;
UNLOCK TABLES;

--
-- Table structure for table `vtiger_emaildetails`
--

DROP TABLE IF EXISTS `vtiger_emaildetails`;
/*!40101 SET @saved_cs_client     = @@character_set_client */;
/*!40101 SET character_set_client = utf8 */;
CREATE TABLE `vtiger_emaildetails` (
  `emailid` int(19) NOT NULL,
  `from_email` varchar(50) NOT NULL DEFAULT '',
  `to_email` text DEFAULT NULL,
  `cc_email` text DEFAULT NULL,
  `bcc_email` text DEFAULT NULL,
  `assigned_user_email` varchar(50) NOT NULL DEFAULT '',
  `idlists` text DEFAULT NULL,
  `email_flag` varchar(50) NOT NULL DEFAULT '',
  PRIMARY KEY (`emailid`)
) ENGINE=InnoDB DEFAULT CHARSET=utf8;
/*!40101 SET character_set_client = @saved_cs_client */;

--
-- Dumping data for table `vtiger_emaildetails`
--

LOCK TABLES `vtiger_emaildetails` WRITE;
/*!40000 ALTER TABLE `vtiger_emaildetails` DISABLE KEYS */;
INSERT INTO `vtiger_emaildetails` VALUES (3,'soporte@creantis.com','[\"soporte@creantis.com\"]','[\"\"]','[\"\"]','','2@1|','SENT'),(5,'soporte@creantis.com','[\"\",\"soporte@creantis.com\"]','[\"\"]','[\"\"]','','4@1|','SENT'),(6,'soporte@creantis.com','[\"\",\"oscar@creantis.com\"]','[\"\"]','[\"\"]','','4@1|','SENT'),(9,'soporte@creantis.com','[\"\",\"soporte@creantis.com\"]','[\"\"]','[\"\"]','','8@1|','SENT'),(10,'soporte@creantis.com','[\"\",\"oscar@creantis.com\"]','[\"\"]','[\"\"]','','8@1|','SENT'),(11,'soporte@creantis.com','[\"\",\"oscar@creantis.com\"]','[\"\"]','[\"\"]','','8@1|','SENT'),(12,'soporte@creantis.com','[\"\",\"soporte@creantis.com\"]','[\"\"]','[\"\"]','','8@1|','SENT'),(13,'soporte@creantis.com','[\"\",\"oscar@creantis.com\"]','[\"\"]','[\"\"]','','8@1|','SENT'),(14,'soporte@creantis.com','[\"\",\"soporte@creantis.com\"]','[\"\"]','[\"\"]','','8@1|','SENT'),(17,'soporte@creantis.com','[\"\",\"soporte@creantis.com\"]','[\"\"]','[\"\"]','','15@1|','SENT'),(18,'soporte@creantis.com','[\"\",\"oscar@creantis.com\"]','[\"\"]','[\"\"]','','15@1|','SENT'),(19,'soporte@creantis.com','[\"\",\"soporte@creantis.com\"]','[\"\"]','[\"\"]','','16@1|','SENT'),(20,'soporte@creantis.com','[\"\",\"oscar@creantis.com\"]','[\"\"]','[\"\"]','','16@1|','SENT'),(37,'soporte@creantis.com','[\"hcumbicus@creantis.com\"]','[\"hcumbicusr@gmail.com\"]','[\"\"]','','7@-1|','SENT'),(38,'soporte@creantis.com','[\"hcumbicus@creantis.com\"]','[\"hcumbicusr@gmail.com\"]','[\"\"]','','7@-1|','SENT'),(41,'soporte@creantis.com','[\"soporte@creantis.com\"]','[\"\"]','[\"\"]','','39@1|','SENT'),(42,'soporte@creantis.com','[\"soporte@creantis.com\"]','[\"\"]','[\"\"]','','39@1|','SENT'),(43,'soporte@creantis.com','[\"soporte@creantis.com\"]','[\"\"]','[\"\"]','','39@1|','SENT'),(46,'soporte@creantis.com','[\"soporte@creantis.com\"]','[\"\"]','[\"\"]','','44@1|','SENT');
/*!40000 ALTER TABLE `vtiger_emaildetails` ENABLE KEYS */;
UNLOCK TABLES;

--
-- Table structure for table `vtiger_emails_recipientprefs`
--

DROP TABLE IF EXISTS `vtiger_emails_recipientprefs`;
/*!40101 SET @saved_cs_client     = @@character_set_client */;
/*!40101 SET character_set_client = utf8 */;
CREATE TABLE `vtiger_emails_recipientprefs` (
  `id` int(11) NOT NULL AUTO_INCREMENT,
  `tabid` int(11) NOT NULL,
  `prefs` varchar(255) DEFAULT NULL,
  `userid` int(11) DEFAULT NULL,
  PRIMARY KEY (`id`)
) ENGINE=InnoDB DEFAULT CHARSET=utf8;
/*!40101 SET character_set_client = @saved_cs_client */;

--
-- Dumping data for table `vtiger_emails_recipientprefs`
--

LOCK TABLES `vtiger_emails_recipientprefs` WRITE;
/*!40000 ALTER TABLE `vtiger_emails_recipientprefs` DISABLE KEYS */;
/*!40000 ALTER TABLE `vtiger_emails_recipientprefs` ENABLE KEYS */;
UNLOCK TABLES;

--
-- Table structure for table `vtiger_emailslookup`
--

DROP TABLE IF EXISTS `vtiger_emailslookup`;
/*!40101 SET @saved_cs_client     = @@character_set_client */;
/*!40101 SET character_set_client = utf8 */;
CREATE TABLE `vtiger_emailslookup` (
  `crmid` int(20) DEFAULT NULL,
  `setype` varchar(100) DEFAULT NULL,
  `value` varchar(100) DEFAULT NULL,
  `fieldid` int(20) DEFAULT NULL,
  UNIQUE KEY `emailslookup_crmid_setype_fieldname_uk` (`crmid`,`setype`,`fieldid`),
  KEY `emailslookup_fieldid_setype_idx` (`fieldid`,`setype`),
  CONSTRAINT `emailslookup_crmid_fk` FOREIGN KEY (`crmid`) REFERENCES `vtiger_crmentity` (`crmid`) ON DELETE CASCADE
) ENGINE=InnoDB DEFAULT CHARSET=utf8;
/*!40101 SET character_set_client = @saved_cs_client */;

--
-- Dumping data for table `vtiger_emailslookup`
--

LOCK TABLES `vtiger_emailslookup` WRITE;
/*!40000 ALTER TABLE `vtiger_emailslookup` DISABLE KEYS */;
INSERT INTO `vtiger_emailslookup` VALUES (2,'Contacts','oscar@creantis.com',80),(21,'Accounts','hcumbicusr@gmail.com',9),(31,'Contacts','hs@gmail.com',80),(49,'Accounts','hcumbicusr@gmail.com',9),(52,'Accounts','creantisdevelopment@gmail.com',9);
/*!40000 ALTER TABLE `vtiger_emailslookup` ENABLE KEYS */;
UNLOCK TABLES;

--
-- Table structure for table `vtiger_emailtemplates`
--

DROP TABLE IF EXISTS `vtiger_emailtemplates`;
/*!40101 SET @saved_cs_client     = @@character_set_client */;
/*!40101 SET character_set_client = utf8 */;
CREATE TABLE `vtiger_emailtemplates` (
  `foldername` varchar(100) DEFAULT NULL,
  `templatename` varchar(100) DEFAULT NULL,
  `templatepath` varchar(100) DEFAULT NULL,
  `subject` varchar(255) DEFAULT NULL,
  `description` text DEFAULT NULL,
  `body` text DEFAULT NULL,
  `deleted` int(1) NOT NULL DEFAULT 0,
  `templateid` int(19) NOT NULL AUTO_INCREMENT,
  `systemtemplate` int(1) NOT NULL DEFAULT 0,
  `module` varchar(100) DEFAULT NULL,
  PRIMARY KEY (`templateid`),
  KEY `emailtemplates_foldernamd_templatename_subject_idx` (`foldername`,`templatename`,`subject`)
) ENGINE=InnoDB AUTO_INCREMENT=18 DEFAULT CHARSET=utf8;
/*!40101 SET character_set_client = @saved_cs_client */;

--
-- Dumping data for table `vtiger_emailtemplates`
--

LOCK TABLES `vtiger_emailtemplates` WRITE;
/*!40000 ALTER TABLE `vtiger_emailtemplates` DISABLE KEYS */;
INSERT INTO `vtiger_emailtemplates` VALUES ('Public','Announcement for Release','','Announcement for Release','Announcement of a release','Hello!   <br />\n	<br />\n	On behalf of the vtiger team,  I am pleased to announce the release of vtiger crm4.2 . This is a feature packed release including the mass email template handling, custom view feature, vtiger_reports feature and a host of other utilities. vtiger runs on all platforms.    <br />\n        <br />\n	Notable Features of vtiger are :   <br />\n	<br />\n	-Email Client Integration    <br />\n	-Trouble Ticket Integration   <br />\n	-Invoice Management Integration   <br />\n	-Reports Integration   <br />\n	-Portal Integration   <br />\n	-Enhanced Word Plugin Support   <br />\n	-Custom View Integration   <br />\n	<br />\n	Known Issues:   <br />\n	-ABCD   <br />\n	-EFGH   <br />\n	-IJKL   <br />\n	-MNOP   <br />\n	-QRST',0,1,0,''),('Public','Pending Invoices','','Invoices Pending','Payment Due','name <br />\nstreet, <br />\ncity, <br />\nstate, <br />\n zip) <br />\n  <br />\n Dear <br />\n <br />\n Please check the following invoices that are yet to be paid by you: <br />\n <br />\n No. Date      Amount <br />\n 1   1/1/01    $4000 <br />\n 2   2/2//01   $5000 <br />\n 3   3/3/01    $10000 <br />\n 4   7/4/01    $23560 <br />\n <br />\n Kindly let us know if there are any issues that you feel are pending to be discussed. <br />\n We will be more than happy to give you a call. <br />\n We would like to continue our business with you.',0,2,0,''),('Public','Acceptance Proposal','','Acceptance Proposal','Acceptance of Proposal',' Dear <br />\n <br />\nYour proposal on the project XYZW has been reviewed by us <br />\nand is acceptable in its entirety. <br />\n <br />\nWe are eagerly looking forward to this project <br />\nand are pleased about having the opportunity to work <br />\ntogether. We look forward to a long standing relationship <br />\nwith your esteemed firm. <br />\n<br />\nI would like to take this opportunity to invite you <br />\nto a game of golf on Wednesday morning 9am at the <br />\nCuff Links Ground. We will be waiting for you in the <br />\nExecutive Lounge. <br />\n<br />\nLooking forward to seeing you there.',0,3,0,''),('Public','Goods received acknowledgement','','Goods received acknowledgement','Acknowledged Receipt of Goods',' The undersigned hereby acknowledges receipt and delivery of the goods. <br />\nThe undersigned will release the payment subject to the goods being discovered not satisfactory. <br />\n<br />\nSigned under seal this <date>',0,4,0,''),('Public','Accept Order','','Accept Order','Acknowledgement/Acceptance of Order',' Dear <br />\n         We are in receipt of your order as contained in the <br />\n   purchase order form.We consider this to be final and binding on both sides. <br />\nIf there be any exceptions noted, we shall consider them <br />\nonly if the objection is received within ten days of receipt of <br />\nthis notice. <br />\n <br />\nThank you for your patronage.',0,5,0,''),('Public','Address Change','','Change of Address','Address Change','Dear <br />\n <br />\nWe are relocating our office to <br />\n11111,XYZDEF Cross, <br />\nUVWWX Circle <br />\nThe telephone number for this new location is (101) 1212-1328. <br />\n<br />\nOur Manufacturing Division will continue operations <br />\nat 3250 Lovedale Square Avenue, in Frankfurt. <br />\n<br />\nWe hope to keep in touch with you all. <br />\nPlease update your addressbooks.',0,6,0,''),('Public','Follow Up','','Follow Up','Follow Up of meeting','Dear <br />\n<br />\nThank you for extending us the opportunity to meet with <br />\nyou and members of your staff. <br />\n<br />\nI know that John Doe serviced your account <br />\nfor many years and made many friends at your firm. He has personally <br />\ndiscussed with me the deep relationship that he had with your firm. <br />\nWhile his presence will be missed, I can promise that we will <br />\ncontinue to provide the fine service that was accorded by <br />\nJohn to your firm. <br />\n<br />\nI was genuinely touched to receive such fine hospitality. <br />\n<br />\nThank you once again.',0,7,0,''),('Public','Target Crossed!','','Target Crossed!','Fantastic Sales Spree!','Congratulations! <br />\n<br />\nThe numbers are in and I am proud to inform you that our <br />\ntotal sales for the previous quarter <br />\namounts to $100,000,00.00!. This is the first time <br />\nwe have exceeded the target by almost 30%. <br />\nWe have also beat the previous quarter record by a <br />\nwhopping 75%! <br />\n<br />\nLet us meet at Smoking Joe for a drink in the evening! <br />\n\nC you all there guys!',0,8,0,''),('Public','Thanks Note','','Thanks Note','Note of thanks','Dear <br />\n<br />\nThank you for your confidence in our ability to serve you. <br />\nWe are glad to be given the chance to serve you.I look <br />\nforward to establishing a long term partnership with you. <br />\nConsider me as a friend. <br />\nShould any need arise,please do give us a call.',0,9,0,''),('Public','Customer Login Details','','Customer Portal Login Details','Send Portal login details to customer','<table width=\"700\" cellspacing=\"0\" cellpadding=\"0\" border=\"0\" align=\"center\" style=\"font-family: Arial,Helvetica,sans-serif; font-size: 12px; font-weight: normal; text-decoration: none; background-color: rgb(122, 122, 254);\">\n        <tr>\n            <td> </td>\n            <td> </td>\n            <td> </td>\n        </tr>\n        <tr>\n            <td> </td>\n            <td> </td>\n            <td> </td>\n        </tr>\n        <tr>\n            <td> </td>\n            <td> </td>\n            <td> </td>\n        </tr>\n        <tr>\n            <td width=\"50\"> </td>\n            <td>\n            <table width=\"100%\" cellspacing=\"0\" cellpadding=\"0\" border=\"0\">\n                    <tr>\n                        <td>\n                        <table width=\"100%\" cellspacing=\"0\" cellpadding=\"0\" border=\"0\" style=\"background-color: rgb(27, 77, 140); font-family: Arial,Helvetica,sans-serif; font-size: 14px; color: rgb(255, 255, 255); font-weight: normal; line-height: 25px;\">\n                                <tr>\n                                    <td align=\"center\" rowspan=\"4\">$logo$</td>\n                                    <td align=\"center\"> </td>\n                                </tr>\n                                <tr>\n                                    <td align=\"left\" style=\"background-color: rgb(27, 77, 140); font-family: Arial,Helvetica,sans-serif; font-size: 24px; color: rgb(255, 255, 255); font-weight: bolder; line-height: 35px;\">vtiger CRM<br /> </td>\n                                </tr>\n                                <tr>\n                                    <td align=\"right\" style=\"padding-right: 100px;\">The honest Open Source CRM </td>\n                                </tr>\n                                <tr>\n                                    <td> </td>\n                                </tr>\n                        </table>\n                        </td>\n                    </tr>\n                    <tr>\n                        <td>\n                        <table width=\"100%\" cellspacing=\"0\" cellpadding=\"0\" border=\"0\" style=\"font-family: Arial,Helvetica,sans-serif; font-size: 12px; font-weight: normal; color: rgb(0, 0, 0); background-color: rgb(255, 255, 255);\">\n                                <tr>\n                                    <td valign=\"top\">\n                                    <table width=\"100%\" cellspacing=\"0\" cellpadding=\"5\" border=\"0\">\n                                            <tr>\n                                                <td align=\"right\" style=\"font-family: Arial,Helvetica,sans-serif; font-size: 12px; font-weight: bolder; text-decoration: none; color: rgb(66, 66, 253);\"> </td>\n                                            </tr>\n                                            <tr>\n                                                <td> </td>\n                                            </tr>\n                                            <tr>\n                                                <td style=\"font-family: Arial,Helvetica,sans-serif; font-size: 14px; color: rgb(22, 72, 134); font-weight: bolder; line-height: 15px;\">Dear $contact_name$, </td>\n                                            </tr>\n                                            <tr>\n                                                <td style=\"font-family: Arial,Helvetica,sans-serif; font-size: 12px; color: rgb(0, 0, 0); font-weight: normal; text-align: justify; line-height: 20px;\"> Thank you very much for subscribing to the vtiger CRM - annual support service.<br />Here is your self service portal login details:</td>\n                                            </tr>\n                                            <tr>\n                                                <td align=\"center\">\n                                                <table width=\"75%\" cellspacing=\"0\" cellpadding=\"10\" border=\"0\" style=\"border: 2px solid rgb(180, 180, 179); background-color: rgb(226, 226, 225); font-family: Arial,Helvetica,sans-serif; font-size: 12px; color: rgb(0, 0, 0); font-weight: normal;\">\n                                                        <tr>\n                                                            <td><br />User ID     : <font color=\"#990000\"><strong> $login_name$</strong></font> </td>\n                                                        </tr>\n                                                        <tr>\n                                                            <td>Password: <font color=\"#990000\"><strong> $password$</strong></font> </td>\n                                                        </tr>\n                                                        <tr>\n                                                            <td align=\"center\"> <strong>  $URL$<br /> </strong> </td>\n                                                        </tr>\n                                                </table>\n                                                </td>\n                                            </tr>\n                                            <tr>\n                                                <td style=\"font-family: Arial,Helvetica,sans-serif; font-size: 12px; color: rgb(0, 0, 0); font-weight: normal; text-align: justify; line-height: 20px;\"><strong>NOTE:</strong> We suggest you to change your password after logging in first time. <br /><br /> <strong><u>Help Documentation</u></strong><br />  <br /> After logging in to vtiger Self-service Portal first time, you can access the vtiger CRM documents from the <strong>Documents</strong> tab. Following documents are available for your reference:<br />\n                                                <ul>\n                                                    <li>Installation Manual (Windows &amp; Linux OS)<br /> </li>\n                                                    <li>User &amp; Administrator Manual<br /> </li>\n                                                    <li>vtiger Customer Portal - User Manual<br /> </li>\n                                                    <li>vtiger Outlook Plugin - User Manual<br /> </li>\n                                                    <li>vtiger Office Plug-in - User Manual<br /> </li>\n                                                    <li>vtiger Thunderbird Extension - User Manual<br /> </li>\n                                                    <li>vtiger Web Forms - User Manual<br /> </li>\n                                                    <li>vtiger Firefox Tool bar - User Manual<br /> </li>\n                                                </ul>\n                                                <br />  <br /> <strong><u>Knowledge Base</u></strong><br /> <br /> Periodically we update frequently asked question based on our customer experiences. You can access the latest articles from the <strong>FAQ</strong> tab.<br /> <br /> <strong><u>vtiger CRM - Details</u></strong><br /> <br /> Kindly let us know your current vtiger CRM version and system specification so that we can provide you necessary guidelines to enhance your vtiger CRM system performance. Based on your system specification we alert you about the latest security &amp; upgrade patches.<br />  <br />			 Thank you once again and wish you a wonderful experience with vtiger CRM.<br /> </td>\n                                            </tr>\n                                            <tr>\n                                                <td align=\"right\"><strong style=\"padding: 2px; font-family: Arial,Helvetica,sans-serif; font-size: 12px; color: rgb(0, 0, 0); font-weight: bold;\"><br /><br />Best Regards</strong></td>\n                                            </tr>\n                                            <tr>\n                                                <td align=\"right\" style=\"font-family: Arial,Helvetica,sans-serif; font-size: 12px; color: rgb(0, 0, 0); font-weight: normal; line-height: 20px;\">$support_team$ </td>\n                                            </tr>\n                                            <tr>\n                                                <td align=\"right\"><a style=\"font-family: Arial,Helvetica,sans-serif; font-size: 12px; font-weight: bolder; text-decoration: none; color: rgb(66, 66, 253);\" href=\"http://www.vtiger.com\">www.vtiger.com</a></td>\n                                            </tr>\n                                            <tr>\n                                                <td> </td>\n                                            </tr>\n                                    </table>\n                                    </td>\n                                    <td width=\"1%\" valign=\"top\"> </td>\n                                </tr>\n                        </table>\n                        </td>\n                    </tr>\n                    <tr>\n                        <td>\n                        <table width=\"100%\" cellspacing=\"0\" cellpadding=\"5\" border=\"0\" style=\"font-family: Arial,Helvetica,sans-serif; font-size: 12px; color: rgb(255, 255, 255); font-weight: normal; line-height: 15px; background-color: rgb(51, 51, 51);\">\n                                <tr>\n                                    <td align=\"center\">Shree Narayana Complex, No 11 Sarathy Nagar, Vijaya Nagar , Velachery, Chennai - 600 042 India </td>\n                                </tr>\n                                <tr>\n                                    <td align=\"center\">Telephone No: +91 - 44 - 4202 - 1990     Toll Free No: +1 877 788 4437</td>\n                                </tr>\n                                <tr>\n                                    <td align=\"center\">Email Id: <a style=\"font-family: Arial,Helvetica,sans-serif; font-size: 12px; font-weight: bolder; text-decoration: none; color: rgb(255, 255, 255);\" href=\"mailto:support@vtiger.com\">support@vtiger.com</a></td>\n                                </tr>\n                        </table>\n                        </td>\n                    </tr>\n            </table>\n            </td>\n            <td width=\"50\"> </td>\n        </tr>\n        <tr>\n            <td> </td>\n            <td> </td>\n            <td> </td>\n        </tr>\n        <tr>\n            <td> </td>\n            <td> </td>\n            <td> </td>\n        </tr>\n        <tr>\n            <td> </td>\n            <td> </td>\n            <td> </td>\n        </tr>\n</table>',0,10,0,''),('Public','Support end notification before a week','','VtigerCRM Support Notification','Send Notification mail to customer before a week of support end date','<table width=\"700\" cellspacing=\"0\" cellpadding=\"0\" border=\"0\" align=\"center\" style=\"font-family: Arial,Helvetica,sans-serif; font-size: 12px; font-weight: normal; text-decoration: none; background-color: rgb(122, 122, 254);\">\n        <tr>\n            <td> </td>\n            <td> </td>\n            <td> </td>\n        </tr>\n        <tr>\n            <td> </td>\n            <td> </td>\n            <td> </td>\n        </tr>\n        <tr>\n            <td> </td>\n            <td> </td>\n            <td> </td>\n        </tr>\n        <tr>\n            <td width=\"50\"> </td>\n            <td>\n            <table width=\"100%\" cellspacing=\"0\" cellpadding=\"0\" border=\"0\">\n                    <tr>\n                        <td>\n                        <table width=\"100%\" cellspacing=\"0\" cellpadding=\"0\" border=\"0\" style=\"background-color: rgb(27, 77, 140); font-family: Arial,Helvetica,sans-serif; font-size: 14px; color: rgb(255, 255, 255); font-weight: normal; line-height: 25px;\">\n                                <tr>\n                                    <td align=\"center\" rowspan=\"4\">$logo$</td>\n                                    <td align=\"center\"> </td>\n                                </tr>\n                                <tr>\n                                    <td align=\"left\" style=\"background-color: rgb(27, 77, 140); font-family: Arial,Helvetica,sans-serif; font-size: 24px; color: rgb(255, 255, 255); font-weight: bolder; line-height: 35px;\">vtiger CRM </td>\n                                </tr>\n                                <tr>\n                                    <td align=\"right\" style=\"padding-right: 100px;\">The honest Open Source CRM </td>\n                                </tr>\n                                <tr>\n                                    <td> </td>\n                                </tr>\n                        </table>\n                        </td>\n                    </tr>\n                    <tr>\n                        <td>\n                        <table width=\"100%\" cellspacing=\"0\" cellpadding=\"0\" border=\"0\" style=\"font-family: Arial,Helvetica,sans-serif; font-size: 12px; font-weight: normal; color: rgb(0, 0, 0); background-color: rgb(255, 255, 255);\">\n                                <tr>\n                                    <td valign=\"top\">\n                                    <table width=\"100%\" cellspacing=\"0\" cellpadding=\"5\" border=\"0\">\n                                            <tr>\n                                                <td align=\"right\" style=\"font-family: Arial,Helvetica,sans-serif; font-size: 12px; font-weight: bolder; text-decoration: none; color: rgb(66, 66, 253);\"> </td>\n                                            </tr>\n                                            <tr>\n                                                <td> </td>\n                                            </tr>\n                                            <tr>\n                                                <td style=\"font-family: Arial,Helvetica,sans-serif; font-size: 14px; color: rgb(22, 72, 134); font-weight: bolder; line-height: 15px;\">Dear $contacts-lastname$, </td>\n                                            </tr>\n                                            <tr>\n                                                <td style=\"font-family: Arial,Helvetica,sans-serif; font-size: 12px; color: rgb(0, 0, 0); font-weight: normal; text-align: justify; line-height: 20px;\">This is just a notification mail regarding your support end.<br /><span style=\"font-weight: bold;\">Priority:</span> Urgent<br />Your Support is going to expire on next week<br />Please contact support@vtiger.com.<br /><br /><br /></td>\n                                            </tr>\n                                            <tr>\n                                                <td align=\"center\"><br /></td>\n                                            </tr>\n                                            <tr>\n                                                <td align=\"right\"><strong style=\"padding: 2px; font-family: Arial,Helvetica,sans-serif; font-size: 12px; color: rgb(0, 0, 0); font-weight: bold;\"><br /><br />Sincerly</strong></td>\n                                            </tr>\n                                            <tr>\n                                                <td align=\"right\" style=\"font-family: Arial,Helvetica,sans-serif; font-size: 12px; color: rgb(0, 0, 0); font-weight: normal; line-height: 20px;\">Support Team </td>\n                                            </tr>\n                                            <tr>\n                                                <td align=\"right\"><a style=\"font-family: Arial,Helvetica,sans-serif; font-size: 12px; font-weight: bolder; text-decoration: none; color: rgb(66, 66, 253);\" href=\"http://www.vtiger.com\">www.vtiger.com</a></td>\n                                            </tr>\n                                            <tr>\n                                                <td> </td>\n                                            </tr>\n                                    </table>\n                                    </td>\n                                    <td width=\"1%\" valign=\"top\"> </td>\n                                </tr>\n                        </table>\n                        </td>\n                    </tr>\n                    <tr>\n                        <td>\n                        <table width=\"100%\" cellspacing=\"0\" cellpadding=\"5\" border=\"0\" style=\"font-family: Arial,Helvetica,sans-serif; font-size: 12px; color: rgb(255, 255, 255); font-weight: normal; line-height: 15px; background-color: rgb(51, 51, 51);\">\n                                <tr>\n                                    <td align=\"center\">Shree Narayana Complex, No 11 Sarathy Nagar, Vijaya Nagar , Velachery, Chennai - 600 042 India </td>\n                                </tr>\n                                <tr>\n                                    <td align=\"center\">Telephone No: +91 - 44 - 4202 - 1990     Toll Free No: +1 877 788 4437</td>\n                                </tr>\n                                <tr>\n                                    <td align=\"center\">Email Id: <a style=\"font-family: Arial,Helvetica,sans-serif; font-size: 12px; font-weight: bolder; text-decoration: none; color: rgb(255, 255, 255);\" href=\"mailto:info@vtiger.com\">info@vtiger.com</a></td>\n                                </tr>\n                        </table>\n                        </td>\n                    </tr>\n            </table>\n            </td>\n            <td width=\"50\"> </td>\n        </tr>\n        <tr>\n            <td> </td>\n            <td> </td>\n            <td> </td>\n        </tr>\n        <tr>\n            <td> </td>\n            <td> </td>\n            <td> </td>\n        </tr>\n        <tr>\n            <td> </td>\n            <td> </td>\n            <td> </td>\n        </tr>\n</table>',0,11,0,''),('Public','Support end notification before a month','','VtigerCRM Support Notification','Send Notification mail to customer before a month of support end date','<table width=\"700\" cellspacing=\"0\" cellpadding=\"0\" border=\"0\" align=\"center\" style=\"font-family: Arial,Helvetica,sans-serif; font-size: 12px; font-weight: normal; text-decoration: none; background-color: rgb(122, 122, 254);\">\n        <tr>\n            <td> </td>\n            <td> </td>\n            <td> </td>\n        </tr>\n        <tr>\n            <td> </td>\n            <td> </td>\n            <td> </td>\n        </tr>\n        <tr>\n            <td> </td>\n            <td> </td>\n            <td> </td>\n        </tr>\n        <tr>\n            <td width=\"50\"> </td>\n            <td>\n            <table width=\"100%\" cellspacing=\"0\" cellpadding=\"0\" border=\"0\">\n                    <tr>\n                        <td>\n                        <table width=\"100%\" cellspacing=\"0\" cellpadding=\"0\" border=\"0\" style=\"background-color: rgb(27, 77, 140); font-family: Arial,Helvetica,sans-serif; font-size: 14px; color: rgb(255, 255, 255); font-weight: normal; line-height: 25px;\">\n                                <tr>\n                                    <td align=\"center\" rowspan=\"4\">$logo$</td>\n                                    <td align=\"center\"> </td>\n                                </tr>\n                                <tr>\n                                    <td align=\"left\" style=\"background-color: rgb(27, 77, 140); font-family: Arial,Helvetica,sans-serif; font-size: 24px; color: rgb(255, 255, 255); font-weight: bolder; line-height: 35px;\">vtiger CRM </td>\n                                </tr>\n                                <tr>\n                                    <td align=\"right\" style=\"padding-right: 100px;\">The honest Open Source CRM </td>\n                                </tr>\n                                <tr>\n                                    <td> </td>\n                                </tr>\n                        </table>\n                        </td>\n                    </tr>\n                    <tr>\n                        <td>\n                        <table width=\"100%\" cellspacing=\"0\" cellpadding=\"0\" border=\"0\" style=\"font-family: Arial,Helvetica,sans-serif; font-size: 12px; font-weight: normal; color: rgb(0, 0, 0); background-color: rgb(255, 255, 255);\">\n                                <tr>\n                                    <td valign=\"top\">\n                                    <table width=\"100%\" cellspacing=\"0\" cellpadding=\"5\" border=\"0\">\n                                            <tr>\n                                                <td align=\"right\" style=\"font-family: Arial,Helvetica,sans-serif; font-size: 12px; font-weight: bolder; text-decoration: none; color: rgb(66, 66, 253);\"> </td>\n                                            </tr>\n                                            <tr>\n                                                <td> </td>\n                                            </tr>\n                                            <tr>\n                                                <td style=\"font-family: Arial,Helvetica,sans-serif; font-size: 14px; color: rgb(22, 72, 134); font-weight: bolder; line-height: 15px;\">Dear $contacts-lastname$, </td>\n                                            </tr>\n                                            <tr>\n                                                <td style=\"font-family: Arial,Helvetica,sans-serif; font-size: 12px; color: rgb(0, 0, 0); font-weight: normal; text-align: justify; line-height: 20px;\">This is just a notification mail regarding your support end.<br /><span style=\"font-weight: bold;\">Priority:</span> Normal<br />Your Support is going to expire on next month.<br />Please contact support@vtiger.com<br /><br /><br /></td>\n                                            </tr>\n                                            <tr>\n                                                <td align=\"center\"><br /></td>\n                                            </tr>\n                                            <tr>\n                                                <td align=\"right\"><strong style=\"padding: 2px; font-family: Arial,Helvetica,sans-serif; font-size: 12px; color: rgb(0, 0, 0); font-weight: bold;\"><br /><br />Sincerly</strong></td>\n                                            </tr>\n                                            <tr>\n                                                <td align=\"right\" style=\"font-family: Arial,Helvetica,sans-serif; font-size: 12px; color: rgb(0, 0, 0); font-weight: normal; line-height: 20px;\">Support Team </td>\n                                            </tr>\n                                            <tr>\n                                                <td align=\"right\"><a href=\"http://www.vtiger.com\" style=\"font-family: Arial,Helvetica,sans-serif; font-size: 12px; font-weight: bolder; text-decoration: none; color: rgb(66, 66, 253);\">www.vtiger.com</a></td>\n                                            </tr>\n                                            <tr>\n                                                <td> </td>\n                                            </tr>\n                                    </table>\n                                    </td>\n                                    <td width=\"1%\" valign=\"top\"> </td>\n                                </tr>\n                        </table>\n                        </td>\n                    </tr>\n                    <tr>\n                        <td>\n                        <table width=\"100%\" cellspacing=\"0\" cellpadding=\"5\" border=\"0\" style=\"font-family: Arial,Helvetica,sans-serif; font-size: 12px; color: rgb(255, 255, 255); font-weight: normal; line-height: 15px; background-color: rgb(51, 51, 51);\">\n                                <tr>\n                                    <td align=\"center\">Shree Narayana Complex, No 11 Sarathy Nagar, Vijaya Nagar , Velachery, Chennai - 600 042 India </td>\n                                </tr>\n                                <tr>\n                                    <td align=\"center\">Telephone No: +91 - 44 - 4202 - 1990     Toll Free No: +1 877 788 4437</td>\n                                </tr>\n                                <tr>\n                                    <td align=\"center\">Email Id: <a href=\"mailto:info@vtiger.com\" style=\"font-family: Arial,Helvetica,sans-serif; font-size: 12px; font-weight: bolder; text-decoration: none; color: rgb(255, 255, 255);\">info@vtiger.com</a></td>\n                                </tr>\n                        </table>\n                        </td>\n                    </tr>\n            </table>\n            </td>\n            <td width=\"50\"> </td>\n        </tr>\n        <tr>\n            <td> </td>\n            <td> </td>\n            <td> </td>\n        </tr>\n        <tr>\n            <td> </td>\n            <td> </td>\n            <td> </td>\n        </tr>\n        <tr>\n            <td> </td>\n            <td> </td>\n            <td> </td>\n        </tr>\n</table>',0,12,0,''),('Public','Activity Reminder',NULL,'Reminder','Reminder','<p>Esta es una notificación de recordatorio para la Actividad.<br/>Los detalles son:<br/> \r\n							&nbsp; Asunto : $events-subject$<br/> \r\n							&nbsp; Inicio : $events-date_start$<br/>\r\n							&nbsp; Fin : $events-due_date$<br/> \r\n							&nbsp; Estado : $events-eventstatus$<br/> \r\n							&nbsp; Ubicación : $events-location$<br/> \r\n							&nbsp; Descripción : $events-description$<br/><br/> \r\n							<p/>',0,14,1,NULL),('Public','ToDo Reminder',NULL,'Activity Reminder','Reminder','<p>Esta es una notificación de recordatorio para la Actividad<br/>Los detalles son:<br/>\r\n								&nbsp; Asunto : $calendar-subject$<br/>\r\n								&nbsp; Inicio : $calendar-date_start$<br/>\r\n								&nbsp; Fin : $calendar-due_date$<br/>\r\n								&nbsp; Estado : $calendar-status$<br/>\r\n								&nbsp; Ubicación : $calendar-location$<br/>\r\n								&nbsp; Descripción : $calendar-description$<br/><br/>\r\n								<p/>',0,15,1,NULL),('Public','Invite Users',NULL,'Invitation','Invite Users','<p>$invitee_name$,<br/><br/>You have been invited for an activity<br/><br/>The details are :<br/>\n								&nbsp; Subject : $events-subject$<br/>\n								&nbsp; Start Date & Time : $events-date_start$<br/> \n								&nbsp; End Date & Time : $events-due_date$<br/>\n								&nbsp; Status : $events-eventstatus$<br/>\n								&nbsp; Priority : $events-priority$<br/>\n								&nbsp; Related To : $events-crmid$<br/>\n								&nbsp; Contact List : $events-contactid$<br/>\n								&nbsp; Location : $events-location$<br/>\n								&nbsp; Description : $events-description$<br/><br/>\n								Thanks & Regards,<br/>\n								$current_user_name$\n								<p/>',0,16,1,NULL),('Public','Recordatorio PPFF',NULL,'Apoderado','Recordatorio PPFF','<html>\r\n<head>\r\n	<title></title>\r\n</head>\r\n<body>\r\n<p>Estimado&nbsp;$accounts-accountname$, le recordamos que tiene programada una reuni&oacute;n.<br />\r\nLos detalles son:<br />\r\n&nbsp; Asunto : $events-subject$<br />\r\n&nbsp; Alumno:&nbsp;$events-contactid$<br />\r\n&nbsp; Inicio : $events-date_start$<br />\r\n&nbsp; Fin : $events-due_date$<br />\r\n&nbsp; Estado : $events-eventstatus$<br />\r\n&nbsp; Profesor : $events-profesor$<br />\r\n&nbsp; Descripci&oacute;n : $events-description$<br />\r\n<br />\r\n<br />\r\n<strong>Fleming College.</strong></p>\r\n\r\n<p></p>\r\n</body>\r\n</html>\r\n',0,17,1,'Accounts');
/*!40000 ALTER TABLE `vtiger_emailtemplates` ENABLE KEYS */;
UNLOCK TABLES;

--
-- Table structure for table `vtiger_emailtemplates_seq`
--

DROP TABLE IF EXISTS `vtiger_emailtemplates_seq`;
/*!40101 SET @saved_cs_client     = @@character_set_client */;
/*!40101 SET character_set_client = utf8 */;
CREATE TABLE `vtiger_emailtemplates_seq` (
  `id` int(11) NOT NULL
) ENGINE=InnoDB DEFAULT CHARSET=utf8;
/*!40101 SET character_set_client = @saved_cs_client */;

--
-- Dumping data for table `vtiger_emailtemplates_seq`
--

LOCK TABLES `vtiger_emailtemplates_seq` WRITE;
/*!40000 ALTER TABLE `vtiger_emailtemplates_seq` DISABLE KEYS */;
INSERT INTO `vtiger_emailtemplates_seq` VALUES (17);
/*!40000 ALTER TABLE `vtiger_emailtemplates_seq` ENABLE KEYS */;
UNLOCK TABLES;

--
-- Table structure for table `vtiger_entityname`
--

DROP TABLE IF EXISTS `vtiger_entityname`;
/*!40101 SET @saved_cs_client     = @@character_set_client */;
/*!40101 SET character_set_client = utf8 */;
CREATE TABLE `vtiger_entityname` (
  `tabid` int(19) NOT NULL DEFAULT 0,
  `modulename` varchar(100) DEFAULT NULL,
  `tablename` varchar(100) NOT NULL,
  `fieldname` varchar(150) NOT NULL,
  `entityidfield` varchar(150) NOT NULL,
  `entityidcolumn` varchar(150) NOT NULL,
  PRIMARY KEY (`tabid`),
  KEY `entityname_tabid_idx` (`tabid`),
  CONSTRAINT `fk_1_vtiger_entityname` FOREIGN KEY (`tabid`) REFERENCES `vtiger_tab` (`tabid`) ON DELETE CASCADE
) ENGINE=InnoDB DEFAULT CHARSET=utf8;
/*!40101 SET character_set_client = @saved_cs_client */;

--
-- Dumping data for table `vtiger_entityname`
--

LOCK TABLES `vtiger_entityname` WRITE;
/*!40000 ALTER TABLE `vtiger_entityname` DISABLE KEYS */;
INSERT INTO `vtiger_entityname` VALUES (2,'Potentials','vtiger_potential','potentialname','potentialid','potential_id'),(4,'Contacts','vtiger_contactdetails,vtiger_contactscf','firstname,lastname,cf_908','contactid','contact_id'),(6,'Accounts','vtiger_account','accountname','accountid','account_id'),(7,'Leads','vtiger_leaddetails','firstname,lastname','leadid','leadid'),(8,'Documents','vtiger_notes','title','notesid','notesid'),(9,'Calendar','vtiger_activity','subject','activityid','activityid'),(10,'Emails','vtiger_activity','subject','activityid','activityid'),(13,'HelpDesk','vtiger_troubletickets','title','ticketid','ticketid'),(14,'Products','vtiger_products','productname','productid','product_id'),(15,'Faq','vtiger_faq','question','id','id'),(18,'Vendors','vtiger_vendor','vendorname','vendorid','vendor_id'),(19,'PriceBooks','vtiger_pricebook','bookname','pricebookid','pricebookid'),(20,'Quotes','vtiger_quotes','subject','quoteid','quote_id'),(21,'PurchaseOrder','vtiger_purchaseorder','subject','purchaseorderid','purchaseorderid'),(22,'SalesOrder','vtiger_salesorder','subject','salesorderid','salesorder_id'),(23,'Invoice','vtiger_invoice','subject','invoiceid','invoiceid'),(26,'Campaigns','vtiger_campaign','campaignname','campaignid','campaignid'),(29,'Users','vtiger_users','first_name,last_name','id','id'),(34,'Services','vtiger_service','servicename','serviceid','serviceid'),(35,'PBXManager','vtiger_pbxmanager','customernumber','pbxmanagerid','pbxmanagerid'),(37,'ServiceContracts','vtiger_servicecontracts','subject','servicecontractsid','servicecontractsid'),(38,'Assets','vtiger_assets','assetname','assetsid','assetsid'),(39,'SMSNotifier','vtiger_smsnotifier','message','smsnotifierid','smsnotifierid'),(41,'ModComments','vtiger_modcomments','commentcontent','modcommentsid','modcommentsid'),(42,'ProjectMilestone','vtiger_projectmilestone','projectmilestonename','projectmilestoneid','projectmilestoneid'),(43,'ProjectTask','vtiger_projecttask','projecttaskname','projecttaskid','projecttaskid'),(44,'Project','vtiger_project','projectname','projectid','projectid'),(52,'Apdalm','vtiger_apdalm','apdalm_tks_codigoalumno','apdalmid','apdalmid'),(53,'Almsecc','vtiger_almsecc','almsecc_tks_codigoalumno','almseccid','almseccid'),(54,'Temas','vtiger_temas','temas_tks_regla','temasid','temasid'),(55,'Acciones','vtiger_acciones','acciones_tks_titulo','accionesid','accionesid');
/*!40000 ALTER TABLE `vtiger_entityname` ENABLE KEYS */;
UNLOCK TABLES;

--
-- Table structure for table `vtiger_eventhandler_module`
--

DROP TABLE IF EXISTS `vtiger_eventhandler_module`;
/*!40101 SET @saved_cs_client     = @@character_set_client */;
/*!40101 SET character_set_client = utf8 */;
CREATE TABLE `vtiger_eventhandler_module` (
  `eventhandler_module_id` int(11) NOT NULL AUTO_INCREMENT,
  `module_name` varchar(100) DEFAULT NULL,
  `handler_class` varchar(100) DEFAULT NULL,
  PRIMARY KEY (`eventhandler_module_id`)
) ENGINE=InnoDB AUTO_INCREMENT=6 DEFAULT CHARSET=utf8;
/*!40101 SET character_set_client = @saved_cs_client */;

--
-- Dumping data for table `vtiger_eventhandler_module`
--

LOCK TABLES `vtiger_eventhandler_module` WRITE;
/*!40000 ALTER TABLE `vtiger_eventhandler_module` DISABLE KEYS */;
INSERT INTO `vtiger_eventhandler_module` VALUES (1,'ModTracker','ModTrackerHandler'),(2,'ServiceContracts','ServiceContractsHandler'),(3,'Home','Vtiger_RecordLabelUpdater_Handler'),(4,'Invoice','InvoiceHandler'),(5,'PurchaseOrder','PurchaseOrderHandler');
/*!40000 ALTER TABLE `vtiger_eventhandler_module` ENABLE KEYS */;
UNLOCK TABLES;

--
-- Table structure for table `vtiger_eventhandler_module_seq`
--

DROP TABLE IF EXISTS `vtiger_eventhandler_module_seq`;
/*!40101 SET @saved_cs_client     = @@character_set_client */;
/*!40101 SET character_set_client = utf8 */;
CREATE TABLE `vtiger_eventhandler_module_seq` (
  `id` int(11) NOT NULL
) ENGINE=InnoDB DEFAULT CHARSET=utf8;
/*!40101 SET character_set_client = @saved_cs_client */;

--
-- Dumping data for table `vtiger_eventhandler_module_seq`
--

LOCK TABLES `vtiger_eventhandler_module_seq` WRITE;
/*!40000 ALTER TABLE `vtiger_eventhandler_module_seq` DISABLE KEYS */;
INSERT INTO `vtiger_eventhandler_module_seq` VALUES (5);
/*!40000 ALTER TABLE `vtiger_eventhandler_module_seq` ENABLE KEYS */;
UNLOCK TABLES;

--
-- Table structure for table `vtiger_eventhandlers`
--

DROP TABLE IF EXISTS `vtiger_eventhandlers`;
/*!40101 SET @saved_cs_client     = @@character_set_client */;
/*!40101 SET character_set_client = utf8 */;
CREATE TABLE `vtiger_eventhandlers` (
  `eventhandler_id` int(11) NOT NULL AUTO_INCREMENT,
  `event_name` varchar(100) NOT NULL,
  `handler_path` varchar(400) NOT NULL,
  `handler_class` varchar(100) NOT NULL,
  `cond` text DEFAULT NULL,
  `is_active` int(1) NOT NULL,
  `dependent_on` varchar(255) DEFAULT '[]',
  PRIMARY KEY (`eventhandler_id`,`event_name`,`handler_class`),
  UNIQUE KEY `eventhandler_idx` (`eventhandler_id`)
) ENGINE=InnoDB AUTO_INCREMENT=33 DEFAULT CHARSET=utf8;
/*!40101 SET character_set_client = @saved_cs_client */;

--
-- Dumping data for table `vtiger_eventhandlers`
--

LOCK TABLES `vtiger_eventhandlers` WRITE;
/*!40000 ALTER TABLE `vtiger_eventhandlers` DISABLE KEYS */;
INSERT INTO `vtiger_eventhandlers` VALUES (1,'vtiger.entity.aftersave','modules/SalesOrder/RecurringInvoiceHandler.php','RecurringInvoiceHandler','',1,'[]'),(2,'vtiger.entity.beforesave','data/VTEntityDelta.php','VTEntityDelta','',1,'[]'),(3,'vtiger.entity.aftersave','data/VTEntityDelta.php','VTEntityDelta','',1,'[]'),(4,'vtiger.entity.aftersave','modules/com_vtiger_workflow/VTEventHandler.inc','VTWorkflowEventHandler','',1,'[\"VTEntityDelta\"]'),(5,'vtiger.entity.afterrestore','modules/com_vtiger_workflow/VTEventHandler.inc','VTWorkflowEventHandler','',1,'[]'),(6,'vtiger.entity.aftersave.final','modules/HelpDesk/HelpDeskHandler.php','HelpDeskHandler','',1,'[]'),(7,'vtiger.entity.aftersave','modules/WSAPP/WorkFlowHandlers/WSAPPAssignToTracker.php','WSAPPAssignToTracker','',1,'[\"VTEntityDelta\"]'),(8,'vtiger.entity.aftersave.final','modules/ModTracker/ModTrackerHandler.php','ModTrackerHandler','',1,'[]'),(9,'vtiger.entity.beforedelete','modules/ModTracker/ModTrackerHandler.php','ModTrackerHandler','',1,'[]'),(10,'vtiger.entity.afterrestore','modules/ModTracker/ModTrackerHandler.php','ModTrackerHandler','',1,'[]'),(17,'vtiger.entity.beforesave','modules/ServiceContracts/ServiceContractsHandler.php','ServiceContractsHandler','',0,'[]'),(18,'vtiger.entity.aftersave','modules/ServiceContracts/ServiceContractsHandler.php','ServiceContractsHandler','',0,'[]'),(19,'vtiger.entity.aftersave','modules/Vtiger/handlers/RecordLabelUpdater.php','Vtiger_RecordLabelUpdater_Handler','',1,'[]'),(20,'vtiger.entity.aftersave','modules/Invoice/InvoiceHandler.php','InvoiceHandler','',1,'[]'),(21,'vtiger.entity.aftersave','modules/PurchaseOrder/PurchaseOrderHandler.php','PurchaseOrderHandler','',1,'[]'),(22,'vtiger.entity.aftersave','modules/ModComments/ModCommentsHandler.php','ModCommentsHandler','',1,'[]'),(23,'vtiger.picklist.afterrename','modules/Settings/Picklist/handlers/PickListHandler.php','PickListHandler','',1,'[]'),(24,'vtiger.picklist.afterdelete','modules/Settings/Picklist/handlers/PickListHandler.php','PickListHandler','',1,'[]'),(25,'vtiger.entity.aftersave','modules/Vtiger/handlers/EmailLookupHandler.php','EmailLookupHandler','',1,'[\"VTEntityDelta\"]'),(26,'vtiger.entity.afterdelete','modules/Vtiger/handlers/EmailLookupHandler.php','EmailLookupHandler','',1,'[]'),(27,'vtiger.entity.afterrestore','modules/Vtiger/handlers/EmailLookupHandler.php','EmailLookupHandler','',1,'[]'),(28,'vtiger.batchevent.save','modules/Vtiger/handlers/EmailLookupHandler.php','EmailLookupBatchHandler','',1,'[]'),(29,'vtiger.lead.convertlead','modules/Leads/handlers/LeadHandler.php','LeadHandler','',1,'[]'),(30,'vtiger.entity.beforesave','modules/Vtiger/handlers/CheckDuplicateHandler.php','CheckDuplicateHandler','',1,'[]'),(31,'vtiger.entity.beforerestore','modules/Vtiger/handlers/CheckDuplicateHandler.php','CheckDuplicateHandler','',1,'[]'),(32,'vtiger.entity.aftersave','modules/Vtiger/handlers/FollowRecordHandler.php','FollowRecordHandler','',1,'[]');
/*!40000 ALTER TABLE `vtiger_eventhandlers` ENABLE KEYS */;
UNLOCK TABLES;

--
-- Table structure for table `vtiger_eventhandlers_seq`
--

DROP TABLE IF EXISTS `vtiger_eventhandlers_seq`;
/*!40101 SET @saved_cs_client     = @@character_set_client */;
/*!40101 SET character_set_client = utf8 */;
CREATE TABLE `vtiger_eventhandlers_seq` (
  `id` int(11) NOT NULL
) ENGINE=InnoDB DEFAULT CHARSET=utf8;
/*!40101 SET character_set_client = @saved_cs_client */;

--
-- Dumping data for table `vtiger_eventhandlers_seq`
--

LOCK TABLES `vtiger_eventhandlers_seq` WRITE;
/*!40000 ALTER TABLE `vtiger_eventhandlers_seq` DISABLE KEYS */;
INSERT INTO `vtiger_eventhandlers_seq` VALUES (32);
/*!40000 ALTER TABLE `vtiger_eventhandlers_seq` ENABLE KEYS */;
UNLOCK TABLES;

--
-- Table structure for table `vtiger_eventstatus`
--

DROP TABLE IF EXISTS `vtiger_eventstatus`;
/*!40101 SET @saved_cs_client     = @@character_set_client */;
/*!40101 SET character_set_client = utf8 */;
CREATE TABLE `vtiger_eventstatus` (
  `eventstatusid` int(19) NOT NULL AUTO_INCREMENT,
  `eventstatus` varchar(200) NOT NULL,
  `presence` int(1) NOT NULL DEFAULT 1,
  `picklist_valueid` int(19) NOT NULL DEFAULT 0,
  `sortorderid` int(11) DEFAULT NULL,
  `color` varchar(10) DEFAULT NULL,
  PRIMARY KEY (`eventstatusid`)
) ENGINE=InnoDB AUTO_INCREMENT=5 DEFAULT CHARSET=utf8;
/*!40101 SET character_set_client = @saved_cs_client */;

--
-- Dumping data for table `vtiger_eventstatus`
--

LOCK TABLES `vtiger_eventstatus` WRITE;
/*!40000 ALTER TABLE `vtiger_eventstatus` DISABLE KEYS */;
INSERT INTO `vtiger_eventstatus` VALUES (1,'Planned',0,38,2,''),(2,'Held',0,39,3,''),(3,'Not Held',0,40,4,NULL),(4,'Disponible',1,365,1,'#00a334');
/*!40000 ALTER TABLE `vtiger_eventstatus` ENABLE KEYS */;
UNLOCK TABLES;

--
-- Table structure for table `vtiger_eventstatus_seq`
--

DROP TABLE IF EXISTS `vtiger_eventstatus_seq`;
/*!40101 SET @saved_cs_client     = @@character_set_client */;
/*!40101 SET character_set_client = utf8 */;
CREATE TABLE `vtiger_eventstatus_seq` (
  `id` int(11) NOT NULL
) ENGINE=InnoDB DEFAULT CHARSET=utf8;
/*!40101 SET character_set_client = @saved_cs_client */;

--
-- Dumping data for table `vtiger_eventstatus_seq`
--

LOCK TABLES `vtiger_eventstatus_seq` WRITE;
/*!40000 ALTER TABLE `vtiger_eventstatus_seq` DISABLE KEYS */;
INSERT INTO `vtiger_eventstatus_seq` VALUES (4);
/*!40000 ALTER TABLE `vtiger_eventstatus_seq` ENABLE KEYS */;
UNLOCK TABLES;

--
-- Table structure for table `vtiger_expectedresponse`
--

DROP TABLE IF EXISTS `vtiger_expectedresponse`;
/*!40101 SET @saved_cs_client     = @@character_set_client */;
/*!40101 SET character_set_client = utf8 */;
CREATE TABLE `vtiger_expectedresponse` (
  `expectedresponseid` int(19) NOT NULL AUTO_INCREMENT,
  `expectedresponse` varchar(200) NOT NULL,
  `presence` int(1) NOT NULL DEFAULT 1,
  `picklist_valueid` int(19) NOT NULL DEFAULT 0,
  `sortorderid` int(11) DEFAULT NULL,
  `color` varchar(10) DEFAULT NULL,
  PRIMARY KEY (`expectedresponseid`),
  UNIQUE KEY `CampaignExpRes_UK01` (`expectedresponse`)
) ENGINE=InnoDB AUTO_INCREMENT=6 DEFAULT CHARSET=utf8;
/*!40101 SET character_set_client = @saved_cs_client */;

--
-- Dumping data for table `vtiger_expectedresponse`
--

LOCK TABLES `vtiger_expectedresponse` WRITE;
/*!40000 ALTER TABLE `vtiger_expectedresponse` DISABLE KEYS */;
INSERT INTO `vtiger_expectedresponse` VALUES (2,'Excellent',1,42,1,NULL),(3,'Good',1,43,2,NULL),(4,'Average',1,44,3,NULL),(5,'Poor',1,45,4,NULL);
/*!40000 ALTER TABLE `vtiger_expectedresponse` ENABLE KEYS */;
UNLOCK TABLES;

--
-- Table structure for table `vtiger_expectedresponse_seq`
--

DROP TABLE IF EXISTS `vtiger_expectedresponse_seq`;
/*!40101 SET @saved_cs_client     = @@character_set_client */;
/*!40101 SET character_set_client = utf8 */;
CREATE TABLE `vtiger_expectedresponse_seq` (
  `id` int(11) NOT NULL
) ENGINE=InnoDB DEFAULT CHARSET=utf8;
/*!40101 SET character_set_client = @saved_cs_client */;

--
-- Dumping data for table `vtiger_expectedresponse_seq`
--

LOCK TABLES `vtiger_expectedresponse_seq` WRITE;
/*!40000 ALTER TABLE `vtiger_expectedresponse_seq` DISABLE KEYS */;
INSERT INTO `vtiger_expectedresponse_seq` VALUES (5);
/*!40000 ALTER TABLE `vtiger_expectedresponse_seq` ENABLE KEYS */;
UNLOCK TABLES;

--
-- Table structure for table `vtiger_extnstore_users`
--

DROP TABLE IF EXISTS `vtiger_extnstore_users`;
/*!40101 SET @saved_cs_client     = @@character_set_client */;
/*!40101 SET character_set_client = utf8 */;
CREATE TABLE `vtiger_extnstore_users` (
  `id` int(11) NOT NULL AUTO_INCREMENT,
  `username` varchar(50) DEFAULT NULL,
  `password` varchar(75) DEFAULT NULL,
  `instanceurl` varchar(255) DEFAULT NULL,
  `createdon` datetime DEFAULT NULL,
  `deleted` int(1) NOT NULL DEFAULT 0,
  PRIMARY KEY (`id`)
) ENGINE=InnoDB DEFAULT CHARSET=utf8;
/*!40101 SET character_set_client = @saved_cs_client */;

--
-- Dumping data for table `vtiger_extnstore_users`
--

LOCK TABLES `vtiger_extnstore_users` WRITE;
/*!40000 ALTER TABLE `vtiger_extnstore_users` DISABLE KEYS */;
/*!40000 ALTER TABLE `vtiger_extnstore_users` ENABLE KEYS */;
UNLOCK TABLES;

--
-- Table structure for table `vtiger_faq`
--

DROP TABLE IF EXISTS `vtiger_faq`;
/*!40101 SET @saved_cs_client     = @@character_set_client */;
/*!40101 SET character_set_client = utf8 */;
CREATE TABLE `vtiger_faq` (
  `id` int(11) NOT NULL AUTO_INCREMENT,
  `faq_no` varchar(100) NOT NULL,
  `product_id` varchar(100) DEFAULT NULL,
  `question` text DEFAULT NULL,
  `answer` text DEFAULT NULL,
  `category` varchar(200) NOT NULL,
  `status` varchar(200) NOT NULL,
  `tags` varchar(1) DEFAULT NULL,
  PRIMARY KEY (`id`),
  KEY `faq_id_idx` (`id`),
  CONSTRAINT `fk_1_vtiger_faq` FOREIGN KEY (`id`) REFERENCES `vtiger_crmentity` (`crmid`) ON DELETE CASCADE
) ENGINE=InnoDB DEFAULT CHARSET=utf8;
/*!40101 SET character_set_client = @saved_cs_client */;

--
-- Dumping data for table `vtiger_faq`
--

LOCK TABLES `vtiger_faq` WRITE;
/*!40000 ALTER TABLE `vtiger_faq` DISABLE KEYS */;
/*!40000 ALTER TABLE `vtiger_faq` ENABLE KEYS */;
UNLOCK TABLES;

--
-- Table structure for table `vtiger_faqcategories`
--

DROP TABLE IF EXISTS `vtiger_faqcategories`;
/*!40101 SET @saved_cs_client     = @@character_set_client */;
/*!40101 SET character_set_client = utf8 */;
CREATE TABLE `vtiger_faqcategories` (
  `faqcategories_id` int(19) NOT NULL AUTO_INCREMENT,
  `faqcategories` varchar(200) DEFAULT NULL,
  `presence` int(1) NOT NULL DEFAULT 1,
  `picklist_valueid` int(19) NOT NULL DEFAULT 0,
  `sortorderid` int(11) DEFAULT NULL,
  `color` varchar(10) DEFAULT NULL,
  PRIMARY KEY (`faqcategories_id`)
) ENGINE=InnoDB AUTO_INCREMENT=2 DEFAULT CHARSET=utf8;
/*!40101 SET character_set_client = @saved_cs_client */;

--
-- Dumping data for table `vtiger_faqcategories`
--

LOCK TABLES `vtiger_faqcategories` WRITE;
/*!40000 ALTER TABLE `vtiger_faqcategories` DISABLE KEYS */;
INSERT INTO `vtiger_faqcategories` VALUES (1,'General',1,46,0,NULL);
/*!40000 ALTER TABLE `vtiger_faqcategories` ENABLE KEYS */;
UNLOCK TABLES;

--
-- Table structure for table `vtiger_faqcategories_seq`
--

DROP TABLE IF EXISTS `vtiger_faqcategories_seq`;
/*!40101 SET @saved_cs_client     = @@character_set_client */;
/*!40101 SET character_set_client = utf8 */;
CREATE TABLE `vtiger_faqcategories_seq` (
  `id` int(11) NOT NULL
) ENGINE=InnoDB DEFAULT CHARSET=utf8;
/*!40101 SET character_set_client = @saved_cs_client */;

--
-- Dumping data for table `vtiger_faqcategories_seq`
--

LOCK TABLES `vtiger_faqcategories_seq` WRITE;
/*!40000 ALTER TABLE `vtiger_faqcategories_seq` DISABLE KEYS */;
INSERT INTO `vtiger_faqcategories_seq` VALUES (1);
/*!40000 ALTER TABLE `vtiger_faqcategories_seq` ENABLE KEYS */;
UNLOCK TABLES;

--
-- Table structure for table `vtiger_faqcf`
--

DROP TABLE IF EXISTS `vtiger_faqcf`;
/*!40101 SET @saved_cs_client     = @@character_set_client */;
/*!40101 SET character_set_client = utf8 */;
CREATE TABLE `vtiger_faqcf` (
  `faqid` int(19) NOT NULL DEFAULT 0,
  PRIMARY KEY (`faqid`),
  CONSTRAINT `fk_1_vtiger_faqcf` FOREIGN KEY (`faqid`) REFERENCES `vtiger_faq` (`id`) ON DELETE CASCADE
) ENGINE=InnoDB DEFAULT CHARSET=utf8;
/*!40101 SET character_set_client = @saved_cs_client */;

--
-- Dumping data for table `vtiger_faqcf`
--

LOCK TABLES `vtiger_faqcf` WRITE;
/*!40000 ALTER TABLE `vtiger_faqcf` DISABLE KEYS */;
/*!40000 ALTER TABLE `vtiger_faqcf` ENABLE KEYS */;
UNLOCK TABLES;

--
-- Table structure for table `vtiger_faqcomments`
--

DROP TABLE IF EXISTS `vtiger_faqcomments`;
/*!40101 SET @saved_cs_client     = @@character_set_client */;
/*!40101 SET character_set_client = utf8 */;
CREATE TABLE `vtiger_faqcomments` (
  `commentid` int(19) NOT NULL AUTO_INCREMENT,
  `faqid` int(19) DEFAULT NULL,
  `comments` text DEFAULT NULL,
  `createdtime` datetime NOT NULL,
  PRIMARY KEY (`commentid`),
  KEY `faqcomments_faqid_idx` (`faqid`),
  CONSTRAINT `fk_1_vtiger_faqcomments` FOREIGN KEY (`faqid`) REFERENCES `vtiger_faq` (`id`) ON DELETE CASCADE
) ENGINE=InnoDB DEFAULT CHARSET=utf8;
/*!40101 SET character_set_client = @saved_cs_client */;

--
-- Dumping data for table `vtiger_faqcomments`
--

LOCK TABLES `vtiger_faqcomments` WRITE;
/*!40000 ALTER TABLE `vtiger_faqcomments` DISABLE KEYS */;
/*!40000 ALTER TABLE `vtiger_faqcomments` ENABLE KEYS */;
UNLOCK TABLES;

--
-- Table structure for table `vtiger_faqstatus`
--

DROP TABLE IF EXISTS `vtiger_faqstatus`;
/*!40101 SET @saved_cs_client     = @@character_set_client */;
/*!40101 SET character_set_client = utf8 */;
CREATE TABLE `vtiger_faqstatus` (
  `faqstatus_id` int(19) NOT NULL AUTO_INCREMENT,
  `faqstatus` varchar(200) DEFAULT NULL,
  `presence` int(1) NOT NULL DEFAULT 1,
  `picklist_valueid` int(19) NOT NULL DEFAULT 0,
  `sortorderid` int(11) DEFAULT NULL,
  `color` varchar(10) DEFAULT NULL,
  PRIMARY KEY (`faqstatus_id`)
) ENGINE=InnoDB AUTO_INCREMENT=5 DEFAULT CHARSET=utf8;
/*!40101 SET character_set_client = @saved_cs_client */;

--
-- Dumping data for table `vtiger_faqstatus`
--

LOCK TABLES `vtiger_faqstatus` WRITE;
/*!40000 ALTER TABLE `vtiger_faqstatus` DISABLE KEYS */;
INSERT INTO `vtiger_faqstatus` VALUES (1,'Draft',0,47,0,NULL),(2,'Reviewed',0,48,1,NULL),(3,'Published',0,49,2,NULL),(4,'Obsolete',0,50,3,NULL);
/*!40000 ALTER TABLE `vtiger_faqstatus` ENABLE KEYS */;
UNLOCK TABLES;

--
-- Table structure for table `vtiger_faqstatus_seq`
--

DROP TABLE IF EXISTS `vtiger_faqstatus_seq`;
/*!40101 SET @saved_cs_client     = @@character_set_client */;
/*!40101 SET character_set_client = utf8 */;
CREATE TABLE `vtiger_faqstatus_seq` (
  `id` int(11) NOT NULL
) ENGINE=InnoDB DEFAULT CHARSET=utf8;
/*!40101 SET character_set_client = @saved_cs_client */;

--
-- Dumping data for table `vtiger_faqstatus_seq`
--

LOCK TABLES `vtiger_faqstatus_seq` WRITE;
/*!40000 ALTER TABLE `vtiger_faqstatus_seq` DISABLE KEYS */;
INSERT INTO `vtiger_faqstatus_seq` VALUES (4);
/*!40000 ALTER TABLE `vtiger_faqstatus_seq` ENABLE KEYS */;
UNLOCK TABLES;

--
-- Table structure for table `vtiger_feedback`
--

DROP TABLE IF EXISTS `vtiger_feedback`;
/*!40101 SET @saved_cs_client     = @@character_set_client */;
/*!40101 SET character_set_client = utf8 */;
CREATE TABLE `vtiger_feedback` (
  `userid` int(19) DEFAULT NULL,
  `dontshow` varchar(19) DEFAULT 'false'
) ENGINE=InnoDB DEFAULT CHARSET=utf8;
/*!40101 SET character_set_client = @saved_cs_client */;

--
-- Dumping data for table `vtiger_feedback`
--

LOCK TABLES `vtiger_feedback` WRITE;
/*!40000 ALTER TABLE `vtiger_feedback` DISABLE KEYS */;
/*!40000 ALTER TABLE `vtiger_feedback` ENABLE KEYS */;
UNLOCK TABLES;

--
-- Table structure for table `vtiger_field`
--

DROP TABLE IF EXISTS `vtiger_field`;
/*!40101 SET @saved_cs_client     = @@character_set_client */;
/*!40101 SET character_set_client = utf8 */;
CREATE TABLE `vtiger_field` (
  `tabid` int(19) NOT NULL,
  `fieldid` int(19) NOT NULL AUTO_INCREMENT,
  `columnname` varchar(30) NOT NULL,
  `tablename` varchar(100) DEFAULT NULL,
  `generatedtype` int(19) NOT NULL DEFAULT 0,
  `uitype` varchar(30) NOT NULL,
  `fieldname` varchar(50) NOT NULL,
  `fieldlabel` varchar(50) NOT NULL,
  `readonly` int(1) NOT NULL,
  `presence` int(19) NOT NULL DEFAULT 1,
  `defaultvalue` text DEFAULT NULL,
  `maximumlength` int(19) DEFAULT NULL,
  `sequence` int(19) DEFAULT NULL,
  `block` int(19) DEFAULT NULL,
  `displaytype` int(19) DEFAULT NULL,
  `typeofdata` varchar(100) DEFAULT NULL,
  `quickcreate` int(10) NOT NULL DEFAULT 1,
  `quickcreatesequence` int(19) DEFAULT NULL,
  `info_type` varchar(20) DEFAULT NULL,
  `masseditable` int(10) NOT NULL DEFAULT 1,
  `helpinfo` text DEFAULT NULL,
  `summaryfield` int(10) NOT NULL DEFAULT 0,
  `headerfield` int(1) DEFAULT 0,
  `isunique` tinyint(1) DEFAULT 0,
  PRIMARY KEY (`fieldid`),
  KEY `field_tabid_idx` (`tabid`),
  KEY `field_fieldname_idx` (`fieldname`),
  KEY `field_block_idx` (`block`),
  KEY `field_displaytype_idx` (`displaytype`),
  CONSTRAINT `fk_1_vtiger_field` FOREIGN KEY (`tabid`) REFERENCES `vtiger_tab` (`tabid`) ON DELETE CASCADE
) ENGINE=InnoDB AUTO_INCREMENT=944 DEFAULT CHARSET=utf8;
/*!40101 SET character_set_client = @saved_cs_client */;

--
-- Dumping data for table `vtiger_field`
--

LOCK TABLES `vtiger_field` WRITE;
/*!40000 ALTER TABLE `vtiger_field` DISABLE KEYS */;
INSERT INTO `vtiger_field` VALUES (6,1,'accountname','vtiger_account',1,'2','accountname','Account Name',1,0,'',100,4,9,1,'V~M',0,1,'BAS',1,NULL,1,0,1),(6,2,'account_no','vtiger_account',1,'4','account_no','Account No',1,0,'',100,1,10,1,'V~O',3,NULL,'BAS',0,NULL,1,0,0),(6,3,'phone','vtiger_account',1,'11','phone','Phone',1,2,'',100,7,9,1,'V~O',2,2,'BAS',1,NULL,0,1,0),(6,4,'website','vtiger_account',1,'17','website','Website',1,1,'',100,3,9,1,'V~O',2,3,'BAS',1,NULL,0,1,0),(6,5,'fax','vtiger_account',1,'11','fax','Fax',1,1,'',100,6,9,1,'V~O',1,NULL,'BAS',1,NULL,0,0,0),(6,6,'tickersymbol','vtiger_account',1,'1','tickersymbol','Ticker Symbol',1,1,'',100,5,9,1,'V~O',1,NULL,'BAS',1,NULL,0,0,0),(6,7,'otherphone','vtiger_account',1,'11','otherphone','Other Phone',1,2,'',100,8,9,1,'V~O',1,NULL,'ADV',1,NULL,0,0,0),(6,8,'parentid','vtiger_account',1,'51','account_id','Member Of',1,1,'',100,7,9,1,'I~O',1,NULL,'BAS',0,NULL,0,0,0),(6,9,'email1','vtiger_account',1,'13','email1','Email',1,2,'',100,9,9,1,'E~O',2,NULL,'BAS',1,NULL,0,1,0),(6,10,'employees','vtiger_account',1,'7','employees','Employees',1,1,'',100,9,9,1,'I~O',1,NULL,'ADV',1,NULL,0,0,0),(6,11,'email2','vtiger_account',1,'13','email2','Other Email',1,2,'',100,10,9,1,'E~O',1,NULL,'ADV',1,NULL,0,0,0),(6,12,'ownership','vtiger_account',1,'1','ownership','Ownership',1,1,'',100,12,9,1,'V~O',1,NULL,'ADV',1,NULL,0,0,0),(6,13,'rating','vtiger_account',1,'15','rating','Rating',1,1,'',100,14,9,1,'V~O',1,NULL,'ADV',1,NULL,0,0,0),(6,14,'industry','vtiger_account',1,'15','industry','industry',1,1,'',100,13,9,1,'V~O',1,NULL,'ADV',1,NULL,0,0,0),(6,15,'siccode','vtiger_account',1,'1','siccode','SIC Code',1,2,'',100,6,9,1,'V~O',2,NULL,'ADV',1,NULL,0,0,0),(6,16,'account_type','vtiger_account',1,'15','accounttype','Type',1,1,'',100,15,9,1,'V~O',1,NULL,'ADV',1,NULL,0,0,0),(6,17,'annualrevenue','vtiger_account',1,'71','annual_revenue','Annual Revenue',1,1,'',100,18,9,1,'N~O',1,NULL,'ADV',1,NULL,0,0,0),(6,18,'emailoptout','vtiger_account',1,'56','emailoptout','Email Opt Out',1,0,'',100,11,9,1,'C~O',1,NULL,'ADV',1,NULL,0,0,0),(6,19,'notify_owner','vtiger_account',1,'56','notify_owner','Notify Owner',1,1,'0',10,9,9,1,'C~O',1,NULL,'ADV',1,NULL,0,0,0),(6,20,'smownerid','vtiger_crmentity',1,'53','assigned_user_id','Assigned To',1,0,'',100,13,9,1,'V~M',0,4,'BAS',1,NULL,1,0,0),(6,21,'createdtime','vtiger_crmentity',1,'70','createdtime','Created Time',1,0,'',100,2,10,2,'DT~O',3,NULL,'BAS',0,NULL,0,0,0),(6,22,'modifiedtime','vtiger_crmentity',1,'70','modifiedtime','Modified Time',1,0,'',100,3,10,2,'DT~O',3,NULL,'BAS',0,NULL,0,0,0),(6,23,'modifiedby','vtiger_crmentity',1,'52','modifiedby','Last Modified By',1,0,'',100,23,9,3,'V~O',3,NULL,'BAS',0,NULL,0,0,0),(6,24,'bill_street','vtiger_accountbillads',1,'21','bill_street','Billing Address',1,1,'',100,1,11,1,'V~O',1,NULL,'BAS',1,NULL,0,0,0),(6,25,'ship_street','vtiger_accountshipads',1,'21','ship_street','Shipping Address',1,2,'',100,4,11,1,'V~O',1,NULL,'BAS',1,NULL,0,0,0),(6,26,'bill_city','vtiger_accountbillads',1,'1','bill_city','Billing City',1,1,'',100,5,11,1,'V~O',1,NULL,'BAS',1,NULL,1,0,0),(6,27,'ship_city','vtiger_accountshipads',1,'1','ship_city','Shipping City',1,2,'',100,3,11,1,'V~O',1,NULL,'BAS',1,NULL,0,0,0),(6,28,'bill_state','vtiger_accountbillads',1,'1','bill_state','Billing State',1,1,'',100,7,11,1,'V~O',1,NULL,'BAS',1,NULL,0,0,0),(6,29,'ship_state','vtiger_accountshipads',1,'1','ship_state','Shipping State',1,2,'',100,2,11,1,'V~O',1,NULL,'BAS',1,NULL,0,0,0),(6,30,'bill_code','vtiger_accountbillads',1,'1','bill_code','Billing Code',1,1,'',100,9,11,1,'V~O',1,NULL,'BAS',1,NULL,0,0,0),(6,31,'ship_code','vtiger_accountshipads',1,'1','ship_code','Shipping Code',1,1,'',100,10,11,1,'V~O',1,NULL,'BAS',1,NULL,0,0,0),(6,32,'bill_country','vtiger_accountbillads',1,'1','bill_country','Billing Country',1,1,'',100,11,11,1,'V~O',1,NULL,'BAS',1,NULL,1,0,0),(6,33,'ship_country','vtiger_accountshipads',1,'1','ship_country','Shipping Country',1,1,'',100,12,11,1,'V~O',1,NULL,'BAS',1,NULL,0,0,0),(6,34,'bill_pobox','vtiger_accountbillads',1,'1','bill_pobox','Billing Po Box',1,1,'',100,3,11,1,'V~O',1,NULL,'BAS',1,NULL,0,0,0),(6,35,'ship_pobox','vtiger_accountshipads',1,'1','ship_pobox','Shipping Po Box',1,2,'',100,1,11,1,'V~O',1,NULL,'BAS',1,NULL,0,0,0),(6,36,'description','vtiger_crmentity',1,'19','description','Description',1,2,'',100,1,12,1,'V~O',1,NULL,'BAS',1,NULL,0,0,0),(7,37,'salutation','vtiger_leaddetails',1,'55','salutationtype','Salutation',1,0,'',100,1,13,3,'V~O',1,NULL,'BAS',1,NULL,0,0,0),(7,38,'firstname','vtiger_leaddetails',1,'55','firstname','First Name',1,0,'',100,2,13,1,'V~O',2,1,'BAS',1,NULL,1,0,0),(7,39,'lead_no','vtiger_leaddetails',1,'4','lead_no','Lead No',1,0,'',100,3,13,1,'V~O',3,NULL,'BAS',0,NULL,0,0,0),(7,40,'phone','vtiger_leadaddress',1,'11','phone','Phone',1,2,'',100,5,13,1,'V~O',2,4,'BAS',1,NULL,0,1,0),(7,41,'lastname','vtiger_leaddetails',1,'255','lastname','Last Name',1,0,'',100,4,13,1,'V~M',0,2,'BAS',1,NULL,1,0,0),(7,42,'mobile','vtiger_leadaddress',1,'11','mobile','Mobile',1,2,'',100,7,13,1,'V~O',1,NULL,'BAS',1,NULL,0,0,0),(7,43,'company','vtiger_leaddetails',1,'2','company','Company',1,2,'',100,6,13,1,'V~O',2,3,'BAS',1,NULL,1,0,0),(7,44,'fax','vtiger_leadaddress',1,'11','fax','Fax',1,2,'',100,9,13,1,'V~O',1,NULL,'BAS',1,NULL,0,0,0),(7,45,'designation','vtiger_leaddetails',1,'1','designation','Designation',1,2,'',100,8,13,1,'V~O',1,NULL,'BAS',1,NULL,0,0,0),(7,46,'email','vtiger_leaddetails',1,'13','email','Email',1,2,'',100,11,13,1,'E~O',2,5,'BAS',1,NULL,0,1,0),(7,47,'leadsource','vtiger_leaddetails',1,'15','leadsource','Lead Source',1,2,'',100,10,13,1,'V~O',1,NULL,'BAS',1,NULL,1,0,0),(7,48,'website','vtiger_leadsubdetails',1,'17','website','Website',1,2,'',100,13,13,1,'V~O',1,NULL,'ADV',1,NULL,1,0,0),(7,49,'industry','vtiger_leaddetails',1,'15','industry','Industry',1,2,'',100,12,13,1,'V~O',1,NULL,'ADV',1,NULL,0,0,0),(7,50,'leadstatus','vtiger_leaddetails',1,'15','leadstatus','Lead Status',1,2,'',100,15,13,1,'V~O',1,NULL,'BAS',1,NULL,0,0,0),(7,51,'annualrevenue','vtiger_leaddetails',1,'71','annualrevenue','Annual Revenue',1,2,'',100,14,13,1,'N~O',1,NULL,'ADV',1,NULL,0,0,0),(7,52,'rating','vtiger_leaddetails',1,'15','rating','Rating',1,2,'',100,17,13,1,'V~O',1,NULL,'ADV',1,NULL,0,0,0),(7,53,'noofemployees','vtiger_leaddetails',1,'1','noofemployees','No Of Employees',1,2,'',100,16,13,1,'I~O',1,NULL,'ADV',1,NULL,0,0,0),(7,54,'smownerid','vtiger_crmentity',1,'53','assigned_user_id','Assigned To',1,0,'',100,19,13,1,'V~M',0,6,'BAS',1,NULL,1,0,0),(7,55,'secondaryemail','vtiger_leaddetails',1,'13','secondaryemail','Secondary Email',1,2,'',100,18,13,1,'E~O',1,NULL,'ADV',1,NULL,0,0,0),(7,56,'createdtime','vtiger_crmentity',1,'70','createdtime','Created Time',1,0,'',100,21,13,2,'DT~O',3,NULL,'BAS',0,NULL,0,0,0),(7,57,'modifiedtime','vtiger_crmentity',1,'70','modifiedtime','Modified Time',1,0,'',100,20,13,2,'DT~O',3,NULL,'BAS',0,NULL,0,0,0),(7,58,'modifiedby','vtiger_crmentity',1,'52','modifiedby','Last Modified By',1,0,'',100,23,13,3,'V~O',3,NULL,'BAS',0,NULL,0,0,0),(7,59,'lane','vtiger_leadaddress',1,'21','lane','Street',1,2,'',100,1,15,1,'V~O',1,NULL,'BAS',1,NULL,0,0,0),(7,60,'code','vtiger_leadaddress',1,'1','code','Postal Code',1,2,'',100,3,15,1,'V~O',1,NULL,'BAS',1,NULL,0,0,0),(7,61,'city','vtiger_leadaddress',1,'1','city','City',1,2,'',100,4,15,1,'V~O',1,NULL,'BAS',1,NULL,1,0,0),(7,62,'country','vtiger_leadaddress',1,'1','country','Country',1,2,'',100,5,15,1,'V~O',1,NULL,'BAS',1,NULL,1,0,0),(7,63,'state','vtiger_leadaddress',1,'1','state','State',1,2,'',100,6,15,1,'V~O',1,NULL,'BAS',1,NULL,0,0,0),(7,64,'pobox','vtiger_leadaddress',1,'1','pobox','Po Box',1,2,'',100,2,15,1,'V~O',1,NULL,'BAS',1,NULL,0,0,0),(7,65,'description','vtiger_crmentity',1,'19','description','Description',1,2,'',100,1,16,1,'V~O',1,NULL,'BAS',1,NULL,0,0,0),(4,66,'salutation','vtiger_contactdetails',1,'55','salutationtype','Salutation',1,0,'',100,1,4,3,'V~O',1,NULL,'BAS',1,NULL,0,0,0),(4,67,'firstname','vtiger_contactdetails',1,'55','firstname','First Name',1,0,'',100,1,4,1,'V~O',2,1,'BAS',1,NULL,1,0,0),(4,68,'contact_no','vtiger_contactdetails',1,'4','contact_no','Contact Id',1,0,'',100,2,5,1,'V~O',3,NULL,'BAS',0,NULL,0,0,0),(4,69,'phone','vtiger_contactdetails',1,'11','phone','Office Phone',1,1,'',100,5,4,1,'V~O',2,4,'BAS',1,NULL,0,1,0),(4,70,'lastname','vtiger_contactdetails',1,'255','lastname','Last Name',1,0,'',100,2,4,1,'V~M',0,2,'BAS',1,NULL,1,0,0),(4,71,'mobile','vtiger_contactdetails',1,'11','mobile','Mobile',1,2,'',100,11,4,1,'V~O',1,NULL,'BAS',1,NULL,0,0,0),(4,72,'accountid','vtiger_contactdetails',1,'51','account_id','Account Name',1,0,'',100,5,5,1,'I~O',1,3,'BAS',2,NULL,0,0,0),(4,73,'homephone','vtiger_contactsubdetails',1,'11','homephone','Home Phone',1,2,'',100,9,4,1,'V~O',1,NULL,'ADV',1,NULL,0,0,0),(4,74,'leadsource','vtiger_contactsubdetails',1,'15','leadsource','Lead Source',1,1,'',100,8,4,1,'V~O',1,NULL,'BAS',1,NULL,0,0,0),(4,75,'otherphone','vtiger_contactsubdetails',1,'11','otherphone','Other Phone',1,2,'',100,10,4,1,'V~O',1,NULL,'ADV',1,NULL,0,0,0),(4,76,'title','vtiger_contactdetails',1,'1','title','Title',1,1,'',100,10,4,1,'V~O',1,NULL,'BAS',1,NULL,1,0,0),(4,77,'fax','vtiger_contactdetails',1,'11','fax','Fax',1,1,'',100,13,4,1,'V~O',1,NULL,'BAS',1,NULL,0,0,0),(4,78,'department','vtiger_contactdetails',1,'1','department','Department',1,1,'',100,12,4,1,'V~O',1,NULL,'ADV',1,NULL,0,0,0),(4,79,'birthday','vtiger_contactsubdetails',1,'5','birthday','Birthdate',1,1,'',100,16,4,1,'D~O',1,NULL,'ADV',1,NULL,0,0,0),(4,80,'email','vtiger_contactdetails',1,'13','email','Email',1,2,'',100,7,4,1,'E~O',2,5,'BAS',1,NULL,0,1,0),(4,81,'reportsto','vtiger_contactdetails',1,'57','contact_id','Reports To',1,1,'',100,4,4,1,'V~O',1,NULL,'ADV',0,NULL,0,0,0),(4,82,'assistant','vtiger_contactsubdetails',1,'1','assistant','Assistant',1,1,'',100,17,4,1,'V~O',1,NULL,'ADV',1,NULL,0,0,0),(4,83,'secondaryemail','vtiger_contactdetails',1,'13','secondaryemail','Secondary Email',1,2,'',100,8,4,1,'E~O',1,NULL,'ADV',1,NULL,0,0,0),(4,84,'assistantphone','vtiger_contactsubdetails',1,'11','assistantphone','Assistant Phone',1,1,'',100,9,4,1,'V~O',1,NULL,'ADV',1,NULL,0,0,0),(4,85,'donotcall','vtiger_contactdetails',1,'56','donotcall','Do Not Call',1,2,'',100,4,5,1,'C~O',1,NULL,'ADV',1,NULL,0,0,0),(4,86,'emailoptout','vtiger_contactdetails',1,'56','emailoptout','Email Opt Out',1,0,'',100,1,5,1,'C~O',1,NULL,'ADV',1,NULL,0,0,0),(4,87,'smownerid','vtiger_crmentity',1,'53','assigned_user_id','Assigned To',1,0,'',100,12,4,1,'V~M',0,6,'BAS',1,NULL,1,0,0),(4,88,'reference','vtiger_contactdetails',1,'56','reference','Reference',1,1,'0',10,11,4,1,'C~O',1,NULL,'ADV',1,NULL,0,0,0),(4,89,'notify_owner','vtiger_contactdetails',1,'56','notify_owner','Notify Owner',1,1,'0',10,26,4,1,'C~O',1,NULL,'ADV',1,NULL,0,0,0),(4,90,'createdtime','vtiger_crmentity',1,'70','createdtime','Created Time',1,0,'',100,7,5,2,'DT~O',3,NULL,'BAS',0,NULL,0,0,0),(4,91,'modifiedtime','vtiger_crmentity',1,'70','modifiedtime','Modified Time',1,0,'',100,8,5,2,'DT~O',3,NULL,'BAS',0,NULL,0,0,0),(4,92,'modifiedby','vtiger_crmentity',1,'52','modifiedby','Last Modified By',1,0,'',100,28,4,3,'V~O',3,NULL,'BAS',0,NULL,0,0,0),(4,93,'portal','vtiger_customerdetails',1,'56','portal','Portal User',1,1,'0',100,1,6,1,'C~O',1,NULL,'ADV',1,NULL,0,0,0),(4,94,'support_start_date','vtiger_customerdetails',1,'5','support_start_date','Support Start Date',1,1,'23-01-2019',100,2,6,1,'D~O',1,NULL,'ADV',1,NULL,0,0,0),(4,95,'support_end_date','vtiger_customerdetails',1,'5','support_end_date','Support End Date',1,1,'23-01-2020',100,3,6,1,'D~O~OTH~GE~support_start_date~Support Start Date',1,NULL,'ADV',1,NULL,0,0,0),(4,96,'mailingstreet','vtiger_contactaddress',1,'21','mailingstreet','Mailing Street',1,1,'',100,1,7,1,'V~O',1,NULL,'BAS',1,NULL,0,0,0),(4,97,'otherstreet','vtiger_contactaddress',1,'21','otherstreet','Other Street',1,2,'',100,4,7,1,'V~O',1,NULL,'BAS',1,NULL,0,0,0),(4,98,'mailingcity','vtiger_contactaddress',1,'1','mailingcity','Mailing City',1,1,'',100,5,7,1,'V~O',1,NULL,'BAS',1,NULL,1,0,0),(4,99,'othercity','vtiger_contactaddress',1,'1','othercity','Other City',1,2,'',100,3,7,1,'V~O',1,NULL,'BAS',1,NULL,0,0,0),(4,100,'mailingstate','vtiger_contactaddress',1,'1','mailingstate','Mailing State',1,1,'',100,7,7,1,'V~O',1,NULL,'BAS',1,NULL,0,0,0),(4,101,'otherstate','vtiger_contactaddress',1,'1','otherstate','Other State',1,2,'',100,2,7,1,'V~O',1,NULL,'BAS',1,NULL,0,0,0),(4,102,'mailingzip','vtiger_contactaddress',1,'1','mailingzip','Mailing Zip',1,1,'',100,9,7,1,'V~O',1,NULL,'BAS',1,NULL,0,0,0),(4,103,'otherzip','vtiger_contactaddress',1,'1','otherzip','Other Zip',1,1,'',100,10,7,1,'V~O',1,NULL,'BAS',1,NULL,0,0,0),(4,104,'mailingcountry','vtiger_contactaddress',1,'1','mailingcountry','Mailing Country',1,1,'',100,11,7,1,'V~O',1,NULL,'BAS',1,NULL,1,0,0),(4,105,'othercountry','vtiger_contactaddress',1,'1','othercountry','Other Country',1,1,'',100,12,7,1,'V~O',1,NULL,'BAS',1,NULL,0,0,0),(4,106,'mailingpobox','vtiger_contactaddress',1,'1','mailingpobox','Mailing Po Box',1,1,'',100,3,7,1,'V~O',1,NULL,'BAS',1,NULL,0,0,0),(4,107,'otherpobox','vtiger_contactaddress',1,'1','otherpobox','Other Po Box',1,2,'',100,1,7,1,'V~O',1,NULL,'BAS',1,NULL,0,0,0),(4,108,'imagename','vtiger_contactdetails',1,'69','imagename','Contact Image',1,1,'',100,1,73,1,'V~O',3,NULL,'ADV',0,NULL,0,0,0),(4,109,'description','vtiger_crmentity',1,'19','description','Description',1,1,'',100,1,8,1,'V~O',1,NULL,'BAS',1,NULL,0,0,0),(2,110,'potentialname','vtiger_potential',1,'2','potentialname','Potential Name',1,0,'',100,1,1,1,'V~M',0,1,'BAS',1,NULL,1,0,0),(2,111,'potential_no','vtiger_potential',1,'4','potential_no','Potential No',1,0,'',100,2,1,1,'V~O',3,NULL,'BAS',0,NULL,0,0,0),(2,112,'amount','vtiger_potential',1,'71','amount','Amount',1,2,'',100,5,1,1,'N~O',2,5,'BAS',1,NULL,0,1,0),(2,113,'related_to','vtiger_potential',1,'10','related_to','Related To',1,0,'',100,3,1,1,'V~O',0,2,'BAS',1,NULL,0,1,0),(2,114,'closingdate','vtiger_potential',1,'23','closingdate','Expected Close Date',1,2,'',100,8,1,1,'D~M',2,3,'BAS',1,NULL,1,0,0),(2,115,'potentialtype','vtiger_potential',1,'15','opportunity_type','Type',1,2,'',100,7,1,1,'V~O',1,NULL,'BAS',1,NULL,0,0,0),(2,116,'nextstep','vtiger_potential',1,'1','nextstep','Next Step',1,2,'',100,10,1,1,'V~O',1,NULL,'BAS',1,NULL,0,0,0),(2,117,'leadsource','vtiger_potential',1,'15','leadsource','Lead Source',1,2,'',100,9,1,1,'V~O',1,NULL,'BAS',1,NULL,0,0,0),(2,118,'sales_stage','vtiger_potential',1,'15','sales_stage','Sales Stage',1,2,'',100,12,1,1,'V~M',2,4,'BAS',1,NULL,0,1,0),(2,119,'smownerid','vtiger_crmentity',1,'53','assigned_user_id','Assigned To',1,2,'',100,11,1,1,'V~M',0,6,'BAS',1,NULL,1,0,0),(2,120,'probability','vtiger_potential',1,'9','probability','Probability',1,2,'',100,14,1,1,'N~O',1,NULL,'BAS',1,NULL,0,0,0),(2,121,'campaignid','vtiger_potential',1,'58','campaignid','Campaign Source',1,2,'',100,13,1,1,'N~O',1,NULL,'BAS',1,NULL,0,0,0),(2,122,'createdtime','vtiger_crmentity',1,'70','createdtime','Created Time',1,0,'',100,16,1,2,'DT~O',3,NULL,'BAS',0,NULL,0,0,0),(2,123,'modifiedtime','vtiger_crmentity',1,'70','modifiedtime','Modified Time',1,0,'',100,15,1,2,'DT~O',3,NULL,'BAS',0,NULL,0,0,0),(2,124,'modifiedby','vtiger_crmentity',1,'52','modifiedby','Last Modified By',1,0,'',100,17,1,3,'V~O',3,NULL,'BAS',0,NULL,0,0,0),(2,125,'description','vtiger_crmentity',1,'19','description','Description',1,2,'',100,1,3,1,'V~O',1,NULL,'BAS',1,NULL,0,0,0),(26,126,'campaignname','vtiger_campaign',1,'2','campaignname','Campaign Name',1,0,'',100,1,74,1,'V~M',0,1,'BAS',1,NULL,1,0,0),(26,127,'campaign_no','vtiger_campaign',1,'4','campaign_no','Campaign No',1,0,'',100,2,74,1,'V~O',3,NULL,'BAS',0,NULL,0,0,0),(26,128,'campaigntype','vtiger_campaign',1,'15','campaigntype','Campaign Type',1,2,'',100,5,74,1,'V~O',2,3,'BAS',1,NULL,1,0,0),(26,129,'product_id','vtiger_campaign',1,'59','product_id','Product',1,2,'',100,6,74,1,'I~O',2,5,'BAS',1,NULL,0,0,0),(26,130,'campaignstatus','vtiger_campaign',1,'15','campaignstatus','Campaign Status',1,2,'',100,4,74,1,'V~O',2,6,'BAS',1,NULL,1,0,0),(26,131,'closingdate','vtiger_campaign',1,'23','closingdate','Expected Close Date',1,2,'',100,8,74,1,'D~M',2,2,'BAS',1,NULL,1,0,0),(26,132,'smownerid','vtiger_crmentity',1,'53','assigned_user_id','Assigned To',1,0,'',100,3,74,1,'V~M',0,7,'BAS',1,NULL,1,0,0),(26,133,'numsent','vtiger_campaign',1,'9','numsent','Num Sent',1,2,'',100,12,74,1,'N~O',1,NULL,'BAS',1,NULL,0,0,0),(26,134,'sponsor','vtiger_campaign',1,'1','sponsor','Sponsor',1,2,'',100,9,74,1,'V~O',1,NULL,'BAS',1,NULL,0,0,0),(26,135,'targetaudience','vtiger_campaign',1,'1','targetaudience','Target Audience',1,2,'',100,7,74,1,'V~O',1,NULL,'BAS',1,NULL,0,0,0),(26,136,'targetsize','vtiger_campaign',1,'1','targetsize','TargetSize',1,2,'',100,10,74,1,'I~O',1,NULL,'BAS',1,NULL,0,0,0),(26,137,'createdtime','vtiger_crmentity',1,'70','createdtime','Created Time',1,0,'',100,11,74,2,'DT~O',3,NULL,'BAS',0,NULL,0,0,0),(26,138,'modifiedtime','vtiger_crmentity',1,'70','modifiedtime','Modified Time',1,0,'',100,13,74,2,'DT~O',3,NULL,'BAS',0,NULL,0,0,0),(26,139,'modifiedby','vtiger_crmentity',1,'52','modifiedby','Last Modified By',1,0,'',100,16,74,3,'V~O',3,NULL,'BAS',0,NULL,0,0,0),(26,140,'expectedresponse','vtiger_campaign',1,'15','expectedresponse','Expected Response',1,2,'',100,3,76,1,'V~O',2,4,'BAS',1,NULL,0,0,0),(26,141,'expectedrevenue','vtiger_campaign',1,'71','expectedrevenue','Expected Revenue',1,2,'',100,4,76,1,'N~O',1,NULL,'BAS',1,NULL,1,0,0),(26,142,'budgetcost','vtiger_campaign',1,'71','budgetcost','Budget Cost',1,2,'',100,1,76,1,'N~O',1,NULL,'BAS',1,NULL,0,0,0),(26,143,'actualcost','vtiger_campaign',1,'71','actualcost','Actual Cost',1,2,'',100,2,76,1,'N~O',1,NULL,'BAS',1,NULL,0,0,0),(26,144,'expectedresponsecount','vtiger_campaign',1,'1','expectedresponsecount','Expected Response Count',1,2,'',100,7,76,1,'I~O',1,NULL,'BAS',1,NULL,0,0,0),(26,145,'expectedsalescount','vtiger_campaign',1,'1','expectedsalescount','Expected Sales Count',1,2,'',100,5,76,1,'I~O',1,NULL,'BAS',1,NULL,0,0,0),(26,146,'expectedroi','vtiger_campaign',1,'71','expectedroi','Expected ROI',1,2,'',100,9,76,1,'N~O',1,NULL,'BAS',1,NULL,0,0,0),(26,147,'actualresponsecount','vtiger_campaign',1,'1','actualresponsecount','Actual Response Count',1,2,'',100,8,76,1,'I~O',1,NULL,'BAS',1,NULL,0,0,0),(26,148,'actualsalescount','vtiger_campaign',1,'1','actualsalescount','Actual Sales Count',1,2,'',100,6,76,1,'I~O',1,NULL,'BAS',1,NULL,0,0,0),(26,149,'actualroi','vtiger_campaign',1,'71','actualroi','Actual ROI',1,2,'',100,10,76,1,'N~O',1,NULL,'BAS',1,NULL,0,0,0),(26,150,'description','vtiger_crmentity',1,'19','description','Description',1,2,'',100,1,81,1,'V~O',1,NULL,'BAS',1,NULL,0,0,0),(4,151,'campaignrelstatus','vtiger_campaignrelstatus',1,'16','campaignrelstatus','Status',1,0,'0',100,1,NULL,1,'V~O',1,NULL,'BAS',0,NULL,0,0,0),(6,152,'campaignrelstatus','vtiger_campaignrelstatus',1,'16','campaignrelstatus','Status',1,0,'0',100,1,NULL,1,'V~O',1,NULL,'BAS',0,NULL,0,0,0),(7,153,'campaignrelstatus','vtiger_campaignrelstatus',1,'16','campaignrelstatus','Status',1,0,'0',100,1,NULL,1,'V~O',1,NULL,'BAS',0,NULL,0,0,0),(26,154,'campaignrelstatus','vtiger_campaignrelstatus',1,'16','campaignrelstatus','Status',1,0,'0',100,1,NULL,1,'V~O',1,NULL,'BAS',0,NULL,0,0,0),(13,155,'ticket_no','vtiger_troubletickets',1,'4','ticket_no','Ticket No',1,0,'',100,4,27,1,'V~O',3,NULL,'BAS',0,NULL,1,0,0),(13,156,'smownerid','vtiger_crmentity',1,'53','assigned_user_id','Assigned To',1,0,'',100,10,25,1,'V~M',0,4,'BAS',1,NULL,1,0,0),(13,157,'parent_id','vtiger_troubletickets',1,'10','parent_id','Related To',1,0,'',100,2,25,1,'I~O',2,NULL,'BAS',2,NULL,0,0,0),(13,158,'priority','vtiger_troubletickets',1,'15','ticketpriorities','Priority',1,2,'Normal',100,6,25,1,'V~M',2,3,'BAS',2,NULL,0,1,0),(13,159,'product_id','vtiger_troubletickets',1,'59','product_id','Product Name',1,2,'',100,4,25,1,'I~O',1,NULL,'BAS',1,NULL,0,0,0),(13,160,'severity','vtiger_troubletickets',1,'15','ticketseverities','Severity',1,1,'',100,9,25,1,'V~O',1,NULL,'BAS',1,NULL,1,0,0),(13,161,'status','vtiger_troubletickets',1,'15','ticketstatus','Status',1,2,'Open',100,11,25,1,'V~M',2,2,'BAS',2,NULL,1,0,0),(13,162,'category','vtiger_troubletickets',1,'15','ticketcategories','Category',1,2,'',100,8,25,1,'V~M',2,NULL,'BAS',1,NULL,0,0,0),(13,163,'update_log','vtiger_troubletickets',1,'19','update_log','Update History',1,1,'',100,12,25,3,'V~O',1,NULL,'BAS',0,NULL,0,0,0),(13,164,'hours','vtiger_troubletickets',1,'1','hours','Hours',1,1,'',100,10,25,1,'N~O',1,NULL,'BAS',1,'This gives the estimated hours for the Ticket.<br>When the same ticket is added to a Service Contract,based on the Tracking Unit of the Service Contract,Used units is updated whenever a ticket is Closed.',0,0,0),(13,165,'days','vtiger_troubletickets',1,'1','days','Days',1,2,'',100,14,25,1,'N~O',1,NULL,'BAS',1,'This gives the estimated days for the Ticket.<br>When the same ticket is added to a Service Contract,based on the Tracking Unit of the Service Contract,Used units is updated whenever a ticket is Closed.',0,0,0),(13,166,'createdtime','vtiger_crmentity',1,'70','createdtime','Created Time',1,0,'',100,1,27,2,'DT~O',3,NULL,'BAS',0,NULL,0,0,0),(13,167,'modifiedtime','vtiger_crmentity',1,'70','modifiedtime','Modified Time',1,0,'',100,2,27,2,'DT~O',3,NULL,'BAS',0,NULL,0,0,0),(13,168,'from_portal','vtiger_ticketcf',1,'56','from_portal','From Portal',1,0,'',100,14,25,3,'C~O',3,NULL,'BAS',0,NULL,0,0,0),(13,169,'modifiedby','vtiger_crmentity',1,'52','modifiedby','Last Modified By',1,0,'',100,17,25,3,'V~O',3,NULL,'BAS',0,NULL,0,0,0),(13,170,'title','vtiger_troubletickets',1,'22','ticket_title','Title',1,0,'',100,1,25,1,'V~M',0,1,'BAS',1,NULL,1,0,0),(13,171,'description','vtiger_crmentity',1,'19','description','Description',1,2,'',100,13,25,1,'V~M',2,4,'BAS',1,NULL,0,0,0),(13,172,'solution','vtiger_troubletickets',1,'19','solution','Solution',1,0,'',100,1,29,1,'V~O',3,NULL,'BAS',0,NULL,0,0,0),(13,173,'comments','vtiger_ticketcomments',1,'19','comments','Add Comment',1,1,'',100,1,30,1,'V~O',3,NULL,'BAS',0,NULL,0,0,0),(14,174,'productname','vtiger_products',1,'2','productname','Product Name',1,0,'',100,7,31,1,'V~M',0,1,'BAS',1,NULL,1,0,1),(14,175,'product_no','vtiger_products',1,'4','product_no','Product No',1,0,'',100,3,34,1,'V~O',3,NULL,'BAS',0,NULL,0,1,0),(14,176,'productcode','vtiger_products',1,'1','productcode','Part Number',1,2,'',100,5,31,1,'V~O',1,NULL,'BAS',1,NULL,1,0,0),(14,177,'discontinued','vtiger_products',1,'56','discontinued','Product Active',1,2,'1',100,9,31,1,'V~O',2,2,'BAS',1,NULL,0,1,0),(14,178,'manufacturer','vtiger_products',1,'15','manufacturer','Manufacturer',1,1,'',100,6,31,1,'V~O',1,NULL,'BAS',1,NULL,0,0,0),(14,179,'productcategory','vtiger_products',1,'15','productcategory','Product Category',1,2,'',100,1,31,1,'V~M',2,NULL,'BAS',1,NULL,0,1,0),(14,180,'sales_start_date','vtiger_products',1,'5','sales_start_date','Sales Start Date',1,1,'',100,5,31,1,'D~O',1,NULL,'BAS',1,NULL,0,0,0),(14,181,'sales_end_date','vtiger_products',1,'5','sales_end_date','Sales End Date',1,1,'',100,8,31,1,'D~O~OTH~GE~sales_start_date~Sales Start Date',1,NULL,'BAS',1,NULL,0,0,0),(14,182,'start_date','vtiger_products',1,'5','start_date','Support Start Date',1,2,'',100,10,31,1,'D~O',1,NULL,'BAS',1,NULL,0,0,0),(14,183,'expiry_date','vtiger_products',1,'5','expiry_date','Support Expiry Date',1,2,'',100,11,31,1,'D~O~OTH~GE~start_date~Start Date',1,NULL,'BAS',1,NULL,0,0,0),(14,184,'website','vtiger_products',1,'17','website','Website',1,1,'',100,14,31,1,'V~O',1,NULL,'BAS',1,NULL,0,0,0),(14,185,'vendor_id','vtiger_products',1,'75','vendor_id','Vendor Name',1,1,'',100,13,31,1,'I~O',1,NULL,'BAS',1,NULL,0,0,0),(14,186,'mfr_part_no','vtiger_products',1,'1','mfr_part_no','Mfr PartNo',1,1,'',100,16,31,1,'V~O',1,NULL,'BAS',1,NULL,0,0,0),(14,187,'vendor_part_no','vtiger_products',1,'1','vendor_part_no','Vendor PartNo',1,1,'',100,15,31,1,'V~O',1,NULL,'BAS',1,NULL,0,0,0),(14,188,'serialno','vtiger_products',1,'1','serial_no','Serial No',1,1,'',100,18,31,1,'V~O',1,NULL,'BAS',1,NULL,0,0,0),(14,189,'productsheet','vtiger_products',1,'1','productsheet','Product Sheet',1,1,'',100,17,31,1,'V~O',1,NULL,'BAS',1,NULL,0,0,0),(14,190,'glacct','vtiger_products',1,'15','glacct','GL Account',1,1,'',100,20,31,1,'V~O',1,NULL,'BAS',1,NULL,0,0,0),(14,191,'createdtime','vtiger_crmentity',1,'70','createdtime','Created Time',1,0,'',100,5,34,2,'DT~O',3,NULL,'BAS',0,NULL,0,0,0),(14,192,'modifiedtime','vtiger_crmentity',1,'70','modifiedtime','Modified Time',1,0,'',100,4,34,2,'DT~O',3,NULL,'BAS',0,NULL,0,0,0),(14,193,'modifiedby','vtiger_crmentity',1,'52','modifiedby','Last Modified By',1,0,'',100,22,31,3,'V~O',3,NULL,'BAS',0,NULL,0,0,0),(14,194,'unit_price','vtiger_products',1,'72','unit_price','Unit Price',1,1,'',100,1,32,1,'N~O',2,3,'BAS',0,NULL,1,0,0),(14,195,'commissionrate','vtiger_products',1,'9','commissionrate','Commission Rate',1,1,'',100,2,32,1,'N~O',1,NULL,'BAS',1,NULL,1,0,0),(14,196,'taxclass','vtiger_products',1,'83','taxclass','Taxes',1,1,'',100,4,32,1,'V~O',2,NULL,'BAS',1,NULL,0,0,0),(14,197,'usageunit','vtiger_products',1,'15','usageunit','Usage Unit',1,1,'',100,1,33,1,'V~O',1,NULL,'ADV',1,NULL,0,0,0),(14,198,'qty_per_unit','vtiger_products',1,'1','qty_per_unit','Qty/Unit',1,1,'',100,2,33,1,'N~O',1,NULL,'ADV',1,NULL,1,0,0),(14,199,'qtyinstock','vtiger_products',1,'1','qtyinstock','Qty In Stock',1,1,'',100,3,33,1,'NN~O',0,4,'ADV',1,NULL,0,1,0),(14,200,'reorderlevel','vtiger_products',1,'1','reorderlevel','Reorder Level',1,1,'',100,4,33,1,'I~O',1,NULL,'ADV',1,NULL,0,0,0),(14,201,'smownerid','vtiger_crmentity',1,'53','assigned_user_id','Handler',1,0,'',100,6,31,1,'V~M',0,5,'BAS',1,NULL,0,1,0),(14,202,'qtyindemand','vtiger_products',1,'1','qtyindemand','Qty In Demand',1,1,'',100,6,33,1,'I~O',1,NULL,'ADV',1,NULL,0,0,0),(14,203,'imagename','vtiger_products',1,'69','imagename','Product Image',1,1,'',100,1,35,1,'V~O',3,NULL,'ADV',0,NULL,0,0,0),(14,204,'description','vtiger_crmentity',1,'19','description','Description',1,2,'',100,1,36,1,'V~O',1,NULL,'BAS',1,NULL,0,0,0),(8,205,'title','vtiger_notes',1,'2','notes_title','Title',1,0,'',100,1,17,1,'V~M',0,1,'BAS',1,NULL,1,0,0),(8,206,'createdtime','vtiger_crmentity',1,'70','createdtime','Created Time',1,0,'',100,5,17,2,'DT~O',3,NULL,'BAS',0,NULL,0,0,0),(8,207,'modifiedtime','vtiger_crmentity',1,'70','modifiedtime','Modified Time',1,0,'',100,6,17,2,'DT~O',3,NULL,'BAS',0,NULL,1,0,0),(8,208,'filename','vtiger_notes',1,'28','filename','File Name',1,2,'',100,3,18,1,'V~O',0,NULL,'BAS',0,NULL,1,0,0),(8,209,'smownerid','vtiger_crmentity',1,'53','assigned_user_id','Assigned To',1,0,'',100,4,17,1,'V~M',0,3,'BAS',1,NULL,1,0,0),(8,210,'notecontent','vtiger_notes',1,'19','notecontent','Note',1,2,'',100,1,84,1,'V~O',1,NULL,'BAS',0,NULL,0,0,0),(8,211,'filetype','vtiger_notes',1,'1','filetype','File Type',1,2,'',100,5,18,2,'V~O',3,0,'BAS',0,NULL,0,0,0),(8,212,'filesize','vtiger_notes',1,'1','filesize','File Size',1,2,'',100,4,18,2,'I~O',3,0,'BAS',0,NULL,0,0,0),(8,213,'filelocationtype','vtiger_notes',1,'27','filelocationtype','Download Type',1,0,'',100,1,18,1,'V~O',0,0,'BAS',0,NULL,0,0,0),(8,214,'fileversion','vtiger_notes',1,'1','fileversion','Version',1,2,'',100,6,18,1,'V~O',1,0,'BAS',1,NULL,0,0,0),(8,215,'filestatus','vtiger_notes',1,'56','filestatus','Active',1,2,'1',100,2,18,1,'V~O',1,0,'BAS',1,NULL,0,0,0),(8,216,'filedownloadcount','vtiger_notes',1,'1','filedownloadcount','Download Count',1,2,'',100,7,18,2,'I~O',3,0,'BAS',0,NULL,0,0,0),(8,217,'folderid','vtiger_notes',1,'26','folderid','Folder Name',1,2,'',100,2,17,1,'V~O',2,2,'BAS',1,NULL,1,0,0),(8,218,'note_no','vtiger_notes',1,'4','note_no','Document No',1,0,'',100,3,17,1,'V~O',3,NULL,'BAS',0,NULL,0,0,0),(8,219,'modifiedby','vtiger_crmentity',1,'52','modifiedby','Last Modified By',1,0,'',100,12,17,3,'V~O',3,NULL,'BAS',0,NULL,0,0,0),(10,220,'date_start','vtiger_activity',1,'6','date_start','Date & Time Sent',1,0,'',100,1,21,1,'DT~M~time_start~Time Start',1,NULL,'BAS',1,NULL,0,0,0),(10,221,'semodule','vtiger_activity',1,'2','parent_type','Sales Enity Module',1,0,'',100,2,21,3,'',1,NULL,'BAS',1,NULL,0,0,0),(10,222,'activitytype','vtiger_activity',1,'2','activitytype','Activtiy Type',1,0,'',100,3,21,3,'V~O',1,NULL,'BAS',1,NULL,0,0,0),(10,223,'smownerid','vtiger_crmentity',1,'53','assigned_user_id','Assigned To',1,0,'',100,5,21,1,'V~M',1,NULL,'BAS',1,NULL,0,0,0),(10,224,'subject','vtiger_activity',1,'2','subject','Subject',1,0,'',100,1,23,1,'V~M',1,NULL,'BAS',1,NULL,0,0,0),(10,225,'name','vtiger_attachments',1,'61','filename','Attachment',1,0,'',100,2,23,1,'V~O',1,NULL,'BAS',1,NULL,0,0,0),(10,226,'description','vtiger_crmentity',1,'19','description','Description',1,0,'',100,1,24,1,'V~O',1,NULL,'BAS',1,NULL,0,0,0),(10,227,'time_start','vtiger_activity',1,'2','time_start','Time Start',1,0,'',100,9,23,1,'T~O',1,NULL,'BAS',1,NULL,0,0,0),(10,228,'createdtime','vtiger_crmentity',1,'70','createdtime','Created Time',1,0,'',100,10,22,1,'DT~O',3,NULL,'BAS',0,NULL,0,0,0),(10,229,'modifiedtime','vtiger_crmentity',1,'70','modifiedtime','Modified Time',1,0,'',100,11,21,2,'DT~O',3,NULL,'BAS',0,NULL,0,0,0),(10,230,'access_count','vtiger_email_track',1,'25','access_count','Access Count',1,0,'0',100,6,21,3,'I~O',1,NULL,'BAS',0,NULL,0,0,0),(10,231,'modifiedby','vtiger_crmentity',1,'52','modifiedby','Last Modified By',1,0,'',100,12,21,3,'V~O',3,NULL,'BAS',0,NULL,0,0,0),(9,232,'subject','vtiger_activity',1,'2','subject','Subject',1,0,'',100,1,19,1,'V~M',0,1,'BAS',1,NULL,1,0,0),(9,233,'smownerid','vtiger_crmentity',1,'53','assigned_user_id','Assigned To',1,0,'',100,2,19,1,'V~M',0,4,'BAS',1,NULL,1,0,0),(9,234,'date_start','vtiger_activity',1,'6','date_start','Start Date & Time',1,0,'',100,3,19,1,'DT~M~time_start',0,2,'BAS',1,NULL,1,0,0),(9,235,'time_start','vtiger_activity',1,'2','time_start','Time Start',1,0,'',100,4,19,3,'T~M',1,NULL,'BAS',1,NULL,1,0,0),(9,236,'time_end','vtiger_activity',1,'2','time_end','End Time',1,0,'',100,4,19,3,'T~O',1,NULL,'BAS',1,NULL,1,0,0),(9,237,'due_date','vtiger_activity',1,'23','due_date','Due Date',1,0,'',100,5,19,1,'D~M~OTH~GE~date_start~Start Date & Time',1,NULL,'BAS',1,NULL,1,0,0),(9,238,'crmid','vtiger_seactivityrel',1,'66','parent_id','Related To',1,0,'',100,7,19,1,'I~O',1,NULL,'BAS',1,NULL,1,0,0),(9,239,'contactid','vtiger_cntactivityrel',1,'57','contact_id','Contact Name',1,0,'',100,8,19,1,'I~O',1,NULL,'BAS',1,NULL,0,0,0),(9,240,'status','vtiger_activity',1,'15','taskstatus','Status',1,0,'',100,8,19,1,'V~M',0,3,'BAS',1,NULL,0,0,0),(9,241,'eventstatus','vtiger_activity',1,'15','eventstatus','Status',1,0,'',100,9,19,3,'V~O',1,NULL,'BAS',1,NULL,0,0,0),(9,242,'priority','vtiger_activity',1,'15','taskpriority','Priority',1,0,'',100,10,19,1,'V~O',1,NULL,'BAS',1,NULL,0,0,0),(9,243,'sendnotification','vtiger_activity',1,'56','sendnotification','Send Notification',1,0,'',100,11,19,1,'C~O',1,NULL,'BAS',1,NULL,0,0,0),(9,244,'createdtime','vtiger_crmentity',1,'70','createdtime','Created Time',1,0,'',100,14,19,2,'DT~O',3,NULL,'BAS',0,NULL,0,0,0),(9,245,'modifiedtime','vtiger_crmentity',1,'70','modifiedtime','Modified Time',1,0,'',100,15,19,2,'DT~O',3,NULL,'BAS',0,NULL,0,0,0),(9,246,'activitytype','vtiger_activity',1,'15','activitytype','Activity Type',1,0,'',100,16,19,3,'V~O',1,NULL,'BAS',1,NULL,1,0,0),(9,247,'visibility','vtiger_activity',1,'16','visibility','Visibility',1,0,'',100,17,19,3,'V~O',1,NULL,'BAS',1,NULL,0,0,0),(9,248,'description','vtiger_crmentity',1,'19','description','Description',1,0,'',100,1,20,1,'V~O',1,NULL,'BAS',1,NULL,0,0,0),(9,249,'duration_hours','vtiger_activity',1,'63','duration_hours','Duration',1,0,'',100,17,19,3,'T~O',1,NULL,'BAS',1,NULL,0,0,0),(9,250,'duration_minutes','vtiger_activity',1,'16','duration_minutes','Duration Minutes',1,0,'',100,18,19,3,'T~O',1,NULL,'BAS',1,NULL,0,0,0),(9,251,'location','vtiger_activity',1,'1','location','Location',1,0,'',100,19,19,1,'V~O',1,NULL,'BAS',1,NULL,0,0,0),(9,252,'reminder_time','vtiger_activity_reminder',1,'30','reminder_time','Send Reminder',1,0,'',100,1,120,1,'I~O',1,NULL,'BAS',1,NULL,0,0,0),(9,253,'recurringtype','vtiger_activity',1,'16','recurringtype','Recurrence',1,0,'',100,6,19,3,'O~O',1,NULL,'BAS',1,NULL,1,0,0),(9,254,'notime','vtiger_activity',1,'56','notime','No Time',1,0,'',100,20,19,3,'C~O',1,NULL,'BAS',1,NULL,0,0,0),(9,255,'modifiedby','vtiger_crmentity',1,'52','modifiedby','Last Modified By',1,0,'',100,22,19,3,'V~O',3,NULL,'BAS',0,NULL,0,0,0),(16,256,'subject','vtiger_activity',1,'2','subject','Subject',1,0,'',100,1,39,1,'V~M',0,1,'BAS',1,NULL,1,0,0),(16,257,'smownerid','vtiger_crmentity',1,'53','assigned_user_id','Assigned To',1,0,'',100,2,39,1,'V~M',0,6,'BAS',1,NULL,1,0,0),(16,258,'date_start','vtiger_activity',1,'6','date_start','Start Date & Time',1,0,'',100,3,39,1,'DT~M~time_start',0,2,'BAS',1,NULL,1,0,0),(16,259,'time_start','vtiger_activity',1,'2','time_start','Time Start',1,0,'',100,4,39,3,'T~M',1,NULL,'BAS',1,NULL,1,0,0),(16,260,'due_date','vtiger_activity',1,'23','due_date','End Date',1,0,'',100,5,39,1,'D~M~OTH~GE~date_start~Start Date & Time',0,5,'BAS',1,NULL,1,0,0),(16,261,'time_end','vtiger_activity',1,'2','time_end','End Time',1,0,'',100,5,39,3,'T~M',1,NULL,'BAS',1,NULL,1,0,0),(16,262,'recurringtype','vtiger_activity',1,'16','recurringtype','Recurrence',1,0,'',100,6,117,1,'O~O',1,NULL,'BAS',1,NULL,1,0,0),(16,263,'duration_hours','vtiger_activity',1,'63','duration_hours','Duration',1,0,'',100,7,39,3,'I~M',1,NULL,'BAS',1,NULL,0,0,0),(16,264,'duration_minutes','vtiger_activity',1,'16','duration_minutes','Duration Minutes',1,0,'',100,8,39,3,'O~O',1,NULL,'BAS',1,NULL,0,0,0),(16,265,'crmid','vtiger_seactivityrel',1,'66','parent_id','Related To',1,0,'',100,9,119,1,'I~O',1,NULL,'BAS',1,NULL,1,0,0),(16,266,'eventstatus','vtiger_activity',1,'15','eventstatus','Status',1,0,'',100,10,39,1,'V~M',0,3,'BAS',1,NULL,0,0,0),(16,267,'sendnotification','vtiger_activity',1,'56','sendnotification','Send Notification',1,0,'',100,11,39,1,'C~O',1,NULL,'BAS',1,NULL,0,0,0),(16,268,'activitytype','vtiger_activity',1,'15','activitytype','Activity Type',1,0,'',100,12,39,1,'V~M',0,4,'BAS',1,NULL,1,0,0),(16,269,'location','vtiger_activity',1,'1','location','Location',1,0,'',100,13,39,1,'V~O',1,NULL,'BAS',1,NULL,0,0,0),(16,270,'createdtime','vtiger_crmentity',1,'70','createdtime','Created Time',1,0,'',100,14,39,2,'DT~O',3,NULL,'BAS',0,NULL,0,0,0),(16,271,'modifiedtime','vtiger_crmentity',1,'70','modifiedtime','Modified Time',1,0,'',100,15,39,2,'DT~O',3,NULL,'BAS',0,NULL,0,0,0),(16,272,'priority','vtiger_activity',1,'15','taskpriority','Priority',1,0,'',100,16,39,1,'V~O',1,NULL,'BAS',1,NULL,0,0,0),(16,273,'notime','vtiger_activity',1,'56','notime','No Time',1,0,'',100,17,39,3,'C~O',1,NULL,'BAS',1,NULL,0,0,0),(16,274,'visibility','vtiger_activity',1,'16','visibility','Visibility',1,0,'',100,18,39,1,'V~O',1,NULL,'BAS',1,NULL,0,0,0),(16,275,'modifiedby','vtiger_crmentity',1,'52','modifiedby','Last Modified By',1,0,'',100,22,39,3,'V~O',3,NULL,'BAS',0,NULL,0,0,0),(16,276,'description','vtiger_crmentity',1,'19','description','Description',1,0,'',100,1,41,1,'V~O',1,NULL,'BAS',1,NULL,0,0,0),(16,277,'reminder_time','vtiger_activity_reminder',1,'30','reminder_time','Send Reminder',1,0,'',100,1,40,1,'I~O',1,NULL,'BAS',1,NULL,0,0,0),(16,278,'contactid','vtiger_cntactivityrel',1,'57','contact_id','Contact Name',1,0,'',100,1,119,1,'I~O',1,NULL,'BAS',1,NULL,0,0,0),(15,279,'product_id','vtiger_faq',1,'59','product_id','Product Name',1,2,'',100,1,37,1,'I~O',3,NULL,'BAS',1,NULL,1,0,0),(15,280,'faq_no','vtiger_faq',1,'4','faq_no','Faq No',1,0,'',100,2,37,1,'V~O',3,NULL,'BAS',0,NULL,0,0,0),(15,281,'category','vtiger_faq',1,'15','faqcategories','Category',1,2,'',100,4,37,1,'V~O',3,NULL,'BAS',1,NULL,1,0,0),(15,282,'status','vtiger_faq',1,'15','faqstatus','Status',1,2,'',100,3,37,1,'V~M',3,NULL,'BAS',1,NULL,0,0,0),(15,283,'question','vtiger_faq',1,'20','question','Question',1,2,'',100,7,37,1,'V~M',3,NULL,'BAS',1,NULL,1,0,0),(15,284,'answer','vtiger_faq',1,'20','faq_answer','Answer',1,2,'',100,8,37,1,'V~M',3,NULL,'BAS',1,NULL,0,0,0),(15,285,'comments','vtiger_faqcomments',1,'19','comments','Add Comment',1,1,'',100,1,38,1,'V~O',3,NULL,'BAS',0,NULL,0,0,0),(15,286,'createdtime','vtiger_crmentity',1,'70','createdtime','Created Time',1,0,'',100,5,37,2,'DT~O',3,NULL,'BAS',0,NULL,1,0,0),(15,287,'modifiedtime','vtiger_crmentity',1,'70','modifiedtime','Modified Time',1,0,'',100,6,37,2,'DT~O',3,NULL,'BAS',0,NULL,1,0,0),(15,288,'modifiedby','vtiger_crmentity',1,'52','modifiedby','Last Modified By',1,0,'',100,7,37,3,'V~O',3,NULL,'BAS',0,NULL,0,0,0),(18,289,'vendorname','vtiger_vendor',1,'2','vendorname','Vendor Name',1,0,'',100,1,42,1,'V~M',0,1,'BAS',1,NULL,1,0,0),(18,290,'vendor_no','vtiger_vendor',1,'4','vendor_no','Vendor No',1,0,'',100,2,42,1,'V~O',3,NULL,'BAS',0,NULL,0,0,0),(18,291,'phone','vtiger_vendor',1,'1','phone','Phone',1,2,'',100,4,42,1,'V~O',2,2,'BAS',1,NULL,0,1,0),(18,292,'email','vtiger_vendor',1,'13','email','Email',1,2,'',100,3,42,1,'E~O',2,3,'BAS',1,NULL,0,1,0),(18,293,'website','vtiger_vendor',1,'17','website','Website',1,2,'',100,6,42,1,'V~O',1,NULL,'BAS',1,NULL,0,1,0),(18,294,'glacct','vtiger_vendor',1,'15','glacct','GL Account',1,2,'',100,5,42,1,'V~O',1,NULL,'BAS',1,NULL,0,0,0),(18,295,'category','vtiger_vendor',1,'1','category','Category',1,2,'',100,8,42,1,'V~O',1,NULL,'BAS',1,NULL,1,0,0),(18,296,'createdtime','vtiger_crmentity',1,'70','createdtime','Created Time',1,0,'',100,7,42,2,'DT~O',3,NULL,'BAS',0,NULL,0,0,0),(18,297,'modifiedtime','vtiger_crmentity',1,'70','modifiedtime','Modified Time',1,0,'',100,9,42,2,'DT~O',3,NULL,'BAS',0,NULL,0,0,0),(18,298,'modifiedby','vtiger_crmentity',1,'52','modifiedby','Last Modified By',1,0,'',100,12,42,3,'V~O',3,NULL,'BAS',0,NULL,0,0,0),(18,299,'street','vtiger_vendor',1,'21','street','Street',1,2,'',100,1,44,1,'V~O',1,NULL,'ADV',1,NULL,0,0,0),(18,300,'pobox','vtiger_vendor',1,'1','pobox','Po Box',1,2,'',100,2,44,1,'V~O',1,NULL,'ADV',1,NULL,0,0,0),(18,301,'city','vtiger_vendor',1,'1','city','City',1,2,'',100,3,44,1,'V~O',1,NULL,'ADV',1,NULL,0,0,0),(18,302,'state','vtiger_vendor',1,'1','state','State',1,2,'',100,4,44,1,'V~O',1,NULL,'ADV',1,NULL,0,0,0),(18,303,'postalcode','vtiger_vendor',1,'1','postalcode','Postal Code',1,2,'',100,5,44,1,'V~O',1,NULL,'ADV',1,NULL,0,0,0),(18,304,'country','vtiger_vendor',1,'1','country','Country',1,2,'',100,6,44,1,'V~O',1,NULL,'ADV',1,NULL,0,0,0),(18,305,'description','vtiger_crmentity',1,'19','description','Description',1,2,'',100,1,45,1,'V~O',1,NULL,'ADV',1,NULL,0,0,0),(19,306,'bookname','vtiger_pricebook',1,'2','bookname','Price Book Name',1,0,'',100,1,46,1,'V~M',0,1,'BAS',1,NULL,1,0,0),(19,307,'pricebook_no','vtiger_pricebook',1,'4','pricebook_no','PriceBook No',1,0,'',100,3,46,1,'V~O',3,NULL,'BAS',0,NULL,0,0,0),(19,308,'active','vtiger_pricebook',1,'56','active','Active',1,2,'1',100,2,46,1,'C~O',2,2,'BAS',1,NULL,1,0,0),(19,309,'createdtime','vtiger_crmentity',1,'70','createdtime','Created Time',1,0,'',100,4,46,2,'DT~O',3,NULL,'BAS',0,NULL,0,0,0),(19,310,'modifiedtime','vtiger_crmentity',1,'70','modifiedtime','Modified Time',1,0,'',100,5,46,2,'DT~O',3,NULL,'BAS',0,NULL,0,0,0),(19,311,'currency_id','vtiger_pricebook',1,'117','currency_id','Currency',1,0,'',100,5,46,1,'I~M',0,3,'BAS',0,NULL,0,0,0),(19,312,'modifiedby','vtiger_crmentity',1,'52','modifiedby','Last Modified By',1,0,'',100,7,46,3,'V~O',3,NULL,'BAS',0,NULL,0,0,0),(19,313,'description','vtiger_crmentity',1,'19','description','Description',1,2,'',100,1,48,1,'V~O',1,NULL,'BAS',1,NULL,0,0,0),(20,314,'quote_no','vtiger_quotes',1,'4','quote_no','Quote No',1,0,'',100,3,49,1,'V~O',3,NULL,'BAS',0,NULL,1,0,0),(20,315,'subject','vtiger_quotes',1,'2','subject','Subject',1,0,'',100,1,49,1,'V~M',1,NULL,'BAS',1,NULL,1,0,0),(20,316,'potentialid','vtiger_quotes',1,'76','potential_id','Potential Name',1,2,'',100,2,49,1,'I~O',3,NULL,'BAS',1,NULL,1,0,0),(20,317,'quotestage','vtiger_quotes',1,'15','quotestage','Quote Stage',1,2,'',100,4,49,1,'V~M',3,NULL,'BAS',1,NULL,0,1,0),(20,318,'validtill','vtiger_quotes',1,'5','validtill','Valid Till',1,2,'',100,5,49,1,'D~O',3,NULL,'BAS',1,NULL,0,0,0),(20,319,'contactid','vtiger_quotes',1,'57','contact_id','Contact Name',1,2,'',100,6,49,1,'V~O',3,NULL,'BAS',1,NULL,0,1,0),(20,320,'carrier','vtiger_quotes',1,'15','carrier','Carrier',1,2,'',100,8,49,1,'V~O',3,NULL,'BAS',1,NULL,0,0,0),(20,321,'subtotal','vtiger_quotes',1,'72','hdnSubTotal','Sub Total',1,2,'',100,9,49,3,'N~O',3,NULL,'BAS',1,NULL,0,0,0),(20,322,'shipping','vtiger_quotes',1,'1','shipping','Shipping',1,2,'',100,10,49,1,'V~O',3,NULL,'BAS',1,NULL,0,0,0),(20,323,'inventorymanager','vtiger_quotes',1,'77','assigned_user_id1','Inventory Manager',1,2,'',100,11,49,1,'I~O',3,NULL,'BAS',1,NULL,0,0,0),(20,324,'adjustment','vtiger_quotes',1,'72','txtAdjustment','Adjustment',1,2,'',100,20,49,3,'NN~O',3,NULL,'BAS',1,NULL,0,0,0),(20,325,'total','vtiger_quotes',1,'72','hdnGrandTotal','Total',1,2,'',100,14,49,3,'N~O',3,NULL,'BAS',1,NULL,0,1,0),(20,326,'taxtype','vtiger_quotes',1,'16','hdnTaxType','Tax Type',1,2,'',100,14,49,3,'V~O',3,NULL,'BAS',1,NULL,0,0,0),(20,327,'discount_percent','vtiger_quotes',1,'1','hdnDiscountPercent','Discount Percent',1,2,'',100,14,116,5,'N~O',3,NULL,'BAS',1,NULL,0,0,0),(20,328,'discount_amount','vtiger_quotes',1,'72','hdnDiscountAmount','Discount Amount',1,2,'',100,14,116,5,'N~O',3,NULL,'BAS',1,NULL,0,0,0),(20,329,'s_h_amount','vtiger_quotes',1,'72','hdnS_H_Amount','S&H Amount',1,2,'',100,14,49,3,'N~O',3,NULL,'BAS',1,NULL,0,0,0),(20,330,'accountid','vtiger_quotes',1,'73','account_id','Account Name',1,2,'',100,16,49,1,'I~M',3,NULL,'BAS',1,NULL,0,1,0),(20,331,'smownerid','vtiger_crmentity',1,'53','assigned_user_id','Assigned To',1,0,'',100,17,49,1,'V~M',3,NULL,'BAS',1,NULL,1,0,0),(20,332,'createdtime','vtiger_crmentity',1,'70','createdtime','Created Time',1,0,'',100,18,49,2,'DT~O',3,NULL,'BAS',0,NULL,0,0,0),(20,333,'modifiedtime','vtiger_crmentity',1,'70','modifiedtime','Modified Time',1,0,'',100,19,49,2,'DT~O',3,NULL,'BAS',0,NULL,0,0,0),(20,334,'modifiedby','vtiger_crmentity',1,'52','modifiedby','Last Modified By',1,0,'',100,22,49,3,'V~O',3,NULL,'BAS',0,NULL,0,0,0),(20,335,'currency_id','vtiger_quotes',1,'117','currency_id','Currency',1,2,'1',100,20,49,3,'I~O',3,NULL,'BAS',1,NULL,0,0,0),(20,336,'conversion_rate','vtiger_quotes',1,'1','conversion_rate','Conversion Rate',1,2,'1',100,21,49,3,'N~O',3,NULL,'BAS',1,NULL,0,0,0),(20,337,'bill_street','vtiger_quotesbillads',1,'24','bill_street','Billing Address',1,2,'',100,1,51,1,'V~M',3,NULL,'BAS',1,NULL,0,0,0),(20,338,'ship_street','vtiger_quotesshipads',1,'24','ship_street','Shipping Address',1,2,'',100,2,51,1,'V~M',3,NULL,'BAS',1,NULL,0,0,0),(20,339,'bill_city','vtiger_quotesbillads',1,'1','bill_city','Billing City',1,2,'',100,5,51,1,'V~O',3,NULL,'BAS',1,NULL,0,0,0),(20,340,'ship_city','vtiger_quotesshipads',1,'1','ship_city','Shipping City',1,2,'',100,6,51,1,'V~O',3,NULL,'BAS',1,NULL,0,0,0),(20,341,'bill_state','vtiger_quotesbillads',1,'1','bill_state','Billing State',1,2,'',100,7,51,1,'V~O',3,NULL,'BAS',1,NULL,0,0,0),(20,342,'ship_state','vtiger_quotesshipads',1,'1','ship_state','Shipping State',1,2,'',100,8,51,1,'V~O',3,NULL,'BAS',1,NULL,0,0,0),(20,343,'bill_code','vtiger_quotesbillads',1,'1','bill_code','Billing Code',1,2,'',100,9,51,1,'V~O',3,NULL,'BAS',1,NULL,0,0,0),(20,344,'ship_code','vtiger_quotesshipads',1,'1','ship_code','Shipping Code',1,2,'',100,10,51,1,'V~O',3,NULL,'BAS',1,NULL,0,0,0),(20,345,'bill_country','vtiger_quotesbillads',1,'1','bill_country','Billing Country',1,2,'',100,11,51,1,'V~O',3,NULL,'BAS',1,NULL,0,0,0),(20,346,'ship_country','vtiger_quotesshipads',1,'1','ship_country','Shipping Country',1,2,'',100,12,51,1,'V~O',3,NULL,'BAS',1,NULL,0,0,0),(20,347,'bill_pobox','vtiger_quotesbillads',1,'1','bill_pobox','Billing Po Box',1,2,'',100,3,51,1,'V~O',3,NULL,'BAS',1,NULL,0,0,0),(20,348,'ship_pobox','vtiger_quotesshipads',1,'1','ship_pobox','Shipping Po Box',1,2,'',100,4,51,1,'V~O',3,NULL,'BAS',1,NULL,0,0,0),(20,349,'description','vtiger_crmentity',1,'19','description','Description',1,2,'',100,1,54,1,'V~O',3,NULL,'ADV',1,NULL,0,0,0),(20,350,'terms_conditions','vtiger_quotes',1,'19','terms_conditions','Terms & Conditions',1,2,'',100,1,53,1,'V~O',3,NULL,'ADV',1,NULL,0,0,0),(21,351,'purchaseorder_no','vtiger_purchaseorder',1,'4','purchaseorder_no','PurchaseOrder No',1,0,'',100,2,55,1,'V~O',3,NULL,'BAS',0,NULL,1,0,0),(21,352,'subject','vtiger_purchaseorder',1,'2','subject','Subject',1,0,'',100,1,55,1,'V~M',3,NULL,'BAS',1,NULL,1,0,0),(21,353,'vendorid','vtiger_purchaseorder',1,'81','vendor_id','Vendor Name',1,0,'',100,3,55,1,'I~M',3,NULL,'BAS',1,NULL,1,0,0),(21,354,'requisition_no','vtiger_purchaseorder',1,'1','requisition_no','Requisition No',1,2,'',100,4,55,1,'V~O',3,NULL,'BAS',1,NULL,0,0,0),(21,355,'tracking_no','vtiger_purchaseorder',1,'1','tracking_no','Tracking Number',1,2,'',100,5,55,1,'V~O',3,NULL,'BAS',1,NULL,1,0,0),(21,356,'contactid','vtiger_purchaseorder',1,'57','contact_id','Contact Name',1,2,'',100,6,55,1,'I~O',3,NULL,'BAS',1,NULL,0,1,0),(21,357,'duedate','vtiger_purchaseorder',1,'5','duedate','Due Date',1,2,'',100,7,55,1,'D~O',3,NULL,'BAS',1,NULL,0,0,0),(21,358,'carrier','vtiger_purchaseorder',1,'15','carrier','Carrier',1,2,'',100,8,55,1,'V~O',3,NULL,'BAS',1,NULL,0,0,0),(21,359,'adjustment','vtiger_purchaseorder',1,'72','txtAdjustment','Adjustment',1,2,'',100,10,55,3,'NN~O',3,NULL,'BAS',1,NULL,0,0,0),(21,360,'salescommission','vtiger_purchaseorder',1,'1','salescommission','Sales Commission',1,2,'',100,11,55,1,'N~O',3,NULL,'BAS',1,NULL,0,0,0),(21,361,'exciseduty','vtiger_purchaseorder',1,'1','exciseduty','Excise Duty',1,2,'',100,12,55,1,'N~O',3,NULL,'BAS',1,NULL,0,0,0),(21,362,'total','vtiger_purchaseorder',1,'72','hdnGrandTotal','Total',1,2,'',100,13,55,3,'N~O',3,NULL,'BAS',1,NULL,1,0,0),(21,363,'subtotal','vtiger_purchaseorder',1,'72','hdnSubTotal','Sub Total',1,2,'',100,14,55,3,'N~O',3,NULL,'BAS',1,NULL,0,0,0),(21,364,'taxtype','vtiger_purchaseorder',1,'16','hdnTaxType','Tax Type',1,2,'',100,14,55,3,'V~O',3,NULL,'BAS',1,NULL,0,0,0),(21,365,'discount_percent','vtiger_purchaseorder',1,'1','hdnDiscountPercent','Discount Percent',1,2,'',100,14,115,5,'N~O',3,NULL,'BAS',1,NULL,0,0,0),(21,366,'discount_amount','vtiger_purchaseorder',1,'72','hdnDiscountAmount','Discount Amount',1,0,'',100,14,115,5,'N~O',3,NULL,'BAS',1,NULL,0,0,0),(21,367,'s_h_amount','vtiger_purchaseorder',1,'72','hdnS_H_Amount','S&H Amount',1,2,'',100,14,55,3,'N~O',3,NULL,'BAS',1,NULL,0,0,0),(21,368,'postatus','vtiger_purchaseorder',1,'15','postatus','Status',1,2,'',100,15,55,1,'V~M',3,NULL,'BAS',1,NULL,0,1,0),(21,369,'smownerid','vtiger_crmentity',1,'53','assigned_user_id','Assigned To',1,0,'',100,16,55,1,'V~M',3,NULL,'BAS',1,NULL,0,1,0),(21,370,'createdtime','vtiger_crmentity',1,'70','createdtime','Created Time',1,0,'',100,17,55,2,'DT~O',3,NULL,'BAS',0,NULL,0,0,0),(21,371,'modifiedtime','vtiger_crmentity',1,'70','modifiedtime','Modified Time',1,0,'',100,18,55,2,'DT~O',3,NULL,'BAS',0,NULL,0,0,0),(21,372,'modifiedby','vtiger_crmentity',1,'52','modifiedby','Last Modified By',1,0,'',100,22,55,3,'V~O',3,NULL,'BAS',0,NULL,0,0,0),(21,373,'currency_id','vtiger_purchaseorder',1,'117','currency_id','Currency',1,2,'1',100,19,55,3,'I~O',3,NULL,'BAS',1,NULL,0,0,0),(21,374,'conversion_rate','vtiger_purchaseorder',1,'1','conversion_rate','Conversion Rate',1,2,'1',100,20,55,3,'N~O',3,NULL,'BAS',1,NULL,0,0,0),(21,375,'bill_street','vtiger_pobillads',1,'24','bill_street','Billing Address',1,2,'',100,1,57,1,'V~M',3,NULL,'BAS',1,NULL,0,0,0),(21,376,'ship_street','vtiger_poshipads',1,'24','ship_street','Shipping Address',1,2,'',100,2,57,1,'V~M',3,NULL,'BAS',1,NULL,0,0,0),(21,377,'bill_city','vtiger_pobillads',1,'1','bill_city','Billing City',1,2,'',100,5,57,1,'V~O',3,NULL,'BAS',1,NULL,0,0,0),(21,378,'ship_city','vtiger_poshipads',1,'1','ship_city','Shipping City',1,2,'',100,6,57,1,'V~O',3,NULL,'BAS',1,NULL,0,0,0),(21,379,'bill_state','vtiger_pobillads',1,'1','bill_state','Billing State',1,2,'',100,7,57,1,'V~O',3,NULL,'BAS',1,NULL,0,0,0),(21,380,'ship_state','vtiger_poshipads',1,'1','ship_state','Shipping State',1,2,'',100,8,57,1,'V~O',3,NULL,'BAS',1,NULL,0,0,0),(21,381,'bill_code','vtiger_pobillads',1,'1','bill_code','Billing Code',1,2,'',100,9,57,1,'V~O',3,NULL,'BAS',1,NULL,0,0,0),(21,382,'ship_code','vtiger_poshipads',1,'1','ship_code','Shipping Code',1,2,'',100,10,57,1,'V~O',3,NULL,'BAS',1,NULL,0,0,0),(21,383,'bill_country','vtiger_pobillads',1,'1','bill_country','Billing Country',1,2,'',100,11,57,1,'V~O',3,NULL,'BAS',1,NULL,0,0,0),(21,384,'ship_country','vtiger_poshipads',1,'1','ship_country','Shipping Country',1,2,'',100,12,57,1,'V~O',3,NULL,'BAS',1,NULL,0,0,0),(21,385,'bill_pobox','vtiger_pobillads',1,'1','bill_pobox','Billing Po Box',1,2,'',100,3,57,1,'V~O',3,NULL,'BAS',1,NULL,0,0,0),(21,386,'ship_pobox','vtiger_poshipads',1,'1','ship_pobox','Shipping Po Box',1,2,'',100,4,57,1,'V~O',3,NULL,'BAS',1,NULL,0,0,0),(21,387,'description','vtiger_crmentity',1,'19','description','Description',1,2,'',100,1,60,1,'V~O',3,NULL,'ADV',1,NULL,0,0,0),(21,388,'terms_conditions','vtiger_purchaseorder',1,'19','terms_conditions','Terms & Conditions',1,2,'',100,1,59,1,'V~O',3,NULL,'ADV',1,NULL,0,0,0),(22,389,'salesorder_no','vtiger_salesorder',1,'4','salesorder_no','SalesOrder No',1,0,'',100,4,61,1,'V~O',3,NULL,'BAS',0,NULL,1,0,0),(22,390,'subject','vtiger_salesorder',1,'2','subject','Subject',1,0,'',100,1,61,1,'V~M',3,NULL,'BAS',1,NULL,1,0,0),(22,391,'potentialid','vtiger_salesorder',1,'76','potential_id','Potential Name',1,2,'',100,2,61,1,'I~O',3,NULL,'BAS',1,NULL,0,0,0),(22,392,'customerno','vtiger_salesorder',1,'1','customerno','Customer No',1,2,'',100,3,61,1,'V~O',3,NULL,'BAS',1,NULL,0,0,0),(22,393,'quoteid','vtiger_salesorder',1,'78','quote_id','Quote Name',1,2,'',100,5,61,1,'I~O',3,NULL,'BAS',0,NULL,1,0,0),(22,394,'purchaseorder','vtiger_salesorder',1,'1','vtiger_purchaseorder','Purchase Order',1,2,'',100,5,61,1,'V~O',3,NULL,'BAS',1,NULL,0,0,0),(22,395,'contactid','vtiger_salesorder',1,'57','contact_id','Contact Name',1,2,'',100,6,61,1,'I~O',3,NULL,'BAS',1,NULL,0,1,0),(22,396,'duedate','vtiger_salesorder',1,'5','duedate','Due Date',1,2,'',100,8,61,1,'D~O',3,NULL,'BAS',1,NULL,0,0,0),(22,397,'carrier','vtiger_salesorder',1,'15','carrier','Carrier',1,2,'',100,9,61,1,'V~O',3,NULL,'BAS',1,NULL,0,0,0),(22,398,'pending','vtiger_salesorder',1,'1','pending','Pending',1,2,'',100,10,61,1,'V~O',3,NULL,'BAS',1,NULL,0,0,0),(22,399,'sostatus','vtiger_salesorder',1,'15','sostatus','Status',1,2,'',100,11,61,1,'V~M',3,NULL,'BAS',1,NULL,0,1,0),(22,400,'adjustment','vtiger_salesorder',1,'72','txtAdjustment','Adjustment',1,2,'',100,12,61,3,'NN~O',3,NULL,'BAS',1,NULL,0,0,0),(22,401,'salescommission','vtiger_salesorder',1,'1','salescommission','Sales Commission',1,2,'',100,13,61,1,'N~O',3,NULL,'BAS',1,NULL,0,0,0),(22,402,'exciseduty','vtiger_salesorder',1,'1','exciseduty','Excise Duty',1,2,'',100,13,61,1,'N~O',3,NULL,'BAS',1,NULL,0,0,0),(22,403,'total','vtiger_salesorder',1,'72','hdnGrandTotal','Total',1,2,'',100,14,61,3,'N~O',3,NULL,'BAS',1,NULL,1,0,0),(22,404,'subtotal','vtiger_salesorder',1,'72','hdnSubTotal','Sub Total',1,2,'',100,15,61,3,'N~O',3,NULL,'BAS',1,NULL,0,0,0),(22,405,'taxtype','vtiger_salesorder',1,'16','hdnTaxType','Tax Type',1,2,'',100,15,61,3,'V~O',3,NULL,'BAS',1,NULL,0,0,0),(22,406,'discount_percent','vtiger_salesorder',1,'1','hdnDiscountPercent','Discount Percent',1,2,'',100,15,114,5,'N~O',3,NULL,'BAS',1,NULL,0,0,0),(22,407,'discount_amount','vtiger_salesorder',1,'72','hdnDiscountAmount','Discount Amount',1,0,'',100,15,114,5,'N~O',3,NULL,'BAS',1,NULL,0,0,0),(22,408,'s_h_amount','vtiger_salesorder',1,'72','hdnS_H_Amount','S&H Amount',1,2,'',100,15,61,3,'N~O',3,NULL,'BAS',1,NULL,0,0,0),(22,409,'accountid','vtiger_salesorder',1,'73','account_id','Account Name',1,2,'',100,16,61,1,'I~M',3,NULL,'BAS',1,NULL,0,1,0),(22,410,'smownerid','vtiger_crmentity',1,'53','assigned_user_id','Assigned To',1,0,'',100,17,61,1,'V~M',3,NULL,'BAS',1,NULL,0,1,0),(22,411,'createdtime','vtiger_crmentity',1,'70','createdtime','Created Time',1,0,'',100,18,61,2,'DT~O',3,NULL,'BAS',0,NULL,0,0,0),(22,412,'modifiedtime','vtiger_crmentity',1,'70','modifiedtime','Modified Time',1,0,'',100,19,61,2,'DT~O',3,NULL,'BAS',0,NULL,0,0,0),(22,413,'modifiedby','vtiger_crmentity',1,'52','modifiedby','Last Modified By',1,0,'',100,22,61,3,'V~O',3,NULL,'BAS',0,NULL,0,0,0),(22,414,'currency_id','vtiger_salesorder',1,'117','currency_id','Currency',1,2,'1',100,20,61,3,'I~O',3,NULL,'BAS',1,NULL,0,0,0),(22,415,'conversion_rate','vtiger_salesorder',1,'1','conversion_rate','Conversion Rate',1,2,'1',100,21,61,3,'N~O',3,NULL,'BAS',1,NULL,0,0,0),(22,416,'bill_street','vtiger_sobillads',1,'24','bill_street','Billing Address',1,2,'',100,1,63,1,'V~M',3,NULL,'BAS',1,NULL,0,0,0),(22,417,'ship_street','vtiger_soshipads',1,'24','ship_street','Shipping Address',1,2,'',100,2,63,1,'V~M',3,NULL,'BAS',1,NULL,0,0,0),(22,418,'bill_city','vtiger_sobillads',1,'1','bill_city','Billing City',1,2,'',100,5,63,1,'V~O',3,NULL,'BAS',1,NULL,0,0,0),(22,419,'ship_city','vtiger_soshipads',1,'1','ship_city','Shipping City',1,2,'',100,6,63,1,'V~O',3,NULL,'BAS',1,NULL,0,0,0),(22,420,'bill_state','vtiger_sobillads',1,'1','bill_state','Billing State',1,2,'',100,7,63,1,'V~O',3,NULL,'BAS',1,NULL,0,0,0),(22,421,'ship_state','vtiger_soshipads',1,'1','ship_state','Shipping State',1,2,'',100,8,63,1,'V~O',3,NULL,'BAS',1,NULL,0,0,0),(22,422,'bill_code','vtiger_sobillads',1,'1','bill_code','Billing Code',1,2,'',100,9,63,1,'V~O',3,NULL,'BAS',1,NULL,0,0,0),(22,423,'ship_code','vtiger_soshipads',1,'1','ship_code','Shipping Code',1,2,'',100,10,63,1,'V~O',3,NULL,'BAS',1,NULL,0,0,0),(22,424,'bill_country','vtiger_sobillads',1,'1','bill_country','Billing Country',1,2,'',100,11,63,1,'V~O',3,NULL,'BAS',1,NULL,0,0,0),(22,425,'ship_country','vtiger_soshipads',1,'1','ship_country','Shipping Country',1,2,'',100,12,63,1,'V~O',3,NULL,'BAS',1,NULL,0,0,0),(22,426,'bill_pobox','vtiger_sobillads',1,'1','bill_pobox','Billing Po Box',1,2,'',100,3,63,1,'V~O',3,NULL,'BAS',1,NULL,0,0,0),(22,427,'ship_pobox','vtiger_soshipads',1,'1','ship_pobox','Shipping Po Box',1,2,'',100,4,63,1,'V~O',3,NULL,'BAS',1,NULL,0,0,0),(22,428,'description','vtiger_crmentity',1,'19','description','Description',1,2,'',100,1,66,1,'V~O',3,NULL,'ADV',1,NULL,0,0,0),(22,429,'terms_conditions','vtiger_salesorder',1,'19','terms_conditions','Terms & Conditions',1,2,'',100,1,65,1,'V~O',3,NULL,'ADV',1,NULL,0,0,0),(22,430,'enable_recurring','vtiger_salesorder',1,'56','enable_recurring','Enable Recurring',1,0,'',100,1,85,1,'C~O',3,NULL,'BAS',0,NULL,0,0,0),(22,431,'recurring_frequency','vtiger_invoice_recurring_info',1,'16','recurring_frequency','Frequency',1,0,'',100,2,85,1,'V~O',3,NULL,'BAS',0,NULL,0,0,0),(22,432,'start_period','vtiger_invoice_recurring_info',1,'5','start_period','Start Period',1,0,'',100,3,85,1,'D~O',3,NULL,'BAS',0,NULL,0,0,0),(22,433,'end_period','vtiger_invoice_recurring_info',1,'5','end_period','End Period',1,0,'',100,4,85,1,'D~O~OTH~G~start_period~Start Period',3,NULL,'BAS',0,NULL,0,0,0),(22,434,'payment_duration','vtiger_invoice_recurring_info',1,'16','payment_duration','Payment Duration',1,0,'',100,5,85,1,'V~O',3,NULL,'BAS',0,NULL,0,0,0),(22,435,'invoice_status','vtiger_invoice_recurring_info',1,'15','invoicestatus','Invoice Status',1,0,'',100,6,85,1,'V~M',3,NULL,'BAS',0,NULL,0,0,0),(23,436,'subject','vtiger_invoice',1,'2','subject','Subject',1,0,'',100,1,67,1,'V~M',3,NULL,'BAS',1,NULL,1,0,0),(23,437,'salesorderid','vtiger_invoice',1,'80','salesorder_id','Sales Order',1,2,'',100,2,67,1,'I~O',3,NULL,'BAS',0,NULL,1,0,0),(23,438,'customerno','vtiger_invoice',1,'1','customerno','Customer No',1,2,'',100,3,67,1,'V~O',3,NULL,'BAS',1,NULL,0,0,0),(23,439,'contactid','vtiger_invoice',1,'57','contact_id','Contact Name',1,2,'',100,4,67,1,'I~O',3,NULL,'BAS',1,NULL,0,1,0),(23,440,'invoicedate','vtiger_invoice',1,'5','invoicedate','Invoice Date',1,2,'',100,5,67,1,'D~O',3,NULL,'BAS',1,NULL,0,0,0),(23,441,'duedate','vtiger_invoice',1,'5','duedate','Due Date',1,2,'',100,6,67,1,'D~O',3,NULL,'BAS',1,NULL,0,0,0),(23,442,'purchaseorder','vtiger_invoice',1,'1','vtiger_purchaseorder','Purchase Order',1,2,'',100,8,67,1,'V~O',3,NULL,'BAS',1,NULL,0,0,0),(23,443,'adjustment','vtiger_invoice',1,'72','txtAdjustment','Adjustment',1,2,'',100,9,67,3,'NN~O',3,NULL,'BAS',1,NULL,0,0,0),(23,444,'salescommission','vtiger_invoice',1,'1','salescommission','Sales Commission',1,2,'',10,13,67,1,'N~O',3,NULL,'BAS',1,NULL,0,0,0),(23,445,'exciseduty','vtiger_invoice',1,'1','exciseduty','Excise Duty',1,2,'',100,11,67,1,'N~O',3,NULL,'BAS',1,NULL,0,0,0),(23,446,'subtotal','vtiger_invoice',1,'72','hdnSubTotal','Sub Total',1,2,'',100,12,67,3,'N~O',3,NULL,'BAS',1,NULL,0,0,0),(23,447,'total','vtiger_invoice',1,'72','hdnGrandTotal','Total',1,2,'',100,13,67,3,'N~O',3,NULL,'BAS',1,NULL,1,0,0),(23,448,'taxtype','vtiger_invoice',1,'16','hdnTaxType','Tax Type',1,2,'',100,13,67,3,'V~O',3,NULL,'BAS',1,NULL,0,0,0),(23,449,'discount_percent','vtiger_invoice',1,'1','hdnDiscountPercent','Discount Percent',1,2,'',100,13,113,5,'N~O',3,NULL,'BAS',1,NULL,0,0,0),(23,450,'discount_amount','vtiger_invoice',1,'72','hdnDiscountAmount','Discount Amount',1,2,'',100,13,113,5,'N~O',3,NULL,'BAS',1,NULL,0,0,0),(23,451,'s_h_amount','vtiger_invoice',1,'72','hdnS_H_Amount','S&H Amount',1,2,'',100,14,69,3,'N~O',3,NULL,'BAS',1,NULL,0,0,0),(23,452,'accountid','vtiger_invoice',1,'73','account_id','Account Name',1,2,'',100,14,67,1,'I~M',3,NULL,'BAS',1,NULL,0,1,0),(23,453,'invoicestatus','vtiger_invoice',1,'15','invoicestatus','Status',1,2,'',100,15,67,1,'V~O',3,NULL,'BAS',1,NULL,0,1,0),(23,454,'smownerid','vtiger_crmentity',1,'53','assigned_user_id','Assigned To',1,0,'',100,16,67,1,'V~M',3,NULL,'BAS',1,NULL,0,1,0),(23,455,'createdtime','vtiger_crmentity',1,'70','createdtime','Created Time',1,0,'',100,17,67,2,'DT~O',3,NULL,'BAS',0,NULL,0,0,0),(23,456,'modifiedtime','vtiger_crmentity',1,'70','modifiedtime','Modified Time',1,0,'',100,18,67,2,'DT~O',3,NULL,'BAS',0,NULL,0,0,0),(23,457,'modifiedby','vtiger_crmentity',1,'52','modifiedby','Last Modified By',1,0,'',100,22,67,3,'V~O',3,NULL,'BAS',0,NULL,0,0,0),(23,458,'currency_id','vtiger_invoice',1,'117','currency_id','Currency',1,2,'1',100,19,67,3,'I~O',3,NULL,'BAS',1,NULL,0,0,0),(23,459,'conversion_rate','vtiger_invoice',1,'1','conversion_rate','Conversion Rate',1,2,'1',100,20,67,3,'N~O',3,NULL,'BAS',1,NULL,0,0,0),(23,460,'bill_street','vtiger_invoicebillads',1,'24','bill_street','Billing Address',1,2,'',100,1,69,1,'V~M',3,NULL,'BAS',1,NULL,0,0,0),(23,461,'ship_street','vtiger_invoiceshipads',1,'24','ship_street','Shipping Address',1,2,'',100,2,69,1,'V~M',3,NULL,'BAS',1,NULL,0,0,0),(23,462,'bill_city','vtiger_invoicebillads',1,'1','bill_city','Billing City',1,2,'',100,5,69,1,'V~O',3,NULL,'BAS',1,NULL,0,0,0),(23,463,'ship_city','vtiger_invoiceshipads',1,'1','ship_city','Shipping City',1,2,'',100,6,69,1,'V~O',3,NULL,'BAS',1,NULL,0,0,0),(23,464,'bill_state','vtiger_invoicebillads',1,'1','bill_state','Billing State',1,2,'',100,7,69,1,'V~O',3,NULL,'BAS',1,NULL,0,0,0),(23,465,'ship_state','vtiger_invoiceshipads',1,'1','ship_state','Shipping State',1,2,'',100,8,69,1,'V~O',3,NULL,'BAS',1,NULL,0,0,0),(23,466,'bill_code','vtiger_invoicebillads',1,'1','bill_code','Billing Code',1,2,'',100,9,69,1,'V~O',3,NULL,'BAS',1,NULL,0,0,0),(23,467,'ship_code','vtiger_invoiceshipads',1,'1','ship_code','Shipping Code',1,2,'',100,10,69,1,'V~O',3,NULL,'BAS',1,NULL,0,0,0),(23,468,'bill_country','vtiger_invoicebillads',1,'1','bill_country','Billing Country',1,2,'',100,11,69,1,'V~O',3,NULL,'BAS',1,NULL,0,0,0),(23,469,'ship_country','vtiger_invoiceshipads',1,'1','ship_country','Shipping Country',1,2,'',100,12,69,1,'V~O',3,NULL,'BAS',1,NULL,0,0,0),(23,470,'bill_pobox','vtiger_invoicebillads',1,'1','bill_pobox','Billing Po Box',1,2,'',100,3,69,1,'V~O',3,NULL,'BAS',1,NULL,0,0,0),(23,471,'ship_pobox','vtiger_invoiceshipads',1,'1','ship_pobox','Shipping Po Box',1,2,'',100,4,69,1,'V~O',3,NULL,'BAS',1,NULL,0,0,0),(23,472,'description','vtiger_crmentity',1,'19','description','Description',1,2,'',100,1,72,1,'V~O',3,NULL,'ADV',1,NULL,0,0,0),(23,473,'terms_conditions','vtiger_invoice',1,'19','terms_conditions','Terms & Conditions',1,2,'',100,1,71,1,'V~O',3,NULL,'ADV',1,NULL,0,0,0),(23,474,'invoice_no','vtiger_invoice',1,'4','invoice_no','Invoice No',1,0,'',100,3,67,1,'V~O',3,NULL,'BAS',0,NULL,1,0,0),(29,475,'user_name','vtiger_users',1,'106','user_name','User Name',1,0,'',11,1,77,1,'V~M',1,NULL,'BAS',1,NULL,0,0,0),(29,476,'is_admin','vtiger_users',1,'156','is_admin','Admin',1,0,'',3,7,77,1,'V~O',1,NULL,'BAS',1,NULL,0,0,0),(29,477,'user_password','vtiger_users',1,'99','user_password','Password',1,0,'',30,5,77,4,'P~M',1,NULL,'BAS',1,NULL,0,0,0),(29,478,'confirm_password','vtiger_users',1,'99','confirm_password','Confirm Password',1,0,'',30,6,77,4,'P~M',1,NULL,'BAS',1,NULL,0,0,0),(29,479,'first_name','vtiger_users',1,'1','first_name','First Name',1,0,'',30,3,77,1,'V~O',1,NULL,'BAS',1,NULL,0,0,0),(29,480,'last_name','vtiger_users',1,'2','last_name','Last Name',1,0,'',30,4,77,1,'V~M',1,NULL,'BAS',1,NULL,0,0,0),(29,481,'roleid','vtiger_user2role',1,'98','roleid','Role',1,0,'',200,8,77,1,'V~M',1,NULL,'BAS',1,NULL,0,0,0),(29,482,'email1','vtiger_users',1,'104','email1','Email',1,0,'',100,2,77,1,'E~M',1,NULL,'BAS',1,NULL,0,0,0),(29,483,'status','vtiger_users',1,'115','status','Status',1,0,'Active',100,10,77,1,'V~O',1,NULL,'BAS',1,NULL,0,0,0),(29,484,'activity_view','vtiger_users',1,'16','activity_view','Default Activity View',1,0,'',100,6,118,1,'V~O',1,NULL,'BAS',1,NULL,0,0,0),(29,485,'lead_view','vtiger_users',1,'16','lead_view','Default Lead View',1,0,'',100,9,77,1,'V~O',1,NULL,'BAS',1,NULL,0,0,0),(29,486,'hour_format','vtiger_users',1,'16','hour_format','Calendar Hour Format',1,0,'12',100,4,118,1,'V~O',1,NULL,'BAS',1,NULL,0,0,0),(29,487,'end_hour','vtiger_users',1,'116','end_hour','Day ends at',1,0,'',100,11,77,3,'V~O',1,NULL,'BAS',1,NULL,0,0,0),(29,488,'start_hour','vtiger_users',1,'16','start_hour','Day starts at',1,0,'',100,2,118,1,'V~O',1,NULL,'BAS',1,NULL,0,0,0),(29,489,'is_owner','vtiger_users',1,'1','is_owner','Account Owner',0,2,'0',100,12,77,5,'V~O',0,1,'BAS',0,NULL,0,0,0),(29,490,'title','vtiger_users',1,'1','title','Title',1,0,'',50,1,79,1,'V~O',1,NULL,'BAS',1,NULL,0,0,0),(29,491,'phone_work','vtiger_users',1,'11','phone_work','Office Phone',1,0,'',50,5,79,1,'V~O',1,NULL,'BAS',1,NULL,0,0,0),(29,492,'department','vtiger_users',1,'1','department','Department',1,0,'',50,3,79,1,'V~O',1,NULL,'BAS',1,NULL,0,0,0),(29,493,'phone_mobile','vtiger_users',1,'11','phone_mobile','Mobile',1,0,'',50,7,79,1,'V~O',1,NULL,'BAS',1,NULL,0,0,0),(29,494,'reports_to_id','vtiger_users',1,'101','reports_to_id','Reports To',1,0,'',50,8,79,1,'V~O',1,NULL,'BAS',1,NULL,0,0,0),(29,495,'phone_other','vtiger_users',1,'11','phone_other','Other Phone',1,0,'',50,11,79,1,'V~O',1,NULL,'BAS',1,NULL,0,0,0),(29,496,'email2','vtiger_users',1,'13','email2','Other Email',1,0,'',100,4,79,1,'E~O',1,NULL,'BAS',1,NULL,0,0,0),(29,497,'phone_fax','vtiger_users',1,'11','phone_fax','Fax',1,0,'',50,2,79,1,'V~O',1,NULL,'BAS',1,NULL,0,0,0),(29,498,'secondaryemail','vtiger_users',1,'13','secondaryemail','Secondary Email',1,0,'',100,6,79,1,'E~O',1,NULL,'BAS',1,NULL,0,0,0),(29,499,'phone_home','vtiger_users',1,'11','phone_home','Home Phone',1,0,'',50,9,79,1,'V~O',1,NULL,'BAS',1,NULL,0,0,0),(29,500,'date_format','vtiger_users',1,'16','date_format','Date Format',1,0,'',30,3,118,1,'V~O',1,NULL,'BAS',1,NULL,0,0,0),(29,501,'signature','vtiger_users',1,'21','signature','Signature',1,0,'',250,13,79,1,'V~O',1,NULL,'BAS',1,NULL,0,0,0),(29,502,'description','vtiger_users',1,'21','description','Documents',1,0,'',250,14,79,1,'V~O',1,NULL,'BAS',1,NULL,0,0,0),(29,503,'address_street','vtiger_users',1,'21','address_street','Street Address',1,0,'',250,1,80,1,'V~O',1,NULL,'BAS',1,NULL,0,0,0),(29,504,'address_city','vtiger_users',1,'1','address_city','City',1,0,'',100,3,80,1,'V~O',1,NULL,'BAS',1,NULL,0,0,0),(29,505,'address_state','vtiger_users',1,'1','address_state','State',1,0,'',100,5,80,1,'V~O',1,NULL,'BAS',1,NULL,0,0,0),(29,506,'address_postalcode','vtiger_users',1,'1','address_postalcode','Postal Code',1,0,'',100,4,80,1,'V~O',1,NULL,'BAS',1,NULL,0,0,0),(29,507,'address_country','vtiger_users',1,'1','address_country','Country',1,0,'',100,2,80,1,'V~O',1,NULL,'BAS',1,NULL,0,0,0),(29,508,'accesskey','vtiger_users',1,'3','accesskey','Webservice Access Key',1,0,'',100,2,83,2,'V~O',1,NULL,'BAS',1,NULL,0,0,0),(29,509,'time_zone','vtiger_users',1,'16','time_zone','Time Zone',1,0,'',200,5,118,1,'V~O',1,NULL,'BAS',1,NULL,0,0,0),(29,510,'currency_id','vtiger_users',1,'117','currency_id','Currency',1,0,'',100,1,78,1,'I~O',1,NULL,'BAS',1,NULL,0,0,0),(29,511,'currency_grouping_pattern','vtiger_users',1,'16','currency_grouping_pattern','Digit Grouping Pattern',1,0,'',100,2,78,1,'V~O',1,NULL,'BAS',1,'<b>Currency - Digit Grouping Pattern</b> <br/><br/>This pattern specifies the format in which the currency separator will be placed.',0,0,0),(29,512,'currency_decimal_separator','vtiger_users',1,'16','currency_decimal_separator','Decimal Separator',1,0,'.',2,3,78,1,'V~O',1,NULL,'BAS',1,'<b>Currency - Decimal Separator</b> <br/><br/>Decimal separator specifies the separator to be used to separate the fractional values from the whole number part. <br/><b>Eg:</b> <br/>. => 123.45 <br/>, => 123,45 <br/>\' => 123\'45 <br/>  => 123 45 <br/>$ => 123$45 <br/>',0,0,0),(29,513,'currency_grouping_separator','vtiger_users',1,'16','currency_grouping_separator','Digit Grouping Separator',1,0,',',2,4,78,1,'V~O',1,NULL,'BAS',1,'<b>Currency - Grouping Separator</b> <br/><br/>Grouping separator specifies the separator to be used to group the whole number part into hundreds, thousands etc. <br/><b>Eg:</b> <br/>. => 123.456.789 <br/>, => 123,456,789 <br/>\' => 123\'456\'789 <br/>  => 123 456 789 <br/>$ => 123$456$789 <br/>',0,0,0),(29,514,'currency_symbol_placement','vtiger_users',1,'16','currency_symbol_placement','Symbol Placement',1,0,'',20,5,78,1,'V~O',1,NULL,'BAS',1,'<b>Currency - Symbol Placement</b> <br/><br/>Symbol Placement allows you to configure the position of the currency symbol with respect to the currency value.<br/><b>Eg:</b> <br/>$1.0 => $123,456,789.50 <br/>1.0$ => 123,456,789.50$ <br/>',0,0,0),(29,515,'imagename','vtiger_users',1,'105','imagename','User Image',1,0,'',250,10,82,1,'V~O',1,NULL,'BAS',1,NULL,0,0,0),(29,516,'internal_mailer','vtiger_users',1,'56','internal_mailer','INTERNAL_MAIL_COMPOSER',1,0,'',50,15,79,1,'V~O',1,NULL,'BAS',1,NULL,0,0,0),(29,517,'theme','vtiger_users',1,'31','theme','Theme',1,0,'softed',100,16,79,1,'V~O',1,NULL,'BAS',1,NULL,0,0,0),(29,518,'language','vtiger_users',1,'32','language','Language',1,0,'en_us',100,17,79,1,'V~O',1,NULL,'BAS',1,NULL,0,0,0),(29,519,'reminder_interval','vtiger_users',1,'16','reminder_interval','Reminder Interval',1,0,'',100,11,118,1,'V~O',1,NULL,'BAS',1,NULL,0,0,0),(10,520,'from_email','vtiger_emaildetails',1,'12','from_email','From',1,2,'',100,1,21,3,'V~M',3,NULL,'BAS',0,NULL,0,0,0),(10,521,'to_email','vtiger_emaildetails',1,'8','saved_toid','To',1,2,'',100,2,21,1,'V~M',3,NULL,'BAS',0,NULL,0,0,0),(10,522,'cc_email','vtiger_emaildetails',1,'8','ccmail','CC',1,2,'',1000,3,21,1,'V~O',3,NULL,'BAS',0,NULL,0,0,0),(10,523,'bcc_email','vtiger_emaildetails',1,'8','bccmail','BCC',1,2,'',1000,4,21,1,'V~O',3,NULL,'BAS',0,NULL,0,0,0),(10,524,'idlists','vtiger_emaildetails',1,'357','parent_id','Parent ID',1,2,'',1000,5,21,1,'V~O',3,NULL,'BAS',0,NULL,0,0,0),(10,525,'email_flag','vtiger_emaildetails',1,'16','email_flag','Email Flag',1,2,'',1000,6,21,3,'V~O',3,NULL,'BAS',0,NULL,0,0,0),(34,526,'servicename','vtiger_service',1,'2','servicename','Service Name',1,0,'',100,1,88,1,'V~M',0,1,'BAS',1,'',1,NULL,0),(34,527,'service_no','vtiger_service',1,'4','service_no','Service No',1,0,'',100,2,88,1,'V~O',3,0,'BAS',0,'',1,NULL,0),(34,528,'discontinued','vtiger_service',1,'56','discontinued','Service Active',1,2,'1',100,4,88,1,'V~O',2,3,'BAS',1,'',0,NULL,0),(34,529,'sales_start_date','vtiger_service',1,'5','sales_start_date','Sales Start Date',1,2,'',100,9,88,1,'D~O',1,0,'BAS',1,'',0,NULL,0),(34,530,'sales_end_date','vtiger_service',1,'5','sales_end_date','Sales End Date',1,2,'',100,10,88,1,'D~O~OTH~GE~sales_start_date~Sales Start Date',1,0,'BAS',1,'',0,NULL,0),(34,531,'start_date','vtiger_service',1,'5','start_date','Support Start Date',1,2,'',100,11,88,1,'D~O',1,0,'BAS',1,'',0,NULL,0),(34,532,'expiry_date','vtiger_service',1,'5','expiry_date','Support Expiry Date',1,2,'',100,12,88,1,'D~O~OTH~GE~start_date~Start Date',1,0,'BAS',1,'',0,NULL,0),(34,533,'website','vtiger_service',1,'17','website','Website',1,2,'',100,6,88,1,'V~O',1,0,'BAS',1,'',0,NULL,0),(34,534,'createdtime','vtiger_crmentity',1,'70','createdtime','Created Time',1,0,'',100,13,88,2,'DT~O',3,0,'BAS',0,'',0,NULL,0),(34,535,'modifiedtime','vtiger_crmentity',1,'70','modifiedtime','Modified Time',1,0,'',100,14,88,2,'DT~O',3,0,'BAS',0,'',0,NULL,0),(34,536,'modifiedby','vtiger_crmentity',1,'52','modifiedby','Last Modified By',1,0,'',100,16,88,3,'V~O',3,0,'BAS',0,'',0,NULL,0),(34,537,'service_usageunit','vtiger_service',1,'15','service_usageunit','Usage Unit',1,2,'',100,3,88,1,'V~O',1,0,'BAS',1,'',0,NULL,0),(34,538,'qty_per_unit','vtiger_service',1,'1','qty_per_unit','No of Units',1,2,'',100,5,88,1,'N~O',1,0,'BAS',1,'',1,NULL,0),(34,539,'smownerid','vtiger_crmentity',1,'53','assigned_user_id','Owner',1,0,'',100,8,88,1,'I~O',1,0,'BAS',1,'',0,NULL,0),(34,540,'servicecategory','vtiger_service',1,'15','servicecategory','Service Category',1,2,'',100,7,88,1,'V~O',1,0,'BAS',1,'',0,NULL,0),(34,541,'unit_price','vtiger_service',1,'72','unit_price','Price',1,0,'',100,1,89,1,'N~O',2,2,'BAS',0,'',1,NULL,0),(34,542,'taxclass','vtiger_service',1,'83','taxclass','Taxes',1,2,'',100,4,89,1,'V~O',2,0,'BAS',1,'',0,NULL,0),(34,543,'commissionrate','vtiger_service',1,'9','commissionrate','Commission Rate',1,2,'',100,2,89,1,'N~O',1,0,'BAS',1,'',1,NULL,0),(34,544,'description','vtiger_crmentity',1,'19','description','Description',1,2,'',100,1,91,1,'V~O',1,0,'BAS',1,'',0,NULL,0),(34,545,'source','vtiger_crmentity',1,'1','source','Source',1,2,'',100,17,88,2,'V~O',3,4,'BAS',0,'',0,NULL,0),(34,546,'starred','vtiger_crmentity_user_field',1,'56','starred','starred',1,2,'',100,18,88,6,'C~O',3,5,'BAS',0,'',0,NULL,0),(34,547,'tags','vtiger_service',1,'1','tags','tags',1,2,'',100,19,88,6,'V~O',3,6,'BAS',0,'',0,NULL,0),(35,548,'direction','vtiger_pbxmanager',1,'1','direction','Direction',1,2,'',100,1,92,1,'V~O',1,0,'BAS',1,'',0,NULL,0),(35,549,'callstatus','vtiger_pbxmanager',1,'1','callstatus','Call Status',1,2,'',100,2,92,1,'V~O',1,0,'BAS',1,'',1,NULL,0),(35,550,'starttime','vtiger_pbxmanager',1,'70','starttime','Start Time',1,2,'',100,7,92,1,'DT~O',1,0,'BAS',1,'',1,NULL,0),(35,551,'endtime','vtiger_pbxmanager',1,'70','endtime','End Time',1,2,'',100,8,92,1,'DT~O',1,0,'BAS',1,'',0,NULL,0),(35,552,'totalduration','vtiger_pbxmanager',1,'7','totalduration','Total Duration',1,2,'',100,10,92,1,'I~O',1,0,'BAS',1,'',0,NULL,0),(35,553,'billduration','vtiger_pbxmanager',1,'7','billduration','Bill Duration',1,2,'',100,11,92,1,'I~O',1,0,'BAS',1,'',0,NULL,0),(35,554,'recordingurl','vtiger_pbxmanager',1,'17','recordingurl','Recording URL',1,2,'',100,9,92,1,'V~O',1,0,'BAS',1,'',1,NULL,0),(35,555,'sourceuuid','vtiger_pbxmanager',1,'1','sourceuuid','Source UUID',1,2,'',100,12,92,1,'V~O',1,0,'BAS',1,'',0,NULL,0),(35,556,'gateway','vtiger_pbxmanager',1,'1','gateway','Gateway',1,2,'',100,13,92,1,'V~O',1,0,'BAS',1,'',0,NULL,0),(35,557,'customer','vtiger_pbxmanager',1,'10','customer','Customer',1,2,'',100,3,92,1,'V~O',1,0,'BAS',1,'',1,NULL,0),(35,558,'user','vtiger_pbxmanager',1,'52','user','User',1,2,'',100,4,92,1,'V~O',1,0,'BAS',1,'',1,NULL,0),(35,559,'customernumber','vtiger_pbxmanager',1,'11','customernumber','Customer Number',1,2,'',100,5,92,1,'V~M',1,0,'BAS',1,'',0,NULL,0),(35,560,'customertype','vtiger_pbxmanager',1,'1','customertype','Customer Type',1,2,'',100,6,92,1,'V~O',1,0,'BAS',1,'',0,NULL,0),(35,561,'smownerid','vtiger_crmentity',1,'53','assigned_user_id','Assigned To',1,2,'',100,14,92,1,'V~M',1,0,'BAS',1,'',0,NULL,0),(35,562,'createdtime','vtiger_crmentity',1,'70','CreatedTime','Created Time',1,2,'',100,15,92,2,'DT~O',1,0,'BAS',0,'',0,NULL,0),(35,563,'modifiedtime','vtiger_crmentity',1,'70','ModifiedTime','Modified Time',1,2,'',100,16,92,2,'DT~O',1,0,'BAS',0,'',0,NULL,0),(35,564,'source','vtiger_crmentity',1,'1','source','Source',1,2,'',100,17,92,2,'V~O',3,1,'BAS',0,'',0,NULL,0),(29,565,'phone_crm_extension','vtiger_users',1,'11','phone_crm_extension','CRM Phone Extension',1,2,'',100,18,79,1,'V~O',1,0,'BAS',1,'',0,NULL,0),(37,566,'smownerid','vtiger_crmentity',1,'53','assigned_user_id','Assigned To',1,2,'',100,4,93,1,'V~M',2,2,'BAS',1,'',1,NULL,0),(37,567,'createdtime','vtiger_crmentity',1,'70','createdtime','Created Time',1,0,'',100,17,93,2,'DT~O',3,0,'BAS',0,'',0,NULL,0),(37,568,'modifiedtime','vtiger_crmentity',1,'70','modifiedtime','Modified Time',1,0,'',100,18,93,2,'DT~O',3,0,'BAS',0,'',0,NULL,0),(37,569,'start_date','vtiger_servicecontracts',1,'5','start_date','Start Date',1,2,'',100,7,93,1,'D~O',2,4,'BAS',1,'',0,NULL,0),(37,570,'end_date','vtiger_servicecontracts',1,'5','end_date','End Date',1,2,'',100,11,93,2,'D~O',3,0,'BAS',0,'',0,NULL,0),(37,571,'sc_related_to','vtiger_servicecontracts',1,'10','sc_related_to','Related to',1,2,'',100,3,93,1,'V~O',2,6,'BAS',1,'',0,NULL,0),(37,572,'tracking_unit','vtiger_servicecontracts',1,'15','tracking_unit','Tracking Unit',1,2,'',100,6,93,1,'V~O',2,7,'BAS',1,'',0,NULL,0),(37,573,'total_units','vtiger_servicecontracts',1,'7','total_units','Total Units',1,2,'',100,8,93,1,'NN~O',2,8,'BAS',1,'',1,NULL,0),(37,574,'used_units','vtiger_servicecontracts',1,'7','used_units','Used Units',1,2,'',100,10,93,1,'NN~O',2,9,'BAS',1,'',1,NULL,0),(37,575,'subject','vtiger_servicecontracts',1,'1','subject','Subject',1,0,'',100,1,93,1,'V~M',0,1,'BAS',1,'',1,NULL,0),(37,576,'due_date','vtiger_servicecontracts',1,'23','due_date','Due date',1,2,'',100,9,93,1,'D~O',2,5,'BAS',1,'',0,NULL,0),(37,577,'planned_duration','vtiger_servicecontracts',1,'1','planned_duration','Planned Duration',1,2,'',100,13,93,2,'V~O',3,0,'BAS',0,'',0,NULL,0),(37,578,'actual_duration','vtiger_servicecontracts',1,'1','actual_duration','Actual Duration',1,2,'',100,15,93,2,'V~O',3,0,'BAS',0,'',0,NULL,0),(37,579,'contract_status','vtiger_servicecontracts',1,'15','contract_status','Status',1,2,'',100,12,93,1,'V~O',1,0,'BAS',1,'',0,NULL,0),(37,580,'priority','vtiger_servicecontracts',1,'15','contract_priority','Priority',1,2,'',100,14,93,1,'V~O',1,0,'BAS',1,'',0,NULL,0),(37,581,'contract_type','vtiger_servicecontracts',1,'15','contract_type','Type',1,2,'',100,5,93,1,'V~O',1,0,'BAS',1,'',0,NULL,0),(37,582,'progress','vtiger_servicecontracts',1,'9','progress','Progress',1,2,'',100,16,93,2,'N~O~2~2',3,3,'BAS',0,'',0,NULL,0),(37,583,'contract_no','vtiger_servicecontracts',1,'4','contract_no','Contract No',1,0,'',100,2,93,1,'V~O',3,0,'BAS',0,'',1,NULL,0),(37,584,'modifiedby','vtiger_crmentity',1,'52','modifiedby','Last Modified By',1,0,'',100,17,93,3,'V~O',3,0,'BAS',0,'',0,NULL,0),(37,585,'source','vtiger_crmentity',1,'1','source','Source',1,2,'',100,19,93,2,'V~O',3,10,'BAS',0,'',0,NULL,0),(37,586,'starred','vtiger_crmentity_user_field',1,'56','starred','starred',1,2,'',100,20,93,6,'C~O',3,11,'BAS',0,'',0,NULL,0),(37,587,'tags','vtiger_servicecontracts',1,'1','tags','tags',1,2,'',100,21,93,6,'V~O',3,12,'BAS',0,'',0,NULL,0),(38,588,'asset_no','vtiger_assets',1,'4','asset_no','Asset No',1,0,'',100,2,95,1,'V~O',3,0,'BAS',0,'\n					',1,NULL,0),(38,589,'product','vtiger_assets',1,'10','product','Product Name',1,2,'',100,3,95,1,'V~M',0,3,'BAS',1,'\n					',1,NULL,0),(38,590,'serialnumber','vtiger_assets',1,'2','serialnumber','Serial Number',1,2,'',100,4,95,1,'V~M',0,5,'BAS',1,'\n					',0,NULL,0),(38,591,'datesold','vtiger_assets',1,'5','datesold','Date Sold',1,2,'',100,5,95,1,'D~M~OTH~GE~datesold~Date Sold',0,0,'BAS',1,'\n					',0,NULL,0),(38,592,'dateinservice','vtiger_assets',1,'5','dateinservice','Date in Service',1,2,'',100,6,95,1,'D~M~OTH~GE~dateinservice~Date in Service',0,4,'BAS',1,'\n					',0,NULL,0),(38,593,'assetstatus','vtiger_assets',1,'15','assetstatus','Status',1,2,'',100,7,95,1,'V~M',0,0,'BAS',1,'\n					',0,NULL,0),(38,594,'tagnumber','vtiger_assets',1,'2','tagnumber','Tag Number',1,2,'',100,8,95,1,'V~O',1,0,'BAS',1,'\n					',0,NULL,0),(38,595,'invoiceid','vtiger_assets',1,'10','invoiceid','Invoice Name',1,2,'',100,9,95,1,'V~O',1,0,'BAS',1,'\n					',0,NULL,0),(38,596,'shippingmethod','vtiger_assets',1,'2','shippingmethod','Shipping Method',1,2,'',100,10,95,1,'V~O',1,0,'BAS',1,'\n					',0,NULL,0),(38,597,'shippingtrackingnumber','vtiger_assets',1,'2','shippingtrackingnumber','Shipping Tracking Number',1,2,'',100,11,95,1,'V~O',1,0,'BAS',1,'\n					',0,NULL,0),(38,598,'smownerid','vtiger_crmentity',1,'53','assigned_user_id','Assigned To',1,2,'',100,4,95,1,'V~M',0,2,'BAS',1,'\n					',0,NULL,0),(38,599,'assetname','vtiger_assets',1,'1','assetname','Asset Name',1,0,'',100,12,95,1,'V~M',0,6,'BAS',1,'\n					',1,NULL,0),(38,600,'account','vtiger_assets',1,'10','account','Customer Name',1,2,'',100,13,95,1,'V~M',0,0,'BAS',1,'\n					',1,NULL,0),(38,601,'contact','vtiger_assets',1,'10','contact','Contact Name',1,2,'',100,14,95,1,'V~O',0,0,'BAS',1,'\n					',0,NULL,0),(38,602,'createdtime','vtiger_crmentity',1,'70','createdtime','Created Time',1,0,'',100,14,95,2,'DT~O',3,0,'BAS',0,'\n					',0,NULL,0),(38,603,'modifiedtime','vtiger_crmentity',1,'70','modifiedtime','Modified Time',1,0,'',100,15,95,2,'DT~O',3,0,'BAS',0,'\n					',0,NULL,0),(38,604,'modifiedby','vtiger_crmentity',1,'52','modifiedby','Last Modified By',1,0,'',100,16,95,3,'V~O',3,0,'BAS',0,'\n					',0,NULL,0),(38,605,'description','vtiger_crmentity',1,'19','description','Notes',1,2,'',100,1,97,1,'V~O',1,0,'BAS',1,'\n					',0,NULL,0),(38,606,'source','vtiger_crmentity',1,'1','source','Source',1,2,'',100,17,95,2,'V~O',3,7,'BAS',0,'',0,NULL,0),(38,607,'starred','vtiger_crmentity_user_field',1,'56','starred','starred',1,2,'',100,18,95,6,'C~O',3,8,'BAS',0,'',0,NULL,0),(38,608,'tags','vtiger_assets',1,'1','tags','tags',1,2,'',100,19,95,6,'V~O',3,9,'BAS',0,'',0,NULL,0),(39,609,'smownerid','vtiger_crmentity',1,'53','assigned_user_id','Assigned To',1,0,'',100,2,98,1,'V~M',1,0,'BAS',1,'',1,NULL,0),(39,610,'createdtime','vtiger_crmentity',1,'70','createdtime','Created Time',1,0,'',100,5,98,2,'DT~O',1,0,'BAS',0,'',0,NULL,0),(39,611,'modifiedtime','vtiger_crmentity',1,'70','modifiedtime','Modified Time',1,0,'',100,6,98,2,'DT~O',1,0,'BAS',0,'',0,NULL,0),(39,612,'message','vtiger_smsnotifier',1,'21','message','message',1,0,'',100,1,98,1,'V~M',1,0,'BAS',1,'',1,NULL,0),(39,613,'modifiedby','vtiger_crmentity',1,'52','modifiedby','Last Modified By',1,0,'',100,7,98,3,'V~O',1,0,'BAS',0,'',0,NULL,0),(39,614,'source','vtiger_crmentity',1,'1','source','Source',1,2,'',100,8,98,2,'V~O',3,1,'BAS',0,'',0,NULL,0),(41,615,'commentcontent','vtiger_modcomments',1,'19','commentcontent','Comment',1,0,'',100,4,101,1,'V~M',0,4,'BAS',2,'',1,NULL,0),(41,616,'smownerid','vtiger_crmentity',1,'53','assigned_user_id','Assigned To',1,0,'',100,1,102,1,'V~M',0,1,'BAS',2,'',1,NULL,0),(41,617,'createdtime','vtiger_crmentity',1,'70','createdtime','Created Time',1,0,'',100,5,102,2,'DT~O',0,2,'BAS',0,'',0,NULL,0),(41,618,'modifiedtime','vtiger_crmentity',1,'70','modifiedtime','Modified Time',1,0,'',100,6,102,2,'DT~O',0,3,'BAS',0,'',0,NULL,0),(41,619,'related_to','vtiger_modcomments',1,'10','related_to','Related To',1,2,'',100,2,102,1,'V~M',2,5,'BAS',2,'',0,NULL,0),(41,620,'smcreatorid','vtiger_crmentity',1,'52','creator','Creator',1,2,'',100,4,102,2,'V~O',1,0,'BAS',1,'',0,NULL,0),(41,621,'parent_comments','vtiger_modcomments',1,'10','parent_comments','Related To Comments',1,2,'',100,7,102,1,'V~O',1,0,'BAS',1,'',0,NULL,0),(41,622,'source','vtiger_crmentity',1,'1','source','Source',1,2,'',100,5,101,2,'V~O',3,6,'BAS',0,'',0,NULL,0),(42,623,'projectmilestonename','vtiger_projectmilestone',1,'2','projectmilestonename','Project Milestone Name',1,2,'',100,1,104,1,'V~M',0,1,'BAS',1,'',1,NULL,0),(42,624,'projectmilestonedate','vtiger_projectmilestone',1,'5','projectmilestonedate','Milestone Date',1,2,'',100,5,104,1,'D~O',0,3,'BAS',1,'',1,NULL,0),(42,625,'projectid','vtiger_projectmilestone',1,'10','projectid','Related to',1,0,'',100,4,104,1,'V~M',0,4,'BAS',1,'',0,NULL,0),(42,626,'projectmilestonetype','vtiger_projectmilestone',1,'15','projectmilestonetype','Type',1,2,'',100,7,104,1,'V~O',1,0,'BAS',1,'',1,NULL,0),(42,627,'smownerid','vtiger_crmentity',1,'53','assigned_user_id','Assigned To',1,2,'',100,6,104,1,'V~M',0,2,'BAS',1,'',0,NULL,0),(42,628,'projectmilestone_no','vtiger_projectmilestone',2,'4','projectmilestone_no','Project Milestone No',1,0,'',100,2,104,1,'V~O',3,4,'BAS',0,'',0,NULL,0),(42,629,'createdtime','vtiger_crmentity',1,'70','createdtime','Created Time',1,2,'',100,1,105,2,'DT~O',1,0,'BAS',0,'',0,NULL,0),(42,630,'modifiedtime','vtiger_crmentity',1,'70','modifiedtime','Modified Time',1,2,'',100,2,105,2,'DT~O',1,0,'BAS',0,'',0,NULL,0),(42,631,'modifiedby','vtiger_crmentity',1,'52','modifiedby','Last Modified By',1,0,'',100,3,105,3,'V~O',3,0,'BAS',0,'',0,NULL,0),(42,632,'description','vtiger_crmentity',1,'19','description','Description',1,2,'',100,1,106,1,'V~O',1,0,'BAS',1,'',0,NULL,0),(42,633,'source','vtiger_crmentity',1,'1','source','Source',1,2,'',100,8,104,2,'V~O',3,5,'BAS',0,'',0,NULL,0),(42,634,'starred','vtiger_crmentity_user_field',1,'56','starred','starred',1,2,'',100,9,104,6,'C~O',3,6,'BAS',0,'',0,NULL,0),(42,635,'tags','vtiger_projectmilestone',1,'1','tags','tags',1,2,'',100,10,104,6,'V~O',3,7,'BAS',0,'',0,NULL,0),(43,636,'projecttaskname','vtiger_projecttask',1,'2','projecttaskname','Project Task Name',1,2,'',100,1,107,1,'V~M',0,1,'BAS',1,'',1,NULL,0),(43,637,'projecttasktype','vtiger_projecttask',1,'15','projecttasktype','Type',1,2,'',100,4,107,1,'V~O',1,0,'BAS',1,'',1,NULL,0),(43,638,'projecttaskpriority','vtiger_projecttask',1,'15','projecttaskpriority','Priority',1,2,'',100,3,107,1,'V~O',1,0,'BAS',1,'',0,NULL,0),(43,639,'projectid','vtiger_projecttask',1,'10','projectid','Related to',1,0,'',100,6,107,1,'V~M',0,5,'BAS',1,'',0,NULL,0),(43,640,'smownerid','vtiger_crmentity',1,'53','assigned_user_id','Assigned To',1,2,'',100,7,107,1,'V~M',0,2,'BAS',1,'',1,NULL,0),(43,641,'projecttasknumber','vtiger_projecttask',1,'7','projecttasknumber','Project Task Number',1,2,'',100,5,107,1,'I~O',1,0,'BAS',1,'',0,NULL,0),(43,642,'projecttask_no','vtiger_projecttask',2,'4','projecttask_no','Project Task No',1,0,'',100,2,107,1,'V~O',3,4,'BAS',0,'',0,NULL,0),(43,643,'projecttaskprogress','vtiger_projecttask',1,'15','projecttaskprogress','Progress',1,2,'',100,1,108,1,'V~O',1,0,'BAS',1,'',1,NULL,0),(43,644,'projecttaskhours','vtiger_projecttask',1,'7','projecttaskhours','Worked Hours',1,2,'',100,2,108,1,'V~O',1,0,'BAS',1,'',0,NULL,0),(43,645,'startdate','vtiger_projecttask',1,'5','startdate','Start Date',1,2,'',100,3,108,1,'D~O',0,3,'BAS',1,'',1,NULL,0),(43,646,'enddate','vtiger_projecttask',1,'5','enddate','End Date',1,2,'',100,4,108,1,'D~O~OTH~GE~startdate~Start Date',1,0,'BAS',1,'',1,NULL,0),(43,647,'createdtime','vtiger_crmentity',1,'70','createdtime','Created Time',1,2,'',100,5,108,2,'DT~O',1,0,'BAS',0,'',0,NULL,0),(43,648,'modifiedtime','vtiger_crmentity',1,'70','modifiedtime','Modified Time',1,2,'',100,6,108,2,'DT~O',1,0,'BAS',0,'',0,NULL,0),(43,649,'modifiedby','vtiger_crmentity',1,'52','modifiedby','Last Modified By',1,0,'',100,7,108,3,'V~O',3,0,'BAS',0,'',0,NULL,0),(43,650,'description','vtiger_crmentity',1,'19','description','description',1,2,'',100,1,109,1,'V~O',1,0,'BAS',1,'',0,NULL,0),(43,651,'source','vtiger_crmentity',1,'1','source','Source',1,2,'',100,8,107,2,'V~O',3,6,'BAS',0,'',0,NULL,0),(43,652,'starred','vtiger_crmentity_user_field',1,'56','starred','starred',1,2,'',100,9,107,6,'C~O',3,7,'BAS',0,'',0,NULL,0),(43,653,'tags','vtiger_projecttask',1,'1','tags','tags',1,2,'',100,10,107,6,'V~O',3,8,'BAS',0,'',0,NULL,0),(44,654,'projectname','vtiger_project',1,'2','projectname','Project Name',1,2,'',100,1,110,1,'V~M',0,1,'BAS',1,'',1,NULL,0),(44,655,'startdate','vtiger_project',1,'23','startdate','Start Date',1,2,'',100,3,110,1,'D~O',0,3,'BAS',1,'',1,NULL,0),(44,656,'targetenddate','vtiger_project',1,'23','targetenddate','Target End Date',1,2,'',100,5,110,1,'D~O~OTH~GE~startdate~Start Date',0,4,'BAS',1,'',1,NULL,0),(44,657,'actualenddate','vtiger_project',1,'23','actualenddate','Actual End Date',1,2,'',100,6,110,1,'D~O~OTH~GE~startdate~Start Date',1,0,'BAS',1,'',0,NULL,0),(44,658,'projectstatus','vtiger_project',1,'15','projectstatus','Status',1,2,'',100,7,110,1,'V~O',1,0,'BAS',1,'',1,NULL,0),(44,659,'projecttype','vtiger_project',1,'15','projecttype','Type',1,2,'',100,8,110,1,'V~O',1,0,'BAS',1,'',1,NULL,0),(44,660,'linktoaccountscontacts','vtiger_project',1,'10','linktoaccountscontacts','Related to',1,2,'',100,9,110,1,'V~O',1,0,'BAS',1,'',0,1,0),(44,661,'smownerid','vtiger_crmentity',1,'53','assigned_user_id','Assigned To',1,2,'',100,4,110,1,'V~M',0,2,'BAS',1,'',1,NULL,0),(44,662,'project_no','vtiger_project',2,'4','project_no','Project No',1,0,'',100,2,110,1,'V~O',3,0,'BAS',0,'',0,NULL,0),(44,663,'targetbudget','vtiger_project',1,'7','targetbudget','Target Budget',1,2,'',100,1,111,1,'V~O',1,0,'BAS',1,'',0,NULL,0),(44,664,'projecturl','vtiger_project',1,'17','projecturl','Project Url',1,2,'',100,2,111,1,'V~O',1,0,'BAS',1,'',0,NULL,0),(44,665,'projectpriority','vtiger_project',1,'15','projectpriority','Priority',1,2,'',100,3,111,1,'V~O',1,0,'BAS',1,'',0,NULL,0),(44,666,'progress','vtiger_project',1,'15','progress','Progress',1,2,'',100,4,111,1,'V~O',1,0,'BAS',1,'',0,NULL,0),(44,667,'createdtime','vtiger_crmentity',1,'70','createdtime','Created Time',1,2,'',100,5,111,2,'DT~O',1,0,'BAS',0,'',0,NULL,0),(44,668,'modifiedtime','vtiger_crmentity',1,'70','modifiedtime','Modified Time',1,2,'',100,6,111,2,'DT~O',1,0,'BAS',0,'',0,NULL,0),(44,669,'modifiedby','vtiger_crmentity',1,'52','modifiedby','Last Modified By',1,0,'',100,7,111,3,'V~O',3,0,'BAS',0,'',0,NULL,0),(44,670,'description','vtiger_crmentity',1,'19','description','Description',1,2,'',100,1,112,1,'V~O',1,0,'BAS',1,'',0,NULL,0),(44,671,'source','vtiger_crmentity',1,'1','source','Source',1,2,'',100,10,110,2,'V~O',3,5,'BAS',0,'',0,NULL,0),(44,672,'starred','vtiger_crmentity_user_field',1,'56','starred','starred',1,2,'',100,11,110,6,'C~O',3,6,'BAS',0,'',0,NULL,0),(44,673,'tags','vtiger_project',1,'1','tags','tags',1,2,'',100,12,110,6,'V~O',3,7,'BAS',0,'',0,NULL,0),(2,674,'forecast_amount','vtiger_potential',1,'71','forecast_amount','Forecast Amount',1,2,'',100,18,1,1,'N~O',1,0,'BAS',0,'',0,NULL,0),(29,675,'no_of_currency_decimals','vtiger_users',1,'16','no_of_currency_decimals','Number Of Currency Decimals',1,2,'2',100,6,78,1,'V~O',1,0,'BAS',1,'<b>Currency - Number of Decimal places</b> <br/><br/>Number of decimal places specifies how many number of decimals will be shown after decimal separator.<br/><b>Eg:</b> 123.00',0,NULL,0),(23,676,'productid','vtiger_inventoryproductrel',1,'10','productid','Item Name',0,2,'',100,1,113,5,'V~M',1,0,'BAS',0,'',0,NULL,0),(23,677,'quantity','vtiger_inventoryproductrel',1,'7','quantity','Quantity',0,2,'',100,2,113,5,'N~O',1,0,'BAS',0,'',0,NULL,0),(23,678,'listprice','vtiger_inventoryproductrel',1,'71','listprice','List Price',0,2,'',100,3,113,5,'N~O',1,0,'BAS',0,'',0,NULL,0),(23,679,'comment','vtiger_inventoryproductrel',1,'19','comment','Item Comment',0,2,'',100,4,113,5,'V~O',1,0,'BAS',0,'',0,NULL,0),(23,680,'discount_amount','vtiger_inventoryproductrel',1,'71','discount_amount','Item Discount Amount',0,2,'',100,5,113,5,'N~O',1,0,'BAS',0,'',0,NULL,0),(23,681,'discount_percent','vtiger_inventoryproductrel',1,'7','discount_percent','Item Discount Percent',0,2,'',100,6,113,5,'V~O',1,0,'BAS',0,'',0,NULL,0),(23,682,'tax1','vtiger_inventoryproductrel',1,'83','tax1','VAT',0,2,'',100,7,113,5,'V~O',1,0,'BAS',0,'',0,NULL,0),(23,683,'tax2','vtiger_inventoryproductrel',1,'83','tax2','Sales',0,2,'',100,8,113,5,'V~O',1,0,'BAS',0,'',0,NULL,0),(23,684,'tax3','vtiger_inventoryproductrel',1,'83','tax3','Service',0,2,'',100,9,113,5,'V~O',1,0,'BAS',0,'',0,NULL,0),(22,685,'productid','vtiger_inventoryproductrel',1,'10','productid','Item Name',0,2,'',100,1,114,5,'V~M',1,0,'BAS',0,'',0,NULL,0),(22,686,'quantity','vtiger_inventoryproductrel',1,'7','quantity','Quantity',0,2,'',100,2,114,5,'N~O',1,0,'BAS',0,'',0,NULL,0),(22,687,'listprice','vtiger_inventoryproductrel',1,'71','listprice','List Price',0,2,'',100,3,114,5,'N~O',1,0,'BAS',0,'',0,NULL,0),(22,688,'comment','vtiger_inventoryproductrel',1,'19','comment','Item Comment',0,2,'',100,4,114,5,'V~O',1,0,'BAS',0,'',0,NULL,0),(22,689,'discount_amount','vtiger_inventoryproductrel',1,'71','discount_amount','Item Discount Amount',0,2,'',100,5,114,5,'N~O',1,0,'BAS',0,'',0,NULL,0),(22,690,'discount_percent','vtiger_inventoryproductrel',1,'7','discount_percent','Item Discount Percent',0,2,'',100,6,114,5,'V~O',1,0,'BAS',0,'',0,NULL,0),(22,691,'tax1','vtiger_inventoryproductrel',1,'83','tax1','VAT',0,2,'',100,7,114,5,'V~O',1,0,'BAS',0,'',0,NULL,0),(22,692,'tax2','vtiger_inventoryproductrel',1,'83','tax2','Sales',0,2,'',100,8,114,5,'V~O',1,0,'BAS',0,'',0,NULL,0),(22,693,'tax3','vtiger_inventoryproductrel',1,'83','tax3','Service',0,2,'',100,9,114,5,'V~O',1,0,'BAS',0,'',0,NULL,0),(21,694,'productid','vtiger_inventoryproductrel',1,'10','productid','Item Name',0,2,'',100,1,115,5,'V~M',1,0,'BAS',0,'',0,NULL,0),(21,695,'quantity','vtiger_inventoryproductrel',1,'7','quantity','Quantity',0,2,'',100,2,115,5,'N~O',1,0,'BAS',0,'',0,NULL,0),(21,696,'listprice','vtiger_inventoryproductrel',1,'71','listprice','List Price',0,2,'',100,3,115,5,'N~O',1,0,'BAS',0,'',0,NULL,0),(21,697,'comment','vtiger_inventoryproductrel',1,'19','comment','Item Comment',0,2,'',100,4,115,5,'V~O',1,0,'BAS',0,'',0,NULL,0),(21,698,'discount_amount','vtiger_inventoryproductrel',1,'71','discount_amount','Item Discount Amount',0,2,'',100,5,115,5,'N~O',1,0,'BAS',0,'',0,NULL,0),(21,699,'discount_percent','vtiger_inventoryproductrel',1,'7','discount_percent','Item Discount Percent',0,2,'',100,6,115,5,'V~O',1,0,'BAS',0,'',0,NULL,0),(21,700,'tax1','vtiger_inventoryproductrel',1,'83','tax1','VAT',0,2,'',100,7,115,5,'V~O',1,0,'BAS',0,'',0,NULL,0),(21,701,'tax2','vtiger_inventoryproductrel',1,'83','tax2','Sales',0,2,'',100,8,115,5,'V~O',1,0,'BAS',0,'',0,NULL,0),(21,702,'tax3','vtiger_inventoryproductrel',1,'83','tax3','Service',0,2,'',100,9,115,5,'V~O',1,0,'BAS',0,'',0,NULL,0),(20,703,'productid','vtiger_inventoryproductrel',1,'10','productid','Item Name',0,2,'',100,1,116,5,'V~M',1,0,'BAS',0,'',0,NULL,0),(20,704,'quantity','vtiger_inventoryproductrel',1,'7','quantity','Quantity',0,2,'',100,2,116,5,'N~O',1,0,'BAS',0,'',0,NULL,0),(20,705,'listprice','vtiger_inventoryproductrel',1,'71','listprice','List Price',0,2,'',100,3,116,5,'N~O',1,0,'BAS',0,'',0,NULL,0),(20,706,'comment','vtiger_inventoryproductrel',1,'19','comment','Item Comment',0,2,'',100,4,116,5,'V~O',1,0,'BAS',0,'',0,NULL,0),(20,707,'discount_amount','vtiger_inventoryproductrel',1,'71','discount_amount','Item Discount Amount',0,2,'',100,5,116,5,'N~O',1,0,'BAS',0,'',0,NULL,0),(20,708,'discount_percent','vtiger_inventoryproductrel',1,'7','discount_percent','Item Discount Percent',0,2,'',100,6,116,5,'V~O',1,0,'BAS',0,'',0,NULL,0),(20,709,'tax1','vtiger_inventoryproductrel',1,'83','tax1','VAT',0,2,'',100,7,116,5,'V~O',1,0,'BAS',0,'',0,NULL,0),(20,710,'tax2','vtiger_inventoryproductrel',1,'83','tax2','Sales',0,2,'',100,8,116,5,'V~O',1,0,'BAS',0,'',0,NULL,0),(20,711,'tax3','vtiger_inventoryproductrel',1,'83','tax3','Service',0,2,'',100,9,116,5,'V~O',1,0,'BAS',0,'',0,NULL,0),(29,712,'truncate_trailing_zeros','vtiger_users',1,'56','truncate_trailing_zeros','Truncate Trailing Zeros',1,2,'0',100,7,78,1,'V~O',1,0,'BAS',1,'<b> Truncate Trailing Zeros </b> <br/><br/>It truncated trailing 0s in any of Currency, Decimal and Percentage Field types<br/><br/><b>Ex:</b><br/>If value is 89.00000 then <br/>decimal and Percentage fields were shows 89<br/>currency field type - shows 89.00<br/>',0,NULL,0),(43,713,'projecttaskstatus','vtiger_projecttask',1,'15','projecttaskstatus','Status',1,2,'',100,11,107,1,'V~O',0,9,'BAS',1,'',0,NULL,0),(41,714,'customer','vtiger_modcomments',1,'10','customer','Customer',1,2,'',100,6,101,3,'V~O',1,0,'BAS',1,'',0,NULL,0),(29,715,'dayoftheweek','vtiger_users',1,'16','dayoftheweek','Starting Day of the week',1,2,'Monday',100,1,118,1,'V~O',1,0,'BAS',1,'',0,NULL,0),(29,716,'callduration','vtiger_users',1,'16','callduration','Default Call Duration',1,2,'5',100,7,118,1,'V~O',1,0,'BAS',1,'',0,NULL,0),(29,717,'othereventduration','vtiger_users',1,'16','othereventduration','Other Event Duration',1,2,'5',100,8,118,1,'V~O',1,0,'BAS',1,'',0,NULL,0),(23,718,'pre_tax_total','vtiger_invoice',1,'72','pre_tax_total','Pre Tax Total',1,2,'',100,23,67,3,'N~O',1,0,'BAS',1,'',0,NULL,0),(22,719,'pre_tax_total','vtiger_salesorder',1,'72','pre_tax_total','Pre Tax Total',1,2,'',100,23,61,3,'N~O',1,0,'BAS',1,'',0,NULL,0),(21,720,'pre_tax_total','vtiger_purchaseorder',1,'72','pre_tax_total','Pre Tax Total',1,2,'',100,23,55,3,'N~O',1,0,'BAS',1,'',0,NULL,0),(20,721,'pre_tax_total','vtiger_quotes',1,'72','pre_tax_total','Pre Tax Total',1,2,'',100,23,49,3,'N~O',1,0,'BAS',1,'',0,NULL,0),(29,722,'calendarsharedtype','vtiger_users',1,'16','calendarsharedtype','Calendar Shared Type',1,2,'Public',100,12,118,3,'V~O',1,0,'BAS',1,'',0,NULL,0),(6,723,'isconvertedfromlead','vtiger_account',1,'56','isconvertedfromlead','Is Converted From Lead',1,2,'no',100,12,9,1,'C~O',1,0,'BAS',1,'',0,NULL,0),(4,724,'isconvertedfromlead','vtiger_contactdetails',1,'56','isconvertedfromlead','Is Converted From Lead',1,2,'no',100,6,5,1,'C~O',1,0,'BAS',1,'',0,NULL,0),(2,725,'isconvertedfromlead','vtiger_potential',1,'56','isconvertedfromlead','Is Converted From Lead',1,2,'no',100,19,1,1,'C~O',1,0,'BAS',1,'',0,NULL,0),(29,726,'default_record_view','vtiger_users',1,'16','default_record_view','Default Record View',1,2,'Summary',100,19,79,1,'V~O',1,0,'BAS',1,'',0,NULL,0),(23,727,'received','vtiger_invoice',1,'72','received','Received',1,2,'0',100,24,67,3,'N~O',1,0,'BAS',1,'',0,NULL,0),(23,728,'balance','vtiger_invoice',1,'72','balance','Balance',1,2,'0',100,25,67,3,'N~O',1,0,'BAS',1,'',0,NULL,0),(21,729,'paid','vtiger_purchaseorder',1,'72','paid','Paid',1,2,'0',100,24,55,3,'N~O',1,0,'BAS',1,'',0,NULL,0),(21,730,'balance','vtiger_purchaseorder',1,'72','balance','Balance',1,2,'0',100,25,55,3,'N~O',1,0,'BAS',1,'',0,NULL,0),(18,731,'smownerid','vtiger_crmentity',1,'53','assigned_user_id','Assigned To',1,2,'',100,13,42,1,'V~M',1,0,'BAS',1,'',0,NULL,0),(7,732,'emailoptout','vtiger_leaddetails',1,'56','emailoptout','Email Opt Out',1,0,'',100,24,13,1,'C~O',1,0,'BAS',1,'',0,NULL,0),(41,733,'userid','vtiger_modcomments',1,'10','userid','UserId',1,2,'',100,7,101,3,'V~O',1,0,'BAS',1,'',0,NULL,0),(41,734,'reasontoedit','vtiger_modcomments',1,'19','reasontoedit','ReasonToEdit',1,2,'',100,8,101,1,'V~O',1,0,'BAS',1,'',0,NULL,0),(23,735,'s_h_percent','vtiger_invoice',1,'1','hdnS_H_Percent','S&H Percent',0,2,'',100,10,113,5,'N~O',0,1,'BAS',0,'',0,NULL,0),(20,736,'s_h_percent','vtiger_quotes',1,'1','hdnS_H_Percent','S&H Percent',0,2,'',100,10,116,5,'N~O',0,1,'BAS',0,'',0,NULL,0),(21,737,'s_h_percent','vtiger_purchaseorder',1,'1','hdnS_H_Percent','S&H Percent',0,2,'',100,10,115,5,'N~O',0,1,'BAS',0,'',0,NULL,0),(22,738,'s_h_percent','vtiger_salesorder',1,'1','hdnS_H_Percent','S&H Percent',0,2,'',100,10,114,5,'N~O',0,1,'BAS',0,'',0,NULL,0),(29,739,'leftpanelhide','vtiger_users',1,'56','leftpanelhide','Left Panel Hide',1,2,'0',100,20,79,1,'V~O',1,0,'BAS',1,'',0,NULL,0),(2,740,'contact_id','vtiger_potential',1,'10','contact_id','Contact Name',1,2,'',100,4,1,1,'V~O',1,0,'BAS',1,'',1,NULL,0),(13,741,'contact_id','vtiger_troubletickets',1,'10','contact_id','Contact Name',1,2,'',100,3,25,1,'V~O',2,0,'BAS',1,'',1,NULL,0),(29,742,'rowheight','vtiger_users',1,'16','rowheight','Row Height',1,2,'medium',100,21,79,1,'V~O',1,0,'BAS',1,'',0,NULL,0),(29,743,'defaulteventstatus','vtiger_users',1,'15','defaulteventstatus','Default Event Status',1,2,'Planned',100,9,118,1,'V~O',1,0,'BAS',1,'',0,NULL,0),(29,744,'defaultactivitytype','vtiger_users',1,'15','defaultactivitytype','Default Activity Type',1,2,'Call',100,10,118,1,'V~O',1,0,'BAS',1,'',0,NULL,0),(29,745,'hidecompletedevents','vtiger_users',1,'56','hidecompletedevents','LBL_HIDE_COMPLETED_EVENTS',1,2,'0',100,13,118,1,'C~O',1,0,'BAS',1,'',0,NULL,0),(14,772,'purchase_cost','vtiger_products',1,'71','purchase_cost','Purchase Cost',1,1,'',100,5,32,1,'N~O',1,0,'BAS',1,'',0,NULL,0),(34,773,'purchase_cost','vtiger_service',1,'71','purchase_cost','Purchase Cost',1,0,'',100,5,89,1,'N~O',1,0,'BAS',1,'',0,NULL,0),(23,774,'potential_id','vtiger_invoice',1,'10','potential_id','Potential Name',1,2,'',100,26,67,1,'I~O',1,0,'BAS',1,'',0,NULL,0),(29,775,'defaultcalendarview','vtiger_users',1,'16','defaultcalendarview','Default Calendar View',1,0,'MyCalendar',100,14,118,1,'V~O',1,0,'BAS',1,'',0,NULL,0),(23,776,'image','vtiger_inventoryproductrel',1,'56','image','Image',0,1,'',100,14,113,5,'V~O',1,0,'BAS',0,'',0,NULL,0),(23,777,'purchase_cost','vtiger_inventoryproductrel',1,'71','purchase_cost','Purchase Cost',0,1,'',100,15,113,5,'N~O',1,0,'BAS',0,'',0,NULL,0),(23,778,'margin','vtiger_inventoryproductrel',1,'71','margin','Margin',0,1,'',100,16,113,5,'N~O',1,0,'BAS',0,'',0,NULL,0),(20,779,'image','vtiger_inventoryproductrel',1,'56','image','Image',0,1,'',100,15,116,5,'V~O',1,0,'BAS',0,'',0,NULL,0),(20,780,'purchase_cost','vtiger_inventoryproductrel',1,'71','purchase_cost','Purchase Cost',0,1,'',100,16,116,5,'N~O',1,0,'BAS',0,'',0,NULL,0),(20,781,'margin','vtiger_inventoryproductrel',1,'71','margin','Margin',0,1,'',100,17,116,5,'N~O',1,0,'BAS',0,'',0,NULL,0),(21,782,'image','vtiger_inventoryproductrel',1,'56','image','Image',0,1,'',100,15,115,5,'V~O',1,0,'BAS',0,'',0,NULL,0),(22,783,'image','vtiger_inventoryproductrel',1,'56','image','Image',0,1,'',100,16,114,5,'V~O',1,0,'BAS',0,'',0,NULL,0),(22,784,'purchase_cost','vtiger_inventoryproductrel',1,'71','purchase_cost','Purchase Cost',0,1,'',100,17,114,5,'N~O',1,0,'BAS',0,'',0,NULL,0),(22,785,'margin','vtiger_inventoryproductrel',1,'71','margin','Margin',0,1,'',100,18,114,5,'N~O',1,0,'BAS',0,'',0,NULL,0),(41,786,'is_private','vtiger_modcomments',1,'7','is_private','Is Private',1,2,'',100,9,101,1,'I~O',1,0,'BAS',1,'',0,NULL,0),(41,787,'filename','vtiger_modcomments',1,'61','filename','Attachment',1,0,'',100,10,101,1,'V~O',1,0,'BAS',1,'',0,NULL,0),(41,788,'related_email_id','vtiger_modcomments',1,'1','related_email_id','Related Email Id',1,2,'0',100,11,101,1,'I~O',1,0,'BAS',1,'',0,NULL,0),(2,789,'source','vtiger_crmentity',1,'1','source','Source',1,2,'',100,20,1,2,'V~O',3,7,'BAS',0,'',0,NULL,0),(4,790,'source','vtiger_crmentity',1,'1','source','Source',1,2,'',100,3,5,2,'V~O',3,7,'BAS',0,'',0,NULL,0),(6,791,'source','vtiger_crmentity',1,'1','source','Source',1,2,'',100,4,10,2,'V~O',3,5,'BAS',0,'',0,NULL,0),(7,792,'source','vtiger_crmentity',1,'1','source','Source',1,2,'',100,25,13,2,'V~O',3,7,'BAS',0,'',0,NULL,0),(8,793,'source','vtiger_crmentity',1,'1','source','Source',1,2,'',100,13,17,2,'V~O',3,4,'BAS',0,'',0,NULL,0),(9,794,'source','vtiger_crmentity',1,'1','source','Source',1,2,'',100,23,19,2,'V~O',3,5,'BAS',0,'',0,NULL,0),(10,795,'source','vtiger_crmentity',1,'1','source','Source',1,2,'',100,13,21,2,'V~O',3,1,'BAS',0,'',0,NULL,0),(13,796,'source','vtiger_crmentity',1,'1','source','Source',1,2,'',100,3,27,2,'V~O',3,5,'BAS',0,'',0,NULL,0),(14,797,'source','vtiger_crmentity',1,'1','source','Source',1,2,'',100,2,34,2,'V~O',3,6,'BAS',0,'',0,NULL,0),(15,798,'source','vtiger_crmentity',1,'1','source','Source',1,2,'',100,9,37,2,'V~O',3,1,'BAS',0,'',0,NULL,0),(16,799,'source','vtiger_crmentity',1,'1','source','Source',1,2,'',100,23,39,2,'V~O',3,7,'BAS',0,'',0,NULL,0),(18,800,'source','vtiger_crmentity',1,'1','source','Source',1,2,'',100,14,42,2,'V~O',3,4,'BAS',0,'',0,NULL,0),(19,801,'source','vtiger_crmentity',1,'1','source','Source',1,2,'',100,8,46,2,'V~O',3,4,'BAS',0,'',0,NULL,0),(20,802,'source','vtiger_crmentity',1,'1','source','Source',1,2,'',100,24,49,2,'V~O',3,2,'BAS',0,'',0,NULL,0),(21,803,'source','vtiger_crmentity',1,'1','source','Source',1,2,'',100,26,55,2,'V~O',3,2,'BAS',0,'',0,NULL,0),(22,804,'source','vtiger_crmentity',1,'1','source','Source',1,2,'',100,24,61,2,'V~O',3,2,'BAS',0,'',0,NULL,0),(23,805,'source','vtiger_crmentity',1,'1','source','Source',1,2,'',100,27,67,2,'V~O',3,2,'BAS',0,'',0,NULL,0),(26,806,'source','vtiger_crmentity',1,'1','source','Source',1,2,'',100,17,74,2,'V~O',3,8,'BAS',0,'',0,NULL,0),(10,807,'click_count','vtiger_email_track',1,'25','click_count','Click Count',1,2,'0',100,14,21,3,'I~O',0,2,'BAS',0,'',0,NULL,0),(2,808,'starred','vtiger_crmentity_user_field',1,'56','starred','starred',1,2,'',100,21,1,6,'C~O',3,8,'BAS',0,'',0,NULL,0),(4,809,'starred','vtiger_crmentity_user_field',1,'56','starred','starred',1,2,'',100,31,4,6,'C~O',3,8,'BAS',0,'',0,NULL,0),(6,810,'starred','vtiger_crmentity_user_field',1,'56','starred','starred',1,2,'',100,26,9,6,'C~O',3,6,'BAS',0,'',0,NULL,0),(7,811,'starred','vtiger_crmentity_user_field',1,'56','starred','starred',1,2,'',100,26,13,6,'C~O',3,8,'BAS',0,'',0,NULL,0),(8,812,'starred','vtiger_crmentity_user_field',1,'56','starred','starred',1,2,'',100,14,17,6,'C~O',3,5,'BAS',0,'',0,NULL,0),(9,813,'starred','vtiger_crmentity_user_field',1,'56','starred','starred',1,2,'',100,24,19,6,'C~O',3,6,'BAS',0,'',0,NULL,0),(10,814,'starred','vtiger_crmentity_user_field',1,'56','starred','starred',1,2,'',100,15,21,6,'C~O',3,3,'BAS',0,'',0,NULL,0),(13,815,'starred','vtiger_crmentity_user_field',1,'56','starred','starred',1,2,'',100,19,25,6,'C~O',3,6,'BAS',0,'',0,NULL,0),(14,816,'starred','vtiger_crmentity_user_field',1,'56','starred','starred',1,2,'',100,24,31,6,'C~O',3,7,'BAS',0,'',0,NULL,0),(15,817,'starred','vtiger_crmentity_user_field',1,'56','starred','starred',1,2,'',100,10,37,6,'C~O',3,2,'BAS',0,'',0,NULL,0),(16,818,'starred','vtiger_crmentity_user_field',1,'56','starred','starred',1,2,'',100,24,39,6,'C~O',3,8,'BAS',0,'',0,NULL,0),(18,819,'starred','vtiger_crmentity_user_field',1,'56','starred','starred',1,2,'',100,15,42,6,'C~O',3,5,'BAS',0,'',0,NULL,0),(19,820,'starred','vtiger_crmentity_user_field',1,'56','starred','starred',1,2,'',100,9,46,6,'C~O',3,5,'BAS',0,'',0,NULL,0),(20,821,'starred','vtiger_crmentity_user_field',1,'56','starred','starred',1,2,'',100,25,49,6,'C~O',3,3,'BAS',0,'',0,NULL,0),(21,822,'starred','vtiger_crmentity_user_field',1,'56','starred','starred',1,2,'',100,27,55,6,'C~O',3,3,'BAS',0,'',0,NULL,0),(22,823,'starred','vtiger_crmentity_user_field',1,'56','starred','starred',1,2,'',100,25,61,6,'C~O',3,3,'BAS',0,'',0,NULL,0),(23,824,'starred','vtiger_crmentity_user_field',1,'56','starred','starred',1,2,'',100,28,67,6,'C~O',3,3,'BAS',0,'',0,NULL,0),(26,825,'starred','vtiger_crmentity_user_field',1,'56','starred','starred',1,2,'',100,18,74,6,'C~O',3,9,'BAS',0,'',0,NULL,0),(35,826,'starred','vtiger_crmentity_user_field',1,'56','starred','starred',1,2,'',100,18,92,6,'C~O',3,2,'BAS',0,'',0,NULL,0),(2,827,'tags','vtiger_potential',1,'1','tags','tags',1,2,'',100,22,1,6,'V~O',3,9,'BAS',0,'',0,NULL,0),(4,828,'tags','vtiger_contactdetails',1,'1','tags','tags',1,2,'',100,32,4,6,'V~O',3,9,'BAS',0,'',0,NULL,0),(6,829,'tags','vtiger_account',1,'1','tags','tags',1,2,'',100,27,9,6,'V~O',3,7,'BAS',0,'',0,NULL,0),(7,830,'tags','vtiger_leaddetails',1,'1','tags','tags',1,2,'',100,27,13,6,'V~O',3,9,'BAS',0,'',0,NULL,0),(8,831,'tags','vtiger_notes',1,'1','tags','tags',1,2,'',100,15,17,6,'V~O',3,6,'BAS',0,'',0,NULL,0),(9,832,'tags','vtiger_activity',1,'1','tags','tags',1,2,'',100,25,19,6,'V~O',3,7,'BAS',0,'',0,NULL,0),(10,833,'tags','vtiger_activity',1,'1','tags','tags',1,2,'',100,16,21,6,'V~O',3,4,'BAS',0,'',0,NULL,0),(13,834,'tags','vtiger_troubletickets',1,'1','tags','tags',1,2,'',100,20,25,6,'V~O',3,7,'BAS',0,'',0,NULL,0),(14,835,'tags','vtiger_products',1,'1','tags','tags',1,2,'',100,25,31,6,'V~O',3,8,'BAS',0,'',0,NULL,0),(15,836,'tags','vtiger_faq',1,'1','tags','tags',1,2,'',100,11,37,6,'V~O',3,3,'BAS',0,'',0,NULL,0),(16,837,'tags','vtiger_activity',1,'1','tags','tags',1,2,'',100,25,39,6,'V~O',3,9,'BAS',0,'',0,NULL,0),(18,838,'tags','vtiger_vendor',1,'1','tags','tags',1,2,'',100,16,42,6,'V~O',3,6,'BAS',0,'',0,NULL,0),(19,839,'tags','vtiger_pricebook',1,'1','tags','tags',1,2,'',100,10,46,6,'V~O',3,6,'BAS',0,'',0,NULL,0),(20,840,'tags','vtiger_quotes',1,'1','tags','tags',1,2,'',100,26,49,6,'V~O',3,4,'BAS',0,'',0,NULL,0),(21,841,'tags','vtiger_purchaseorder',1,'1','tags','tags',1,2,'',100,28,55,6,'V~O',3,4,'BAS',0,'',0,NULL,0),(22,842,'tags','vtiger_salesorder',1,'1','tags','tags',1,2,'',100,26,61,6,'V~O',3,4,'BAS',0,'',0,NULL,0),(23,843,'tags','vtiger_invoice',1,'1','tags','tags',1,2,'',100,29,67,6,'V~O',3,4,'BAS',0,'',0,NULL,0),(26,844,'tags','vtiger_campaign',1,'1','tags','tags',1,2,'',100,19,74,6,'V~O',3,10,'BAS',0,'',0,NULL,0),(35,845,'tags','vtiger_pbxmanager',1,'1','tags','tags',1,2,'',100,19,92,6,'V~O',3,3,'BAS',0,'',0,NULL,0),(20,846,'region_id','vtiger_quotes',1,'16','region_id','Tax Region',0,2,'',100,18,116,5,'N~O',1,0,'BAS',0,'',0,NULL,0),(21,847,'region_id','vtiger_purchaseorder',1,'16','region_id','Tax Region',0,2,'',100,16,115,5,'N~O',1,0,'BAS',0,'',0,NULL,0),(22,848,'region_id','vtiger_salesorder',1,'16','region_id','Tax Region',0,2,'',100,19,114,5,'N~O',1,0,'BAS',0,'',0,NULL,0),(23,849,'region_id','vtiger_invoice',1,'16','region_id','Tax Region',0,2,'',100,17,113,5,'N~O',1,0,'BAS',0,'',0,NULL,0),(44,850,'isconvertedfrompotential','vtiger_project',1,'56','isconvertedfrompotential','Is Converted From Opportunity',1,2,'',100,13,110,1,'C~O',1,0,'BAS',1,'',0,NULL,0),(44,851,'potentialid','vtiger_project',1,'10','potentialid','Potential Name',1,2,'',100,14,110,1,'I~O',1,0,'BAS',1,'',0,NULL,0),(13,853,'cf_852','vtiger_ticketcf',2,'15','cf_852','Acción a Realizar',1,2,'',100,9,25,1,'V~M',2,0,'BAS',2,'',0,0,0),(13,855,'cf_854','vtiger_ticketcf',2,'16','cf_854','Área Responsable',1,1,'Atender el caso',100,7,25,1,'V~O',1,0,'BAS',2,'',0,0,0),(52,856,'apdalmno','vtiger_apdalm',1,'4','apdalmno','Apdalm No',1,2,'',100,0,121,1,'V~M',1,0,'BAS',1,'',0,NULL,0),(52,857,'apdalm_tks_apoderado','vtiger_apdalm',1,'10','apdalm_tks_apoderado','Apoderado',1,2,'',100,1,121,1,'V~M',2,0,'BAS',0,'',0,NULL,0),(52,858,'apdalm_tks_alumno','vtiger_apdalm',1,'10','apdalm_tks_alumno','Alumno',1,2,'',100,2,121,1,'V~M',2,0,'BAS',0,'',0,NULL,0),(52,859,'apdalm_tks_estado','vtiger_apdalm',1,'15','apdalm_tks_estado','Estado',1,2,'Activo',100,3,121,1,'V~M',2,0,'BAS',0,'',0,0,0),(52,860,'apdalm_tks_tipodevinculo','vtiger_apdalm',1,'15','apdalm_tks_tipodevinculo','Tipo de vinculo',1,2,'',100,4,121,1,'V~M',2,0,'BAS',0,'',0,NULL,0),(52,861,'apdalm_tks_nrodocumentoapodera','vtiger_apdalm',1,'2','apdalm_tks_nrodocumentoapodera','Nro Documento Apoderado',1,2,'',20,5,121,1,'V~M',2,0,'BAS',0,'',0,NULL,0),(52,862,'apdalm_tks_codigoalumno','vtiger_apdalm',1,'2','apdalm_tks_codigoalumno','Código Alumno',1,2,'',30,6,121,1,'V~M',2,0,'BAS',0,'',0,NULL,0),(52,863,'apdalm_tks_ano','vtiger_apdalm',1,'1','apdalm_tks_ano','Año',1,2,'',11,7,121,1,'I~M',2,0,'BAS',0,'',0,NULL,0),(52,864,'smownerid','vtiger_crmentity',1,'53','assigned_user_id','Assigned To',1,2,'',100,9,121,1,'V~M',1,0,'BAS',1,'',0,NULL,0),(52,865,'createdtime','vtiger_crmentity',1,'70','createdtime','Created Time',1,2,'',100,10,121,2,'T~O',1,0,'BAS',1,'',0,NULL,0),(52,866,'modifiedtime','vtiger_crmentity',1,'70','modifiedtime','Modified Time',1,2,'',100,11,121,2,'T~O',1,0,'BAS',1,'',0,NULL,0),(52,867,'source','vtiger_crmentity',1,'1','source','Source',1,2,'',100,12,121,2,'V~O',3,1,'BAS',0,'',0,NULL,0),(52,868,'starred','vtiger_crmentity_user_field',1,'56','starred','starred',1,2,'',100,13,121,6,'C~O',3,2,'BAS',0,'',0,NULL,0),(52,869,'tags','vtiger_apdalmcf',1,'1','tags','tags',1,2,'',100,14,121,6,'V~O',3,3,'BAS',0,'',0,NULL,0),(6,871,'cf_870','vtiger_accountscf',2,'15','cf_870','Tipo de Documento',1,2,'DNI',100,5,9,1,'V~O',2,8,'BAS',1,'',0,0,0),(4,873,'cf_872','vtiger_contactscf',2,'1','cf_872','Código de Alumno',1,2,'',100,4,4,1,'V~M~LE~30',2,10,'BAS',1,'',0,0,0),(14,875,'cf_874','vtiger_productcf',2,'15','cf_874','Grado',1,2,' ',100,2,31,1,'V~M',2,9,'BAS',1,'',0,0,0),(14,877,'cf_876','vtiger_productcf',2,'15','cf_876','Sección',1,2,' ',100,3,31,1,'V~M',2,10,'BAS',1,'',0,0,0),(14,879,'cf_878','vtiger_productcf',2,'15','cf_878','Curso',1,2,' ',100,4,31,1,'V~M',2,11,'BAS',1,'',0,0,0),(14,881,'cf_880','vtiger_productcf',2,'7','cf_880','Año',1,2,'',100,8,31,1,'I~M',2,12,'BAS',1,'',0,0,0),(14,883,'cf_882','vtiger_productcf',2,'21','cf_882','Motivo de Inactivación',1,2,'',100,26,31,1,'V~O',1,0,'BAS',1,'',0,0,0),(53,884,'almseccno','vtiger_almsecc',1,'4','almseccno','Almsecc No',1,2,'',100,0,122,1,'V~M',1,0,'BAS',1,'',0,NULL,0),(53,885,'almsecc_tks_alumno','vtiger_almsecc',1,'10','almsecc_tks_alumno','Alumno',1,2,'',100,1,122,1,'V~M',2,0,'BAS',0,'',0,NULL,0),(53,886,'almsecc_tks_codigoalumno','vtiger_almsecc',1,'2','almsecc_tks_codigoalumno','Código Alumno',1,2,'',20,2,122,1,'V~M',2,0,'BAS',0,'',0,NULL,0),(53,887,'almsecc_tks_nivel','vtiger_almsecc',1,'15','almsecc_tks_nivel','Nivel',1,2,'',100,3,122,1,'V~M',2,0,'BAS',0,'',0,NULL,0),(53,888,'almsecc_tks_grado','vtiger_almsecc',1,'15','almsecc_tks_grado','Grado',1,2,'',100,4,122,1,'V~M',2,0,'BAS',0,'',0,NULL,0),(53,889,'almsecc_tks_seccion','vtiger_almsecc',1,'15','almsecc_tks_seccion','Seccion',1,2,'',100,5,122,1,'V~M',2,0,'BAS',0,'',0,NULL,0),(53,890,'almsecc_tks_ano','vtiger_almsecc',1,'1','almsecc_tks_ano','Año',1,2,'',11,6,122,1,'I~M',2,0,'BAS',0,'',0,NULL,0),(53,891,'almsecc_tks_estado','vtiger_almsecc',1,'15','almsecc_tks_estado','Estado',1,2,'Activo',100,7,122,1,'V~M',2,0,'BAS',0,'',0,0,0),(53,892,'smownerid','vtiger_crmentity',1,'53','assigned_user_id','Assigned To',1,2,'',100,9,122,1,'V~M',1,0,'BAS',1,'',0,NULL,0),(53,893,'createdtime','vtiger_crmentity',1,'70','createdtime','Created Time',1,2,'',100,10,122,2,'T~O',1,0,'BAS',1,'',0,NULL,0),(53,894,'modifiedtime','vtiger_crmentity',1,'70','modifiedtime','Modified Time',1,2,'',100,11,122,2,'T~O',1,0,'BAS',1,'',0,NULL,0),(53,895,'source','vtiger_crmentity',1,'1','source','Source',1,2,'',100,12,122,2,'V~O',3,1,'BAS',0,'',0,NULL,0),(53,896,'starred','vtiger_crmentity_user_field',1,'56','starred','starred',1,2,'',100,13,122,6,'C~O',3,2,'BAS',0,'',0,NULL,0),(53,897,'tags','vtiger_almsecccf',1,'1','tags','tags',1,2,'',100,14,122,6,'V~O',3,3,'BAS',0,'',0,NULL,0),(13,899,'cf_898','vtiger_ticketcf',2,'10','cf_898','Horario',1,2,'',100,12,25,1,'I~O',2,8,'BAS',1,'',0,0,0),(13,901,'cf_900','vtiger_ticketcf',2,'15','cf_900','Tema',1,2,'',100,7,25,1,'V~M',2,9,'BAS',1,'',0,0,0),(16,903,'cf_902','vtiger_activitycf',2,'7','cf_902','Enviar (N) minutos antes',1,2,'120',100,1,123,1,'I~O',1,0,'BAS',1,'',0,0,0),(16,907,'cf_906','vtiger_activitycf',2,'15','cf_906','Notificación Enviada',1,2,' ',100,2,123,2,'V~O',1,0,'BAS',1,'',0,0,0),(4,909,'cf_908','vtiger_contactscf',2,'1','cf_908','Apellido Materno',1,2,'',100,3,4,1,'V~O~LE~100',2,11,'BAS',1,'',1,0,0),(4,911,'cf_910','vtiger_contactscf',2,'15','cf_910','Tipo de Documento',1,2,'DNI',100,5,4,1,'V~O',2,12,'BAS',1,'',0,0,0),(4,913,'cf_912','vtiger_contactscf',2,'1','cf_912','Nro de Documento',1,2,'',100,6,4,1,'V~O~LE~20',2,13,'BAS',1,'',0,0,0),(6,915,'cf_914','vtiger_accountscf',2,'1','cf_914','Nombre',1,2,'',100,1,9,1,'V~M~LE~50',2,9,'BAS',1,'',0,0,0),(6,917,'cf_916','vtiger_accountscf',2,'1','cf_916','Apellido Paterno',1,2,'',100,2,9,1,'V~M~LE~100',2,10,'BAS',1,'',0,0,0),(6,919,'cf_918','vtiger_accountscf',2,'1','cf_918','Apellido Materno',1,2,'',100,3,9,1,'V~O~LE~100',2,11,'BAS',1,'',0,0,0),(54,920,'temasno','vtiger_temas',1,'4','temasno','Temas No',1,2,'',100,5,124,1,'V~M',1,0,'BAS',1,'',0,NULL,0),(54,921,'temas_tks_regla','vtiger_temas',1,'2','temas_tks_regla','Caso',1,2,'',200,4,124,1,'V~M',2,0,'BAS',0,'',1,NULL,0),(54,922,'temas_tks_tema','vtiger_temas',1,'15','cf_900','Tema',1,2,'',100,1,124,1,'V~M',2,0,'BAS',0,'',1,NULL,1),(54,923,'temas_tks_subtema','vtiger_temas',1,'15','ticketcategories','Subtema',1,2,'',100,2,124,1,'V~M',2,0,'BAS',0,'',1,NULL,1),(54,924,'temas_tks_rolresponsable','vtiger_temas',1,'15','temas_tks_rolresponsable','Rol responsable Inicial',1,2,'',100,3,124,1,'V~M',2,0,'BAS',0,'',0,1,1),(54,925,'smownerid','vtiger_crmentity',1,'53','assigned_user_id','Assigned To',1,2,'',100,6,124,1,'V~M',1,0,'BAS',1,'',0,NULL,0),(54,926,'createdtime','vtiger_crmentity',1,'70','createdtime','Created Time',1,2,'',100,7,124,2,'T~O',1,0,'BAS',1,'',0,NULL,0),(54,927,'modifiedtime','vtiger_crmentity',1,'70','modifiedtime','Modified Time',1,2,'',100,8,124,2,'T~O',1,0,'BAS',1,'',0,NULL,0),(54,928,'source','vtiger_crmentity',1,'1','source','Source',1,2,'',100,9,124,2,'V~O',3,1,'BAS',0,'',0,NULL,0),(54,929,'starred','vtiger_crmentity_user_field',1,'56','starred','starred',1,2,'',100,10,124,6,'C~O',3,2,'BAS',0,'',0,NULL,0),(54,930,'tags','vtiger_temascf',1,'1','tags','tags',1,2,'',100,11,124,6,'V~O',3,3,'BAS',0,'',0,NULL,0),(55,931,'accionesno','vtiger_acciones',1,'4','accionesno','Acciones No',1,2,'',100,5,125,1,'V~M',1,0,'BAS',1,'',0,NULL,0),(55,932,'acciones_tks_tema','vtiger_acciones',1,'10','acciones_tks_tema','Tema',1,2,'',11,1,125,1,'I~M',2,0,'BAS',0,'',0,NULL,1),(55,933,'acciones_tks_accion','vtiger_acciones',1,'15','cf_852','Acción a Realizar',1,2,'',100,2,125,1,'V~M',2,0,'BAS',0,'',0,0,0),(55,934,'acciones_tks_rolresponsable','vtiger_acciones',1,'15','acciones_tks_rolresponsable','Rol responsable',1,2,'',100,3,125,1,'V~M',2,0,'BAS',0,'',0,1,0),(55,935,'smownerid','vtiger_crmentity',1,'53','assigned_user_id','Assigned To',1,2,'',100,6,125,1,'V~M',1,0,'BAS',1,'',0,NULL,0),(55,936,'createdtime','vtiger_crmentity',1,'70','createdtime','Created Time',1,2,'',100,7,125,2,'T~O',1,0,'BAS',1,'',0,NULL,0),(55,937,'modifiedtime','vtiger_crmentity',1,'70','modifiedtime','Modified Time',1,2,'',100,8,125,2,'T~O',1,0,'BAS',1,'',0,NULL,0),(55,938,'source','vtiger_crmentity',1,'1','source','Source',1,2,'',100,9,125,2,'V~O',3,1,'BAS',0,'',0,NULL,0),(55,939,'starred','vtiger_crmentity_user_field',1,'56','starred','starred',1,2,'',100,9,125,6,'C~O',3,2,'BAS',0,'',0,NULL,0),(55,940,'tags','vtiger_accionescf',1,'1','tags','tags',1,2,'',100,10,125,6,'V~O',3,3,'BAS',0,'',0,NULL,0),(55,941,'acciones_tks_titulo','vtiger_acciones',1,'2','acciones_tks_titulo','Título',1,2,'',200,4,125,1,'V~M',2,NULL,NULL,1,NULL,0,0,1),(13,943,'cf_942','vtiger_ticketcf',2,'10','cf_942','Caso',1,2,'',100,5,25,1,'I~M',2,10,'BAS',1,'',0,1,0);
/*!40000 ALTER TABLE `vtiger_field` ENABLE KEYS */;
UNLOCK TABLES;

--
-- Table structure for table `vtiger_field_seq`
--

DROP TABLE IF EXISTS `vtiger_field_seq`;
/*!40101 SET @saved_cs_client     = @@character_set_client */;
/*!40101 SET character_set_client = utf8 */;
CREATE TABLE `vtiger_field_seq` (
  `id` int(11) NOT NULL
) ENGINE=InnoDB DEFAULT CHARSET=utf8;
/*!40101 SET character_set_client = @saved_cs_client */;

--
-- Dumping data for table `vtiger_field_seq`
--

LOCK TABLES `vtiger_field_seq` WRITE;
/*!40000 ALTER TABLE `vtiger_field_seq` DISABLE KEYS */;
INSERT INTO `vtiger_field_seq` VALUES (943);
/*!40000 ALTER TABLE `vtiger_field_seq` ENABLE KEYS */;
UNLOCK TABLES;

--
-- Table structure for table `vtiger_fieldmodulerel`
--

DROP TABLE IF EXISTS `vtiger_fieldmodulerel`;
/*!40101 SET @saved_cs_client     = @@character_set_client */;
/*!40101 SET character_set_client = utf8 */;
CREATE TABLE `vtiger_fieldmodulerel` (
  `fieldid` int(11) NOT NULL,
  `module` varchar(100) NOT NULL,
  `relmodule` varchar(100) NOT NULL,
  `status` varchar(10) DEFAULT NULL,
  `sequence` int(11) DEFAULT NULL
) ENGINE=InnoDB DEFAULT CHARSET=utf8;
/*!40101 SET character_set_client = @saved_cs_client */;

--
-- Dumping data for table `vtiger_fieldmodulerel`
--

LOCK TABLES `vtiger_fieldmodulerel` WRITE;
/*!40000 ALTER TABLE `vtiger_fieldmodulerel` DISABLE KEYS */;
INSERT INTO `vtiger_fieldmodulerel` VALUES (113,'Potentials','Accounts',NULL,0),(557,'PBXManager','Leads',NULL,NULL),(557,'PBXManager','Contacts',NULL,NULL),(557,'PBXManager','Accounts',NULL,NULL),(571,'ServiceContracts','Contacts',NULL,NULL),(571,'ServiceContracts','Accounts',NULL,NULL),(589,'Assets','Products',NULL,NULL),(595,'Assets','Invoice',NULL,NULL),(600,'Assets','Accounts',NULL,NULL),(601,'Assets','Contacts',NULL,NULL),(619,'ModComments','Leads',NULL,NULL),(619,'ModComments','Contacts',NULL,NULL),(619,'ModComments','Accounts',NULL,NULL),(621,'ModComments','ModComments',NULL,NULL),(619,'ModComments','Potentials',NULL,NULL),(625,'ProjectMilestone','Project',NULL,NULL),(639,'ProjectTask','Project',NULL,NULL),(619,'ModComments','ProjectTask',NULL,NULL),(660,'Project','Accounts',NULL,NULL),(660,'Project','Contacts',NULL,NULL),(619,'ModComments','Project',NULL,NULL),(676,'Invoice','Products',NULL,NULL),(676,'Invoice','Services',NULL,NULL),(685,'SalesOrder','Products',NULL,NULL),(685,'SalesOrder','Services',NULL,NULL),(694,'PurchaseOrder','Products',NULL,NULL),(694,'PurchaseOrder','Services',NULL,NULL),(703,'Quotes','Products',NULL,NULL),(703,'Quotes','Services',NULL,NULL),(714,'ModComments','Contacts',NULL,NULL),(619,'ModComments','HelpDesk',NULL,NULL),(619,'ModComments','Faq',NULL,NULL),(740,'Potentials','Contacts',NULL,NULL),(157,'HelpDesk','Accounts',NULL,NULL),(741,'HelpDesk','Contacts',NULL,NULL),(238,'Accounts','Calendar',NULL,NULL),(238,'Leads','Calendar',NULL,NULL),(238,'HelpDesk','Calendar',NULL,NULL),(238,'Campaigns','Calendar',NULL,NULL),(238,'Potentials','Calendar',NULL,NULL),(238,'PurchaseOrder','Calendar',NULL,NULL),(238,'SalesOrder','Calendar',NULL,NULL),(238,'Quotes','Calendar',NULL,NULL),(238,'Invoice','Calendar',NULL,NULL),(239,'Contacts','Calendar',NULL,NULL),(774,'Invoice','Potentials',NULL,NULL),(619,'ModComments','Invoice',NULL,NULL),(619,'ModComments','Quotes',NULL,NULL),(619,'ModComments','PurchaseOrder',NULL,NULL),(619,'ModComments','SalesOrder',NULL,NULL),(851,'Project','Potentials',NULL,NULL),(857,'Apdalm','Accounts',NULL,NULL),(858,'Apdalm','Contacts',NULL,NULL),(885,'Almsecc','Contacts',NULL,NULL),(899,'HelpDesk','Calendar',NULL,NULL),(932,'Acciones','Temas',NULL,NULL),(943,'HelpDesk','Temas',NULL,NULL);
/*!40000 ALTER TABLE `vtiger_fieldmodulerel` ENABLE KEYS */;
UNLOCK TABLES;

--
-- Table structure for table `vtiger_freetagged_objects`
--

DROP TABLE IF EXISTS `vtiger_freetagged_objects`;
/*!40101 SET @saved_cs_client     = @@character_set_client */;
/*!40101 SET character_set_client = utf8 */;
CREATE TABLE `vtiger_freetagged_objects` (
  `tag_id` int(20) NOT NULL DEFAULT 0,
  `tagger_id` int(20) NOT NULL DEFAULT 0,
  `object_id` int(20) NOT NULL DEFAULT 0,
  `tagged_on` timestamp NOT NULL DEFAULT current_timestamp(),
  `module` varchar(100) DEFAULT NULL,
  PRIMARY KEY (`tag_id`,`tagger_id`,`object_id`),
  KEY `freetagged_objects_tag_id_tagger_id_object_id_idx` (`tag_id`,`tagger_id`,`object_id`)
) ENGINE=InnoDB DEFAULT CHARSET=utf8;
/*!40101 SET character_set_client = @saved_cs_client */;

--
-- Dumping data for table `vtiger_freetagged_objects`
--

LOCK TABLES `vtiger_freetagged_objects` WRITE;
/*!40000 ALTER TABLE `vtiger_freetagged_objects` DISABLE KEYS */;
/*!40000 ALTER TABLE `vtiger_freetagged_objects` ENABLE KEYS */;
UNLOCK TABLES;

--
-- Table structure for table `vtiger_freetags`
--

DROP TABLE IF EXISTS `vtiger_freetags`;
/*!40101 SET @saved_cs_client     = @@character_set_client */;
/*!40101 SET character_set_client = utf8 */;
CREATE TABLE `vtiger_freetags` (
  `id` int(19) NOT NULL,
  `tag` varchar(50) NOT NULL DEFAULT '',
  `raw_tag` varchar(50) NOT NULL DEFAULT '',
  `visibility` varchar(100) NOT NULL DEFAULT 'PRIVATE',
  `owner` int(19) NOT NULL,
  PRIMARY KEY (`id`)
) ENGINE=InnoDB DEFAULT CHARSET=utf8;
/*!40101 SET character_set_client = @saved_cs_client */;

--
-- Dumping data for table `vtiger_freetags`
--

LOCK TABLES `vtiger_freetags` WRITE;
/*!40000 ALTER TABLE `vtiger_freetags` DISABLE KEYS */;
/*!40000 ALTER TABLE `vtiger_freetags` ENABLE KEYS */;
UNLOCK TABLES;

--
-- Table structure for table `vtiger_freetags_seq`
--

DROP TABLE IF EXISTS `vtiger_freetags_seq`;
/*!40101 SET @saved_cs_client     = @@character_set_client */;
/*!40101 SET character_set_client = utf8 */;
CREATE TABLE `vtiger_freetags_seq` (
  `id` int(11) NOT NULL
) ENGINE=InnoDB DEFAULT CHARSET=utf8;
/*!40101 SET character_set_client = @saved_cs_client */;

--
-- Dumping data for table `vtiger_freetags_seq`
--

LOCK TABLES `vtiger_freetags_seq` WRITE;
/*!40000 ALTER TABLE `vtiger_freetags_seq` DISABLE KEYS */;
INSERT INTO `vtiger_freetags_seq` VALUES (1);
/*!40000 ALTER TABLE `vtiger_freetags_seq` ENABLE KEYS */;
UNLOCK TABLES;

--
-- Table structure for table `vtiger_glacct`
--

DROP TABLE IF EXISTS `vtiger_glacct`;
/*!40101 SET @saved_cs_client     = @@character_set_client */;
/*!40101 SET character_set_client = utf8 */;
CREATE TABLE `vtiger_glacct` (
  `glacctid` int(19) NOT NULL AUTO_INCREMENT,
  `glacct` varchar(200) NOT NULL,
  `presence` int(1) NOT NULL DEFAULT 1,
  `picklist_valueid` int(19) NOT NULL DEFAULT 0,
  `sortorderid` int(11) DEFAULT NULL,
  `color` varchar(10) DEFAULT NULL,
  PRIMARY KEY (`glacctid`),
  UNIQUE KEY `glacct_glacct_idx` (`glacct`)
) ENGINE=InnoDB AUTO_INCREMENT=10 DEFAULT CHARSET=utf8;
/*!40101 SET character_set_client = @saved_cs_client */;

--
-- Dumping data for table `vtiger_glacct`
--

LOCK TABLES `vtiger_glacct` WRITE;
/*!40000 ALTER TABLE `vtiger_glacct` DISABLE KEYS */;
INSERT INTO `vtiger_glacct` VALUES (1,'300-Sales-Software',1,51,0,NULL),(2,'301-Sales-Hardware',1,52,1,NULL),(3,'302-Rental-Income',1,53,2,NULL),(4,'303-Interest-Income',1,54,3,NULL),(5,'304-Sales-Software-Support',1,55,4,NULL),(6,'305-Sales Other',1,56,5,NULL),(7,'306-Internet Sales',1,57,6,NULL),(8,'307-Service-Hardware Labor',1,58,7,NULL),(9,'308-Sales-Books',1,59,8,NULL);
/*!40000 ALTER TABLE `vtiger_glacct` ENABLE KEYS */;
UNLOCK TABLES;

--
-- Table structure for table `vtiger_glacct_seq`
--

DROP TABLE IF EXISTS `vtiger_glacct_seq`;
/*!40101 SET @saved_cs_client     = @@character_set_client */;
/*!40101 SET character_set_client = utf8 */;
CREATE TABLE `vtiger_glacct_seq` (
  `id` int(11) NOT NULL
) ENGINE=InnoDB DEFAULT CHARSET=utf8;
/*!40101 SET character_set_client = @saved_cs_client */;

--
-- Dumping data for table `vtiger_glacct_seq`
--

LOCK TABLES `vtiger_glacct_seq` WRITE;
/*!40000 ALTER TABLE `vtiger_glacct_seq` DISABLE KEYS */;
INSERT INTO `vtiger_glacct_seq` VALUES (9);
/*!40000 ALTER TABLE `vtiger_glacct_seq` ENABLE KEYS */;
UNLOCK TABLES;

--
-- Table structure for table `vtiger_google_event_calendar_mapping`
--

DROP TABLE IF EXISTS `vtiger_google_event_calendar_mapping`;
/*!40101 SET @saved_cs_client     = @@character_set_client */;
/*!40101 SET character_set_client = utf8 */;
CREATE TABLE `vtiger_google_event_calendar_mapping` (
  `event_id` varchar(255) DEFAULT NULL,
  `calendar_id` varchar(255) DEFAULT NULL,
  `user_id` int(11) NOT NULL
) ENGINE=InnoDB DEFAULT CHARSET=utf8;
/*!40101 SET character_set_client = @saved_cs_client */;

--
-- Dumping data for table `vtiger_google_event_calendar_mapping`
--

LOCK TABLES `vtiger_google_event_calendar_mapping` WRITE;
/*!40000 ALTER TABLE `vtiger_google_event_calendar_mapping` DISABLE KEYS */;
/*!40000 ALTER TABLE `vtiger_google_event_calendar_mapping` ENABLE KEYS */;
UNLOCK TABLES;

--
-- Table structure for table `vtiger_google_oauth2`
--

DROP TABLE IF EXISTS `vtiger_google_oauth2`;
/*!40101 SET @saved_cs_client     = @@character_set_client */;
/*!40101 SET character_set_client = utf8 */;
CREATE TABLE `vtiger_google_oauth2` (
  `service` varchar(20) DEFAULT NULL,
  `access_token` varchar(500) DEFAULT NULL,
  `refresh_token` varchar(500) DEFAULT NULL,
  `userid` int(19) DEFAULT NULL
) ENGINE=InnoDB DEFAULT CHARSET=utf8;
/*!40101 SET character_set_client = @saved_cs_client */;

--
-- Dumping data for table `vtiger_google_oauth2`
--

LOCK TABLES `vtiger_google_oauth2` WRITE;
/*!40000 ALTER TABLE `vtiger_google_oauth2` DISABLE KEYS */;
/*!40000 ALTER TABLE `vtiger_google_oauth2` ENABLE KEYS */;
UNLOCK TABLES;

--
-- Table structure for table `vtiger_google_sync_fieldmapping`
--

DROP TABLE IF EXISTS `vtiger_google_sync_fieldmapping`;
/*!40101 SET @saved_cs_client     = @@character_set_client */;
/*!40101 SET character_set_client = utf8 */;
CREATE TABLE `vtiger_google_sync_fieldmapping` (
  `vtiger_field` varchar(255) DEFAULT NULL,
  `google_field` varchar(255) DEFAULT NULL,
  `google_field_type` varchar(255) DEFAULT NULL,
  `google_custom_label` varchar(255) DEFAULT NULL,
  `user` int(11) DEFAULT NULL
) ENGINE=InnoDB DEFAULT CHARSET=utf8;
/*!40101 SET character_set_client = @saved_cs_client */;

--
-- Dumping data for table `vtiger_google_sync_fieldmapping`
--

LOCK TABLES `vtiger_google_sync_fieldmapping` WRITE;
/*!40000 ALTER TABLE `vtiger_google_sync_fieldmapping` DISABLE KEYS */;
/*!40000 ALTER TABLE `vtiger_google_sync_fieldmapping` ENABLE KEYS */;
UNLOCK TABLES;

--
-- Table structure for table `vtiger_google_sync_settings`
--

DROP TABLE IF EXISTS `vtiger_google_sync_settings`;
/*!40101 SET @saved_cs_client     = @@character_set_client */;
/*!40101 SET character_set_client = utf8 */;
CREATE TABLE `vtiger_google_sync_settings` (
  `user` int(11) DEFAULT NULL,
  `module` varchar(50) DEFAULT NULL,
  `clientgroup` varchar(255) DEFAULT NULL,
  `direction` varchar(50) DEFAULT NULL,
  `enabled` tinyint(3) DEFAULT 1
) ENGINE=InnoDB DEFAULT CHARSET=utf8;
/*!40101 SET character_set_client = @saved_cs_client */;

--
-- Dumping data for table `vtiger_google_sync_settings`
--

LOCK TABLES `vtiger_google_sync_settings` WRITE;
/*!40000 ALTER TABLE `vtiger_google_sync_settings` DISABLE KEYS */;
/*!40000 ALTER TABLE `vtiger_google_sync_settings` ENABLE KEYS */;
UNLOCK TABLES;

--
-- Table structure for table `vtiger_group2grouprel`
--

DROP TABLE IF EXISTS `vtiger_group2grouprel`;
/*!40101 SET @saved_cs_client     = @@character_set_client */;
/*!40101 SET character_set_client = utf8 */;
CREATE TABLE `vtiger_group2grouprel` (
  `groupid` int(19) NOT NULL,
  `containsgroupid` int(19) NOT NULL,
  PRIMARY KEY (`groupid`,`containsgroupid`),
  CONSTRAINT `fk_2_vtiger_group2grouprel` FOREIGN KEY (`groupid`) REFERENCES `vtiger_groups` (`groupid`) ON DELETE CASCADE ON UPDATE CASCADE
) ENGINE=InnoDB DEFAULT CHARSET=utf8;
/*!40101 SET character_set_client = @saved_cs_client */;

--
-- Dumping data for table `vtiger_group2grouprel`
--

LOCK TABLES `vtiger_group2grouprel` WRITE;
/*!40000 ALTER TABLE `vtiger_group2grouprel` DISABLE KEYS */;
/*!40000 ALTER TABLE `vtiger_group2grouprel` ENABLE KEYS */;
UNLOCK TABLES;

--
-- Table structure for table `vtiger_group2role`
--

DROP TABLE IF EXISTS `vtiger_group2role`;
/*!40101 SET @saved_cs_client     = @@character_set_client */;
/*!40101 SET character_set_client = utf8 */;
CREATE TABLE `vtiger_group2role` (
  `groupid` int(19) NOT NULL,
  `roleid` varchar(255) NOT NULL,
  PRIMARY KEY (`groupid`,`roleid`),
  KEY `fk_2_vtiger_group2role` (`roleid`),
  CONSTRAINT `fk_2_vtiger_group2role` FOREIGN KEY (`roleid`) REFERENCES `vtiger_role` (`roleid`) ON DELETE CASCADE
) ENGINE=InnoDB DEFAULT CHARSET=utf8;
/*!40101 SET character_set_client = @saved_cs_client */;

--
-- Dumping data for table `vtiger_group2role`
--

LOCK TABLES `vtiger_group2role` WRITE;
/*!40000 ALTER TABLE `vtiger_group2role` DISABLE KEYS */;
INSERT INTO `vtiger_group2role` VALUES (2,'H4'),(3,'H2'),(4,'H3');
/*!40000 ALTER TABLE `vtiger_group2role` ENABLE KEYS */;
UNLOCK TABLES;

--
-- Table structure for table `vtiger_group2rs`
--

DROP TABLE IF EXISTS `vtiger_group2rs`;
/*!40101 SET @saved_cs_client     = @@character_set_client */;
/*!40101 SET character_set_client = utf8 */;
CREATE TABLE `vtiger_group2rs` (
  `groupid` int(19) NOT NULL,
  `roleandsubid` varchar(255) NOT NULL,
  PRIMARY KEY (`groupid`,`roleandsubid`),
  KEY `fk_2_vtiger_group2rs` (`roleandsubid`),
  CONSTRAINT `fk_2_vtiger_group2rs` FOREIGN KEY (`roleandsubid`) REFERENCES `vtiger_role` (`roleid`) ON DELETE CASCADE
) ENGINE=InnoDB DEFAULT CHARSET=utf8;
/*!40101 SET character_set_client = @saved_cs_client */;

--
-- Dumping data for table `vtiger_group2rs`
--

LOCK TABLES `vtiger_group2rs` WRITE;
/*!40000 ALTER TABLE `vtiger_group2rs` DISABLE KEYS */;
INSERT INTO `vtiger_group2rs` VALUES (2,'H5'),(3,'H3'),(4,'H3');
/*!40000 ALTER TABLE `vtiger_group2rs` ENABLE KEYS */;
UNLOCK TABLES;

--
-- Table structure for table `vtiger_groups`
--

DROP TABLE IF EXISTS `vtiger_groups`;
/*!40101 SET @saved_cs_client     = @@character_set_client */;
/*!40101 SET character_set_client = utf8 */;
CREATE TABLE `vtiger_groups` (
  `groupid` int(19) NOT NULL,
  `groupname` varchar(100) DEFAULT NULL,
  `description` text DEFAULT NULL,
  PRIMARY KEY (`groupid`),
  UNIQUE KEY `groups_groupname_idx` (`groupname`)
) ENGINE=InnoDB DEFAULT CHARSET=utf8;
/*!40101 SET character_set_client = @saved_cs_client */;

--
-- Dumping data for table `vtiger_groups`
--

LOCK TABLES `vtiger_groups` WRITE;
/*!40000 ALTER TABLE `vtiger_groups` DISABLE KEYS */;
INSERT INTO `vtiger_groups` VALUES (2,'Team Selling','Group Related to Sales'),(3,'Marketing Group','Group Related to Marketing Activities'),(4,'Support Group','Group Related to providing Support to Customers');
/*!40000 ALTER TABLE `vtiger_groups` ENABLE KEYS */;
UNLOCK TABLES;

--
-- Table structure for table `vtiger_home_layout`
--

DROP TABLE IF EXISTS `vtiger_home_layout`;
/*!40101 SET @saved_cs_client     = @@character_set_client */;
/*!40101 SET character_set_client = utf8 */;
CREATE TABLE `vtiger_home_layout` (
  `userid` int(19) NOT NULL,
  `layout` int(19) NOT NULL DEFAULT 4,
  PRIMARY KEY (`userid`)
) ENGINE=InnoDB DEFAULT CHARSET=utf8;
/*!40101 SET character_set_client = @saved_cs_client */;

--
-- Dumping data for table `vtiger_home_layout`
--

LOCK TABLES `vtiger_home_layout` WRITE;
/*!40000 ALTER TABLE `vtiger_home_layout` DISABLE KEYS */;
/*!40000 ALTER TABLE `vtiger_home_layout` ENABLE KEYS */;
UNLOCK TABLES;

--
-- Table structure for table `vtiger_homedashbd`
--

DROP TABLE IF EXISTS `vtiger_homedashbd`;
/*!40101 SET @saved_cs_client     = @@character_set_client */;
/*!40101 SET character_set_client = utf8 */;
CREATE TABLE `vtiger_homedashbd` (
  `stuffid` int(19) NOT NULL DEFAULT 0,
  `dashbdname` varchar(100) DEFAULT NULL,
  `dashbdtype` varchar(100) DEFAULT NULL,
  PRIMARY KEY (`stuffid`),
  KEY `stuff_stuffid_idx` (`stuffid`),
  CONSTRAINT `fk_1_vtiger_homedashbd` FOREIGN KEY (`stuffid`) REFERENCES `vtiger_homestuff` (`stuffid`) ON DELETE CASCADE
) ENGINE=InnoDB DEFAULT CHARSET=utf8;
/*!40101 SET character_set_client = @saved_cs_client */;

--
-- Dumping data for table `vtiger_homedashbd`
--

LOCK TABLES `vtiger_homedashbd` WRITE;
/*!40000 ALTER TABLE `vtiger_homedashbd` DISABLE KEYS */;
/*!40000 ALTER TABLE `vtiger_homedashbd` ENABLE KEYS */;
UNLOCK TABLES;

--
-- Table structure for table `vtiger_homedefault`
--

DROP TABLE IF EXISTS `vtiger_homedefault`;
/*!40101 SET @saved_cs_client     = @@character_set_client */;
/*!40101 SET character_set_client = utf8 */;
CREATE TABLE `vtiger_homedefault` (
  `stuffid` int(19) NOT NULL DEFAULT 0,
  `hometype` varchar(30) NOT NULL,
  `maxentries` int(19) DEFAULT NULL,
  `setype` varchar(30) DEFAULT NULL,
  PRIMARY KEY (`stuffid`),
  KEY `stuff_stuffid_idx` (`stuffid`),
  CONSTRAINT `fk_1_vtiger_homedefault` FOREIGN KEY (`stuffid`) REFERENCES `vtiger_homestuff` (`stuffid`) ON DELETE CASCADE
) ENGINE=InnoDB DEFAULT CHARSET=utf8;
/*!40101 SET character_set_client = @saved_cs_client */;

--
-- Dumping data for table `vtiger_homedefault`
--

LOCK TABLES `vtiger_homedefault` WRITE;
/*!40000 ALTER TABLE `vtiger_homedefault` DISABLE KEYS */;
INSERT INTO `vtiger_homedefault` VALUES (1,'ALVT',5,'Accounts'),(2,'HDB',5,'Dashboard'),(3,'PLVT',5,'Potentials'),(4,'QLTQ',5,'Quotes'),(5,'CVLVT',5,'NULL'),(6,'HLT',5,'HelpDesk'),(7,'UA',5,'Calendar'),(8,'GRT',5,'NULL'),(9,'OLTSO',5,'SalesOrder'),(10,'ILTI',5,'Invoice'),(11,'MNL',5,'Leads'),(12,'OLTPO',5,'PurchaseOrder'),(13,'PA',5,'Calendar'),(14,'LTFAQ',5,'Faq'),(16,'ALVT',5,'Accounts'),(17,'HDB',5,'Dashboard'),(18,'PLVT',5,'Potentials'),(19,'QLTQ',5,'Quotes'),(20,'CVLVT',5,'NULL'),(21,'HLT',5,'HelpDesk'),(22,'UA',5,'Calendar'),(23,'GRT',5,'NULL'),(24,'OLTSO',5,'SalesOrder'),(25,'ILTI',5,'Invoice'),(26,'MNL',5,'Leads'),(27,'OLTPO',5,'PurchaseOrder'),(28,'PA',5,'Calendar'),(29,'LTFAQ',5,'Faq'),(31,'ALVT',5,'Accounts'),(32,'HDB',5,'Dashboard'),(33,'PLVT',5,'Potentials'),(34,'QLTQ',5,'Quotes'),(35,'CVLVT',5,'NULL'),(36,'HLT',5,'HelpDesk'),(37,'UA',5,'Calendar'),(38,'GRT',5,'NULL'),(39,'OLTSO',5,'SalesOrder'),(40,'ILTI',5,'Invoice'),(41,'MNL',5,'Leads'),(42,'OLTPO',5,'PurchaseOrder'),(43,'PA',5,'Calendar'),(44,'LTFAQ',5,'Faq'),(46,'ALVT',5,'Accounts'),(47,'HDB',5,'Dashboard'),(48,'PLVT',5,'Potentials'),(49,'QLTQ',5,'Quotes'),(50,'CVLVT',5,'NULL'),(51,'HLT',5,'HelpDesk'),(52,'UA',5,'Calendar'),(53,'GRT',5,'NULL'),(54,'OLTSO',5,'SalesOrder'),(55,'ILTI',5,'Invoice'),(56,'MNL',5,'Leads'),(57,'OLTPO',5,'PurchaseOrder'),(58,'PA',5,'Calendar'),(59,'LTFAQ',5,'Faq');
/*!40000 ALTER TABLE `vtiger_homedefault` ENABLE KEYS */;
UNLOCK TABLES;

--
-- Table structure for table `vtiger_homemodule`
--

DROP TABLE IF EXISTS `vtiger_homemodule`;
/*!40101 SET @saved_cs_client     = @@character_set_client */;
/*!40101 SET character_set_client = utf8 */;
CREATE TABLE `vtiger_homemodule` (
  `stuffid` int(19) NOT NULL,
  `modulename` varchar(100) DEFAULT NULL,
  `maxentries` int(19) NOT NULL,
  `customviewid` int(19) NOT NULL,
  `setype` varchar(30) NOT NULL,
  PRIMARY KEY (`stuffid`),
  KEY `stuff_stuffid_idx` (`stuffid`),
  CONSTRAINT `fk_1_vtiger_homemodule` FOREIGN KEY (`stuffid`) REFERENCES `vtiger_homestuff` (`stuffid`) ON DELETE CASCADE
) ENGINE=InnoDB DEFAULT CHARSET=utf8;
/*!40101 SET character_set_client = @saved_cs_client */;

--
-- Dumping data for table `vtiger_homemodule`
--

LOCK TABLES `vtiger_homemodule` WRITE;
/*!40000 ALTER TABLE `vtiger_homemodule` DISABLE KEYS */;
/*!40000 ALTER TABLE `vtiger_homemodule` ENABLE KEYS */;
UNLOCK TABLES;

--
-- Table structure for table `vtiger_homemoduleflds`
--

DROP TABLE IF EXISTS `vtiger_homemoduleflds`;
/*!40101 SET @saved_cs_client     = @@character_set_client */;
/*!40101 SET character_set_client = utf8 */;
CREATE TABLE `vtiger_homemoduleflds` (
  `stuffid` int(19) DEFAULT NULL,
  `fieldname` varchar(100) DEFAULT NULL,
  KEY `stuff_stuffid_idx` (`stuffid`),
  CONSTRAINT `fk_1_vtiger_homemoduleflds` FOREIGN KEY (`stuffid`) REFERENCES `vtiger_homemodule` (`stuffid`) ON DELETE CASCADE
) ENGINE=InnoDB DEFAULT CHARSET=utf8;
/*!40101 SET character_set_client = @saved_cs_client */;

--
-- Dumping data for table `vtiger_homemoduleflds`
--

LOCK TABLES `vtiger_homemoduleflds` WRITE;
/*!40000 ALTER TABLE `vtiger_homemoduleflds` DISABLE KEYS */;
/*!40000 ALTER TABLE `vtiger_homemoduleflds` ENABLE KEYS */;
UNLOCK TABLES;

--
-- Table structure for table `vtiger_homereportchart`
--

DROP TABLE IF EXISTS `vtiger_homereportchart`;
/*!40101 SET @saved_cs_client     = @@character_set_client */;
/*!40101 SET character_set_client = utf8 */;
CREATE TABLE `vtiger_homereportchart` (
  `stuffid` int(11) NOT NULL,
  `reportid` int(19) DEFAULT NULL,
  `reportcharttype` varchar(100) DEFAULT NULL,
  PRIMARY KEY (`stuffid`)
) ENGINE=InnoDB DEFAULT CHARSET=utf8;
/*!40101 SET character_set_client = @saved_cs_client */;

--
-- Dumping data for table `vtiger_homereportchart`
--

LOCK TABLES `vtiger_homereportchart` WRITE;
/*!40000 ALTER TABLE `vtiger_homereportchart` DISABLE KEYS */;
/*!40000 ALTER TABLE `vtiger_homereportchart` ENABLE KEYS */;
UNLOCK TABLES;

--
-- Table structure for table `vtiger_homerss`
--

DROP TABLE IF EXISTS `vtiger_homerss`;
/*!40101 SET @saved_cs_client     = @@character_set_client */;
/*!40101 SET character_set_client = utf8 */;
CREATE TABLE `vtiger_homerss` (
  `stuffid` int(19) NOT NULL DEFAULT 0,
  `url` varchar(100) DEFAULT NULL,
  `maxentries` int(19) NOT NULL,
  PRIMARY KEY (`stuffid`),
  KEY `stuff_stuffid_idx` (`stuffid`),
  CONSTRAINT `fk_1_vtiger_homerss` FOREIGN KEY (`stuffid`) REFERENCES `vtiger_homestuff` (`stuffid`) ON DELETE CASCADE
) ENGINE=InnoDB DEFAULT CHARSET=utf8;
/*!40101 SET character_set_client = @saved_cs_client */;

--
-- Dumping data for table `vtiger_homerss`
--

LOCK TABLES `vtiger_homerss` WRITE;
/*!40000 ALTER TABLE `vtiger_homerss` DISABLE KEYS */;
/*!40000 ALTER TABLE `vtiger_homerss` ENABLE KEYS */;
UNLOCK TABLES;

--
-- Table structure for table `vtiger_homestuff`
--

DROP TABLE IF EXISTS `vtiger_homestuff`;
/*!40101 SET @saved_cs_client     = @@character_set_client */;
/*!40101 SET character_set_client = utf8 */;
CREATE TABLE `vtiger_homestuff` (
  `stuffid` int(19) NOT NULL DEFAULT 0,
  `stuffsequence` int(19) NOT NULL DEFAULT 0,
  `stufftype` varchar(100) DEFAULT NULL,
  `userid` int(19) NOT NULL,
  `visible` int(10) NOT NULL DEFAULT 0,
  `stufftitle` varchar(100) DEFAULT NULL,
  PRIMARY KEY (`stuffid`),
  KEY `stuff_stuffid_idx` (`stuffid`),
  KEY `fk_1_vtiger_homestuff` (`userid`),
  CONSTRAINT `fk_1_vtiger_homestuff` FOREIGN KEY (`userid`) REFERENCES `vtiger_users` (`id`) ON DELETE CASCADE
) ENGINE=InnoDB DEFAULT CHARSET=utf8;
/*!40101 SET character_set_client = @saved_cs_client */;

--
-- Dumping data for table `vtiger_homestuff`
--

LOCK TABLES `vtiger_homestuff` WRITE;
/*!40000 ALTER TABLE `vtiger_homestuff` DISABLE KEYS */;
INSERT INTO `vtiger_homestuff` VALUES (1,1,'Default',1,1,'Top Accounts'),(2,2,'Default',1,1,'Home Page Dashboard'),(3,3,'Default',1,1,'Top Potentials'),(4,4,'Default',1,1,'Top Quotes'),(5,5,'Default',1,1,'Key Metrics'),(6,6,'Default',1,1,'Top Trouble Tickets'),(7,7,'Default',1,1,'Upcoming Activities'),(8,8,'Default',1,1,'My Group Allocation'),(9,9,'Default',1,1,'Top Sales Orders'),(10,10,'Default',1,1,'Top Invoices'),(11,11,'Default',1,1,'My New Leads'),(12,12,'Default',1,1,'Top Purchase Orders'),(13,13,'Default',1,1,'Pending Activities'),(14,14,'Default',1,1,'My Recent FAQs'),(15,15,'Tag Cloud',1,0,'Tag Cloud'),(16,1,'Default',5,1,'Top Accounts'),(17,2,'Default',5,1,'Home Page Dashboard'),(18,3,'Default',5,0,'Top Potentials'),(19,4,'Default',5,1,'Top Quotes'),(20,5,'Default',5,0,'Key Metrics'),(21,6,'Default',5,1,'Top Trouble Tickets'),(22,7,'Default',5,0,'Upcoming Activities'),(23,8,'Default',5,1,'My Group Allocation'),(24,9,'Default',5,1,'Top Sales Orders'),(25,10,'Default',5,1,'Top Invoices'),(26,11,'Default',5,1,'My New Leads'),(27,12,'Default',5,1,'Top Purchase Orders'),(28,13,'Default',5,1,'Pending Activities'),(29,14,'Default',5,1,'My Recent FAQs'),(30,15,'Tag Cloud',5,0,'Tag Cloud'),(31,1,'Default',6,1,'Top Accounts'),(32,2,'Default',6,1,'Home Page Dashboard'),(33,3,'Default',6,0,'Top Potentials'),(34,4,'Default',6,1,'Top Quotes'),(35,5,'Default',6,0,'Key Metrics'),(36,6,'Default',6,1,'Top Trouble Tickets'),(37,7,'Default',6,0,'Upcoming Activities'),(38,8,'Default',6,1,'My Group Allocation'),(39,9,'Default',6,1,'Top Sales Orders'),(40,10,'Default',6,1,'Top Invoices'),(41,11,'Default',6,1,'My New Leads'),(42,12,'Default',6,1,'Top Purchase Orders'),(43,13,'Default',6,1,'Pending Activities'),(44,14,'Default',6,1,'My Recent FAQs'),(45,15,'Tag Cloud',6,0,'Tag Cloud'),(46,1,'Default',7,1,'Top Accounts'),(47,2,'Default',7,1,'Home Page Dashboard'),(48,3,'Default',7,1,'Top Potentials'),(49,4,'Default',7,1,'Top Quotes'),(50,5,'Default',7,1,'Key Metrics'),(51,6,'Default',7,1,'Top Trouble Tickets'),(52,7,'Default',7,1,'Upcoming Activities'),(53,8,'Default',7,1,'My Group Allocation'),(54,9,'Default',7,1,'Top Sales Orders'),(55,10,'Default',7,1,'Top Invoices'),(56,11,'Default',7,1,'My New Leads'),(57,12,'Default',7,1,'Top Purchase Orders'),(58,13,'Default',7,1,'Pending Activities'),(59,14,'Default',7,1,'My Recent FAQs'),(60,15,'Tag Cloud',7,0,'Tag Cloud');
/*!40000 ALTER TABLE `vtiger_homestuff` ENABLE KEYS */;
UNLOCK TABLES;

--
-- Table structure for table `vtiger_homestuff_seq`
--

DROP TABLE IF EXISTS `vtiger_homestuff_seq`;
/*!40101 SET @saved_cs_client     = @@character_set_client */;
/*!40101 SET character_set_client = utf8 */;
CREATE TABLE `vtiger_homestuff_seq` (
  `id` int(11) NOT NULL
) ENGINE=InnoDB DEFAULT CHARSET=utf8;
/*!40101 SET character_set_client = @saved_cs_client */;

--
-- Dumping data for table `vtiger_homestuff_seq`
--

LOCK TABLES `vtiger_homestuff_seq` WRITE;
/*!40000 ALTER TABLE `vtiger_homestuff_seq` DISABLE KEYS */;
INSERT INTO `vtiger_homestuff_seq` VALUES (60);
/*!40000 ALTER TABLE `vtiger_homestuff_seq` ENABLE KEYS */;
UNLOCK TABLES;

--
-- Table structure for table `vtiger_hour_format`
--

DROP TABLE IF EXISTS `vtiger_hour_format`;
/*!40101 SET @saved_cs_client     = @@character_set_client */;
/*!40101 SET character_set_client = utf8 */;
CREATE TABLE `vtiger_hour_format` (
  `hour_formatid` int(11) NOT NULL AUTO_INCREMENT,
  `hour_format` varchar(200) NOT NULL,
  `sortorderid` int(11) DEFAULT NULL,
  `presence` int(11) NOT NULL DEFAULT 1,
  PRIMARY KEY (`hour_formatid`)
) ENGINE=InnoDB AUTO_INCREMENT=3 DEFAULT CHARSET=utf8;
/*!40101 SET character_set_client = @saved_cs_client */;

--
-- Dumping data for table `vtiger_hour_format`
--

LOCK TABLES `vtiger_hour_format` WRITE;
/*!40000 ALTER TABLE `vtiger_hour_format` DISABLE KEYS */;
INSERT INTO `vtiger_hour_format` VALUES (1,'12',0,1),(2,'24',1,1);
/*!40000 ALTER TABLE `vtiger_hour_format` ENABLE KEYS */;
UNLOCK TABLES;

--
-- Table structure for table `vtiger_hour_format_seq`
--

DROP TABLE IF EXISTS `vtiger_hour_format_seq`;
/*!40101 SET @saved_cs_client     = @@character_set_client */;
/*!40101 SET character_set_client = utf8 */;
CREATE TABLE `vtiger_hour_format_seq` (
  `id` int(11) NOT NULL
) ENGINE=InnoDB DEFAULT CHARSET=utf8;
/*!40101 SET character_set_client = @saved_cs_client */;

--
-- Dumping data for table `vtiger_hour_format_seq`
--

LOCK TABLES `vtiger_hour_format_seq` WRITE;
/*!40000 ALTER TABLE `vtiger_hour_format_seq` DISABLE KEYS */;
INSERT INTO `vtiger_hour_format_seq` VALUES (2);
/*!40000 ALTER TABLE `vtiger_hour_format_seq` ENABLE KEYS */;
UNLOCK TABLES;

--
-- Table structure for table `vtiger_import_locks`
--

DROP TABLE IF EXISTS `vtiger_import_locks`;
/*!40101 SET @saved_cs_client     = @@character_set_client */;
/*!40101 SET character_set_client = utf8 */;
CREATE TABLE `vtiger_import_locks` (
  `vtiger_import_lock_id` int(11) NOT NULL,
  `userid` int(11) NOT NULL,
  `tabid` int(11) NOT NULL,
  `importid` int(11) NOT NULL,
  `locked_since` datetime DEFAULT NULL,
  PRIMARY KEY (`vtiger_import_lock_id`)
) ENGINE=InnoDB DEFAULT CHARSET=utf8;
/*!40101 SET character_set_client = @saved_cs_client */;

--
-- Dumping data for table `vtiger_import_locks`
--

LOCK TABLES `vtiger_import_locks` WRITE;
/*!40000 ALTER TABLE `vtiger_import_locks` DISABLE KEYS */;
/*!40000 ALTER TABLE `vtiger_import_locks` ENABLE KEYS */;
UNLOCK TABLES;

--
-- Table structure for table `vtiger_import_maps`
--

DROP TABLE IF EXISTS `vtiger_import_maps`;
/*!40101 SET @saved_cs_client     = @@character_set_client */;
/*!40101 SET character_set_client = utf8 */;
CREATE TABLE `vtiger_import_maps` (
  `id` int(19) NOT NULL AUTO_INCREMENT,
  `name` varchar(36) NOT NULL,
  `module` varchar(36) NOT NULL,
  `content` longblob DEFAULT NULL,
  `has_header` int(1) NOT NULL DEFAULT 1,
  `deleted` int(1) NOT NULL DEFAULT 0,
  `date_entered` timestamp NOT NULL DEFAULT current_timestamp() ON UPDATE current_timestamp(),
  `date_modified` datetime DEFAULT NULL,
  `assigned_user_id` varchar(36) DEFAULT NULL,
  `is_published` varchar(3) NOT NULL DEFAULT 'no',
  PRIMARY KEY (`id`),
  KEY `import_maps_assigned_user_id_module_name_deleted_idx` (`assigned_user_id`,`module`,`name`,`deleted`)
) ENGINE=InnoDB DEFAULT CHARSET=utf8;
/*!40101 SET character_set_client = @saved_cs_client */;

--
-- Dumping data for table `vtiger_import_maps`
--

LOCK TABLES `vtiger_import_maps` WRITE;
/*!40000 ALTER TABLE `vtiger_import_maps` DISABLE KEYS */;
/*!40000 ALTER TABLE `vtiger_import_maps` ENABLE KEYS */;
UNLOCK TABLES;

--
-- Table structure for table `vtiger_import_queue`
--

DROP TABLE IF EXISTS `vtiger_import_queue`;
/*!40101 SET @saved_cs_client     = @@character_set_client */;
/*!40101 SET character_set_client = utf8 */;
CREATE TABLE `vtiger_import_queue` (
  `importid` int(11) NOT NULL,
  `userid` int(11) NOT NULL,
  `tabid` int(11) NOT NULL,
  `field_mapping` text DEFAULT NULL,
  `default_values` text DEFAULT NULL,
  `merge_type` int(11) DEFAULT NULL,
  `merge_fields` text DEFAULT NULL,
  `status` int(11) DEFAULT 0,
  `lineitem_currency_id` int(5) DEFAULT NULL,
  `paging` int(1) DEFAULT 0,
  PRIMARY KEY (`importid`)
) ENGINE=InnoDB DEFAULT CHARSET=utf8;
/*!40101 SET character_set_client = @saved_cs_client */;

--
-- Dumping data for table `vtiger_import_queue`
--

LOCK TABLES `vtiger_import_queue` WRITE;
/*!40000 ALTER TABLE `vtiger_import_queue` DISABLE KEYS */;
/*!40000 ALTER TABLE `vtiger_import_queue` ENABLE KEYS */;
UNLOCK TABLES;

--
-- Table structure for table `vtiger_industry`
--

DROP TABLE IF EXISTS `vtiger_industry`;
/*!40101 SET @saved_cs_client     = @@character_set_client */;
/*!40101 SET character_set_client = utf8 */;
CREATE TABLE `vtiger_industry` (
  `industryid` int(19) NOT NULL AUTO_INCREMENT,
  `industry` varchar(200) NOT NULL,
  `presence` int(1) NOT NULL DEFAULT 1,
  `picklist_valueid` int(19) NOT NULL DEFAULT 0,
  `sortorderid` int(11) DEFAULT NULL,
  `color` varchar(10) DEFAULT NULL,
  PRIMARY KEY (`industryid`),
  UNIQUE KEY `industry_industry_idx` (`industry`)
) ENGINE=InnoDB AUTO_INCREMENT=33 DEFAULT CHARSET=utf8;
/*!40101 SET character_set_client = @saved_cs_client */;

--
-- Dumping data for table `vtiger_industry`
--

LOCK TABLES `vtiger_industry` WRITE;
/*!40000 ALTER TABLE `vtiger_industry` DISABLE KEYS */;
INSERT INTO `vtiger_industry` VALUES (2,'Apparel',1,61,1,NULL),(3,'Banking',1,62,2,NULL),(4,'Biotechnology',1,63,3,NULL),(5,'Chemicals',1,64,4,NULL),(6,'Communications',1,65,5,NULL),(7,'Construction',1,66,6,NULL),(8,'Consulting',1,67,7,NULL),(9,'Education',1,68,8,NULL),(10,'Electronics',1,69,9,NULL),(11,'Energy',1,70,10,NULL),(12,'Engineering',1,71,11,NULL),(13,'Entertainment',1,72,12,NULL),(14,'Environmental',1,73,13,NULL),(15,'Finance',1,74,14,NULL),(16,'Food & Beverage',1,75,15,NULL),(17,'Government',1,76,16,NULL),(18,'Healthcare',1,77,17,NULL),(19,'Hospitality',1,78,18,NULL),(20,'Insurance',1,79,19,NULL),(21,'Machinery',1,80,20,NULL),(22,'Manufacturing',1,81,21,NULL),(23,'Media',1,82,22,NULL),(24,'Not For Profit',1,83,23,NULL),(25,'Recreation',1,84,24,NULL),(26,'Retail',1,85,25,NULL),(27,'Shipping',1,86,26,NULL),(28,'Technology',1,87,27,NULL),(29,'Telecommunications',1,88,28,NULL),(30,'Transportation',1,89,29,NULL),(31,'Utilities',1,90,30,NULL),(32,'Other',1,91,31,NULL);
/*!40000 ALTER TABLE `vtiger_industry` ENABLE KEYS */;
UNLOCK TABLES;

--
-- Table structure for table `vtiger_industry_seq`
--

DROP TABLE IF EXISTS `vtiger_industry_seq`;
/*!40101 SET @saved_cs_client     = @@character_set_client */;
/*!40101 SET character_set_client = utf8 */;
CREATE TABLE `vtiger_industry_seq` (
  `id` int(11) NOT NULL
) ENGINE=InnoDB DEFAULT CHARSET=utf8;
/*!40101 SET character_set_client = @saved_cs_client */;

--
-- Dumping data for table `vtiger_industry_seq`
--

LOCK TABLES `vtiger_industry_seq` WRITE;
/*!40000 ALTER TABLE `vtiger_industry_seq` DISABLE KEYS */;
INSERT INTO `vtiger_industry_seq` VALUES (32);
/*!40000 ALTER TABLE `vtiger_industry_seq` ENABLE KEYS */;
UNLOCK TABLES;

--
-- Table structure for table `vtiger_inventory_tandc`
--

DROP TABLE IF EXISTS `vtiger_inventory_tandc`;
/*!40101 SET @saved_cs_client     = @@character_set_client */;
/*!40101 SET character_set_client = utf8 */;
CREATE TABLE `vtiger_inventory_tandc` (
  `id` int(19) NOT NULL,
  `type` varchar(30) NOT NULL,
  `tandc` text DEFAULT NULL,
  PRIMARY KEY (`id`)
) ENGINE=InnoDB DEFAULT CHARSET=utf8;
/*!40101 SET character_set_client = @saved_cs_client */;

--
-- Dumping data for table `vtiger_inventory_tandc`
--

LOCK TABLES `vtiger_inventory_tandc` WRITE;
/*!40000 ALTER TABLE `vtiger_inventory_tandc` DISABLE KEYS */;
INSERT INTO `vtiger_inventory_tandc` VALUES (2,'Invoice','\n - Unless otherwise agreed in writing by the supplier all invoices are payable within thirty (30) days of the date of invoice, in the currency of the invoice, drawn on a bank based in India or by such other method as is agreed in advance by the Supplier.\n\n - All prices are not inclusive of VAT which shall be payable in addition by the Customer at the applicable rate.'),(3,'Quotes','\n - Unless otherwise agreed in writing by the supplier all invoices are payable within thirty (30) days of the date of invoice, in the currency of the invoice, drawn on a bank based in India or by such other method as is agreed in advance by the Supplier.\n\n - All prices are not inclusive of VAT which shall be payable in addition by the Customer at the applicable rate.'),(4,'PurchaseOrder','\n - Unless otherwise agreed in writing by the supplier all invoices are payable within thirty (30) days of the date of invoice, in the currency of the invoice, drawn on a bank based in India or by such other method as is agreed in advance by the Supplier.\n\n - All prices are not inclusive of VAT which shall be payable in addition by the Customer at the applicable rate.'),(5,'SalesOrder','\n - Unless otherwise agreed in writing by the supplier all invoices are payable within thirty (30) days of the date of invoice, in the currency of the invoice, drawn on a bank based in India or by such other method as is agreed in advance by the Supplier.\n\n - All prices are not inclusive of VAT which shall be payable in addition by the Customer at the applicable rate.');
/*!40000 ALTER TABLE `vtiger_inventory_tandc` ENABLE KEYS */;
UNLOCK TABLES;

--
-- Table structure for table `vtiger_inventory_tandc_seq`
--

DROP TABLE IF EXISTS `vtiger_inventory_tandc_seq`;
/*!40101 SET @saved_cs_client     = @@character_set_client */;
/*!40101 SET character_set_client = utf8 */;
CREATE TABLE `vtiger_inventory_tandc_seq` (
  `id` int(11) NOT NULL
) ENGINE=InnoDB DEFAULT CHARSET=utf8;
/*!40101 SET character_set_client = @saved_cs_client */;

--
-- Dumping data for table `vtiger_inventory_tandc_seq`
--

LOCK TABLES `vtiger_inventory_tandc_seq` WRITE;
/*!40000 ALTER TABLE `vtiger_inventory_tandc_seq` DISABLE KEYS */;
INSERT INTO `vtiger_inventory_tandc_seq` VALUES (5);
/*!40000 ALTER TABLE `vtiger_inventory_tandc_seq` ENABLE KEYS */;
UNLOCK TABLES;

--
-- Table structure for table `vtiger_inventorycharges`
--

DROP TABLE IF EXISTS `vtiger_inventorycharges`;
/*!40101 SET @saved_cs_client     = @@character_set_client */;
/*!40101 SET character_set_client = utf8 */;
CREATE TABLE `vtiger_inventorycharges` (
  `chargeid` int(5) NOT NULL AUTO_INCREMENT,
  `name` varchar(100) NOT NULL,
  `format` varchar(10) DEFAULT NULL,
  `type` varchar(10) DEFAULT NULL,
  `value` decimal(12,5) DEFAULT NULL,
  `regions` text DEFAULT NULL,
  `istaxable` int(1) NOT NULL DEFAULT 1,
  `taxes` varchar(1024) DEFAULT NULL,
  `deleted` int(1) NOT NULL DEFAULT 0,
  PRIMARY KEY (`chargeid`)
) ENGINE=InnoDB AUTO_INCREMENT=2 DEFAULT CHARSET=utf8;
/*!40101 SET character_set_client = @saved_cs_client */;

--
-- Dumping data for table `vtiger_inventorycharges`
--

LOCK TABLES `vtiger_inventorycharges` WRITE;
/*!40000 ALTER TABLE `vtiger_inventorycharges` DISABLE KEYS */;
INSERT INTO `vtiger_inventorycharges` VALUES (1,'Shipping & Handling','Flat','Fixed',0.00000,'[]',1,'[\"1\",\"2\",\"3\"]',0);
/*!40000 ALTER TABLE `vtiger_inventorycharges` ENABLE KEYS */;
UNLOCK TABLES;

--
-- Table structure for table `vtiger_inventorychargesrel`
--

DROP TABLE IF EXISTS `vtiger_inventorychargesrel`;
/*!40101 SET @saved_cs_client     = @@character_set_client */;
/*!40101 SET character_set_client = utf8 */;
CREATE TABLE `vtiger_inventorychargesrel` (
  `recordid` int(19) NOT NULL,
  `charges` text DEFAULT NULL
) ENGINE=InnoDB DEFAULT CHARSET=utf8;
/*!40101 SET character_set_client = @saved_cs_client */;

--
-- Dumping data for table `vtiger_inventorychargesrel`
--

LOCK TABLES `vtiger_inventorychargesrel` WRITE;
/*!40000 ALTER TABLE `vtiger_inventorychargesrel` DISABLE KEYS */;
/*!40000 ALTER TABLE `vtiger_inventorychargesrel` ENABLE KEYS */;
UNLOCK TABLES;

--
-- Table structure for table `vtiger_inventorynotification`
--

DROP TABLE IF EXISTS `vtiger_inventorynotification`;
/*!40101 SET @saved_cs_client     = @@character_set_client */;
/*!40101 SET character_set_client = utf8 */;
CREATE TABLE `vtiger_inventorynotification` (
  `notificationid` int(19) NOT NULL AUTO_INCREMENT,
  `notificationname` varchar(200) DEFAULT NULL,
  `notificationsubject` varchar(200) DEFAULT NULL,
  `notificationbody` text DEFAULT NULL,
  `label` varchar(50) DEFAULT NULL,
  `status` varchar(30) DEFAULT NULL,
  PRIMARY KEY (`notificationid`)
) ENGINE=InnoDB AUTO_INCREMENT=4 DEFAULT CHARSET=utf8;
/*!40101 SET character_set_client = @saved_cs_client */;

--
-- Dumping data for table `vtiger_inventorynotification`
--

LOCK TABLES `vtiger_inventorynotification` WRITE;
/*!40000 ALTER TABLE `vtiger_inventorynotification` DISABLE KEYS */;
INSERT INTO `vtiger_inventorynotification` VALUES (1,'InvoiceNotification','{PRODUCTNAME} Stock Level is Low','Dear {HANDLER},\n\nThe current stock of {PRODUCTNAME} in our warehouse is {CURRENTSTOCK}. Kindly procure required number of units as the stock level is below reorder level {REORDERLEVELVALUE}.\n\nPlease treat this information as Urgent as the invoice is already sent  to the customer.\n\nSeverity: Critical\n\nThanks,\n{CURRENTUSER} ','InvoiceNotificationDescription',NULL),(2,'QuoteNotification','Quote given for {PRODUCTNAME}','Dear {HANDLER},\n\nQuote is generated for {QUOTEQUANTITY} units of {PRODUCTNAME}. The current stock of {PRODUCTNAME} in our warehouse is {CURRENTSTOCK}.\n\nSeverity: Minor\n\nThanks,\n{CURRENTUSER} ','QuoteNotificationDescription',NULL),(3,'SalesOrderNotification','Sales Order generated for {PRODUCTNAME}','Dear {HANDLER},\n\nSalesOrder is generated for {SOQUANTITY} units of {PRODUCTNAME}. The current stock of {PRODUCTNAME} in our warehouse is {CURRENTSTOCK}.\n\nPlease treat this information  with priority as the sales order is already generated.\n\nSeverity: Major\n\nThanks,\n{CURRENTUSER} ','SalesOrderNotificationDescription',NULL);
/*!40000 ALTER TABLE `vtiger_inventorynotification` ENABLE KEYS */;
UNLOCK TABLES;

--
-- Table structure for table `vtiger_inventorynotification_seq`
--

DROP TABLE IF EXISTS `vtiger_inventorynotification_seq`;
/*!40101 SET @saved_cs_client     = @@character_set_client */;
/*!40101 SET character_set_client = utf8 */;
CREATE TABLE `vtiger_inventorynotification_seq` (
  `id` int(11) NOT NULL
) ENGINE=InnoDB DEFAULT CHARSET=utf8;
/*!40101 SET character_set_client = @saved_cs_client */;

--
-- Dumping data for table `vtiger_inventorynotification_seq`
--

LOCK TABLES `vtiger_inventorynotification_seq` WRITE;
/*!40000 ALTER TABLE `vtiger_inventorynotification_seq` DISABLE KEYS */;
INSERT INTO `vtiger_inventorynotification_seq` VALUES (3);
/*!40000 ALTER TABLE `vtiger_inventorynotification_seq` ENABLE KEYS */;
UNLOCK TABLES;

--
-- Table structure for table `vtiger_inventoryproductrel`
--

DROP TABLE IF EXISTS `vtiger_inventoryproductrel`;
/*!40101 SET @saved_cs_client     = @@character_set_client */;
/*!40101 SET character_set_client = utf8 */;
CREATE TABLE `vtiger_inventoryproductrel` (
  `id` int(19) DEFAULT NULL,
  `productid` int(19) DEFAULT NULL,
  `sequence_no` int(4) DEFAULT NULL,
  `quantity` decimal(25,3) DEFAULT NULL,
  `listprice` decimal(27,8) DEFAULT NULL,
  `discount_percent` decimal(7,3) DEFAULT NULL,
  `discount_amount` decimal(27,8) DEFAULT NULL,
  `comment` text DEFAULT NULL,
  `description` text DEFAULT NULL,
  `incrementondel` int(11) NOT NULL DEFAULT 0,
  `lineitem_id` int(11) NOT NULL AUTO_INCREMENT,
  `tax1` decimal(7,3) DEFAULT NULL,
  `tax2` decimal(7,3) DEFAULT NULL,
  `tax3` decimal(7,3) DEFAULT NULL,
  `image` varchar(2) DEFAULT NULL,
  `purchase_cost` decimal(27,8) DEFAULT NULL,
  `margin` decimal(27,8) DEFAULT NULL,
  PRIMARY KEY (`lineitem_id`),
  KEY `inventoryproductrel_id_idx` (`id`),
  KEY `inventoryproductrel_productid_idx` (`productid`),
  CONSTRAINT `fk_crmid_vtiger_inventoryproductrel` FOREIGN KEY (`id`) REFERENCES `vtiger_crmentity` (`crmid`) ON DELETE CASCADE
) ENGINE=InnoDB DEFAULT CHARSET=utf8;
/*!40101 SET character_set_client = @saved_cs_client */;

--
-- Dumping data for table `vtiger_inventoryproductrel`
--

LOCK TABLES `vtiger_inventoryproductrel` WRITE;
/*!40000 ALTER TABLE `vtiger_inventoryproductrel` DISABLE KEYS */;
/*!40000 ALTER TABLE `vtiger_inventoryproductrel` ENABLE KEYS */;
UNLOCK TABLES;

--
-- Table structure for table `vtiger_inventoryproductrel_seq`
--

DROP TABLE IF EXISTS `vtiger_inventoryproductrel_seq`;
/*!40101 SET @saved_cs_client     = @@character_set_client */;
/*!40101 SET character_set_client = utf8 */;
CREATE TABLE `vtiger_inventoryproductrel_seq` (
  `id` int(11) NOT NULL
) ENGINE=InnoDB DEFAULT CHARSET=utf8;
/*!40101 SET character_set_client = @saved_cs_client */;

--
-- Dumping data for table `vtiger_inventoryproductrel_seq`
--

LOCK TABLES `vtiger_inventoryproductrel_seq` WRITE;
/*!40000 ALTER TABLE `vtiger_inventoryproductrel_seq` DISABLE KEYS */;
INSERT INTO `vtiger_inventoryproductrel_seq` VALUES (0);
/*!40000 ALTER TABLE `vtiger_inventoryproductrel_seq` ENABLE KEYS */;
UNLOCK TABLES;

--
-- Table structure for table `vtiger_inventoryshippingrel`
--

DROP TABLE IF EXISTS `vtiger_inventoryshippingrel`;
/*!40101 SET @saved_cs_client     = @@character_set_client */;
/*!40101 SET character_set_client = utf8 */;
CREATE TABLE `vtiger_inventoryshippingrel` (
  `id` int(19) DEFAULT NULL,
  `shtax1` decimal(7,3) DEFAULT NULL,
  `shtax2` decimal(7,3) DEFAULT NULL,
  `shtax3` decimal(7,3) DEFAULT NULL,
  KEY `inventoryishippingrel_id_idx` (`id`)
) ENGINE=InnoDB DEFAULT CHARSET=utf8;
/*!40101 SET character_set_client = @saved_cs_client */;

--
-- Dumping data for table `vtiger_inventoryshippingrel`
--

LOCK TABLES `vtiger_inventoryshippingrel` WRITE;
/*!40000 ALTER TABLE `vtiger_inventoryshippingrel` DISABLE KEYS */;
/*!40000 ALTER TABLE `vtiger_inventoryshippingrel` ENABLE KEYS */;
UNLOCK TABLES;

--
-- Table structure for table `vtiger_inventorysubproductrel`
--

DROP TABLE IF EXISTS `vtiger_inventorysubproductrel`;
/*!40101 SET @saved_cs_client     = @@character_set_client */;
/*!40101 SET character_set_client = utf8 */;
CREATE TABLE `vtiger_inventorysubproductrel` (
  `id` int(19) NOT NULL,
  `sequence_no` int(10) NOT NULL,
  `productid` int(19) NOT NULL,
  `quantity` int(19) DEFAULT 1
) ENGINE=InnoDB DEFAULT CHARSET=utf8;
/*!40101 SET character_set_client = @saved_cs_client */;

--
-- Dumping data for table `vtiger_inventorysubproductrel`
--

LOCK TABLES `vtiger_inventorysubproductrel` WRITE;
/*!40000 ALTER TABLE `vtiger_inventorysubproductrel` DISABLE KEYS */;
/*!40000 ALTER TABLE `vtiger_inventorysubproductrel` ENABLE KEYS */;
UNLOCK TABLES;

--
-- Table structure for table `vtiger_inventorytaxinfo`
--

DROP TABLE IF EXISTS `vtiger_inventorytaxinfo`;
/*!40101 SET @saved_cs_client     = @@character_set_client */;
/*!40101 SET character_set_client = utf8 */;
CREATE TABLE `vtiger_inventorytaxinfo` (
  `taxid` int(3) NOT NULL,
  `taxname` varchar(50) DEFAULT NULL,
  `taxlabel` varchar(50) DEFAULT NULL,
  `percentage` decimal(7,3) DEFAULT NULL,
  `deleted` int(1) DEFAULT NULL,
  `method` varchar(10) DEFAULT NULL,
  `type` varchar(10) DEFAULT NULL,
  `compoundon` varchar(400) DEFAULT NULL,
  `regions` text DEFAULT NULL,
  PRIMARY KEY (`taxid`),
  KEY `inventorytaxinfo_taxname_idx` (`taxname`)
) ENGINE=InnoDB DEFAULT CHARSET=utf8;
/*!40101 SET character_set_client = @saved_cs_client */;

--
-- Dumping data for table `vtiger_inventorytaxinfo`
--

LOCK TABLES `vtiger_inventorytaxinfo` WRITE;
/*!40000 ALTER TABLE `vtiger_inventorytaxinfo` DISABLE KEYS */;
INSERT INTO `vtiger_inventorytaxinfo` VALUES (1,'tax1','VAT',4.500,0,'Simple','Fixed','[]','[]'),(2,'tax2','Sales',10.000,0,'Simple','Fixed','[]','[]'),(3,'tax3','Service',12.500,0,'Simple','Fixed','[]','[]');
/*!40000 ALTER TABLE `vtiger_inventorytaxinfo` ENABLE KEYS */;
UNLOCK TABLES;

--
-- Table structure for table `vtiger_inventorytaxinfo_seq`
--

DROP TABLE IF EXISTS `vtiger_inventorytaxinfo_seq`;
/*!40101 SET @saved_cs_client     = @@character_set_client */;
/*!40101 SET character_set_client = utf8 */;
CREATE TABLE `vtiger_inventorytaxinfo_seq` (
  `id` int(11) NOT NULL
) ENGINE=InnoDB DEFAULT CHARSET=utf8;
/*!40101 SET character_set_client = @saved_cs_client */;

--
-- Dumping data for table `vtiger_inventorytaxinfo_seq`
--

LOCK TABLES `vtiger_inventorytaxinfo_seq` WRITE;
/*!40000 ALTER TABLE `vtiger_inventorytaxinfo_seq` DISABLE KEYS */;
INSERT INTO `vtiger_inventorytaxinfo_seq` VALUES (3);
/*!40000 ALTER TABLE `vtiger_inventorytaxinfo_seq` ENABLE KEYS */;
UNLOCK TABLES;

--
-- Table structure for table `vtiger_invitees`
--

DROP TABLE IF EXISTS `vtiger_invitees`;
/*!40101 SET @saved_cs_client     = @@character_set_client */;
/*!40101 SET character_set_client = utf8 */;
CREATE TABLE `vtiger_invitees` (
  `activityid` int(19) NOT NULL,
  `inviteeid` int(19) NOT NULL,
  `status` varchar(50) DEFAULT NULL,
  PRIMARY KEY (`activityid`,`inviteeid`)
) ENGINE=InnoDB DEFAULT CHARSET=utf8;
/*!40101 SET character_set_client = @saved_cs_client */;

--
-- Dumping data for table `vtiger_invitees`
--

LOCK TABLES `vtiger_invitees` WRITE;
/*!40000 ALTER TABLE `vtiger_invitees` DISABLE KEYS */;
/*!40000 ALTER TABLE `vtiger_invitees` ENABLE KEYS */;
UNLOCK TABLES;

--
-- Table structure for table `vtiger_invoice`
--

DROP TABLE IF EXISTS `vtiger_invoice`;
/*!40101 SET @saved_cs_client     = @@character_set_client */;
/*!40101 SET character_set_client = utf8 */;
CREATE TABLE `vtiger_invoice` (
  `invoiceid` int(19) NOT NULL DEFAULT 0,
  `subject` varchar(100) DEFAULT NULL,
  `salesorderid` int(19) DEFAULT NULL,
  `customerno` varchar(100) DEFAULT NULL,
  `contactid` int(19) DEFAULT NULL,
  `notes` varchar(100) DEFAULT NULL,
  `invoicedate` date DEFAULT NULL,
  `duedate` date DEFAULT NULL,
  `invoiceterms` varchar(100) DEFAULT NULL,
  `type` varchar(100) DEFAULT NULL,
  `adjustment` decimal(25,8) DEFAULT NULL,
  `salescommission` decimal(25,3) DEFAULT NULL,
  `exciseduty` decimal(25,3) DEFAULT NULL,
  `subtotal` decimal(25,8) DEFAULT NULL,
  `total` decimal(25,8) DEFAULT NULL,
  `taxtype` varchar(25) DEFAULT NULL,
  `discount_percent` decimal(25,3) DEFAULT NULL,
  `discount_amount` decimal(25,8) DEFAULT NULL,
  `s_h_amount` decimal(25,8) DEFAULT NULL,
  `shipping` varchar(100) DEFAULT NULL,
  `accountid` int(19) DEFAULT NULL,
  `terms_conditions` text DEFAULT NULL,
  `purchaseorder` varchar(200) DEFAULT NULL,
  `invoicestatus` varchar(200) DEFAULT NULL,
  `invoice_no` varchar(100) DEFAULT NULL,
  `currency_id` int(19) NOT NULL DEFAULT 1,
  `conversion_rate` decimal(10,3) NOT NULL DEFAULT 1.000,
  `compound_taxes_info` text DEFAULT NULL,
  `pre_tax_total` decimal(25,8) DEFAULT NULL,
  `received` decimal(25,8) DEFAULT NULL,
  `balance` decimal(25,8) DEFAULT NULL,
  `s_h_percent` decimal(25,8) DEFAULT NULL,
  `potential_id` varchar(100) DEFAULT NULL,
  `tags` varchar(1) DEFAULT NULL,
  `region_id` int(19) DEFAULT NULL,
  PRIMARY KEY (`invoiceid`),
  KEY `invoice_purchaseorderid_idx` (`invoiceid`),
  KEY `fk_2_vtiger_invoice` (`salesorderid`),
  CONSTRAINT `fk_2_vtiger_invoice` FOREIGN KEY (`salesorderid`) REFERENCES `vtiger_salesorder` (`salesorderid`) ON DELETE CASCADE,
  CONSTRAINT `fk_crmid_vtiger_invoice` FOREIGN KEY (`invoiceid`) REFERENCES `vtiger_crmentity` (`crmid`) ON DELETE CASCADE
) ENGINE=InnoDB DEFAULT CHARSET=utf8;
/*!40101 SET character_set_client = @saved_cs_client */;

--
-- Dumping data for table `vtiger_invoice`
--

LOCK TABLES `vtiger_invoice` WRITE;
/*!40000 ALTER TABLE `vtiger_invoice` DISABLE KEYS */;
/*!40000 ALTER TABLE `vtiger_invoice` ENABLE KEYS */;
UNLOCK TABLES;

--
-- Table structure for table `vtiger_invoice_recurring_info`
--

DROP TABLE IF EXISTS `vtiger_invoice_recurring_info`;
/*!40101 SET @saved_cs_client     = @@character_set_client */;
/*!40101 SET character_set_client = utf8 */;
CREATE TABLE `vtiger_invoice_recurring_info` (
  `salesorderid` int(11) NOT NULL,
  `recurring_frequency` varchar(200) DEFAULT NULL,
  `start_period` date DEFAULT NULL,
  `end_period` date DEFAULT NULL,
  `last_recurring_date` date DEFAULT NULL,
  `payment_duration` varchar(200) DEFAULT NULL,
  `invoice_status` varchar(200) DEFAULT NULL,
  PRIMARY KEY (`salesorderid`),
  CONSTRAINT `fk_salesorderid_vtiger_invoice_recurring_info` FOREIGN KEY (`salesorderid`) REFERENCES `vtiger_salesorder` (`salesorderid`) ON DELETE CASCADE
) ENGINE=InnoDB DEFAULT CHARSET=utf8;
/*!40101 SET character_set_client = @saved_cs_client */;

--
-- Dumping data for table `vtiger_invoice_recurring_info`
--

LOCK TABLES `vtiger_invoice_recurring_info` WRITE;
/*!40000 ALTER TABLE `vtiger_invoice_recurring_info` DISABLE KEYS */;
/*!40000 ALTER TABLE `vtiger_invoice_recurring_info` ENABLE KEYS */;
UNLOCK TABLES;

--
-- Table structure for table `vtiger_invoicebillads`
--

DROP TABLE IF EXISTS `vtiger_invoicebillads`;
/*!40101 SET @saved_cs_client     = @@character_set_client */;
/*!40101 SET character_set_client = utf8 */;
CREATE TABLE `vtiger_invoicebillads` (
  `invoicebilladdressid` int(19) NOT NULL DEFAULT 0,
  `bill_city` varchar(30) DEFAULT NULL,
  `bill_code` varchar(30) DEFAULT NULL,
  `bill_country` varchar(30) DEFAULT NULL,
  `bill_state` varchar(30) DEFAULT NULL,
  `bill_street` varchar(250) DEFAULT NULL,
  `bill_pobox` varchar(30) DEFAULT NULL,
  PRIMARY KEY (`invoicebilladdressid`),
  CONSTRAINT `fk_1_vtiger_invoicebillads` FOREIGN KEY (`invoicebilladdressid`) REFERENCES `vtiger_invoice` (`invoiceid`) ON DELETE CASCADE
) ENGINE=InnoDB DEFAULT CHARSET=utf8;
/*!40101 SET character_set_client = @saved_cs_client */;

--
-- Dumping data for table `vtiger_invoicebillads`
--

LOCK TABLES `vtiger_invoicebillads` WRITE;
/*!40000 ALTER TABLE `vtiger_invoicebillads` DISABLE KEYS */;
/*!40000 ALTER TABLE `vtiger_invoicebillads` ENABLE KEYS */;
UNLOCK TABLES;

--
-- Table structure for table `vtiger_invoicecf`
--

DROP TABLE IF EXISTS `vtiger_invoicecf`;
/*!40101 SET @saved_cs_client     = @@character_set_client */;
/*!40101 SET character_set_client = utf8 */;
CREATE TABLE `vtiger_invoicecf` (
  `invoiceid` int(19) NOT NULL DEFAULT 0,
  PRIMARY KEY (`invoiceid`),
  CONSTRAINT `fk_1_vtiger_invoicecf` FOREIGN KEY (`invoiceid`) REFERENCES `vtiger_invoice` (`invoiceid`) ON DELETE CASCADE
) ENGINE=InnoDB DEFAULT CHARSET=utf8;
/*!40101 SET character_set_client = @saved_cs_client */;

--
-- Dumping data for table `vtiger_invoicecf`
--

LOCK TABLES `vtiger_invoicecf` WRITE;
/*!40000 ALTER TABLE `vtiger_invoicecf` DISABLE KEYS */;
/*!40000 ALTER TABLE `vtiger_invoicecf` ENABLE KEYS */;
UNLOCK TABLES;

--
-- Table structure for table `vtiger_invoiceshipads`
--

DROP TABLE IF EXISTS `vtiger_invoiceshipads`;
/*!40101 SET @saved_cs_client     = @@character_set_client */;
/*!40101 SET character_set_client = utf8 */;
CREATE TABLE `vtiger_invoiceshipads` (
  `invoiceshipaddressid` int(19) NOT NULL DEFAULT 0,
  `ship_city` varchar(30) DEFAULT NULL,
  `ship_code` varchar(30) DEFAULT NULL,
  `ship_country` varchar(30) DEFAULT NULL,
  `ship_state` varchar(30) DEFAULT NULL,
  `ship_street` varchar(250) DEFAULT NULL,
  `ship_pobox` varchar(30) DEFAULT NULL,
  PRIMARY KEY (`invoiceshipaddressid`),
  CONSTRAINT `fk_1_vtiger_invoiceshipads` FOREIGN KEY (`invoiceshipaddressid`) REFERENCES `vtiger_invoice` (`invoiceid`) ON DELETE CASCADE
) ENGINE=InnoDB DEFAULT CHARSET=utf8;
/*!40101 SET character_set_client = @saved_cs_client */;

--
-- Dumping data for table `vtiger_invoiceshipads`
--

LOCK TABLES `vtiger_invoiceshipads` WRITE;
/*!40000 ALTER TABLE `vtiger_invoiceshipads` DISABLE KEYS */;
/*!40000 ALTER TABLE `vtiger_invoiceshipads` ENABLE KEYS */;
UNLOCK TABLES;

--
-- Table structure for table `vtiger_invoicestatus`
--

DROP TABLE IF EXISTS `vtiger_invoicestatus`;
/*!40101 SET @saved_cs_client     = @@character_set_client */;
/*!40101 SET character_set_client = utf8 */;
CREATE TABLE `vtiger_invoicestatus` (
  `invoicestatusid` int(19) NOT NULL AUTO_INCREMENT,
  `invoicestatus` varchar(200) NOT NULL,
  `presence` int(1) NOT NULL DEFAULT 1,
  `picklist_valueid` int(19) NOT NULL DEFAULT 0,
  `sortorderid` int(11) DEFAULT NULL,
  `color` varchar(10) DEFAULT NULL,
  PRIMARY KEY (`invoicestatusid`),
  UNIQUE KEY `invoicestatus_invoiestatus_idx` (`invoicestatus`)
) ENGINE=InnoDB AUTO_INCREMENT=8 DEFAULT CHARSET=utf8;
/*!40101 SET character_set_client = @saved_cs_client */;

--
-- Dumping data for table `vtiger_invoicestatus`
--

LOCK TABLES `vtiger_invoicestatus` WRITE;
/*!40000 ALTER TABLE `vtiger_invoicestatus` DISABLE KEYS */;
INSERT INTO `vtiger_invoicestatus` VALUES (1,'AutoCreated',0,92,0,NULL),(2,'Created',0,93,1,NULL),(3,'Approved',0,94,2,NULL),(4,'Sent',0,95,3,NULL),(5,'Credit Invoice',0,96,4,NULL),(6,'Paid',0,97,5,NULL),(7,'Cancel',1,288,1,NULL);
/*!40000 ALTER TABLE `vtiger_invoicestatus` ENABLE KEYS */;
UNLOCK TABLES;

--
-- Table structure for table `vtiger_invoicestatus_seq`
--

DROP TABLE IF EXISTS `vtiger_invoicestatus_seq`;
/*!40101 SET @saved_cs_client     = @@character_set_client */;
/*!40101 SET character_set_client = utf8 */;
CREATE TABLE `vtiger_invoicestatus_seq` (
  `id` int(11) NOT NULL
) ENGINE=InnoDB DEFAULT CHARSET=utf8;
/*!40101 SET character_set_client = @saved_cs_client */;

--
-- Dumping data for table `vtiger_invoicestatus_seq`
--

LOCK TABLES `vtiger_invoicestatus_seq` WRITE;
/*!40000 ALTER TABLE `vtiger_invoicestatus_seq` DISABLE KEYS */;
INSERT INTO `vtiger_invoicestatus_seq` VALUES (7);
/*!40000 ALTER TABLE `vtiger_invoicestatus_seq` ENABLE KEYS */;
UNLOCK TABLES;

--
-- Table structure for table `vtiger_invoicestatushistory`
--

DROP TABLE IF EXISTS `vtiger_invoicestatushistory`;
/*!40101 SET @saved_cs_client     = @@character_set_client */;
/*!40101 SET character_set_client = utf8 */;
CREATE TABLE `vtiger_invoicestatushistory` (
  `historyid` int(19) NOT NULL AUTO_INCREMENT,
  `invoiceid` int(19) NOT NULL,
  `accountname` varchar(100) DEFAULT NULL,
  `total` decimal(10,0) DEFAULT NULL,
  `invoicestatus` varchar(200) DEFAULT NULL,
  `lastmodified` datetime DEFAULT NULL,
  PRIMARY KEY (`historyid`),
  KEY `invoicestatushistory_invoiceid_idx` (`invoiceid`),
  CONSTRAINT `fk_1_vtiger_invoicestatushistory` FOREIGN KEY (`invoiceid`) REFERENCES `vtiger_invoice` (`invoiceid`) ON DELETE CASCADE
) ENGINE=InnoDB DEFAULT CHARSET=utf8;
/*!40101 SET character_set_client = @saved_cs_client */;

--
-- Dumping data for table `vtiger_invoicestatushistory`
--

LOCK TABLES `vtiger_invoicestatushistory` WRITE;
/*!40000 ALTER TABLE `vtiger_invoicestatushistory` DISABLE KEYS */;
/*!40000 ALTER TABLE `vtiger_invoicestatushistory` ENABLE KEYS */;
UNLOCK TABLES;

--
-- Table structure for table `vtiger_item_langmanagement`
--

DROP TABLE IF EXISTS `vtiger_item_langmanagement`;
/*!40101 SET @saved_cs_client     = @@character_set_client */;
/*!40101 SET character_set_client = utf8 */;
CREATE TABLE `vtiger_item_langmanagement` (
  `id` int(11) NOT NULL AUTO_INCREMENT,
  `language` varchar(50) NOT NULL,
  `variable` varchar(250) NOT NULL,
  `translation` varchar(255) NOT NULL,
  `module` varchar(100) NOT NULL,
  `translationtype` varchar(250) NOT NULL,
  `action` varchar(250) NOT NULL,
  PRIMARY KEY (`id`)
) ENGINE=MyISAM AUTO_INCREMENT=2444 DEFAULT CHARSET=latin1;
/*!40101 SET character_set_client = @saved_cs_client */;

--
-- Dumping data for table `vtiger_item_langmanagement`
--

LOCK TABLES `vtiger_item_langmanagement` WRITE;
/*!40000 ALTER TABLE `vtiger_item_langmanagement` DISABLE KEYS */;
INSERT INTO `vtiger_item_langmanagement` VALUES (1,'es_es','ServiceContracts','Contratos de Servicio','ServiceContracts','php','firstupdate'),(2,'es_es','SINGLE_ServiceContracts','Contrato de Servicio','ServiceContracts','php','firstupdate'),(3,'es_es','LBL_ADD_RECORD','A&ntilde;adir Contrato de Servicio','ServiceContracts','php','firstupdate'),(4,'es_es','LBL_RECORDS_LIST','Lista de Contratos de Servicio','ServiceContracts','php','firstupdate'),(5,'es_es','LBL_SERVICE_CONTRACT_INFORMATION','Detalles del Contrato de Servicio','ServiceContracts','php','firstupdate'),(6,'es_es','Contract No','N&uacute;mero Contrato','ServiceContracts','php','firstupdate'),(7,'es_es','Start Date','Fecha Inicio','ServiceContracts','php','firstupdate'),(8,'es_es','End Date','Fecha Fin','ServiceContracts','php','firstupdate'),(9,'es_es','Tracking Unit','Unidad de seguimiento','ServiceContracts','php','firstupdate'),(10,'es_es','Total Units','Total Unidades','ServiceContracts','php','firstupdate'),(11,'es_es','Used Units','Unidades consumidas','ServiceContracts','php','firstupdate'),(12,'es_es','Progress','Progreso','ServiceContracts','php','firstupdate'),(13,'es_es','Planned Duration','Duraci&oacute;n estimada (d&iacute;as)','ServiceContracts','php','firstupdate'),(14,'es_es','Actual Duration','Duraci&oacute;n real (d&iacute;as)','ServiceContracts','php','firstupdate'),(15,'es_es','Type','Tipo','ServiceContracts','php','firstupdate'),(16,'es_es','Related to','En relaci&oacute;n con','ServiceContracts','php','firstupdate'),(17,'es_es','Hours','Horas','ServiceContracts','php','firstupdate'),(18,'es_es','Days','D&iacute;as','ServiceContracts','php','firstupdate'),(19,'es_es','Incidents','Incidentes','ServiceContracts','php','firstupdate'),(20,'es_es','Normal','Normal','ServiceContracts','php','firstupdate'),(21,'es_es','Support','Apoyo','ServiceContracts','php','firstupdate'),(22,'es_es','Administrative','Administrativo','ServiceContracts','php','firstupdate'),(23,'es_es','Undefined','Indefinido','ServiceContracts','php','firstupdate'),(24,'es_es','In Planning','En Planificaci&oacute;n','ServiceContracts','php','firstupdate'),(25,'es_es','On Hold','En Espera','ServiceContracts','php','firstupdate'),(26,'es_es','Complete','Completo','ServiceContracts','php','firstupdate'),(27,'es_es','Archived','Archivado','ServiceContracts','php','firstupdate'),(28,'es_es','Low','Bajo','ServiceContracts','php','firstupdate'),(29,'es_es','High','Alto','ServiceContracts','php','firstupdate'),(30,'es_es','Services','Servicios','ServiceContracts','php','firstupdate'),(31,'es_es','In Progress','En Progreso','ServiceContracts','php','firstupdate'),(32,'es_es','Service Contracts','Los Contratos De Servicio','ServiceContracts','php','firstupdate'),(33,'es_es','Consulta','Consulta','custom/HelpDesk','php','firstupdate'),(34,'es_es','Pedido','Pedido','custom/HelpDesk','php','firstupdate'),(35,'es_es','Libro de Reclamacion Queja','Libro de Reclamacion Queja','custom/HelpDesk','php','firstupdate'),(36,'es_es','Libro de Reclamacion Reclamo','Libro de Reclamacion Reclamo','custom/HelpDesk','php','firstupdate'),(37,'es_es','Secretaria Académica','Secretaria Acad&eacute;mica','custom/HelpDesk','php','firstupdate'),(38,'es_es','Profesor','Profesor','custom/HelpDesk','php','firstupdate'),(39,'es_es','HelpDesk','Incidencias','HelpDesk','php','firstupdate'),(40,'es_es','SINGLE_HelpDesk','Incidencia','HelpDesk','php','firstupdate'),(41,'es_es','LBL_ADD_RECORD','A&ntilde;adir Incidencia','HelpDesk','php','firstupdate'),(42,'es_es','LBL_RECORDS_LIST','Lista de Incidencias','HelpDesk','php','firstupdate'),(43,'es_es','LBL_TICKET_INFORMATION','Informaci&oacute;n de Incidencia','HelpDesk','php','firstupdate'),(44,'es_es','LBL_TICKET_RESOLUTION','Resoluci&oacute;n de Incidencia','HelpDesk','php','firstupdate'),(45,'es_es','Ticket No','N&uacute;mero Incidencia','HelpDesk','php','firstupdate'),(46,'es_es','Severity','Urgencia','HelpDesk','php','firstupdate'),(47,'es_es','Update History','Hist&oacute;rico de Actualizaciones','HelpDesk','php','firstupdate'),(48,'es_es','Title','Asunto','HelpDesk','php','edited'),(49,'es_es','Solution','Soluci&oacute;n','HelpDesk','php','firstupdate'),(50,'es_es','From Portal','Proviene del Portal','HelpDesk','php','firstupdate'),(51,'es_es','Big Problem','Problema Grande','HelpDesk','php','firstupdate'),(52,'es_es','Small Problem','Problema Peque&ntilde;o','HelpDesk','php','firstupdate'),(53,'es_es','Other Problem','Otro Problema','HelpDesk','php','firstupdate'),(54,'es_es','High','Alta','HelpDesk','php','firstupdate'),(55,'es_es','Urgent','Urgente','HelpDesk','php','firstupdate'),(56,'es_es','Minor','Menor','HelpDesk','php','firstupdate'),(57,'es_es','Major','Mayor','HelpDesk','php','firstupdate'),(58,'es_es','Feature','Caracter&iacute;stica','HelpDesk','php','firstupdate'),(59,'es_es','Critical','Cr&iacute;tica','HelpDesk','php','firstupdate'),(60,'es_es','Open','Abierta','HelpDesk','php','firstupdate'),(61,'es_es','Wait For Response','Atendida','HelpDesk','php','edited'),(62,'es_es','Closed','Cerrada','HelpDesk','php','firstupdate'),(63,'es_es','LBL_STATUS','Estado','HelpDesk','php','firstupdate'),(64,'es_es','LBL_SEVERITY','Urgencia','HelpDesk','php','firstupdate'),(65,'es_es','LBL_CONVERT_FAQ','Convertir en FAQ','HelpDesk','php','firstupdate'),(66,'es_es','LBL_RELATED_TO','Relacionado con','HelpDesk','php','firstupdate'),(67,'es_es','Hi','Hola','HelpDesk','php','firstupdate'),(68,'es_es','Dear','Estimado','HelpDesk','php','firstupdate'),(69,'es_es','LBL_PORTAL_BODY_MAILINFO','El Parte ha sido','HelpDesk','php','firstupdate'),(70,'es_es','LBL_DETAIL',', los detalles son:','HelpDesk','php','firstupdate'),(71,'es_es','LBL_REGARDS','Saludos Cordiales,','HelpDesk','php','firstupdate'),(72,'es_es','LBL_TEAM','Equipo de Soporte T&eacute;cnico','HelpDesk','php','firstupdate'),(73,'es_es','LBL_TICKET_DETAILS','Detalles de Parte','HelpDesk','php','firstupdate'),(74,'es_es','LBL_SUBJECT','Asunto : ','HelpDesk','php','firstupdate'),(75,'es_es','created','creado','HelpDesk','php','firstupdate'),(76,'es_es','replied','respondido','HelpDesk','php','firstupdate'),(77,'es_es','reply','Hay una respuesta a','HelpDesk','php','firstupdate'),(78,'es_es','customer_portal','en el &quot;Portal del Cliente&quot; en Vtiger','HelpDesk','php','firstupdate'),(79,'es_es','link','Utilice el siguiente enlace para ver las respuestas dadas:','HelpDesk','php','firstupdate'),(80,'es_es','Thanks','Gracias','HelpDesk','php','firstupdate'),(81,'es_es','Support_team','Equipo de Soporte T&eacute;cnico','HelpDesk','php','firstupdate'),(82,'es_es','The comments are','Los comentarios son','HelpDesk','php','firstupdate'),(83,'es_es','Ticket Title','T&iacute;tulo Incidencia','HelpDesk','php','firstupdate'),(84,'es_es','Re','Re :','HelpDesk','php','firstupdate'),(85,'es_es','LBL_STATUS_CLOSED','Closed','HelpDesk','php','firstupdate'),(86,'es_es','LBL_STATUS_UPDATE','Estado de Parte actualizado a','HelpDesk','php','firstupdate'),(87,'es_es','LBL_COULDNOT_CLOSED','El Parte no puede ser','HelpDesk','php','firstupdate'),(88,'es_es','LBL_CUSTOMER_COMMENTS','EL Cliente ha incluido la siguiente informaci&oacute;n a su respuesta:','HelpDesk','php','firstupdate'),(89,'es_es','LBL_RESPOND','Por favor responde al parte lo m&aacute;s pronto posible.','HelpDesk','php','firstupdate'),(90,'es_es','LBL_SUPPORT_ADMIN','Atenci&oacute;n al Cliente','HelpDesk','php','firstupdate'),(91,'es_es','LBL_RESPONDTO_TICKETID','Responde al N&ordm; de Parte','HelpDesk','php','firstupdate'),(92,'es_es','LBL_RESPONSE_TO_TICKET_NUMBER','Respuesta al n&uacute;mero de entradas','HelpDesk','php','firstupdate'),(93,'es_es','LBL_CUSTOMER_PORTAL','en el Portal del Cliente - URGENTE','HelpDesk','php','firstupdate'),(94,'es_es','LBL_LOGIN_DETAILS','Sus datos de conexi&oacute;n al Portal de Cliente son:','HelpDesk','php','firstupdate'),(95,'es_es','LBL_MAIL_COULDNOT_SENT','No se puede enviar el correo','HelpDesk','php','firstupdate'),(96,'es_es','LBL_USERNAME','Usuario :','HelpDesk','php','firstupdate'),(97,'es_es','LBL_PASSWORD','Contrase&ntilde;a :','HelpDesk','php','firstupdate'),(98,'es_es','LBL_SUBJECT_PORTAL_LOGIN_DETAILS','Datos de Conexi&oacute;n al Portal del Cliente','HelpDesk','php','firstupdate'),(99,'es_es','LBL_GIVE_MAILID','Introduzca direcci&oacute;n de email','HelpDesk','php','firstupdate'),(100,'es_es','LBL_CHECK_MAILID','Compruebe su direcci&oacute;n de email para el Portal del Cliente','HelpDesk','php','firstupdate'),(101,'es_es','LBL_LOGIN_REVOKED','Datos de Usuario no v&aacute;lidos, consulte con su administrador.','HelpDesk','php','firstupdate'),(102,'es_es','LBL_MAIL_SENT','Se le ha enviado un correo con los datos de conexi&oacute;n al Portal del Cliente','HelpDesk','php','firstupdate'),(103,'es_es','LBL_ALTBODY','Este es el mensaje de correo para los clientes que no soportan HTML','HelpDesk','php','firstupdate'),(104,'es_es','HelpDesk ID','Id Incidencia','HelpDesk','php','firstupdate'),(105,'es_es','Ticket ID','N&ordm; de Parte','HelpDesk','php','firstupdate'),(106,'es_es','LBL_TICKET_NUMBER','N&uacute;mero de entradas','HelpDesk','php','firstupdate'),(107,'es_es','Contact Name','Nombre De Contacto','HelpDesk','php','firstupdate'),(108,'es_es','LBL_ADD_DOCUMENT','A&ntilde;adir Documento','HelpDesk','php','firstupdate'),(109,'es_es','LBL_OPEN_TICKETS','Incidencias Abiertas','HelpDesk','php','edited'),(110,'es_es','LBL_CREATE_TICKET','Crear Incidencia','HelpDesk','php','edited'),(111,'es_es','Days','D&iacute;as Transcurridos','HelpDesk','php','firstupdate'),(112,'es_es','Contacts','Contactos','Contacts','php','firstupdate'),(113,'es_es','SINGLE_Contacts','Contacto','Contacts','php','firstupdate'),(114,'es_es','LBL_ADD_RECORD','A&ntilde;adir Contacto','Contacts','php','firstupdate'),(115,'es_es','LBL_RECORDS_LIST','Lista de Contactos','Contacts','php','firstupdate'),(116,'es_es','LBL_CONTACT_INFORMATION','Datos Personales','Contacts','php','firstupdate'),(117,'es_es','LBL_CUSTOMER_PORTAL_INFORMATION','Informaci&oacute;n Portal Cliente','Contacts','php','firstupdate'),(118,'es_es','LBL_IMAGE_INFORMATION','Imagen del Contacto','Contacts','php','firstupdate'),(119,'es_es','Office Phone','Tel&eacute;fono Empresa','Contacts','php','firstupdate'),(120,'es_es','Home Phone','Tel&eacute;fono Particular','Contacts','php','firstupdate'),(121,'es_es','Title','T&iacute;tulo','Contacts','php','firstupdate'),(122,'es_es','Department','Departamento','Contacts','php','firstupdate'),(123,'es_es','Birthdate','Fecha de Nacimiento','Contacts','php','firstupdate'),(124,'es_es','Reports To','Cónyuge','Contacts','php','edited'),(125,'es_es','Assistant','Asistente','Contacts','php','firstupdate'),(126,'es_es','Assistant Phone','Tel&eacute;fono de Asistente','Contacts','php','firstupdate'),(127,'es_es','Do Not Call','No Llamar por Tel&eacute;fono','Contacts','php','firstupdate'),(128,'es_es','Reference','Referencias','Contacts','php','firstupdate'),(129,'es_es','Portal User','Usuario de Portal','Contacts','php','firstupdate'),(130,'es_es','Mailing Street','Direcci&oacute;n (Factura)','Contacts','php','firstupdate'),(131,'es_es','Mailing City','Poblaci&oacute;n (Factura)','Contacts','php','firstupdate'),(132,'es_es','Mailing State','Provincia (Factura)','Contacts','php','firstupdate'),(133,'es_es','Mailing Zip','C&oacute;digo Postal (Factura)','Contacts','php','firstupdate'),(134,'es_es','Mailing Country','Pa&iacute;s (Factura)','Contacts','php','firstupdate'),(135,'es_es','Mailing Po Box','Apdo de Correos (Factura)','Contacts','php','firstupdate'),(136,'es_es','Other Street','Direcci&oacute;n (Env&iacute;o)','Contacts','php','firstupdate'),(137,'es_es','Other City','Distrito (Envío)','Contacts','php','edited'),(138,'es_es','Other State','Provincia (Env&iacute;o)','Contacts','php','firstupdate'),(139,'es_es','Other Zip','C&oacute;digo Postal (Env&iacute;o)','Contacts','php','firstupdate'),(140,'es_es','Other Country','Pa&iacute;s (Env&iacute;o)','Contacts','php','firstupdate'),(141,'es_es','Other Po Box','Departamento (Envío)','Contacts','php','edited'),(142,'es_es','Contact Image','Imagen del Contacto','Contacts','php','firstupdate'),(143,'es_es','Mr.','Sr.','Contacts','php','firstupdate'),(144,'es_es','Ms.','Sra.','Contacts','php','firstupdate'),(145,'es_es','Mrs.','Srta.','Contacts','php','firstupdate'),(146,'es_es','Dr.','Dr.','Contacts','php','firstupdate'),(147,'es_es','Prof.','Prof.','Contacts','php','firstupdate'),(148,'es_es','User List','Lista de Usuarios','Contacts','php','firstupdate'),(149,'es_es','LBL_COPY_OTHER_ADDRESS','Copiar Direcci&oacute;n Alternativa','Contacts','php','firstupdate'),(150,'es_es','LBL_COPY_MAILING_ADDRESS','Copiar Direcci&oacute;n Env&iacute;o','Contacts','php','firstupdate'),(151,'es_es','Contact Id','Contacto Id','Contacts','php','firstupdate'),(152,'es_es','Support Start Date','Support Start Date','Contacts','php','firstupdate'),(153,'es_es','Support End Date','Support End Date','Contacts','php','firstupdate'),(154,'es_es','Other Phone','Tel&eacute;fono Secundario','Contacts','php','firstupdate'),(155,'es_es','Email','Email principal','Contacts','php','edited'),(156,'es_es','Secondary Email','Email secundario','Contacts','php','edited'),(157,'es_es','LBL_TRANSACTIONS','Las transacciones','Contacts','php','firstupdate'),(158,'es_es','LBL_INTEGRATION','Integracion','Settings/Vtiger','php','edited'),(159,'es_es','LBL_PBXMANAGER','PBXManager','Settings/Vtiger','php','firstupdate'),(160,'es_es','Settings','Configuraci&oacute;n','Settings/Vtiger','php','firstupdate'),(161,'es_es','LBL_SEARCH_SETTINGS_PLACEHOLDER','Configuraci&oacute;n B&uacute;squeda','Settings/Vtiger','php','firstupdate'),(162,'es_es','LBL_SUMMARY','Resumen','Settings/Vtiger','php','firstupdate'),(163,'es_es','LBL_ACTIVE_USERS','Usuarios','Settings/Vtiger','php','firstupdate'),(164,'es_es','LBL_WORKFLOWS_ACTIVE','Flujos de Trabajo','Settings/Vtiger','php','firstupdate'),(165,'es_es','LBL_MODULES','M&oacute;dulos','Settings/Vtiger','php','firstupdate'),(166,'es_es','LBL_SETTINGS_SHORTCUTS','Configuraci&oacute;n Acceso R&aacute;pido','Settings/Vtiger','php','firstupdate'),(167,'es_es','LBL_UNPIN','Desprender','Settings/Vtiger','php','firstupdate'),(168,'es_es','LBL_PIN','Fijar','Settings/Vtiger','php','firstupdate'),(169,'es_es','LBL_PHONE_CALLS','Llamadas','Settings/Vtiger','php','edited'),(170,'es_es','LBL_STUDIO','Dise&ntilde;ador','Settings/Vtiger','php','firstupdate'),(171,'es_es','LBL_COMMUNICATION_TEMPLATES','Plantillas','Settings/Vtiger','php','firstupdate'),(172,'es_es','LBL_USER_MANAGEMENT','Administraci&oacute;n Usuarios y Acceso','Settings/Vtiger','php','firstupdate'),(173,'es_es','LBL_ACCESS_MANAGEMENT','Administraci&oacute;n Acceso','Settings/Vtiger','php','firstupdate'),(174,'es_es','LBL_MODULE_MANAGER','Administraci&oacute;n M&oacute;dulos','Settings/Vtiger','php','firstupdate'),(175,'es_es','LBL_NOTIFICATIONS','Notificaciones','Settings/Vtiger','php','firstupdate'),(176,'es_es','LBL_EXTERNAL_SERVER_SETTINGS','Configuraci&oacute;n Servidor Externo','Settings/Vtiger','php','firstupdate'),(177,'es_es','LBL_OTHER_SETTINGS','Configuraci&oacute;n Adicional','Settings/Vtiger','php','firstupdate'),(178,'es_es','LBL_EXTENSIONS_PLACE','Tienda Extensiones','Settings/Vtiger','php','firstupdate'),(179,'es_es','LBL_EXTENSIONS','Extensiones','Settings/Vtiger','php','firstupdate'),(180,'es_es','LBL_DESCRIPTION','Descripci&oacute;n','Settings/Vtiger','php','firstupdate'),(181,'es_es','LBL_USER_DESCRIPTION','Manejo de usuarios que pueden acceder Vtiger CRM','Settings/Vtiger','php','firstupdate'),(182,'es_es','LBL_ROLES','Roles','Settings/Vtiger','php','firstupdate'),(183,'es_es','LBL_ROLE_DESCRIPTION','Configura la jerarqu&iacute;a de roles y asignar a los usuarios','Settings/Vtiger','php','firstupdate'),(184,'es_es','LBL_PROFILES','Perfiles','Settings/Vtiger','php','firstupdate'),(185,'es_es','LBL_PROFILE_DESCRIPTION','Configura el acceso a los distintos m&oacute;dulos','Settings/Vtiger','php','firstupdate'),(186,'es_es','USERGROUPLIST','Grupos','Settings/Vtiger','php','firstupdate'),(187,'es_es','LBL_GROUP_DESCRIPTION','Definir Grupos basados en roles, usuarios y perfiles','Settings/Vtiger','php','firstupdate'),(188,'es_es','LBL_SHARING_ACCESS','Reglas de Acceso','Settings/Vtiger','php','firstupdate'),(189,'es_es','LBL_SHARING_ACCESS_DESCRIPTION','Administra las reglas de compartici&oacute;n de m&oacute;dulos','Settings/Vtiger','php','firstupdate'),(190,'es_es','LBL_WORKFLOW_LIST','Flujos de Trabajo','Settings/Vtiger','php','firstupdate'),(191,'es_es','LBL_AVAILABLE_WORKLIST_LIST','Flujos de Trabajo disponibles','Settings/Vtiger','php','firstupdate'),(192,'es_es','LBL_FIELDFORMULAS','Campos calculados','Settings/Vtiger','php','firstupdate'),(193,'es_es','LBL_FIELDFORMULAS_DESCRIPTION','A&ntilde;adir ecuaciones a campos personalizados','Settings/Vtiger','php','firstupdate'),(194,'es_es','VTLIB_LBL_MODULE_MANAGER','M&oacute;dulos','Settings/Vtiger','php','firstupdate'),(195,'es_es','VTLIB_LBL_MODULE_MANAGER_DESCRIPTION','Administrar el comportamiento del m&oacute;dulo dentro de Vtiger CRM','Settings/Vtiger','php','firstupdate'),(196,'es_es','LBL_PICKLIST_EDITOR','Valores de lista de selecci&oacute;n de campo','Settings/Vtiger','php','firstupdate'),(197,'es_es','LBL_PICKLIST_DESCRIPTION','Personalizar los valores de las listas desplegables en cada m&oacute;dulo','Settings/Vtiger','php','firstupdate'),(198,'es_es','LBL_PICKLIST_DEPENDENCY_SETUP','Dependencias de lista de selecci&oacute;n','Settings/Vtiger','php','firstupdate'),(199,'es_es','LBL_PICKLIST_DEPENDENCY_DESCRIPTION','Establece Dependencias entre los elementos de las listas desplegables en cada m&oacute;dulo','Settings/Vtiger','php','firstupdate'),(200,'es_es','LBL_MENU_EDITOR','Men&uacute; principal','Settings/Vtiger','php','firstupdate'),(201,'es_es','LBL_MENU_DESC','Personalizar secuencia de men&uacute;','Settings/Vtiger','php','firstupdate'),(202,'es_es','LBL_MENU_EDITOR_MESSAGE','El n&uacute;mero real de elementos de men&uacute; que aparecen depender&aacute; del tama&ntilde;o de la pantalla y podr&iacute;a ser inferior a los elementos seleccionados.','Settings/Vtiger','php','firstupdate'),(203,'es_es','EMAILTEMPLATES','Plantillas de Email','Settings/Vtiger','php','firstupdate'),(204,'es_es','LBL_EMAIL_TEMPLATE_DESCRIPTION','Administrar Plantillas de Email','Settings/Vtiger','php','firstupdate'),(205,'es_es','LBL_COMPANY_DETAILS','Informaci&oacute;n de la Empresa','Settings/Vtiger','php','firstupdate'),(206,'es_es','LBL_COMPANY_DESCRIPTION','Gestionar informaci&oacute;n de la empresa','Settings/Vtiger','php','firstupdate'),(207,'es_es','LBL_MAIL_MERGE','Combinaci&oacute;n de Correo','Settings/Vtiger','php','firstupdate'),(208,'es_es','LBL_MAIL_MERGE_DESCRIPTION','Gestionar las plantillas de mailing usadas en los m&oacute;dulos','Settings/Vtiger','php','firstupdate'),(209,'es_es','LBL_TAX_SETTINGS','Configuraci&oacute;n de Impuestos','Settings/Vtiger','php','firstupdate'),(210,'es_es','LBL_TAX_DESCRIPTION','Gestionar impuestos y porcentajes','Settings/Vtiger','php','firstupdate'),(211,'es_es','LBL_MAIL_SERVER_SETTINGS','Configuraci&oacute;n del Servidor de Correo','Settings/Vtiger','php','firstupdate'),(212,'es_es','LBL_MAIL_SERVER_DESCRIPTION','Editar la configuraci&oacute;n del servidor de correo saliente','Settings/Vtiger','php','firstupdate'),(213,'es_es','INVENTORYTERMSANDCONDITIONS','Inventario: Condiciones Generales','Settings/Vtiger','php','firstupdate'),(214,'es_es','LBL_INV_TANDC_DESCRIPTION','Gestionar los textos de las condiciones generales en presupuesto, orden de venta y facturas.','Settings/Vtiger','php','firstupdate'),(215,'es_es','LBL_ANNOUNCEMENT_DESCRIPTION','Configurar Anuncio Empresarial','Settings/Vtiger','php','firstupdate'),(216,'es_es','LBL_CURRENCY_SETTINGS','Monedas','Settings/Vtiger','php','firstupdate'),(217,'es_es','LBL_CURRENCY_DESCRIPTION','Gestionar monedas y valores de cambio monetario','Settings/Vtiger','php','firstupdate'),(218,'es_es','LBL_CUSTOMIZE_MODENT_NUMBER','Numeraci&oacute;n M&oacute;dulo','Settings/Vtiger','php','firstupdate'),(219,'es_es','LBL_CUSTOMIZE_MODENT_NUMBER_DESCRIPTION','Permite definir la numeraci&oacute;n autom&aacute;tica de los m&oacute;dulos.','Settings/Vtiger','php','firstupdate'),(220,'es_es','LBL_MAIL_SCANNER','Clasificar Correos','Settings/Vtiger','php','firstupdate'),(221,'es_es','LBL_MAIL_SCANNER_DESCRIPTION','Configura el buz&oacute;n para clasificaci&oacute;n','Settings/Vtiger','php','firstupdate'),(222,'es_es','LBL_LIST_WORKFLOWS','Flujos de Trabajo','Settings/Vtiger','php','firstupdate'),(223,'es_es','LBL_LIST_WORKFLOWS_DESCRIPTION','Crear y editar flujos de trabajo','Settings/Vtiger','php','firstupdate'),(224,'es_es','Configuration Editor','Editor de Configuraci&oacute;n','Settings/Vtiger','php','firstupdate'),(225,'es_es','LBL_CONFIG_EDITOR_DESCRIPTION','Actualizar archivo de configuraci&oacute;n de la aplicaci&oacute;n','Settings/Vtiger','php','firstupdate'),(226,'es_es','Update configuration file of the application','Actualizar el fichero de configuraci&oacute;n de la aplicaci&oacute;n.','Settings/Vtiger','php','firstupdate'),(227,'es_es','LBL_CUSTOMER_PORTAL','Portal del Cliente','Settings/Vtiger','php','firstupdate'),(228,'es_es','PORTAL_EXTENSION_DESCRIPTION','Permite configurar la extensi&oacute;n del portal del cliente','Settings/Vtiger','php','firstupdate'),(229,'es_es','LBL_LAYOUT_EDITOR_DESCRIPTION','Dise&ntilde;a y modifica la distribuci&oacute;n de cada m&oacute;dulo','Settings/Vtiger','php','firstupdate'),(230,'es_es','LBL_WEBFORMS_DESCRIPTION','Crea y administra formularios web para capturar PreContactos','Settings/Vtiger','php','firstupdate'),(231,'es_es','LBL_TO_ADD_NEW_USER_PLEASE_CLICK_ON','Para a&ntilde;adir un usuario nuevo, haz clic en ','Settings/Vtiger','php','firstupdate'),(232,'es_es','LBL_SETTINGS_ICON','Icono Configuraci&oacute;n','Settings/Vtiger','php','firstupdate'),(233,'es_es','LBL_ADD_OR_DELETE_USERS','A&ntilde;adir/Eliminar Usuarios','Settings/Vtiger','php','firstupdate'),(234,'es_es','LBL_ADD_USER','A&ntilde;adir Usuario','Settings/Vtiger','php','firstupdate'),(235,'es_es','LBL_LABELS_EDITOR','Etiquetas Editor','Settings/Vtiger','php','firstupdate'),(236,'es_es','LBL_LABELS_EDITOR_DESCRIPTION','Le permite personalizar los nombres de m&oacute;dulos, etiquetas de campo y otras cadenas de acuerdo a sus necesidades de negocio','Settings/Vtiger','php','firstupdate'),(237,'es_es','Scheduler','Planificador','Settings/Vtiger','php','firstupdate'),(238,'es_es','Allows you to Configure Cron Task','Permite configurar las Tareas Programadas','Settings/Vtiger','php','firstupdate'),(239,'es_es','Webforms','Formularios Web','Settings/Vtiger','php','firstupdate'),(240,'es_es','Allows you to manage Webforms','Permite la administraci&oacute;n de formularios web.','Settings/Vtiger','php','firstupdate'),(241,'es_es','LBL_CREATING_NEW','Creando nuevo','Settings/Vtiger','php','firstupdate'),(242,'es_es','LBL_EDITING','Editando','Settings/Vtiger','php','firstupdate'),(243,'es_es','LBL_EDIT_RECORD','Editar','Settings/Vtiger','php','firstupdate'),(244,'es_es','LBL_DELETE_RECORD','Eliminar','Settings/Vtiger','php','firstupdate'),(245,'es_es','LBL_ADD_MOVE_MENU_ITEMS','A&ntilde;adir/Mover Elementos Men&uacute;','Settings/Vtiger','php','firstupdate'),(246,'es_es','LBL_ADD_MENU_ITEM','A&ntilde;adir Elemento Men&uacute;','Settings/Vtiger','php','firstupdate'),(247,'es_es','LBL_MAX','M&aacute;x','Settings/Vtiger','php','firstupdate'),(248,'es_es','LBL_TAX_CALCULATIONS','C&aacute;lculos de Impuestos','Settings/Vtiger','php','firstupdate'),(249,'es_es','LBL_TAX_DESC','Administrar diferentes tipos de impuestos, como Impuesto de Venta, VAT etc.,','Settings/Vtiger','php','firstupdate'),(250,'es_es','LBL_PRODUCT_SERVICE_TAXES','Impuestos Productos y Servicios','Settings/Vtiger','php','firstupdate'),(251,'es_es','LBL_SHIPPING_HANDLING_TAXES','Impuestos Env&iacute;o y Manipulaci&oacute;n','Settings/Vtiger','php','firstupdate'),(252,'es_es','LBL_ADD_NEW_TAX','A&ntilde;adir Nuevo Impuesto','Settings/Vtiger','php','firstupdate'),(253,'es_es','LBL_EDIT_TAX','Editar Impuesto','Settings/Vtiger','php','firstupdate'),(254,'es_es','LBL_TAX_NAME','Nombre del Impuesto','Settings/Vtiger','php','firstupdate'),(255,'es_es','LBL_TAX_VALUE','Valor de Impuesto','Settings/Vtiger','php','firstupdate'),(256,'es_es','LBL_STATUS','Status','Settings/Vtiger','php','firstupdate'),(257,'es_es','LBL_TAX_STATUS_DESC','Marcar casilla para activar impuesto','Settings/Vtiger','php','firstupdate'),(258,'es_es','LBL_ENTER_TAX_NAME','Introduce nombre del impuesto','Settings/Vtiger','php','firstupdate'),(259,'es_es','LBL_ENTER_TAX_VALUE','Introduce valor del impuesto','Settings/Vtiger','php','firstupdate'),(260,'es_es','LBL_TAX_NAME_EXIST','Nombre de impuesto ya existe','Settings/Vtiger','php','firstupdate'),(261,'es_es','LBL_TAXES','Impuestos','Settings/Vtiger','php','firstupdate'),(262,'es_es','LBL_CHARGES_AND ITS_TAXES','Cargos (y sus impuestos)','Settings/Vtiger','php','firstupdate'),(263,'es_es','LBL_TAX_REGIONS','Regiones de Impuestos','Settings/Vtiger','php','firstupdate'),(264,'es_es','LBL_NO_REGION_EXISTS','No Regi&oacute;n existir','Settings/Vtiger','php','firstupdate'),(265,'es_es','LBL_TYPE','Tipo','Settings/Vtiger','php','firstupdate'),(266,'es_es','LBL_CALCULATION','C&aacute;lculo','Settings/Vtiger','php','firstupdate'),(267,'es_es','LBL_ADD_NEW_CHARGE','Crear Nuevo Cargo','Settings/Vtiger','php','firstupdate'),(268,'es_es','LBL_ADD_NEW_TAX_FOR_CHARGE','A&ntilde;adir nuevo impuesto para carga','Settings/Vtiger','php','firstupdate'),(269,'es_es','LBL_CHARGE_NAME','Cargue Nombre','Settings/Vtiger','php','firstupdate'),(270,'es_es','LBL_CHARGE_NAME_EXIST','Cargo Nombre ya existe','Settings/Vtiger','php','firstupdate'),(271,'es_es','LBL_VALUE','Valor','Settings/Vtiger','php','firstupdate'),(272,'es_es','LBL_IS_TAXABLE','Es Imponible','Settings/Vtiger','php','firstupdate'),(273,'es_es','LBL_AVAILABLE_REGIONS','Regiones disponibles','Settings/Vtiger','php','firstupdate'),(274,'es_es','LBL_ADD_NEW_REGION','Crear Nuevo Regi&oacute;n','Settings/Vtiger','php','firstupdate'),(275,'es_es','LBL_TAX_REGION_DESC','Regiones de Impuestos aparecer&aacute; al crear impuestos variables, y puede ser seleccionado al crear cotizaciones, facturas, &oacute;rdenes de venta, &oacute;rdenes de compra','Settings/Vtiger','php','firstupdate'),(276,'es_es','LBL_TAX_CALCULATION','C&aacute;lculo de impuestos','Settings/Vtiger','php','firstupdate'),(277,'es_es','LBL_SIMPLE','Simple','Settings/Vtiger','php','firstupdate'),(278,'es_es','LBL_COMPOUND','Compuesto','Settings/Vtiger','php','firstupdate'),(279,'es_es','LBL_DEDUCTED','Deducidas','Settings/Vtiger','php','firstupdate'),(280,'es_es','LBL_TAX_TYPE','Tipo de Impuesto','Settings/Vtiger','php','firstupdate'),(281,'es_es','LBL_FIXED','Fijo','Settings/Vtiger','php','firstupdate'),(282,'es_es','LBL_VARIABLE','Variable','Settings/Vtiger','php','firstupdate'),(283,'es_es','LBL_COMPOUND_ON','Compuesto Por','Settings/Vtiger','php','firstupdate'),(284,'es_es','LBL_DEFAULT_VALUE','Defecto','Settings/Vtiger','php','firstupdate'),(285,'es_es','LBL_ADD_TAX_BRACKET','A&ntilde;adir soporte de impuesto','Settings/Vtiger','php','firstupdate'),(286,'es_es','LBL_TAX_BRACKETS_DESC','Si no asign&oacute; el valor fiscal por un valor predeterminado regi&oacute;n se utilizar&aacute;','Settings/Vtiger','php','firstupdate'),(287,'es_es','LBL_SELECT_SIMPLE_TAXES','Seleccione simples Impuestos','Settings/Vtiger','php','firstupdate'),(288,'es_es','LBL_REGION_NAME','Nombre de la regi&oacute;n','Settings/Vtiger','php','firstupdate'),(289,'es_es','LBL_ENTER_REGION_NAME','Introduzca el nombre de la Regi&oacute;n','Settings/Vtiger','php','firstupdate'),(290,'es_es','LBL_EDIT_REGION','Editar Regi&oacute;n','Settings/Vtiger','php','firstupdate'),(291,'es_es','LBL_TAX_REGION_EXIST','Nombre de la regi&oacute;n ya existe','Settings/Vtiger','php','firstupdate'),(292,'es_es','LBL_EDIT_CHARGE','Editar Charge','Settings/Vtiger','php','firstupdate'),(293,'es_es','LBL_CHARGE_FORMAT','Formato de carga','Settings/Vtiger','php','firstupdate'),(294,'es_es','LBL_FLAT','Piso','Settings/Vtiger','php','firstupdate'),(295,'es_es','LBL_DIRECT_PRICE','Precio de','Settings/Vtiger','php','firstupdate'),(296,'es_es','LBL_PERCENT','Por ciento','Settings/Vtiger','php','firstupdate'),(297,'es_es','LBL_CHARGE_TYPE','Tipo de Cargo','Settings/Vtiger','php','firstupdate'),(298,'es_es','LBL_CHARGE_VALUE','Cargo Valor','Settings/Vtiger','php','firstupdate'),(299,'es_es','LBL_ENTER_CHARGE_NAME','Introduzca Charge Nombre','Settings/Vtiger','php','firstupdate'),(300,'es_es','LBL_ENTER_CHARGE_VALUE','Introduzca Charge Valor','Settings/Vtiger','php','firstupdate'),(301,'es_es','LBL_REGIONS','Regiones','Settings/Vtiger','php','firstupdate'),(302,'es_es','LBL_ENABLE_TAXES_FOR_CHARGE','Activar si la carga est&aacute; sujeto a impuestos','Settings/Vtiger','php','firstupdate'),(303,'es_es','LBL_SELECT_TAX','Seleccione Tributaria','Settings/Vtiger','php','firstupdate'),(304,'es_es','LBL_SELECT_TAXES','Seleccione Impuestos','Settings/Vtiger','php','firstupdate'),(305,'es_es','LBL_SELECT_REGIONS','Seleccione Regiones','Settings/Vtiger','php','firstupdate'),(306,'es_es','LBL_SELECT_TAX_DESC','S&oacute;lo los impuestos sobre los cargos que se muestran','Settings/Vtiger','php','firstupdate'),(307,'es_es','LBL_CHARGE_STORE_DISC','Valor de carga siempre se almacena en la divisa base','Settings/Vtiger','php','firstupdate'),(308,'es_es','LBL_DEDUCTED_TAX_DISC','Impuestos deducidos se calculan en elementos en total, y se deducen del total','Settings/Vtiger','php','firstupdate'),(309,'es_es','LBL_TERMS_AND_CONDITIONS','Condiciones Generales','Settings/Vtiger','php','firstupdate'),(310,'es_es','LBL_SPECIFY_TERMS_AND_CONDITIONS','Introducir Condiciones Generales de Venta aqu&iacute;','Settings/Vtiger','php','firstupdate'),(311,'es_es','LBL_ANNOUNCEMENTS','Anuncios','Settings/Vtiger','php','firstupdate'),(312,'es_es','LBL_ENTER_ANNOUNCEMENT_HERE','Introducir Anuncio aqu&iacute;','Settings/Vtiger','php','firstupdate'),(313,'es_es','LBL_ANNOUNCEMENT_DESC','Modificar el texto de los anuncios que aparecen en la parte superior de la p&aacute;gina','Settings/Vtiger','php','firstupdate'),(314,'es_es','LBL_RESET_TO_DEFAULT','Cargar valores por defecto','Settings/Vtiger','php','firstupdate'),(315,'es_es','LBL_SERVER_NAME','Nombre del Servidor','Settings/Vtiger','php','firstupdate'),(316,'es_es','LBL_USER_NAME','User Name','Settings/Vtiger','php','firstupdate'),(317,'es_es','LBL_PASSWORD','Contrase&ntilde;a','Settings/Vtiger','php','firstupdate'),(318,'es_es','LBL_FROM_EMAIL','Email de','Settings/Vtiger','php','firstupdate'),(319,'es_es','LBL_REQUIRES_AUTHENTICATION','&iquest;Requiere Autentificaci&oacute;n?','Settings/Vtiger','php','firstupdate'),(320,'es_es','LBL_OUTGOING_SERVER','Servidor de Correo Saliente','Settings/Vtiger','php','firstupdate'),(321,'es_es','LBL_OUTGOING_SERVER_DESC','Configurar Servidor de Correo Saliente','Settings/Vtiger','php','firstupdate'),(322,'es_es','LBL_DEFAULT','Por defecto, el servidor de correo saliente SMTP es od1.vtiger.com. Para evitar problemas, recomendamos que utilices una de estas opciones.','Settings/Vtiger','php','firstupdate'),(323,'es_es','LBL_OPTIONS1','Enviar emails desde tu servidor de correo&lt;br&gt;\n     				- Introducir la configuraci&oacute;n (Servidor, Usuario, Contrase&ntilde;a) de la misma Cuenta de correo utilizada en la Cuenta de respuesta.','Settings/Vtiger','php','firstupdate'),(324,'es_es','LBL_OPTIONS2','A&ntilde;adir servidor vtiger.com como un emisor autorizado de mensajes de correo electr&oacute;nico para su dominio&lt;b&gt;(your_company.com)&lt;/b&gt;.&lt;br&gt;\n					-Para asegurarse de que sus correos electr&oacute;nicos no sean rechazados por el ser','Settings/Vtiger','php','firstupdate'),(325,'es_es','LBL_MAIL_SERVER_SMTP','Servidor de Correo (SMTP)','Settings/Vtiger','php','firstupdate'),(326,'es_es','LBL_OUTGOING_SERVER_FROM_FIELD','NOTA: Si el campo &quot;Email de&quot; se deja en blanco se utilizar&aacute; la Cuenta de correo del usuario.','Settings/Vtiger','php','firstupdate'),(327,'es_es','LBL_TESTMAILSTATUS','Estado del Correo de Verificaci&oacute;n : ','Settings/Vtiger','php','firstupdate'),(328,'es_es','LBL_MAILSENDERROR','El correo no se puede enviar al administrador. Comprueba su email y los datos de configuraci&oacute;n.','Settings/Vtiger','php','firstupdate'),(329,'es_es','LBL_CONFIG_EDITOR','Editor Configuraci&oacute;n','Settings/Vtiger','php','firstupdate'),(330,'es_es','LBL_CONFIG_DESCRIPTION','Editar la Configuraci&oacute;n de vtiger CRM','Settings/Vtiger','php','firstupdate'),(331,'es_es','LBL_CONFIG_FILE','config.inc.php','Settings/Vtiger','php','firstupdate'),(332,'es_es','LBL_MB','MB','Settings/Vtiger','php','firstupdate'),(333,'es_es','LBL_PERSONAL_EMAIL_TRACKING_INFO','Para realizar el seguimiento de mensajes de correo electr&oacute;nico se abre directos enviados a los contactos, por favor, active esta casilla de verificaci&oacute;n. Tenga en cuenta que el correo electr&oacute;nico enviado desde el m&oacute;dulo de camp','Settings/Vtiger','php','firstupdate'),(334,'es_es','LBL_MINI_CALENDAR_DISPLAY','Mostrar Calendario','Settings/Vtiger','php','firstupdate'),(335,'es_es','LBL_WORLD_CLOCK_DISPLAY','Mostrar Reloj Mundial','Settings/Vtiger','php','firstupdate'),(336,'es_es','LBL_CALCULATOR_DISPLAY','Mostrar Calculadora','Settings/Vtiger','php','firstupdate'),(337,'es_es','LBL_USE_RTE','Utilizar Editor Enriquecido','Settings/Vtiger','php','firstupdate'),(338,'es_es','LBL_HELPDESK_SUPPORT_EMAILID','Email de Asistencia y Soporte','Settings/Vtiger','php','firstupdate'),(339,'es_es','LBL_HELPDESK_SUPPORT_NAME','Nombre de Asistencia y Soporte','Settings/Vtiger','php','firstupdate'),(340,'es_es','LBL_MAX_UPLOAD_SIZE','Tama&ntilde;o m&aacute;ximo de carga (M&aacute;x %sMB)','Settings/Vtiger','php','firstupdate'),(341,'es_es','LBL_MAX_HISTORY_VIEWED','Tama&ntilde;o Hist&oacute;rico de Navegaci&oacute;n','Settings/Vtiger','php','firstupdate'),(342,'es_es','LBL_DEFAULT_MODULE','M&oacute;dulo Inicial','Settings/Vtiger','php','firstupdate'),(343,'es_es','LBL_MAX_TEXT_LENGTH_IN_LISTVIEW','Longitud de texto en vista de lista','Settings/Vtiger','php','firstupdate'),(344,'es_es','LBL_MAX_ENTRIES_PER_PAGE_IN_LISTVIEW','Entradas por p&aacute;gina en vista de lista','Settings/Vtiger','php','firstupdate'),(345,'es_es','LBL_EMAIL_TRACKING','Habilitar el seguimiento de correo electr&oacute;nico','Settings/Vtiger','php','firstupdate'),(346,'es_es','LBL_INVALID_EMAILID','Id Email Inv&aacute;lido','Settings/Vtiger','php','firstupdate'),(347,'es_es','LBL_INVALID_SUPPORT_NAME','Nombre Inv&aacute;lido','Settings/Vtiger','php','firstupdate'),(348,'es_es','LBL_INVALID_MODULE','M&oacute;dulo Inv&aacute;lido','Settings/Vtiger','php','firstupdate'),(349,'es_es','LBL_INVALID_NUMBER','N&uacute;mero Inv&aacute;lido','Settings/Vtiger','php','firstupdate'),(350,'es_es','LBL_FIELDS_INFO_IS_EMPTY','Informaci&oacute;n del campo est&aacute; vac&iacute;o','Settings/Vtiger','php','firstupdate'),(351,'es_es','LBL_SUCCESSFULLY_UPDATED','Se ha actualizado correctamente','Settings/Vtiger','php','firstupdate'),(352,'es_es','LBL_CUSTOMIZE_RECORD_NUMBERING','Numeraci&oacute;n M&oacute;dulo','Settings/Vtiger','php','firstupdate'),(353,'es_es','LBL_MODULE_ENTITY_NUMBER_CUSTOMIZATION','Personalizaci&oacute;n de la Numeraci&oacute;n de M&oacute;dulos','Settings/Vtiger','php','firstupdate'),(354,'es_es','LBL_UPDATE_MISSING_RECORD_SEQUENCE','Actualizar secuencia err&oacute;nea ahora','Settings/Vtiger','php','firstupdate'),(355,'es_es','LBL_USE_PREFIX','Utilizar Prefijo','Settings/Vtiger','php','firstupdate'),(356,'es_es','LBL_START_SEQUENCE','Iniciar Secuencia','Settings/Vtiger','php','firstupdate'),(357,'es_es','organizationname','Nombre Empresa','Settings/Vtiger','php','firstupdate'),(358,'es_es','logoname','Logo Empresa','Settings/Vtiger','php','firstupdate'),(359,'es_es','address','Direcci&oacute;n','Settings/Vtiger','php','firstupdate'),(360,'es_es','city','Poblaci&oacute;n','Settings/Vtiger','php','firstupdate'),(361,'es_es','state','Provincia','Settings/Vtiger','php','firstupdate'),(362,'es_es','code','C&oacute;digo Postal','Settings/Vtiger','php','firstupdate'),(363,'es_es','country','Pa&iacute;s','Settings/Vtiger','php','firstupdate'),(364,'es_es','phone','Tel&eacute;fono','Settings/Vtiger','php','firstupdate'),(365,'es_es','fax','Fax','Settings/Vtiger','php','firstupdate'),(366,'es_es','website','Website','Settings/Vtiger','php','firstupdate'),(367,'es_es','vatid','ID de IVA','Settings/Vtiger','php','firstupdate'),(368,'es_es','facebook','Facebook','Settings/Vtiger','php','firstupdate'),(369,'es_es','twitter','Twitter','Settings/Vtiger','php','firstupdate'),(370,'es_es','linkedin','LinkedIn','Settings/Vtiger','php','firstupdate'),(371,'es_es','LBL_IMAGE_CORRUPTED','Virus detectado o imagen incorrecta','Settings/Vtiger','php','firstupdate'),(372,'es_es','LBL_LOGO_RECOMMENDED_MESSAGE','Animales de tama&ntilde;o 150X40 p&iacute;xeles (formato .jpeg, .jpg, .png, .gif, .pjpeg, .x-png).','Settings/Vtiger','php','firstupdate'),(373,'es_es','LBL_COMPANY_INFORMATION','Informaci&oacute;n Empresa','Settings/Vtiger','php','firstupdate'),(374,'es_es','LBL_UPDATE','Actualizar','Settings/Vtiger','php','firstupdate'),(375,'es_es','LBL_UPDATE_LOGO','Actualizar Logo','Settings/Vtiger','php','firstupdate'),(376,'es_es','LBL_COMPANY_LOGO','Logo Empresa','Settings/Vtiger','php','firstupdate'),(377,'es_es','LBL_EDIT_COMPANY_DETAILS_MESSAGE','Para editar la informaci&oacute;n de la empresa debes ir a: Icono Configuraci&oacute;n &gt; A&ntilde;adir/Eliminar Usuarios &gt; Empresa ','Settings/Vtiger','php','firstupdate'),(378,'es_es','LBL_ACTIVE','Activo','Settings/Vtiger','php','firstupdate'),(379,'es_es','LBL_INACTIVE','Inactivo','Settings/Vtiger','php','firstupdate'),(380,'es_es','LBL_DISABLED','Deshabilitado','Settings/Vtiger','php','firstupdate'),(381,'es_es','LBL_RUNNING','En ejecuci&oacute;n','Settings/Vtiger','php','firstupdate'),(382,'es_es','LBL_LAST_SCAN_TIMED_OUT','Tiempo agotado en &uacute;ltima revisi&oacute;n','Settings/Vtiger','php','firstupdate'),(383,'es_es','LBL_LAST_SCAN_AT','Ultima revisi&oacute;n @ ','Settings/Vtiger','php','firstupdate'),(384,'es_es','LBL_TIME_TAKEN',' tiempo invertido ','Settings/Vtiger','php','firstupdate'),(385,'es_es','LBL_SHORT_SECONDS','seg','Settings/Vtiger','php','firstupdate'),(386,'es_es','LoginHistory','User Login History','Settings/Vtiger','php','firstupdate'),(387,'es_es','LBL_LOGIN_HISTORY_DETAILS','Login History','Settings/Vtiger','php','firstupdate'),(388,'es_es','LBL_LOGIN_HISTORY_DESCRIPTION','Login History Details','Settings/Vtiger','php','firstupdate'),(389,'es_es','LBL_USER_IP_ADDRESS','User IP Address','Settings/Vtiger','php','firstupdate'),(390,'es_es','LBL_LOGIN_TIME','Sign-in Time','Settings/Vtiger','php','firstupdate'),(391,'es_es','LBL_LOGGED_OUT_TIME','Sign-out Time','Settings/Vtiger','php','firstupdate'),(392,'es_es','LBL_SAVED_SUCCESSFULLY','Se ha guardado correctamente','Settings/Vtiger','php','firstupdate'),(393,'es_es','LBL_DELETED_SUCCESSFULLY','Se ha eliminado correctamente','Settings/Vtiger','php','firstupdate'),(394,'es_es','LBL_INVALID_MAPPING','Asignaci&oacute;n Inv&aacute;lida','Settings/Vtiger','php','firstupdate'),(395,'es_es','LBL_FIELD_LABEL','Etiqueta Campo','Settings/Vtiger','php','firstupdate'),(396,'es_es','LBL_FIELD_TYPE','Tipo Campo','Settings/Vtiger','php','firstupdate'),(397,'es_es','LBL_MAPPING_WITH_OTHER_MODULES','Asignaci&oacute;n con otros M&oacute;dulos','Settings/Vtiger','php','firstupdate'),(398,'es_es','LBL_ADD_MAPPING','A&ntilde;adir Asignaci&oacute;n','Settings/Vtiger','php','firstupdate'),(399,'es_es','LBL_NONE','Ninguno','Settings/Vtiger','php','firstupdate'),(400,'es_es','picklist','Lista Desplegable','Settings/Vtiger','php','firstupdate'),(401,'es_es','email','Email','Settings/Vtiger','php','firstupdate'),(402,'es_es','text','Texto','Settings/Vtiger','php','firstupdate'),(403,'es_es','currency','Moneda','Settings/Vtiger','php','firstupdate'),(404,'es_es','multiSelectCombo','Lista Desplegable M&uacute;ltiple','Settings/Vtiger','php','firstupdate'),(405,'es_es','time','Tiempo','Settings/Vtiger','php','firstupdate'),(406,'es_es','textArea','Area de Texto','Settings/Vtiger','php','firstupdate'),(407,'es_es','url','Url','Settings/Vtiger','php','firstupdate'),(408,'es_es','string','Cadena','Settings/Vtiger','php','firstupdate'),(409,'es_es','checkBox','Casilla Verificaci&oacute;n','Settings/Vtiger','php','firstupdate'),(410,'es_es','date','Fecha','Settings/Vtiger','php','firstupdate'),(411,'es_es','decimal','Decimal','Settings/Vtiger','php','firstupdate'),(412,'es_es','percent','Porcentaje','Settings/Vtiger','php','firstupdate'),(413,'es_es','skype','Skype','Settings/Vtiger','php','firstupdate'),(414,'es_es','image','Imagen','Settings/Vtiger','php','firstupdate'),(415,'es_es','LBL_DEFAULT_TAX_MODE','Modo de impuestos por defecto','Settings/Vtiger','php','firstupdate'),(416,'es_es','LBL_RELATIONSHIPS','Relaciones','Settings/Vtiger','php','firstupdate'),(417,'es_es','LBL_MODULE_BUILDER_DESCRIPTION','Creaci&oacute;n de nuevos m&oacute;dulos','Settings/Vtiger','php','firstupdate'),(418,'es_es','LBL_GATEWAY_CONFIGURATION','Puerta de enlace de configuraci&oacute;n de Pago','Settings/Vtiger','php','firstupdate'),(419,'es_es','MAIN_PRODUCT_WHITELABEL','Etiquetado blanco CRM','Settings/Vtiger','php','firstupdate'),(420,'es_es','LBL_WHITE_LABELING_INFO','La activaci&oacute;n de esta quitar&aacute; icono comentarios, enlaces de v&iacute;deo, los nuevos v&iacute;deos de caracter&iacute;sticas y el pie de CRM.','Settings/Vtiger','php','firstupdate'),(421,'es_es','LBL_WHITE_LABELING_INFO_MSG','Al habilitar esta eliminar&aacute; bot&oacute;n de ayuda y el pie de CRM.','Settings/Vtiger','php','firstupdate'),(422,'es_es','LBL_PHONE_CONFIGURATION','Configuraci&oacute;n del tel&eacute;fono','Settings/Vtiger','php','firstupdate'),(423,'es_es','LBL_MAILROOM','Oficina de correos','Settings/Vtiger','php','firstupdate'),(424,'es_es','LBL_EXCHANGE_CONNECTOR','Conector De Exchange','Settings/Vtiger','php','firstupdate'),(425,'es_es','LBL_SELECT_DATE','Seleccione las fechas','Settings/Vtiger','php','firstupdate'),(426,'es_es','LBL_SERVER_TYPE','Tipo De Servidor','Settings/Vtiger','php','firstupdate'),(427,'es_es','LBL_OTHERS','Otros','Settings/Vtiger','php','firstupdate'),(428,'es_es','LBL_GMAIL','Gmail','Settings/Vtiger','php','firstupdate'),(429,'es_es','LBL_HOTMAIL','Hotmail','Settings/Vtiger','php','firstupdate'),(430,'es_es','LBL_YAHOO','Yahoo','Settings/Vtiger','php','firstupdate'),(431,'es_es','LBL_OFFICE365','Office365','Settings/Vtiger','php','firstupdate'),(432,'es_es','LBL_VTIGER','Vtiger','Settings/Vtiger','php','firstupdate'),(433,'es_es','LBL_PREFIX_IN_USE','Prefijo que ya est&aacute;n en uso','Settings/Vtiger','php','firstupdate'),(434,'es_es','LBL_NO_LOGO_EDIT_AND_UPLOAD','No hay imagen, editar y subir la imagen','Settings/Vtiger','php','firstupdate'),(435,'es_es','EmailTemplate','Plantilla De Correo Electr&oacute;nico','Settings/Vtiger','php','firstupdate'),(436,'es_es','LBL_TEMPLATE_NAME','Nombre de la plantilla','Settings/Vtiger','php','firstupdate'),(437,'es_es','LBL_SUBJECT','Tema','Settings/Vtiger','php','firstupdate'),(438,'es_es','LBL_EXTENSION_STORE','La Extensi&oacute;n De La Tienda','Settings/Vtiger','php','firstupdate'),(439,'es_es','LBL_MODULE_MANAGEMENT','Gestor De M&oacute;dulos','Settings/Vtiger','php','firstupdate'),(440,'es_es','LBL_AUTOMATION','Automatizaci&oacute;n','Settings/Vtiger','php','firstupdate'),(441,'es_es','LBL_CONFIGURATION','Configuraci&oacute;n','Settings/Vtiger','php','firstupdate'),(442,'es_es','LBL_MARKETING_SALES','Marketing Y Ventas','Settings/Vtiger','php','firstupdate'),(443,'es_es','LBL_INVOICES','Las facturas','Settings/Vtiger','php','firstupdate'),(444,'es_es','LBL_SUPPORT','Apoyo','Settings/Vtiger','php','firstupdate'),(445,'es_es','LBL_TEMPLATES','Plantillas','Settings/Vtiger','php','firstupdate'),(446,'es_es','LBL_MODULE_CUSTOMIZATION','Diseños & Campos de Módulos','Settings/Vtiger','php','edited'),(447,'es_es','LBL_TAX_MANAGEMENT','Administración de Impuestos','Settings/Vtiger','php','edited'),(448,'es_es','LBL_LEAD_MAPPING','Conversi&oacute;n De Datos De Asignaci&oacute;n De','Settings/Vtiger','php','firstupdate'),(449,'es_es','LBL_OPPORTUNITY_MAPPING','Oportunidad de la Asignaci&oacute;n de','Settings/Vtiger','php','firstupdate'),(450,'es_es','LBL_PICKLIST_DEPENDENCY','Dependencia de Listas de Selección','Settings/Vtiger','php','edited'),(451,'es_es','LBL_MY_TAGS','Mis Etiquetas','Settings/Vtiger','php','firstupdate'),(452,'es_es','LBL_ADD_MODULE','A&ntilde;adir El M&oacute;dulo','Settings/Vtiger','php','firstupdate'),(453,'es_es','LBL_SMART_NOTIFICATIONS','Notificaciones Inteligentes','Settings/Vtiger','php','firstupdate'),(454,'es_es','LBL_FORECAST_SETTINGS','Configuración de Proyecciones','Settings/Vtiger','php','edited'),(455,'es_es','LBL_SEARCH_FOR_SETTINGS','Configuración de Búsqueda','Settings/Vtiger','php','edited'),(456,'es_es','LBL_GOOGLE','Google','Settings/Vtiger','php','firstupdate'),(457,'es_es','LBL_QUICKBOOKS','QuickBooks','Settings/Vtiger','php','firstupdate'),(458,'es_es','LBL_XERO','Xero','Settings/Vtiger','php','firstupdate'),(459,'es_es','LBL_TALLY','Tally','Settings/Vtiger','php','firstupdate'),(460,'es_es','LBL_SHOPPINGCART','ShoppingCart','Settings/Vtiger','php','firstupdate'),(461,'es_es','JS_PLEASE_SELECT_ATLEAST_ONE_MEMBER_FOR_A_GROUP','Selecciona al menos un miembro para el grupo','Settings/Vtiger','js','firstupdate'),(462,'es_es','JS_GROUP_DELETED_SUCCESSFULLY','Se ha eliminado el grupo','Settings/Vtiger','js','firstupdate'),(463,'es_es','JS_TAX_SAVED_SUCCESSFULLY','Se ha guardado el impuesto','Settings/Vtiger','js','firstupdate'),(464,'es_es','JS_TAX_DISABLED','Impuesto Desactivado','Settings/Vtiger','js','firstupdate'),(465,'es_es','JS_TAX_ENABLED','Impuesto Activado','Settings/Vtiger','js','firstupdate'),(466,'es_es','JS_SELECT_SIMPLE_TAXES','Seleccione simples Impuestos','Settings/Vtiger','js','firstupdate'),(467,'es_es','JS_TAX_REGION_SAVED_SUCCESSFULLY','Regi&oacute;n Fiscal guardado correctamente','Settings/Vtiger','js','firstupdate'),(468,'es_es','JS_TAX_REGION_DELETED_SUCCESSFULLY','Impuesto Regi&oacute;n Eliminado con &eacute;xito','Settings/Vtiger','js','firstupdate'),(469,'es_es','JS_INVENTORY_CHARGE_SAVED_SUCCESSFULLY','Cargo Inventario Guardado con &Eacute;xito','Settings/Vtiger','js','firstupdate'),(470,'es_es','JS_INVENTORY_CHARGE_DELETED_SUCCESSFULLY','Inventario de carga Eliminado con &eacute;xito','Settings/Vtiger','js','firstupdate'),(471,'es_es','JS_DELETE_CHARGE_DESC','La eliminaci&oacute;n de esta carga afectar&aacute; a todos los registros de inventario con esta carga existente. &iquest;Desea continuar?','Settings/Vtiger','js','firstupdate'),(472,'es_es','JS_DELETE_REGION_DESC','La eliminaci&oacute;n de esta regi&oacute;n afectar&aacute; a todos los impuestos de inventario con esta regi&oacute;n existente. &iquest;Desea continuar?','Settings/Vtiger','js','firstupdate'),(473,'es_es','JS_SELECT_REGIONS','Seleccione Regiones','Settings/Vtiger','js','firstupdate'),(474,'es_es','JS_DELETE','Borrar','Settings/Vtiger','js','firstupdate'),(475,'es_es','JS_EDIT','Editar','Settings/Vtiger','js','firstupdate'),(476,'es_es','JS_ANNOUNCEMENT_SAVED','Se ha guardado el anuncio','Settings/Vtiger','js','firstupdate'),(477,'es_es','JS_CONFIRM_DEFAULT_SETTINGS','&iquest;Seguro que quieres cargar los valores por defecto?','Settings/Vtiger','js','firstupdate'),(478,'es_es','JS_PLEASE_ENTER_NUMBER_IN_RANGE_1TO5','Introduce un valor entre 1-%sMB','Settings/Vtiger','js','firstupdate'),(479,'es_es','JS_PLEASE_ENTER_NUMBER_IN_RANGE_1TO100','Introduce un valor entre 1-100','Settings/Vtiger','js','firstupdate'),(480,'es_es','JS_RECORD_NUMBERING_SAVED_SUCCESSFULLY_FOR','Se ha guardado la numeraci&oacute;n de registro para','Settings/Vtiger','js','firstupdate'),(481,'es_es','JS_RECORD_NUMBERING_UPDATED_SUCCESSFULLY_FOR','Se ha actualizado la numeraci&oacute;n de registro para','Settings/Vtiger','js','firstupdate'),(482,'es_es','JS_SEQUENCE_NUMBER_MESSAGE','La secuencia de numeraci&oacute;n debe ser igual o superior a','Settings/Vtiger','js','firstupdate'),(483,'es_es','LBL_WRONG_IMAGE_TYPE','tipo de imagen no soportado','Settings/Vtiger','js','firstupdate'),(484,'es_es','LBL_MAXIMUM_SIZE_EXCEEDS','El tama&ntilde;o m&aacute;ximo permitido es de 1MB','Settings/Vtiger','js','firstupdate'),(485,'es_es','LBL_NO_LOGO_SELECTED','No se ha seleccionado ning&uacute;n logo','Settings/Vtiger','js','firstupdate'),(486,'es_es','JS_CONFIGURATION_DETAILS_SAVED','Se ha guardado la informaci&oacute;n de configuraci&oacute;n','Settings/Vtiger','js','firstupdate'),(487,'es_es','JS_DEFAULT_TAX_MODE_SET_AS','Modo de impuestos por defecto configurado como ','Settings/Vtiger','js','firstupdate'),(488,'es_es','JS_TERMS_AND_CONDITIONS_SAVED','T&eacute;rminos y condiciones guardado','Settings/Vtiger','js','firstupdate'),(489,'es_es','JS_INVALID_URL','Direcci&oacute;n URL no v&aacute;lida','Settings/Vtiger','js','firstupdate'),(490,'es_es','JS_LBL_TAX_REGION_EXIST','Nombre de la regi&oacute;n ya existe','Settings/Vtiger','js','firstupdate'),(491,'es_es','JS_LOGO_IMAGE_DIMENSIONS_WRONG','Logotipo de las dimensiones de la Imagen no coincide con el permitido dimensi&oacute;n. Cambiar el tama&ntilde;o de la imagen y vuelve a intentarlo.','Settings/Vtiger','js','firstupdate'),(492,'es_es','Quotes','Cotizaciones','Quotes','php','edited'),(493,'es_es','SINGLE_Quotes','cotizaciones','Quotes','php','firstupdate'),(494,'es_es','LBL_EXPORT_TO_PDF','Exportar a PDF','Quotes','php','firstupdate'),(495,'es_es','LBL_ADD_RECORD','A&ntilde;adir Presupuesto','Quotes','php','firstupdate'),(496,'es_es','LBL_RECORDS_LIST','Lista de Presupuestos','Quotes','php','firstupdate'),(497,'es_es','LBL_QUOTE_INFORMATION','Detalles del Presupuesto','Quotes','php','firstupdate'),(498,'es_es','Quote No','N&uacute;mero Presupuesto','Quotes','php','firstupdate'),(499,'es_es','Quote Stage','Fase de Presupuesto','Quotes','php','firstupdate'),(500,'es_es','Valid Till','V&aacute;lido hasta','Quotes','php','firstupdate'),(501,'es_es','Inventory Manager','Encargado del Inventario','Quotes','php','firstupdate'),(502,'es_es','Accepted','Aceptado','Quotes','php','firstupdate'),(503,'es_es','Rejected','Rechazado','Quotes','php','firstupdate'),(504,'es_es','LBL_SEND_MAIL_PDF','Enviar Email con PDF','Quotes','php','firstupdate'),(505,'es_es','LBL_THIS','Este','Quotes','php','firstupdate'),(506,'es_es','LBL_IS_DELETED_FROM_THE_SYSTEM_PLEASE_REMOVE_OR_REPLACE_THIS_ITEM','se elimina del sistema.por favor, quitar o reemplazar este elemento','Quotes','php','firstupdate'),(507,'es_es','LBL_THIS_LINE_ITEM_IS_DELETED_FROM_THE_SYSTEM_PLEASE_REMOVE_THIS_LINE_ITEM','Esta l&iacute;nea de &iacute;tem es eliminado del sistema,por favor, elimine esta l&iacute;nea de art&iacute;culos','Quotes','php','firstupdate'),(508,'es_es','LBL_IMPORT_MODULE','Instalar desde Vtiger','Settings/ModuleManager','php','firstupdate'),(509,'es_es','LBL_VTIGER_EXTENSION_STORE','Vtiger tienda Extensi&oacute;n','Settings/ModuleManager','php','firstupdate'),(510,'es_es','LBL_PUBLISHER','Editor','Settings/ModuleManager','php','firstupdate'),(511,'es_es','LBL_LICENSE','Licencia','Settings/ModuleManager','php','firstupdate'),(512,'es_es','LBL_PUBLISHED_ON','Publicado el','Settings/ModuleManager','php','firstupdate'),(513,'es_es','LBL_INSTALL','Instalar','Settings/ModuleManager','php','firstupdate'),(514,'es_es','LBL_UPGRADE','Actualizar','Settings/ModuleManager','php','firstupdate'),(515,'es_es','LBL_VERSION','Versi&oacute;n','Settings/ModuleManager','php','firstupdate'),(516,'es_es','LBL_DECLINE','Declinar','Settings/ModuleManager','php','firstupdate'),(517,'es_es','LBL_ACCEPT_AND_INSTALL','Aceptar e Instalar','Settings/ModuleManager','php','firstupdate'),(518,'es_es','LBL_ALREADY_EXISTS','Ya Existe','Settings/ModuleManager','php','firstupdate'),(519,'es_es','LBL_OK','Vale','Settings/ModuleManager','php','firstupdate'),(520,'es_es','LBL_EXTENSION_NOT_COMPATABLE','Extensi&oacute;n no es Compatible con Vtiger CRM','Settings/ModuleManager','php','firstupdate'),(521,'es_es','LBL_INVALID_FILE','Fichero Inv&aacute;lido','Settings/ModuleManager','php','firstupdate'),(522,'es_es','LBL_NO_LICENSE_PROVIDED','No tiene Licencia','Settings/ModuleManager','php','firstupdate'),(523,'es_es','LBL_INSTALLATION','Instalaci&oacute;n','Settings/ModuleManager','php','firstupdate'),(524,'es_es','LBL_FAILED','Err&oacute;nea','Settings/ModuleManager','php','firstupdate'),(525,'es_es','LBL_SUCCESSFULL','Correcta','Settings/ModuleManager','php','firstupdate'),(526,'es_es','LBL_INSTALLATION_LOG','Registro Instalaci&oacute;n','Settings/ModuleManager','php','firstupdate'),(527,'es_es','LBL_VERIFY_IMPORT_DETAILS','Verificar Detalles Importaci&oacute;n','Settings/ModuleManager','php','firstupdate'),(528,'es_es','LBL_MODULE_NAME','Nombre M&oacute;dulo','Settings/ModuleManager','php','firstupdate'),(529,'es_es','LBL_REQ_VTIGER_VERSION','Versi&oacute;n Vtiger','Settings/ModuleManager','php','firstupdate'),(530,'es_es','LBL_LICENSE_ACCEPT_AGREEMENT','Acepto el acuerdo de licencia.','Settings/ModuleManager','php','firstupdate'),(531,'es_es','LBL_EXISTS','Existe','Settings/ModuleManager','php','firstupdate'),(532,'es_es','LBL_PROCEED_WITH_IMPORT','&iquest;Quieres seguir con la importaci&oacute;n?','Settings/ModuleManager','php','firstupdate'),(533,'es_es','LBL_VERSION_NOT_SUPPORTED','La versi&oacute;n del m&oacute;dulo no es compatible con la versi&oacute;n de vtiger crm','Settings/ModuleManager','php','firstupdate'),(534,'es_es','LBL_FINISH','Finalizar','Settings/ModuleManager','php','firstupdate'),(535,'es_es','LBL_IMPORT_ZIP','Instalar desde fichero','Settings/ModuleManager','php','firstupdate'),(536,'es_es','LBL_NOT_FOUND','No se ha podido encontrar ninguna Extensi&oacute;n/M&oacute;dulo para la Versi&oacute;n Actual','Settings/ModuleManager','php','firstupdate'),(537,'es_es','LBL_INVALID_IMPORT_TRY_AGAIN',' dado para la importaci&oacute;n del m&oacute;dulo! Int&eacute;ntalo de nuevo.','Settings/ModuleManager','php','firstupdate'),(538,'es_es','LBL_IMPORTED_MODULE',' ha sido importado correctamente.','Settings/ModuleManager','php','firstupdate'),(539,'es_es','LBL__IMPORTING_MODULE','Importando M&oacute;dulo','Settings/ModuleManager','php','firstupdate'),(540,'es_es','LBL_UPDATE_MODULE_FROM_FILE','Actualizar M&oacute;dulo','Settings/ModuleManager','php','firstupdate'),(541,'es_es','LBL_UPDATED_MODULE',' m&oacute;dulo ha sido actualizado correctamente.','Settings/ModuleManager','php','firstupdate'),(542,'es_es','LBL__UPDATING_MODULE','Actualizando M&oacute;dulo','Settings/ModuleManager','php','firstupdate'),(543,'es_es','LBL_SEARCH_FOR_EXTENSION','B&uacute;squeda de Extensi&oacute;n','Settings/ModuleManager','php','firstupdate'),(544,'es_es','LBL_DOWNLOADS','Descargas','Settings/ModuleManager','php','firstupdate'),(545,'es_es','LBL_NO_EXTENSIONS_FOUND','No hay extensiones encontrados','Settings/ModuleManager','php','firstupdate'),(546,'es_es','LBL_REGISTER_USER','Registro de Usuario','Settings/ModuleManager','php','firstupdate'),(547,'es_es','LBL_SETUP_CARD_DETAILS','Informaci&oacute;n de la Tarjeta de instalaci&oacute;n','Settings/ModuleManager','php','firstupdate'),(548,'es_es','LBL_SETUP_CARD','Tarjeta de configuraci&oacute;n','Settings/ModuleManager','php','firstupdate'),(549,'es_es','LBL_CARD_NUMBER','N&uacute;mero de tarjeta','Settings/ModuleManager','php','firstupdate'),(550,'es_es','LBL_EXP_MONTH','Exp Mes','Settings/ModuleManager','php','firstupdate'),(551,'es_es','LBL_EXP_YEAR','Exp A&ntilde;o','Settings/ModuleManager','php','firstupdate'),(552,'es_es','LBL_CVC_CODE','CVC C&oacute;digo de 3 d&iacute;gitos','Settings/ModuleManager','php','firstupdate'),(553,'es_es','LBL_RESET','Reajustar','Settings/ModuleManager','php','firstupdate'),(554,'es_es','LBL_EXTENSION_STORE','Extensi&oacute;n tienda','Settings/ModuleManager','php','firstupdate'),(555,'es_es','LBL_INSTALLED','Instalado','Settings/ModuleManager','php','firstupdate'),(556,'es_es','LBL_UPDATE_CARD_DETAILS','Detalles de la actualizaci&oacute;n de tarjetas','Settings/ModuleManager','php','firstupdate'),(557,'es_es','LBL_BY','Por','Settings/ModuleManager','php','firstupdate'),(558,'es_es','LBL_RATINGS','Valoraciones','Settings/ModuleManager','php','firstupdate'),(559,'es_es','LBL_AUTHOR_INFORMATION','Informaci&oacute;n del Autor','Settings/ModuleManager','php','firstupdate'),(560,'es_es','LBL_AUTHOR_NAME','Nombre del Autor','Settings/ModuleManager','php','firstupdate'),(561,'es_es','LBL_PHONE','Tel&eacute;fono','Settings/ModuleManager','php','firstupdate'),(562,'es_es','LBL_EMAIL','Email','Settings/ModuleManager','php','firstupdate'),(563,'es_es','LBL_SCREEN_SHOTS','Im&aacute;genes','Settings/ModuleManager','php','firstupdate'),(564,'es_es','LBL_CUSTOMER_RATINGS','Calificaciones de clientes','Settings/ModuleManager','php','firstupdate'),(565,'es_es','LBL_CUSTOMER_REVIEWS','Opiniones de los usuarios','Settings/ModuleManager','php','firstupdate'),(566,'es_es','LBL_WRITE_A_REVIEW','Escriba su opini&oacute;n','Settings/ModuleManager','php','firstupdate'),(567,'es_es','LBL_CUSTOMER_REVIEW','Valoraci&oacute;n de los clientes','Settings/ModuleManager','php','firstupdate'),(568,'es_es','LBL_REVIEW','Revisi&oacute;n','Settings/ModuleManager','php','firstupdate'),(569,'es_es','LBL_CUSTOMERS_REVIEWED','Clientes Opini&oacute;n','Settings/ModuleManager','php','firstupdate'),(570,'es_es','LBL_SINGLE_CUSTOMER_REVIEWED','Solo al cliente Opini&oacute;n','Settings/ModuleManager','php','firstupdate'),(571,'es_es','LBL_INSTALLATION_FAILED','Fallo en la Instalaci&oacute;n','Settings/ModuleManager','php','firstupdate'),(572,'es_es','LBL_SUCCESSFULL_INSTALLATION','Instalaci&oacute;n de &eacute;xito','Settings/ModuleManager','php','firstupdate'),(573,'es_es','Install','Instalar','Settings/ModuleManager','php','firstupdate'),(574,'es_es','Upgrade','Modernizaci&oacute;n','Settings/ModuleManager','php','firstupdate'),(575,'es_es','LBL_RATE_IT','Califica esta foto','Settings/ModuleManager','php','firstupdate'),(576,'es_es','JS_PLEASE_SETUP_CARD_DETAILS_TO_INSTALL_THIS_EXTENSION','Por favor, detalles de la tarjeta de configuraci&oacute;n para instalar esta extensi&oacute;n','Settings/ModuleManager','js','firstupdate'),(577,'es_es','JS_UPDATE_CARD_DETAILS','Detalles de la actualizaci&oacute;n de tarjetas','Settings/ModuleManager','js','firstupdate'),(578,'es_es','JS_ON','en','Settings/ModuleManager','js','firstupdate'),(579,'es_es','JS_RATINGS','Valoraciones','Settings/ModuleManager','js','firstupdate'),(580,'es_es','JS_PLEASE_INSTALL_EXTENSION_LOADER_TO_INSTALL_THIS_EXTENSION_FROM_BELOW_LINK','Por favor, instala el gestor de extensi&oacute;n para instalar esta extensi&oacute;n de abajo enlace','Settings/ModuleManager','js','firstupdate'),(581,'es_es','LBL_OPTIONS2','A&ntilde;adir servidor vtiger.com como un emisor autorizado de mensajes de correo electr&oacute;nico para su dominio&lt;b&gt;(your_company.com)&lt;/b&gt;.&lt;br&gt;\n					-Para asegurarse de que sus correos electr&oacute;nicos no sean rechazados por el ser','Settings/Vtiger','php','firstupdate'),(582,'es_es','LBL_PERSONAL_EMAIL_TRACKING_INFO','Para realizar el seguimiento de mensajes de correo electr&oacute;nico se abre directos enviados a los contactos, por favor, active esta casilla de verificaci&oacute;n. Tenga en cuenta que el correo electr&oacute;nico enviado desde el m&oacute;dulo de camp','Settings/Vtiger','php','firstupdate'),(583,'es_es','LayoutEditor','Layout Editor','Settings/LayoutEditor','php','firstupdate'),(584,'es_es','LBL_FIELDS_AND_LAYOUT_EDITOR','Editor de Campos y Disposici&oacute;n','Settings/LayoutEditor','php','firstupdate'),(585,'es_es','LBL_CREATE_CUSTOM_FIELD','A&ntilde;adir Campo Personalizado','Settings/LayoutEditor','php','firstupdate'),(586,'es_es','LBL_DETAILVIEW_LAYOUT','Disposici&oacute;n de la Vista de Detalle','Settings/LayoutEditor','php','firstupdate'),(587,'es_es','LBL_ARRANGE_RELATED_TABS','Organizar Lista Relacionada','Settings/LayoutEditor','php','firstupdate'),(588,'es_es','LBL_ADD_CUSTOM_FIELD','A&ntilde;adir Campo Personalizado','Settings/LayoutEditor','php','firstupdate'),(589,'es_es','LBL_ADD_CUSTOM_BLOCK','A&ntilde;adir Bloque Personalizado','Settings/LayoutEditor','php','firstupdate'),(590,'es_es','LBL_SAVE_FIELD_SEQUENCE','Guardar Secuencia de Campos','Settings/LayoutEditor','php','firstupdate'),(591,'es_es','LBL_BLOCK_NAME','Nombre Bloque','Settings/LayoutEditor','php','firstupdate'),(592,'es_es','LBL_ADD_AFTER','a&ntilde;adir Despu&eacute;s','Settings/LayoutEditor','php','firstupdate'),(593,'es_es','LBL_ACTIONS','Acciones','Settings/LayoutEditor','php','firstupdate'),(594,'es_es','LBL_ALWAYS_SHOW','Mostrar Siempre','Settings/LayoutEditor','php','firstupdate'),(595,'es_es','LBL_INACTIVE_FIELDS','Desactivados campos','Settings/LayoutEditor','php','firstupdate'),(596,'es_es','LBL_DELETE_CUSTOM_BLOCK','Eliminar Bloque Personalizado','Settings/LayoutEditor','php','edited'),(597,'es_es','LBL_MANDATORY_FIELD','Campo Obligatorio','Settings/LayoutEditor','php','firstupdate'),(598,'es_es','LBL_QUICK_CREATE','Creaci&oacute;n R&aacute;pida','Settings/LayoutEditor','php','firstupdate'),(599,'es_es','LBL_SUMMARY_FIELD','Vista&#039;s Overview','Settings/LayoutEditor','php','firstupdate'),(600,'es_es','LBL_MASS_EDIT','Edici&oacute;n Masiva','Settings/LayoutEditor','php','firstupdate'),(601,'es_es','LBL_DEFAULT_VALUE','Valor por Defecto','Settings/LayoutEditor','php','firstupdate'),(602,'es_es','LBL_SELECT_FIELD_TYPE','Selecciona Tipo de Campo','Settings/LayoutEditor','php','firstupdate'),(603,'es_es','LBL_LABEL_NAME','nombre Etiqueta','Settings/LayoutEditor','php','firstupdate'),(604,'es_es','LBL_LENGTH','Length','Settings/LayoutEditor','php','firstupdate'),(605,'es_es','LBL_DECIMALS','Decimales','Settings/LayoutEditor','php','firstupdate'),(606,'es_es','LBL_ENTER_PICKLIST_VALUES','Introducir los Valores de la Lista...','Settings/LayoutEditor','php','firstupdate'),(607,'es_es','LBL_PICKLIST_VALUES','Valores de la Lista','Settings/LayoutEditor','php','firstupdate'),(608,'es_es','LBL_REACTIVATE','(Re)Activar','Settings/LayoutEditor','php','firstupdate'),(609,'es_es','LBL_ARRANGE_RELATED_LIST','Organizar Lista Relacionada','Settings/LayoutEditor','php','firstupdate'),(610,'es_es','LBL_SELECT_MODULE_TO_ADD','Selecciona M&oacute;dulo para a&ntilde;adir','Settings/LayoutEditor','php','firstupdate'),(611,'es_es','LBL_NO_RELATED_INFORMATION','No hay Informaci&oacute;n Relacionada','Settings/LayoutEditor','php','firstupdate'),(612,'es_es','LBL_RELATED_LIST_INFO','Arrastra el m&oacute;dulo para reordenar la lista','Settings/LayoutEditor','php','firstupdate'),(613,'es_es','LBL_REMOVE_INFO','Haga clic en el icono de borrar para eliminar la relaci&oacute;n permanente de la lista','Settings/LayoutEditor','php','firstupdate'),(614,'es_es','LBL_ADD_MODULE_INFO','Selecciona el m&oacute;dulo eliminado para volverlo a incluir en la lista','Settings/LayoutEditor','php','firstupdate'),(615,'es_es','LBL_SELECT_MODULE','Selecciona M&oacute;dulo...','Settings/LayoutEditor','php','firstupdate'),(616,'es_es','LBL_DUPLICATES_EXIST','Un bloque con ese nombre ya existe','Settings/LayoutEditor','php','firstupdate'),(617,'es_es','LBL_NON_ROLE_BASED_PICKLIST','Lista Desplegable pecado Roles','Settings/LayoutEditor','php','firstupdate'),(618,'es_es','LBL_DUPLICATE_FIELD_EXISTS','Existe un Campo Duplicado','Settings/LayoutEditor','php','firstupdate'),(619,'es_es','LBL_WRONG_FIELD_TYPE','Tipo de Campo metalero','Settings/LayoutEditor','php','firstupdate'),(620,'es_es','LBL_ROLE_BASED_PICKLIST','Lista Desplegable con funciones','Settings/LayoutEditor','php','firstupdate'),(621,'es_es','LBL_CLICK_HERE_TO_EDIT','Haga clic aqu&iacute; para editar','Settings/LayoutEditor','php','firstupdate'),(622,'es_es','Integer','N&uacute;mero entero','Settings/LayoutEditor','php','firstupdate'),(623,'es_es','Percent','Por ciento','Settings/LayoutEditor','php','firstupdate'),(624,'es_es','Email','Correo electr&oacute;nico','Settings/LayoutEditor','php','firstupdate'),(625,'es_es','PickList','Lista de selecci&oacute;n','Settings/LayoutEditor','php','firstupdate'),(626,'es_es','MultiSelectCombo','Cuadro combinado de selecci&oacute;n m&uacute;ltiple','Settings/LayoutEditor','php','firstupdate'),(627,'es_es','Checkbox','Casilla de verificaci&oacute;n','Settings/LayoutEditor','php','firstupdate'),(628,'es_es','TextArea','&Aacute;rea de texto','Settings/LayoutEditor','php','firstupdate'),(629,'es_es','Calendar','Calendario','Settings/LayoutEditor','php','edited'),(630,'es_es','LBL_FIELD_COULD_NOT_BE_CREATED','campo de %s no se ha podido crear','Settings/LayoutEditor','php','firstupdate'),(631,'es_es','SELECT_MODULE','Seleccione m&oacute;dulo','Settings/LayoutEditor','php','firstupdate'),(632,'es_es','LBL_UITYPE','Tipo de interfaz de usuario','Settings/LayoutEditor','php','firstupdate'),(633,'es_es','LBL_BASIC_FIELDS','Campos b&aacute;sicos','Settings/LayoutEditor','php','firstupdate'),(634,'es_es','LBL_MANDATORY','Campo obligatorio','Settings/LayoutEditor','php','firstupdate'),(635,'es_es','LBL_PROPERTIES','Propiedades','Settings/LayoutEditor','php','firstupdate'),(636,'es_es','LBL_DRAG_UI_TYPE','Tipo de interfaz de usuario arrastrar aqu&iacute;','Settings/LayoutEditor','php','firstupdate'),(637,'es_es','LBL_RELATION_FIELDS','Campos de relaci&oacute;n','Settings/LayoutEditor','php','firstupdate'),(638,'es_es','LBL_SELECT_BLOCK','Seleccionar bloque','Settings/LayoutEditor','php','firstupdate'),(639,'es_es','LBL_SHOW_INACTIVE_FIELDS','Mostrar campos inactivos','Settings/LayoutEditor','php','firstupdate'),(640,'es_es','LBL_MANY_MANY_TEXT','Muchos-Muchas relaciones est&aacute;n actualmente disponibles s&oacute;lo para %s %s','Settings/LayoutEditor','php','firstupdate'),(641,'es_es','LBL_EDIT_FIELD','Editar las propiedades de campo: %s','Settings/LayoutEditor','php','firstupdate'),(642,'es_es','LBL_RELATION_SHIPS','Relaciones','Settings/LayoutEditor','php','firstupdate'),(643,'es_es','1-1','One to One','Settings/LayoutEditor','php','firstupdate'),(644,'es_es','1-N','Uno a muchos','Settings/LayoutEditor','php','firstupdate'),(645,'es_es','N-1','Muchos a Uno','Settings/LayoutEditor','php','firstupdate'),(646,'es_es','N-N','Muchos a Muchos','Settings/LayoutEditor','php','firstupdate'),(647,'es_es','LBL_FIELD_TYPES','Tipos de Campos','Settings/LayoutEditor','php','firstupdate'),(648,'es_es','LBL_RELATION_ADDED_SUCCESS','Relaci&oacute;n a&ntilde;adido con &eacute;xito','Settings/LayoutEditor','php','firstupdate'),(649,'es_es','FIELD_NAME_IN_PRIMARY_MODULE','Campo Relaci&oacute;n en %s','Settings/LayoutEditor','php','firstupdate'),(650,'es_es','FIELD_NAME_IN_RELATED_MODULE','Campo Relaci&oacute;n en %s','Settings/LayoutEditor','php','firstupdate'),(651,'es_es','TAB_IN_PRIMARY_MODULE','Tabla / Tab en %s','Settings/LayoutEditor','php','firstupdate'),(652,'es_es','TAB_IN_RELATED_MODULE','Tabla / Tab en %s','Settings/LayoutEditor','php','firstupdate'),(653,'es_es','LBL_ADDING_RELATIONSHIP','Adici&oacute;n de relaci&oacute;n para %s','Settings/LayoutEditor','php','firstupdate'),(654,'es_es','LBL_DETAIL_VIEW','Vista de detalles','Settings/LayoutEditor','php','firstupdate'),(655,'es_es','LBL_EXPANDED','Expandido','Settings/LayoutEditor','php','firstupdate'),(656,'es_es','LBL_COLLAPSED','Collapsed','Settings/LayoutEditor','php','firstupdate'),(657,'es_es','LBL_FILED_IN_PRIMARY_HELP_TEXT','Campo Referencia de m&oacute;dulo %s','Settings/LayoutEditor','php','firstupdate'),(658,'es_es','LBL_TAB_IN_PRIMARY_HELP_TEXT','Tabla / Ficha del m&oacute;dulo %s','Settings/LayoutEditor','php','firstupdate'),(659,'es_es','LBL_FILED_IN_RELATED_HELP_TEXT','Campo Referencia de m&oacute;dulo %s','Settings/LayoutEditor','php','firstupdate'),(660,'es_es','LBL_TAB_IN_RELATED_HELP_TEXT','Tabla / Ficha del m&oacute;dulo %s','Settings/LayoutEditor','php','firstupdate'),(661,'es_es','LBL_NO_RELATION_TYPE','No existe una relaci&oacute;n de este tipo','Settings/LayoutEditor','php','firstupdate'),(662,'es_es','LBL_CREATE_ITEM_CUSTOM_FIELD','Crear elemento Line Campo personalizado','Settings/LayoutEditor','php','firstupdate'),(663,'es_es','LBL_MAP_PRODUCT_FIELD','Mapa de campo Productos','Settings/LayoutEditor','php','firstupdate'),(664,'es_es','LBL_MAP_SERVICE_FIELD','Mapa de campo Servicios','Settings/LayoutEditor','php','firstupdate'),(665,'es_es','LBL_ENABLE_TO_MAP_PRODUCT_FIELD','Habilitar a un mapa del campo Productos','Settings/LayoutEditor','php','firstupdate'),(666,'es_es','LBL_ENABLE_TO_MAP_SERVICE_FIELD','Habilitar a un mapa del campo Servicios','Settings/LayoutEditor','php','firstupdate'),(667,'es_es','LBL_SHOW_HIDDEN_FIELDS','Vista De Los Campos Ocultos','Settings/LayoutEditor','php','firstupdate'),(668,'es_es','LBL_KEY_FIELD_VIEW','Clave Del Campo De Visi&oacute;n','Settings/LayoutEditor','php','firstupdate'),(669,'es_es','LBL_SELECT_HIDDEN_MODULE','Seleccione el m&oacute;dulo oculto','Settings/LayoutEditor','php','firstupdate'),(670,'es_es','LBL_ADD_RELATIONSHIP','Agregar Relaci&oacute;n','Settings/LayoutEditor','php','firstupdate'),(671,'es_es','LBL_RELATED_MODULE','M&oacute;dulo Relacionado','Settings/LayoutEditor','php','firstupdate'),(672,'es_es','LBL_SELECTED_RELATED_MODULE','Seleccione relacionados con el m&oacute;dulo de','Settings/LayoutEditor','php','firstupdate'),(673,'es_es','LBL_SELECTED_RELATION_TYPE','Seleccione el tipo de relaci&oacute;n','Settings/LayoutEditor','php','firstupdate'),(674,'es_es','ONE_ONE_AND_MANY_ONE_RELATIONSHIP','Uno-uno y Muchas Relaciones','Settings/LayoutEditor','php','firstupdate'),(675,'es_es','ONE_MANY_RELATIONSHIP','Uno-muchos y muchos-Muchos de Relaciones','Settings/LayoutEditor','php','firstupdate'),(676,'es_es','LBL_NO_RELATED_INFO','No existe ninguna Relaci&oacute;n','Settings/LayoutEditor','php','firstupdate'),(677,'es_es','LBL_ADD_NEW_FIELD_HERE','Agregar nuevo campo aqu&iacute;','Settings/LayoutEditor','php','firstupdate'),(678,'es_es','LBL_SAVE_LAYOUT','Guardar El Dise&ntilde;o','Settings/LayoutEditor','php','firstupdate'),(679,'es_es','LBL_SHOW_FIELD','Mostrar Campo','Settings/LayoutEditor','php','firstupdate'),(680,'es_es','LBL_ENABLE_OR_DISABLE_FIELD_PROP','Habilitar / Deshabilitar las propiedades de campo','Settings/LayoutEditor','php','firstupdate'),(681,'es_es','LBL_PROP_MANDATORY','obligatorio','Settings/LayoutEditor','php','firstupdate'),(682,'es_es','LBL_DEFAULT_VALUE_NOT_SET','Valor predeterminado no se establece','Settings/LayoutEditor','php','firstupdate'),(683,'es_es','LBL_INFO','Info','Settings/LayoutEditor','php','firstupdate'),(684,'es_es','LBL_PRODUCTFIELDDEFAULTVALUE',' (Productos','Settings/LayoutEditor','php','firstupdate'),(685,'es_es','LBL_SERVICEFIELDDEFAULTVALUE',' (Servicios de','Settings/LayoutEditor','php','firstupdate'),(686,'es_es','LBL_SHOW_THIS_FIELD_IN','Haga clic aqu&iacute; para mostrar este campo en %s ver','Settings/LayoutEditor','php','firstupdate'),(687,'es_es','LBL_MAKE_THIS_FIELD','Haga clic aqu&iacute; para hacer de este campo %s','Settings/LayoutEditor','php','firstupdate'),(688,'es_es','LBL_HIDE_THIS_FIELD_IN','Haga clic aqu&iacute; para ocultar este campo en %s ver','Settings/LayoutEditor','php','firstupdate'),(689,'es_es','LBL_NOT_MAKE_THIS_FIELD','Haga clic aqu&iacute; para hacer de este campo no-%s','Settings/LayoutEditor','php','firstupdate'),(690,'es_es','LBL_TAB_NAME_HELP_TEXT','Lista de %s se muestra en %s registro','Settings/LayoutEditor','php','firstupdate'),(691,'es_es','LBL_TAB_NAME_TEXT','El nombre de la pesta&ntilde;a de %s en %s registro','Settings/LayoutEditor','php','firstupdate'),(692,'es_es','LBL_FILED_NAME_HELP_TEXT','Un campo de Referencia para %s en %s registro ser&aacute; a&ntilde;adido','Settings/LayoutEditor','php','firstupdate'),(693,'es_es','LBL_FIELD_NAME_TEXT','Nombre de campo de %s en %s registro','Settings/LayoutEditor','php','firstupdate'),(694,'es_es','LBL_COLLAPSE_BLOCK','El Colapso Del Bloque','Settings/LayoutEditor','php','firstupdate'),(695,'es_es','LBL_COLLAPSE_BLOCK_DETAIL_VIEW','El colapso del bloque, en la vista de detalles','Settings/LayoutEditor','php','firstupdate'),(696,'es_es','LBL_HEADER','Encabezado','Settings/LayoutEditor','php','firstupdate'),(697,'es_es','LBL_DETAIL_HEADER','Registro de encabezado','Settings/LayoutEditor','php','firstupdate'),(698,'es_es','LBL_HEADER_FIELD','Encabezado De La Vista','Settings/LayoutEditor','php','firstupdate'),(699,'es_es','LBL_DUPLICATE_HANDLING','Prevenci&oacute;n duplicado','Settings/LayoutEditor','php','firstupdate'),(700,'es_es','LBL_DUPLICATE_CHECK','Habilitar comprobaci&oacute;n de duplicados','Settings/LayoutEditor','php','firstupdate'),(701,'es_es','LBL_DUPLICATION_INFO_MESSAGE','Duplicar funci&oacute;n de prevenci&oacute;n s&oacute;lo previene nuevos registros duplicados de conseguir creado por los usuarios y aplicaciones externas. Los registros creados a partir de importaci&oacute;n','Settings/LayoutEditor','php','firstupdate'),(702,'es_es','LBL_SELECT_FIELDS_FOR_DUPLICATION','Seleccione los campos &uacute;nicos en los que se van a comprobar los registros duplicados','Settings/LayoutEditor','php','firstupdate'),(703,'es_es','LBL_SELECT_FIELDS','Seleccionar campos','Settings/LayoutEditor','php','firstupdate'),(704,'es_es','LBL_MAX_3_FIELDS','Max 3 campos','Settings/LayoutEditor','php','firstupdate'),(705,'es_es','LBL_SELECT_RULE','Seleccione la regla de duplicados de manipulaci&oacute;n','Settings/LayoutEditor','php','firstupdate'),(706,'es_es','LBL_ALLOW_DUPLICATES','Permitir Duplicados','Settings/LayoutEditor','php','firstupdate'),(707,'es_es','LBL_DO_NOT_ALLOW_DUPLICATES','No permita que Duplicados','Settings/LayoutEditor','php','firstupdate'),(708,'es_es','LBL_DUPLICATES_IN_SYNC_MESSAGE','Acci&oacute;n a realizar si no se encuentra registro duplicado, mientras que la sincronizaci&oacute;n con la aplicaci&oacute;n externa','Settings/LayoutEditor','php','firstupdate'),(709,'es_es','LBL_PREFER_LATEST_RECORD','Prefiero &uacute;ltimo disco','Settings/LayoutEditor','php','firstupdate'),(710,'es_es','LBL_PREFER_INTERNAL_RECORD','Prefiero registro interno','Settings/LayoutEditor','php','firstupdate'),(711,'es_es','LBL_PREFER_EXTERNAL_RECORD','Prefiero registro externo','Settings/LayoutEditor','php','firstupdate'),(712,'es_es','LBL_SYNC_TOOLTIP_MESSAGE','Prefiero &uacute;ltimo disco - datos de registro M&aacute;s recientemente modificados ser&aacute;n retenidos &lt;br&gt; prefieren registro interno - existente registro ser&aacute; retenido, ya que es &lt;br&gt; prefieren registro externo - Los datos de la','Settings/LayoutEditor','php','firstupdate'),(713,'es_es','JS_BLOCK_VISIBILITY_SHOW','Mostrar bloque abierto','Settings/LayoutEditor','js','firstupdate'),(714,'es_es','JS_BLOCK_VISIBILITY_HIDE','Mostrar bloque cerrado','Settings/LayoutEditor','js','firstupdate'),(715,'es_es','JS_CUSTOM_BLOCK_ADDED','Se ha a&ntilde;adido el nuevo bloque personalizado','Settings/LayoutEditor','js','firstupdate'),(716,'es_es','JS_BLOCK_SEQUENCE_UPDATED','Se ha actualizado la secuencia de bloques','Settings/LayoutEditor','js','firstupdate'),(717,'es_es','JS_SELECTED_FIELDS_REACTIVATED','Se han (activado los campos seleccionados re)','Settings/LayoutEditor','js','firstupdate'),(718,'es_es','JS_FIELD_DETAILS_SAVED','Repostero se han guardado los detalles','Settings/LayoutEditor','js','firstupdate'),(719,'es_es','JS_CUSTOM_BLOCK_DELETED','Se ha eliminado el bloque personalizado','Settings/LayoutEditor','js','firstupdate'),(720,'es_es','JS_CUSTOM_FIELD_ADDED','%s Campo Agregado','Settings/LayoutEditor','js','firstupdate'),(721,'es_es','JS_CUSTOM_FIELD_DELETED','Se ha eliminado el campo personalizado','Settings/LayoutEditor','js','firstupdate'),(722,'es_es','JS_LENGTH_SHOULD_BE_LESS_THAN_EQUAL_TO','La longitud ha de ser menor o igual a','Settings/LayoutEditor','js','firstupdate'),(723,'es_es','JS_PLEASE_ENTER_NUMBER_IN_RANGE_2TO5','El n&uacute;mero de decimales ha de estar entre 2 y 5','Settings/LayoutEditor','js','firstupdate'),(724,'es_es','JS_SAVE_THE_CHANGES_TO_UPDATE_FIELD_SEQUENCE','Guarda los cambios para actualizar la secuencia de campos','Settings/LayoutEditor','js','firstupdate'),(725,'es_es','JS_RELATED_INFO_SAVED','Se ha guardado la informaci&oacute;n relacionada','Settings/LayoutEditor','js','firstupdate'),(726,'es_es','JS_BLOCK_NAME_EXISTS','Un bloque con ese nombre ya existe','Settings/LayoutEditor','js','firstupdate'),(727,'es_es','JS_NO_HIDDEN_FIELDS_EXISTS','No hay campos de heno Inactivos','Settings/LayoutEditor','js','firstupdate'),(728,'es_es','JS_SPECIAL_CHARACTERS','No se permiten caracteres especiales como','Settings/LayoutEditor','js','firstupdate'),(729,'es_es','JS_NOT_ALLOWED','','Settings/LayoutEditor','js','firstupdate'),(730,'es_es','JS_FIELD_SEQUENCE_UPDATED','Secuencia de campo actualizado','Settings/LayoutEditor','js','firstupdate'),(731,'es_es','JS_DUPLICATES_VALUES_FOUND','Valores duplicados encontrados','Settings/LayoutEditor','js','firstupdate'),(732,'es_es','JS_FIELD_IN_RELATED_MODULE','Campo Relaci&oacute;n en %s','Settings/LayoutEditor','js','firstupdate'),(733,'es_es','JS_TAB_IN_RELATED_MODULE','Tabla / Tab en %s','Settings/LayoutEditor','js','firstupdate'),(734,'es_es','JS_ONE_ONE_RELATION_FIELD_DELETE','Esto eliminar&aacute; campo %s en el m&oacute;dulo %s y eliminar&aacute; campo %s en el m&oacute;dulo %s. &iquest;Desea continuar?','Settings/LayoutEditor','js','firstupdate'),(735,'es_es','JS_FILED_IN_RELATED_HELP_TEXT','Campo Referencia de m&oacute;dulo %s','Settings/LayoutEditor','js','firstupdate'),(736,'es_es','JS_TAB_IN_RELATED_HELP_TEXT','Tabla / Ficha del m&oacute;dulo %s','Settings/LayoutEditor','js','firstupdate'),(737,'es_es','JS_TAB_FIELD_DELETION','Eliminaci&oacute;n de la relaci&oacute;n va a borrar el campo %s en el m&oacute;dulo %s y eliminar la tabla %s / Tab en %s. &iquest;Desea continuar?','Settings/LayoutEditor','js','firstupdate'),(738,'es_es','JS_CUSTOM_FIELDS_MAX_LIMIT','S&oacute;lo puede a&ntilde;adir m&aacute;ximo de campos personalizados %s en el bloque %s','Settings/LayoutEditor','js','firstupdate'),(739,'es_es','JS_DEFAULT_VALUE_NOT_SET','Valor predeterminado no se establece','Settings/LayoutEditor','js','firstupdate'),(740,'es_es','JS_DEFAULT_VALUE','Valor Predeterminado','Settings/LayoutEditor','js','firstupdate'),(741,'es_es','JS_SAVE_MODULE_SEQUENCE','Guardar los cambios para actualizar Relacionados con el M&oacute;dulo de secuencia','Settings/LayoutEditor','js','firstupdate'),(742,'es_es','JS_PRODUCTFIELDDEFAULTVALUE',' (Productos','Settings/LayoutEditor','js','firstupdate'),(743,'es_es','JS_SERVICEFIELDDEFAULTVALUE',' (Servicios de','Settings/LayoutEditor','js','firstupdate'),(744,'es_es','JS_TAB_TAB_DELETION','Esto eliminar&aacute; %s ficha en %s m&oacute;dulo y de sus datos. &iquest;Desea continuar?','Settings/LayoutEditor','js','firstupdate'),(745,'es_es','JS_SHOW_THIS_FIELD_IN','Haga clic aqu&iacute; para mostrar este campo en %s ver','Settings/LayoutEditor','js','firstupdate'),(746,'es_es','JS_MAKE_THIS_FIELD','Haga clic aqu&iacute; para hacer de este campo %s','Settings/LayoutEditor','js','firstupdate'),(747,'es_es','JS_HIDE_THIS_FIELD_IN','Haga clic aqu&iacute; para ocultar este campo en %s ver','Settings/LayoutEditor','js','firstupdate'),(748,'es_es','JS_NOT_MAKE_THIS_FIELD','Haga clic aqu&iacute; para hacer de este campo no-%s','Settings/LayoutEditor','js','firstupdate'),(749,'es_es','JS_TAB_NAME_HELP_TEXT','Lista de %s se muestra en %s registro','Settings/LayoutEditor','js','firstupdate'),(750,'es_es','JS_TAB_NAME_TEXT','El nombre de la pesta&ntilde;a de %s en %s registro','Settings/LayoutEditor','js','firstupdate'),(751,'es_es','JS_FILED_NAME_HELP_TEXT','Un campo de Referencia para %s en %s registro ser&aacute; a&ntilde;adido','Settings/LayoutEditor','js','firstupdate'),(752,'es_es','JS_FIELD_NAME_TEXT','Nombre de campo de %s en %s registro','Settings/LayoutEditor','js','firstupdate'),(753,'es_es','JS_PROP_MANDATORY','obligatorio','Settings/LayoutEditor','js','firstupdate'),(754,'es_es','JS_SUMMARY','Resumen','Settings/LayoutEditor','js','firstupdate'),(755,'es_es','JS_KEY_FIELD','Campo De Clave','Settings/LayoutEditor','js','firstupdate'),(756,'es_es','JS_QUICK_CREATE','Creaci&oacute;n R&aacute;pida','Settings/LayoutEditor','js','firstupdate'),(757,'es_es','JS_MASS_EDIT','Edici&oacute;n De','Settings/LayoutEditor','js','firstupdate'),(758,'es_es','JS_LBL_ARE_YOU_SURE_YOU_WANT_TO_DELETE','Esta operaci&oacute;n resultar&aacute; en la eliminaci&oacute;n permanente de los datos.\nCuando un campo es eliminado, los valores almacenados en este campo ser&aacute;n eliminados, y no puede ser recuperada.\nSi usted no est&aacute; seguro y quiere ser ca','Settings/LayoutEditor','js','firstupdate'),(759,'es_es','JS_FIELD_DELETE_CONFIRMATION','Eliminar - no necesito los datos en este campo.','Settings/LayoutEditor','js','firstupdate'),(760,'es_es','JS_STATUS_CHANGED_SUCCESSFULLY','El estado ha cambiado Correctamente','Settings/LayoutEditor','js','firstupdate'),(761,'es_es','JS_FIELD_CAN_EITHER_BE_HEADER_OR_SUMMARY_ENABLED','El campo puede ser un campo de encabezado o campo clave','Settings/LayoutEditor','js','firstupdate'),(762,'es_es','JS_DETAIL_HEADER','Registro de encabezado','Settings/LayoutEditor','js','firstupdate'),(763,'es_es','JS_MAXIMUM_HEADER_FIELDS_ALLOWED','M&aacute;ximo %s campos de encabezado permitido','Settings/LayoutEditor','js','firstupdate'),(764,'es_es','JS_NAME_FIELDS_APPEAR_IN_HEADER_BY_DEFAULT','Nombre de los campos aparecen en la Cabecera por defecto','Settings/LayoutEditor','js','firstupdate'),(765,'es_es','JS_FIELD_IS_HEADER_ENABLED_FOR_VTIGER7','Este Campo es Encabezado habilitado para Vtiger7, aparecer&aacute; en la Vista de Resumen','Settings/LayoutEditor','js','firstupdate'),(766,'es_es','JS_DUPLICATE_HANDLING_SUCCESS_MESSAGE','Se ha actualizado correctamente a considerar los campos seleccionados en la prevenci&oacute;n de duplicados','Settings/LayoutEditor','js','firstupdate'),(767,'es_es','JS_DUPLICATE_HANDLING_FAILURE_MESSAGE','No tuvo en cuenta los campos seleccionados en la prevenci&oacute;n de duplicados','Settings/LayoutEditor','js','firstupdate'),(768,'es_es','JS_DUPLICATE_CHECK_DISABLED','comprobaci&oacute;n de duplicados est&aacute; desactivada','Settings/LayoutEditor','js','firstupdate'),(769,'es_es','APPTITLE','Vtiger CRM','Vtiger','php','firstupdate'),(770,'es_es','POWEREDBY','Powered by vtiger CRM','Vtiger','php','firstupdate'),(771,'es_es','LBL_READ_LICENSE','Leer Licencia','Vtiger','php','firstupdate'),(772,'es_es','LBL_PRIVACY_POLICY','Pol&iacute;tica de Privacidad','Vtiger','php','firstupdate'),(773,'es_es','LBL_SELECT_ALL','Marcar Todos','Vtiger','php','firstupdate'),(774,'es_es','LBL_SELECT_TO_LOAD_LIST','Selecciona para Cargar Lista','Vtiger','php','firstupdate'),(775,'es_es','LBL_SAVE','Guardar','Vtiger','php','firstupdate'),(776,'es_es','LBL_CANCEL','Cancelar','Vtiger','php','firstupdate'),(777,'es_es','LBL_BACK','Atr&aacute;s','Vtiger','php','firstupdate'),(778,'es_es','LBL_IMPORT','Importar','Vtiger','php','firstupdate'),(779,'es_es','LBL_EXPORT','Exportar','Vtiger','php','firstupdate'),(780,'es_es','LBL_FIND_DUPLICATES','Encontrar Duplicados','Vtiger','php','firstupdate'),(781,'es_es','LBL_MORE','M&aacute;s','Vtiger','php','firstupdate'),(782,'es_es','LBL_ADD','A&ntilde;adir','Vtiger','php','firstupdate'),(783,'es_es','LBL_EDIT','Editar','Vtiger','php','firstupdate'),(784,'es_es','LBL_DELETE','Eliminar','Vtiger','php','firstupdate'),(785,'es_es','LBL_SETTINGS','Configuraci&oacute;n','Vtiger','php','firstupdate'),(786,'es_es','LBL_ADD_COMMENT','A&ntilde;adir Comentario','Vtiger','php','firstupdate'),(787,'es_es','LBL_EDIT_FIELDS','%s Campos y maquetaci&oacute;n','Vtiger','php','firstupdate'),(788,'es_es','LBL_EDIT_WORKFLOWS','Flujos de trabajo% s','Vtiger','php','firstupdate'),(789,'es_es','LBL_EDIT_PICKLIST_VALUES','Valores de Listas','Vtiger','php','edited'),(790,'es_es','LBL_EDIT_MAILSCANNER','Conversor de Emails','Vtiger','php','firstupdate'),(791,'es_es','LBL_RECORD_DELETE','El registro que pretende ver ha sido borrado.','Vtiger','php','firstupdate'),(792,'es_es','LBL_RECORD_NOT_FOUND','El registro al que pretende acceder no existe','Vtiger','php','firstupdate'),(793,'es_es','LBL_SELECT','Selecciona','Vtiger','php','firstupdate'),(794,'es_es','LBL_CLEAR','Limpiar','Vtiger','php','firstupdate'),(795,'es_es','LBL_YES','S&iacute;','Vtiger','php','firstupdate'),(796,'es_es','LBL_NO','Ningún','Vtiger','php','edited'),(797,'es_es','LBL_SHOW_COMPLETE_DETAILS','Detalles Completos','Vtiger','php','firstupdate'),(798,'es_es','LBL_MASS_EDITING','Edici&oacute;n Masiva','Vtiger','php','firstupdate'),(799,'es_es','LBL_DESELECT_ALL_RECORDS','Anular selecci&oacute;n','Vtiger','php','firstupdate'),(800,'es_es','LBL_SEND_EMAIL','Enviar Email','Vtiger','php','firstupdate'),(801,'es_es','LBL_ALL_EMAILS','Todas las Cuentas de email','Vtiger','php','firstupdate'),(802,'es_es','LBL_MUTIPLE_EMAIL_SELECT_ONE','Este registro tiene m&uacute;ltiples Cuentas de correo electr&oacute;nico. Selecciona aquellos a los que se enviar&aacute; el email','Vtiger','php','firstupdate'),(803,'es_es','LBL_GO_TO_FULL_FORM','Ir a formulario completo','Vtiger','php','firstupdate'),(804,'es_es','LBL_SEND_SMS','Enviar SMS','Vtiger','php','firstupdate'),(805,'es_es','LBL_FOUND','encontrado','Vtiger','php','firstupdate'),(806,'es_es','LBL_CLICK_ADD','Haga clic para a&ntilde;adir','Vtiger','php','firstupdate'),(807,'es_es','LBL_ADD_MORE_FIELDS','A&ntilde;adir M&aacute;s Campos','Vtiger','php','firstupdate'),(808,'es_es','LBL_ADD_NOTE','A&ntilde;adir Documento','Vtiger','php','firstupdate'),(809,'es_es','LBL_CREATE_NEW','Crear Nuevo','Vtiger','php','firstupdate'),(810,'es_es','LBL_ADD_EVENT','A&ntilde;adir Evento','Vtiger','php','firstupdate'),(811,'es_es','LBL_ADD_TASK','Agregar tarea','Vtiger','php','firstupdate'),(812,'es_es','LBL_MARKETING_AND_SALES','MARKETING &amp; COMERCIAL','Vtiger','php','firstupdate'),(813,'es_es','LBL_TOOLS_HEADER','HERRAMIENTAS','Vtiger','php','firstupdate'),(814,'es_es','LBL_SUPPORT','SERVICIO AL CLIENTE','Vtiger','php','edited'),(815,'es_es','LBL_INVENTORY','INVENTARIO','Vtiger','php','firstupdate'),(816,'es_es','LBL_ANALYTICS','ANALITICAS','Vtiger','php','firstupdate'),(817,'es_es','LBL_HOME','Inicio','Vtiger','php','firstupdate'),(818,'es_es','LBL_LAST_VIEWED_RECORDS','Ultimos registros mostrados','Vtiger','php','firstupdate'),(819,'es_es','LBL_DASHBOARD','Cuadro de Mando','Vtiger','php','firstupdate'),(820,'es_es','LBL_USER_SETTINGS','Configuraci&oacute;n Usuario','Vtiger','php','firstupdate'),(821,'es_es','LBL_MY_PREFERENCES','Mis Preferencias','Vtiger','php','firstupdate'),(822,'es_es','LBL_SIGN_OUT','Salir','Vtiger','php','firstupdate'),(823,'es_es','LBL_HELP','Ayuda','Vtiger','php','firstupdate'),(824,'es_es','LBL_DOCUMENTATION','Documentaci&oacute;n','Vtiger','php','firstupdate'),(825,'es_es','LBL_FEEDBACK','Cu&eacute;ntanos','Vtiger','php','firstupdate'),(826,'es_es','LBL_CHAT_SUPPORT','Chat de Ayuda','Vtiger','php','firstupdate'),(827,'es_es','LBL_CRM_SETTINGS','Configuraci&oacute;n CRM','Vtiger','php','firstupdate'),(828,'es_es','LBL_ANNOUNCEMENT','Anuncio','Vtiger','php','firstupdate'),(829,'es_es','LBL_CALENDAR','Calendario','Vtiger','php','firstupdate'),(830,'es_es','LBL_POST','Publicar','Vtiger','php','firstupdate'),(831,'es_es','LBL_USER','Usuario','Vtiger','php','firstupdate'),(832,'es_es','LBL_GROUP','Grupo','Vtiger','php','firstupdate'),(833,'es_es','Last Modified By','Modificado por','Vtiger','php','firstupdate'),(834,'es_es','Created Time','Fecha de Creaci&oacute;n','Vtiger','php','firstupdate'),(835,'es_es','Modified Time','Fecha de Modificaci&oacute;n','Vtiger','php','firstupdate'),(836,'es_es','Description','Descripci&oacute;n','Vtiger','php','firstupdate'),(837,'es_es','Assigned To','Asignado a','Vtiger','php','firstupdate'),(838,'es_es','LBL_LOADING','Cargando','Vtiger','php','firstupdate'),(839,'es_es','LBL_LOADING_WIDGET','Cargando Widget','Vtiger','php','firstupdate'),(840,'es_es','LBL_LOADING_LISTVIEW_CONTENTS','Cargando, Por favor espera.','Vtiger','php','firstupdate'),(841,'es_es','LBL_UPDATES','Actualizaciones','Vtiger','php','firstupdate'),(842,'es_es','LBL_SUMMARY_DETAILS','Resumen Detalles','Vtiger','php','firstupdate'),(843,'es_es','LBL_ADD_NEW_COMMENT','A&ntilde;adir Comentario','Vtiger','php','firstupdate'),(844,'es_es','LBL_NO_UPDATES','Sin Actualizaciones','Vtiger','php','firstupdate'),(845,'es_es','LBL_SEARCH_FOR','Buscar','Vtiger','php','firstupdate'),(846,'es_es','LBL_IN','en','Vtiger','php','firstupdate'),(847,'es_es','LBL_TYPE_SEARCH','Escribe aqu&iacute; para buscar','Vtiger','php','firstupdate'),(848,'es_es','LBL_SEARCH_BUTTON','Buscar','Vtiger','php','firstupdate'),(849,'es_es','LBL_ADVANCE_SEARCH','B&uacute;squeda Avanzada','Vtiger','php','firstupdate'),(850,'es_es','LBL_LOADING_PLEASE_WAIT','Cargando, Por favor espera.','Vtiger','php','firstupdate'),(851,'es_es','LBL_USERS','Usuarios','Vtiger','php','firstupdate'),(852,'es_es','LBL_GROUPS','Grupos','Vtiger','php','firstupdate'),(853,'es_es','LBL_FULL_FORM','Formulario Completo','Vtiger','php','firstupdate'),(854,'es_es','LBL_SIMPLE_FORM','Formulario Simple','Vtiger','php','firstupdate'),(855,'es_es','LBL_ADD_YOUR_COMMENT_HERE','A&ntilde;ade tu comentario aqu&iacute;...','Vtiger','php','firstupdate'),(856,'es_es','LBL_REPLY','Responder','Vtiger','php','firstupdate'),(857,'es_es','LBL_VIEW_THREAD','Ver Hilo','Vtiger','php','firstupdate'),(858,'es_es','LBL_NO_COMMENTS','Sin Comentarios','Vtiger','php','firstupdate'),(859,'es_es','LBL_REPLIES','respuestas','Vtiger','php','firstupdate'),(860,'es_es','LBL_REPLY_ALL','Responder a todos','Vtiger','php','firstupdate'),(861,'es_es','Accounts','Cuentas','Vtiger','php','firstupdate'),(862,'es_es','Assets','Recursos','Vtiger','php','firstupdate'),(863,'es_es','Calendar','Calendario','Vtiger','php','firstupdate'),(864,'es_es','Campaigns','Campa&ntilde;as','Vtiger','php','firstupdate'),(865,'es_es','Documents','Documentos','Vtiger','php','firstupdate'),(866,'es_es','Leads','Pre-Contactos','Vtiger','php','firstupdate'),(867,'es_es','ModComments','Comentarios','Vtiger','php','firstupdate'),(868,'es_es','Potentials','Oportunidades','Vtiger','php','firstupdate'),(869,'es_es','PriceBooks','Tarifas','Vtiger','php','firstupdate'),(870,'es_es','Products','Productos','Vtiger','php','firstupdate'),(871,'es_es','Project','Proyectos','Vtiger','php','firstupdate'),(872,'es_es','ProjectMilestone','Hitos','Vtiger','php','firstupdate'),(873,'es_es','ProjectTask','Actividades','Vtiger','php','firstupdate'),(874,'es_es','Vendors','Proveedores','Vtiger','php','firstupdate'),(875,'es_es','Rss','RSS','Vtiger','php','firstupdate'),(876,'es_es','Quotes','Presupuestos','Vtiger','php','firstupdate'),(877,'es_es','PurchaseOrder','Ordenes de compra','Vtiger','php','firstupdate'),(878,'es_es','SalesOrder','Ordenes de venta','Vtiger','php','firstupdate'),(879,'es_es','Invoice','Facturas','Vtiger','php','firstupdate'),(880,'es_es','Portal','Nuestros Sitios','Vtiger','php','firstupdate'),(881,'es_es','Email Templates','Email Template','Vtiger','php','firstupdate'),(882,'es_es','Print Templates','Plantillas de impresi&oacute;n','Vtiger','php','firstupdate'),(883,'es_es','Recycle Bin','Papelera de Reciclaje','Vtiger','php','firstupdate'),(884,'es_es','LBL_ADD_RECORD','A&ntilde;adir Registro','Vtiger','php','firstupdate'),(885,'es_es','LBL_RECENTLY_MODIFIED','Modificado Recientemente','Vtiger','php','firstupdate'),(886,'es_es','LBL_RECORDS_LIST','Lista de Registros','Vtiger','php','firstupdate'),(887,'es_es','LBL_RECORD_SUMMARY','Resumen de M&oacute;dulo','Vtiger','php','firstupdate'),(888,'es_es','LBL_ACCESS_DENIED_FOR','Acceso Denegado para','Vtiger','php','firstupdate'),(889,'es_es','LBL_GO_BACK','Atr&aacute;s','Vtiger','php','firstupdate'),(890,'es_es','LBL_NO_DATA_AVAILABLE','No hay datos disponibles','Vtiger','php','firstupdate'),(891,'es_es','LBL_GLOBAL_SEARCH','Escribe la palabra clave y pulsa Enter','Vtiger','php','firstupdate'),(892,'es_es','LBL_AND','y','Vtiger','php','firstupdate'),(893,'es_es','LBL_OR','o','Vtiger','php','firstupdate'),(894,'es_es','LBL_APPROVE','Permitir','Vtiger','php','firstupdate'),(895,'es_es','LBL_DENY','Denegar','Vtiger','php','firstupdate'),(896,'es_es','LBL_EQUALS','igual','Vtiger','php','firstupdate'),(897,'es_es','LBL_NOT_EQUAL_TO','distinto','Vtiger','php','firstupdate'),(898,'es_es','LBL_STARTS_WITH','empieza con','Vtiger','php','firstupdate'),(899,'es_es','LBL_ENDS_WITH','termina con','Vtiger','php','firstupdate'),(900,'es_es','LBL_CONTAINS','contiene','Vtiger','php','firstupdate'),(901,'es_es','LBL_DOES_NOT_CONTAIN','no contiene','Vtiger','php','firstupdate'),(902,'es_es','LBL_LESS_THAN','menor que','Vtiger','php','firstupdate'),(903,'es_es','LBL_GREATER_THAN','mayor que','Vtiger','php','firstupdate'),(904,'es_es','LBL_LESS_THAN_OR_EQUAL','menor o igual','Vtiger','php','firstupdate'),(905,'es_es','LBL_GREATER_OR_EQUAL','mayor o igual','Vtiger','php','firstupdate'),(906,'es_es','LBL_BEFORE','antes','Vtiger','php','firstupdate'),(907,'es_es','LBL_AFTER','despu&eacute;s','Vtiger','php','firstupdate'),(908,'es_es','LBL_BETWEEN','entre','Vtiger','php','firstupdate'),(909,'es_es','LBL_IS_NOT_EMPTY','no est&aacute; vac&iacute;o','Vtiger','php','firstupdate'),(910,'es_es','LBL_SEARCH','Buscar','Vtiger','php','firstupdate'),(911,'es_es','LBL_SEARCH_IN','Buscar En','Vtiger','php','firstupdate'),(912,'es_es','LBL_ADD_CONDITION','A&ntilde;adir Condici&oacute;n','Vtiger','php','firstupdate'),(913,'es_es','LBL_ADD_GROUP','A&ntilde;adir Grupo','Vtiger','php','firstupdate'),(914,'es_es','LBL_FILTER_CONDITIONS','Lista Condiciones','Vtiger','php','firstupdate'),(915,'es_es','LBL_ALL_CONDITIONS','Todas las Condiciones','Vtiger','php','firstupdate'),(916,'es_es','LBL_ALL_CONDITIONS_DESC','Se deben cumplir todas las condiciones','Vtiger','php','firstupdate'),(917,'es_es','LBL_ANY_CONDITIONS','Se cumple cualquier condici&oacute;n','Vtiger','php','firstupdate'),(918,'es_es','LBL_ANY_CONDITIONS_DESC','Al menos una condici&oacute;n se cumple','Vtiger','php','firstupdate'),(919,'es_es','LBL_SELECT_FIELD','Selecciona Campo','Vtiger','php','firstupdate'),(920,'es_es','LBL_SELECT_MODULE','Selecciona M&oacute;dulo','Vtiger','php','firstupdate'),(921,'es_es','LBL_CREATE_NEW_FILTER','Crear nueva lista','Vtiger','php','firstupdate'),(922,'es_es','All','Todos','Vtiger','php','firstupdate'),(923,'es_es','Others','Otros','Vtiger','php','firstupdate'),(924,'es_es','Pending','Pendientes','Vtiger','php','firstupdate'),(925,'es_es','Public','Publico','Vtiger','php','firstupdate'),(926,'es_es','LBL_SAVE_FILTER','Guardar lista','Vtiger','php','firstupdate'),(927,'es_es','LBL_SAVE_MODIFY_FILTER','Guardar / Modificar lista','Vtiger','php','firstupdate'),(928,'es_es','LBL_SEARCH_RESULTS','Resultados de la b&uacute;squeda','Vtiger','php','firstupdate'),(929,'es_es','LBL_SAVE_AS_FILTER','Guardar como lista','Vtiger','php','firstupdate'),(930,'es_es','LBL_NOT_ACCESSIBLE','Acceso denegado','Vtiger','php','firstupdate'),(931,'es_es','LBL_ITEM_DETAILS','Detalles Elemento','Vtiger','php','firstupdate'),(932,'es_es','LBL_CURRENCY','Moneda','Vtiger','php','firstupdate'),(933,'es_es','LBL_TAX_MODE','Modo Impuesto','Vtiger','php','firstupdate'),(934,'es_es','LBL_INDIVIDUAL','Individual','Vtiger','php','firstupdate'),(935,'es_es','LBL_TOOLS','Herramientas','Vtiger','php','firstupdate'),(936,'es_es','LBL_ITEM_NAME','Nombre Elemento','Vtiger','php','firstupdate'),(937,'es_es','LBL_QTY_IN_STOCK','Stock','Vtiger','php','firstupdate'),(938,'es_es','LBL_QTY','Cantidad','Vtiger','php','firstupdate'),(939,'es_es','LBL_LIST_PRICE','Precio Unitario','Vtiger','php','firstupdate'),(940,'es_es','LBL_TOTAL','Total','Vtiger','php','firstupdate'),(941,'es_es','LBL_NET_PRICE','Precio Neto','Vtiger','php','firstupdate'),(942,'es_es','LBL_DISCOUNT','Descuento','Vtiger','php','firstupdate'),(943,'es_es','LBL_TOTAL_AFTER_DISCOUNT','Total Despu&eacute;s Descuento','Vtiger','php','firstupdate'),(944,'es_es','LBL_TAX','Impuesto','Vtiger','php','firstupdate'),(945,'es_es','LBL_ADD_PRODUCT','A&ntilde;adir Producto','Vtiger','php','firstupdate'),(946,'es_es','LBL_ADD_SERVICE','A&ntilde;adir Servicio','Vtiger','php','firstupdate'),(947,'es_es','LBL_SHIPPING_AND_HANDLING_CHARGES','Gastos Manipulaci&oacute;n/Transporte','Vtiger','php','firstupdate'),(948,'es_es','LBL_TAX_FOR_SHIPPING_AND_HANDLING','Impuestos Manipulaci&oacute;n/Transporte','Vtiger','php','firstupdate'),(949,'es_es','LBL_SET_SHIPPING_AND_HANDLING_TAXES_FOR','Establece Impuesto M&amp;T','Vtiger','php','firstupdate'),(950,'es_es','LBL_ADJUSTMENT','Ajuste','Vtiger','php','firstupdate'),(951,'es_es','LBL_DEDUCT','Deducir','Vtiger','php','firstupdate'),(952,'es_es','LBL_GRAND_TOTAL','Total','Vtiger','php','firstupdate'),(953,'es_es','LBL_ZERO_DISCOUNT','Sin Descuento','Vtiger','php','firstupdate'),(954,'es_es','LBL_OF_PRICE','Precio','Vtiger','php','firstupdate'),(955,'es_es','LBL_DIRECT_PRICE_REDUCTION','Descuento Directo','Vtiger','php','firstupdate'),(956,'es_es','LBL_SET_DISCOUNT_FOR','Establece Descuento','Vtiger','php','firstupdate'),(957,'es_es','LBL_STOCK_NOT_ENOUGH','Stock Insuficiente','Vtiger','php','firstupdate'),(958,'es_es','LBL_MAX_QTY_SELECT','Valor m&aacute;ximo es','Vtiger','php','firstupdate'),(959,'es_es','LBL_DRAG','Arrastra','Vtiger','php','firstupdate'),(960,'es_es','LBL_TOTAL_TAX_AMOUNT','Total Impuestos','Vtiger','php','firstupdate'),(961,'es_es','LBL_DIRECT_AMOUNT_DISCOUNT','Descuento Directo','Vtiger','php','firstupdate'),(962,'es_es','LBL_FINAL_DISCOUNT_AMOUNT','Descuento Final','Vtiger','php','firstupdate'),(963,'es_es','LBL_MORE_CURRENCIES','m&aacute;s monedas','Vtiger','php','firstupdate'),(964,'es_es','LBL_CREATE','Crear','Vtiger','php','firstupdate'),(965,'es_es','LBL_GENERATE','Generar','Vtiger','php','firstupdate'),(966,'es_es','LBL_DUPLICATE','Duplicar','Vtiger','php','firstupdate'),(967,'es_es','LBL_ADD_WIDGET','A&ntilde;adir Widget','Vtiger','php','firstupdate'),(968,'es_es','LBL_COMMENTS','Comentarios','Vtiger','php','firstupdate'),(969,'es_es','LBL_REFRESH','Actualizar','Vtiger','php','firstupdate'),(970,'es_es','LBL_CLOSE','Cerrar','Vtiger','php','firstupdate'),(971,'es_es','LBL_ALL','Todo','Vtiger','php','firstupdate'),(972,'es_es','LBL_UPDATED','actualizado','Vtiger','php','firstupdate'),(973,'es_es','LBL_FROM','de','Vtiger','php','firstupdate'),(974,'es_es','LBL_TO','A','Vtiger','php','firstupdate'),(975,'es_es','LBL_ON','en','Vtiger','php','firstupdate'),(976,'es_es','LBL_OF','de','Vtiger','php','firstupdate'),(977,'es_es','LBL_ADDED','a&ntilde;adido','Vtiger','php','firstupdate'),(978,'es_es','LBL_FOR','para','Vtiger','php','firstupdate'),(979,'es_es','LBL_CREATED','creado','Vtiger','php','firstupdate'),(980,'es_es','LBL_DELETED','eliminado','Vtiger','php','firstupdate'),(981,'es_es','LBL_RESTORED','recuperado','Vtiger','php','firstupdate'),(982,'es_es','LBL_COMMENTED','comentado','Vtiger','php','firstupdate'),(983,'es_es','LBL_REMOVED','quitado','Vtiger','php','firstupdate'),(984,'es_es','LBL_REMOVE','Quitar','Vtiger','php','firstupdate'),(985,'es_es','LBL_AT','en','Vtiger','php','firstupdate'),(986,'es_es','LBL_MINE','Mios','Vtiger','php','firstupdate'),(987,'es_es','History','Hist&oacute;rico','Vtiger','php','firstupdate'),(988,'es_es','Upcoming Tasks','Pr&oacute;ximas Tareas','Vtiger','php','firstupdate'),(989,'es_es','LBL_YEAR','a&ntilde;o','Vtiger','php','firstupdate'),(990,'es_es','LBL_YEARS','a&ntilde;os','Vtiger','php','firstupdate'),(991,'es_es','LBL_MONTH','mes','Vtiger','php','firstupdate'),(992,'es_es','LBL_MONTHS','meses','Vtiger','php','firstupdate'),(993,'es_es','LBL_DAY','d&iacute;a','Vtiger','php','firstupdate'),(994,'es_es','LBL_DAYS','d&iacute;as','Vtiger','php','firstupdate'),(995,'es_es','LBL_HOUR','hora','Vtiger','php','firstupdate'),(996,'es_es','LBL_HOURS','horas','Vtiger','php','firstupdate'),(997,'es_es','LBL_MINUTE','minuto','Vtiger','php','firstupdate'),(998,'es_es','LBL_MINUTES','Minutos','Vtiger','php','firstupdate'),(999,'es_es','LBL_SECOND','segundo','Vtiger','php','firstupdate'),(1000,'es_es','LBL_SECONDS','segundos','Vtiger','php','firstupdate'),(1001,'es_es','LBL_JUSTNOW','ahora mismo','Vtiger','php','firstupdate'),(1002,'es_es','LBL_CUSTOM_INFORMATION','Informaci&oacute;n espec&iacute;fica','Vtiger','php','firstupdate'),(1003,'es_es','LBL_NO_RECENT_UPDATES','No hay actualizaciones recientes','Vtiger','php','firstupdate'),(1004,'es_es','LBL_NO_DATA','Sin Informaci&oacute;n','Vtiger','php','firstupdate'),(1005,'es_es','LBL_PERMISSION_DENIED','Permiso denegado','Vtiger','php','firstupdate'),(1006,'es_es','LBL_HANDLER_NOT_FOUND','Responsable no encontrado','Vtiger','php','firstupdate'),(1007,'es_es','LBL_FILTER','Lista','Vtiger','php','firstupdate'),(1008,'es_es','LBL_DUE','pendiente','Vtiger','php','firstupdate'),(1009,'es_es','LBL_COMPLETED','terminado','Vtiger','php','firstupdate'),(1010,'es_es','LBL_AGO','hace','Vtiger','php','firstupdate'),(1011,'es_es','LBL_TODAY','Hoy','Vtiger','php','firstupdate'),(1012,'es_es','LBL_TOMORROW','Ma&ntilde;ana','Vtiger','php','firstupdate'),(1013,'es_es','LBL_YESTERDAY','Ayer','Vtiger','php','firstupdate'),(1014,'es_es','LBL_CHANGED','cambiado','Vtiger','php','firstupdate'),(1015,'es_es','Single_Users','Usuario','Vtiger','php','firstupdate'),(1016,'es_es','LBL_MATCHED_THIS_CRITERIA','coincide con este criterio','Vtiger','php','firstupdate'),(1017,'es_es','LBL_NO_SCHEDULED_ACTIVITIES','No hay actividades programadas','Vtiger','php','firstupdate'),(1018,'es_es','LBL_NO_OVERDUE_ACTIVITIES','No hay actividades pasadas','Vtiger','php','firstupdate'),(1019,'es_es','LBL_NO_UPDATES_OR_COMMENTS','No hay actualizaciones o comentarios','Vtiger','php','firstupdate'),(1020,'es_es','LBL_VIEW_NAME','Lista de nombres','Vtiger','php','firstupdate'),(1021,'es_es','LBL_CREATE_VIEW','Creando nueva Vista','Vtiger','php','firstupdate'),(1022,'es_es','LBL_BASIC_DETAILS','Detalles B&aacute;sicos','Vtiger','php','firstupdate'),(1023,'es_es','LBL_CHOOSE_COLUMNS','Elegir columnas y orden','Vtiger','php','firstupdate'),(1024,'es_es','LBL_MAX_NUMBER_FILTER_COLUMNS','M&aacute;x 15','Vtiger','php','firstupdate'),(1025,'es_es','LBL_FILTER_ON_DATE','Lista de la fecha','Vtiger','php','firstupdate'),(1026,'es_es','LBL_CHOOSE_FILTER_CONDITIONS','Elija condiciones Lista','Vtiger','php','firstupdate'),(1027,'es_es','LBL_SET_AS_DEFAULT','Fijar por defecto','Vtiger','php','firstupdate'),(1028,'es_es','LBL_LIST_IN_METRICS','Mostrar en m&eacute;tricas','Vtiger','php','firstupdate'),(1029,'es_es','LBL_SET_AS_PUBLIC',' Hacer P&uacute;blico','Vtiger','php','firstupdate'),(1030,'es_es','LBL_ADD_MORE_COLUMNS','Haga clic para seleccionar campos','Vtiger','php','firstupdate'),(1031,'es_es','LBL_CUSTOM','Personalizado','Vtiger','php','firstupdate'),(1032,'es_es','LBL_PREVIOUS_FY','A&ntilde;o Anterior','Vtiger','php','firstupdate'),(1033,'es_es','LBL_CURRENT_FY','A&ntilde;o Actual','Vtiger','php','firstupdate'),(1034,'es_es','LBL_NEXT_FY','A&ntilde;o Siguiente','Vtiger','php','firstupdate'),(1035,'es_es','LBL_PREVIOUS_FQ','Trimestre Anterior','Vtiger','php','edited'),(1036,'es_es','LBL_CURRENT_FQ','Trimestre Actual','Vtiger','php','edited'),(1037,'es_es','LBL_NEXT_FQ','Trimestre Siguiente','Vtiger','php','edited'),(1038,'es_es','LBL_LAST_WEEK','Semana Anterior','Vtiger','php','firstupdate'),(1039,'es_es','LBL_CURRENT_WEEK','Semana Actual','Vtiger','php','firstupdate'),(1040,'es_es','LBL_NEXT_WEEK','Semana Siguiente','Vtiger','php','firstupdate'),(1041,'es_es','LBL_LAST_MONTH','Ultimo Mes','Vtiger','php','firstupdate'),(1042,'es_es','LBL_CURRENT_MONTH','Mes Actual','Vtiger','php','firstupdate'),(1043,'es_es','LBL_NEXT_MONTH','Mes Siguiente','Vtiger','php','firstupdate'),(1044,'es_es','LBL_LAST_7_DAYS','&Uacute;ltimos 7 D&iacute;as','Vtiger','php','firstupdate'),(1045,'es_es','LBL_LAST_14_DAYS','&Uacute;ltimos 14 D&iacute;as','Vtiger','php','firstupdate'),(1046,'es_es','LBL_LAST_30_DAYS','&Uacute;ltimos 30 D&iacute;as','Vtiger','php','firstupdate'),(1047,'es_es','LBL_LAST_60_DAYS','&Uacute;ltimos 60 D&iacute;as','Vtiger','php','firstupdate'),(1048,'es_es','LBL_LAST_90_DAYS','&Uacute;ltimos 90 D&iacute;as','Vtiger','php','firstupdate'),(1049,'es_es','LBL_LAST_120_DAYS','&Uacute;ltimos 120 D&iacute;as','Vtiger','php','firstupdate'),(1050,'es_es','LBL_NEXT_30_DAYS','Siguientes 30 D&iacute;as','Vtiger','php','firstupdate'),(1051,'es_es','LBL_NEXT_60_DAYS','Siguientes 60 D&iacute;as','Vtiger','php','firstupdate'),(1052,'es_es','LBL_NEXT_90_DAYS','Siguientes 90 D&iacute;as','Vtiger','php','firstupdate'),(1053,'es_es','LBL_NEXT_120_DAYS','Siguientes 120 D&iacute;as','Vtiger','php','firstupdate'),(1054,'es_es','LBL_OWNER','Propietario','Vtiger','php','firstupdate'),(1055,'es_es','LBL_CREATED_ON','Creado el','Vtiger','php','firstupdate'),(1056,'es_es','LBL_MODIFIED_ON','Modificado el','Vtiger','php','firstupdate'),(1057,'es_es','LBL_BEFORE_EVENT',' Antes del Evento','Vtiger','php','firstupdate'),(1058,'es_es','Upcoming Activities','Pr&oacute;ximas Actividades','Vtiger','php','firstupdate'),(1059,'es_es','Overdue Activities','Actividades Vencidas','Vtiger','php','edited'),(1060,'es_es','Funnel','Embudo','Vtiger','php','firstupdate'),(1061,'es_es','Potentials by Stage','Oportunidades por Fase','Vtiger','php','firstupdate'),(1062,'es_es','Pipelined Amount','Embudo de Ventas','Vtiger','php','firstupdate'),(1063,'es_es','Total Revenue','Ingresos totales','Vtiger','php','firstupdate'),(1064,'es_es','Top Potentials','Oportunidades Destacadas','Vtiger','php','firstupdate'),(1065,'es_es','Forecast','Proyección','Vtiger','php','edited'),(1066,'es_es','Leads Created','Pre-Contactos Creados','Vtiger','php','firstupdate'),(1067,'es_es','Leads by Status','Pre-Contactos por Estado','Vtiger','php','firstupdate'),(1068,'es_es','Leads by Source','Pre-Contactos por Origen','Vtiger','php','firstupdate'),(1069,'es_es','Leads by Industry','Pre-Contactos por Industria','Vtiger','php','firstupdate'),(1070,'es_es','LBL_EXPORT_ALL_DATA','Exportar todos los datos','Vtiger','php','firstupdate'),(1071,'es_es','LBL_EXPORT_DATA_IN_CURRENT_PAGE','Exportar datos de la p&aacute;gina actual','Vtiger','php','firstupdate'),(1072,'es_es','LBL_EXPORT_SELECTED_RECORDS','Exportar registros seleccionados','Vtiger','php','firstupdate'),(1073,'es_es','LBL_EXPORT_RECORDS','Exportar registros','Vtiger','php','firstupdate'),(1074,'es_es','LBL_NO_RECORD_SELECTED','Ning&uacute;n registro seleccionado.','Vtiger','php','firstupdate'),(1075,'es_es','LBL_CAN_NOT_REMOVE_DEFAULT_WIDGET','No se puede quitar el widget por defecto','Vtiger','php','firstupdate'),(1076,'es_es','LBL_CUSTOM_VIEW_NAME_DUPLICATES_EXIST','Lista ya existe','Vtiger','php','firstupdate'),(1077,'es_es','LBL_EXPORT_CURRENCY_TOOLTIP_TEXT','Para exportar los valores de moneda en art&iacute;culos de l&iacute;nea, Vtiger utilizar&aacute; esta opci&oacute;n para exportar como esta moneda. Cualquier valor de la moneda fuera de las mesas de art&iacute;culos de l&iacute;nea, se exportar&aacute;n c','Vtiger','php','firstupdate'),(1078,'es_es','LBL_EXPORT_LINEITEM_CURRENCY','Elija moneda (para los valores de elemento de l&iacute;nea)','Vtiger','php','firstupdate'),(1079,'es_es','LBL_EXPORT_USER_CURRENCY','Mi Moneda preferida','Vtiger','php','firstupdate'),(1080,'es_es','LBL_EXPORT_RECORD_CURRENCY','Moneda especificada en el Registro','Vtiger','php','firstupdate'),(1081,'es_es','LBL_EXPORT_FORMAT','Formato de exportaci&oacute;n','Vtiger','php','firstupdate'),(1082,'es_es','LBL_EXPORT_DATA','Exportar datos','Vtiger','php','firstupdate'),(1083,'es_es','LBL_ADD_MANAGE_MODULES','A&ntilde;adir/Administrar M&oacute;dulos','Vtiger','php','firstupdate'),(1084,'es_es','Account Name','Nombre Cuenta','Vtiger','php','firstupdate'),(1085,'es_es','Add Comment','A&ntilde;adir Comentario','Vtiger','php','firstupdate'),(1086,'es_es','Adjustment','Ajuste','Vtiger','php','firstupdate'),(1087,'es_es','Annual Revenue','Facturaci&oacute;n Anual','Vtiger','php','firstupdate'),(1088,'es_es','Billing Address','Direcci&oacute;n (Factura)','Vtiger','php','firstupdate'),(1089,'es_es','Billing City','Poblaci&oacute;n (Factura)','Vtiger','php','firstupdate'),(1090,'es_es','Billing Code','C&oacute;digo Postal (Factura)','Vtiger','php','firstupdate'),(1091,'es_es','Billing Country','Pa&iacute;s (Factura)','Vtiger','php','firstupdate'),(1092,'es_es','Billing Po Box','Apdo. de Correos (Factura)','Vtiger','php','firstupdate'),(1093,'es_es','Billing State','Provincia (Factura)','Vtiger','php','firstupdate'),(1094,'es_es','FedEx','FedEx','Vtiger','php','firstupdate'),(1095,'es_es','UPS','UPS','Vtiger','php','firstupdate'),(1096,'es_es','USPS','USPS','Vtiger','php','firstupdate'),(1097,'es_es','DHL','DHL','Vtiger','php','firstupdate'),(1098,'es_es','BlueDart','BlueDart','Vtiger','php','firstupdate'),(1099,'es_es','Carrier','Transportista','Vtiger','php','firstupdate'),(1100,'es_es','Category','Categor&iacute;a','Vtiger','php','firstupdate'),(1101,'es_es','Chemicals','Qu&iacute;micas','Vtiger','php','firstupdate'),(1102,'es_es','Cold Call','Llamada fria','Vtiger','php','firstupdate'),(1103,'es_es','Existing Customer','Cliente','Vtiger','php','firstupdate'),(1104,'es_es','Self Generated','Autogenerada','Vtiger','php','firstupdate'),(1105,'es_es','Employee','Empleado','Vtiger','php','firstupdate'),(1106,'es_es','Partner','Socio','Vtiger','php','firstupdate'),(1107,'es_es','Public Relations','Relaciones P&uacute;blicas','Vtiger','php','firstupdate'),(1108,'es_es','Direct Mail','Mailing','Vtiger','php','firstupdate'),(1109,'es_es','Conference','Conferencia','Vtiger','php','firstupdate'),(1110,'es_es','Trade Show','Feria','Vtiger','php','firstupdate'),(1111,'es_es','Web Site','Sitio Web','Vtiger','php','firstupdate'),(1112,'es_es','Word of mouth','Boca a Boca','Vtiger','php','firstupdate'),(1113,'es_es','Other','Otro','Vtiger','php','firstupdate'),(1114,'es_es','--None--','--Ninguno--','Vtiger','php','firstupdate'),(1115,'es_es','Acquired','Adquirido','Vtiger','php','firstupdate'),(1116,'es_es','Active','Activo','Vtiger','php','firstupdate'),(1117,'es_es','Market Failed','Mercado Inmaduro','Vtiger','php','firstupdate'),(1118,'es_es','Project Cancelled','Cancelado','Vtiger','php','firstupdate'),(1119,'es_es','Shutdown','Suspendido','Vtiger','php','firstupdate'),(1120,'es_es','Communications','Comunicaciones','Vtiger','php','firstupdate'),(1121,'es_es','Construction','Construcci&oacute;n','Vtiger','php','firstupdate'),(1122,'es_es','Consulting','Consultores','Vtiger','php','firstupdate'),(1123,'es_es','Education','Educaci&oacute;n','Vtiger','php','firstupdate'),(1124,'es_es','Electronics','Electr&oacute;nica','Vtiger','php','firstupdate'),(1125,'es_es','Energy','Energ&iacute;a','Vtiger','php','firstupdate'),(1126,'es_es','Engineering','Ingenier&iacute;a','Vtiger','php','firstupdate'),(1127,'es_es','Entertainment','Entretenimiento','Vtiger','php','firstupdate'),(1128,'es_es','Environmental','Medio Ambiente','Vtiger','php','firstupdate'),(1129,'es_es','Finance','Finanzas','Vtiger','php','firstupdate'),(1130,'es_es','Food & Beverage','Restauraci&oacute;n','Vtiger','php','firstupdate'),(1131,'es_es','Government','Gubernamental','Vtiger','php','firstupdate'),(1132,'es_es','Healthcare','Salud','Vtiger','php','firstupdate'),(1133,'es_es','Hospitality','Hospital','Vtiger','php','firstupdate'),(1134,'es_es','Insurance','Seguros','Vtiger','php','firstupdate'),(1135,'es_es','Machinery','Mec&aacute;nica','Vtiger','php','firstupdate'),(1136,'es_es','Manufacturing','Manufacturas','Vtiger','php','firstupdate'),(1137,'es_es','Media','Medios','Vtiger','php','firstupdate'),(1138,'es_es','Not For Profit','Sin &aacute;nimo de lucro','Vtiger','php','firstupdate'),(1139,'es_es','Recreation','Recreo','Vtiger','php','firstupdate'),(1140,'es_es','Retail','Venta al por menor o detalle','Vtiger','php','firstupdate'),(1141,'es_es','Shipping','Transporte','Vtiger','php','firstupdate'),(1142,'es_es','Technology','Tecnolog&iacute;a','Vtiger','php','firstupdate'),(1143,'es_es','Telecommunications','Telecomunicaciones','Vtiger','php','firstupdate'),(1144,'es_es','Transportation','Log&iacute;stica','Vtiger','php','firstupdate'),(1145,'es_es','Utilities','Utilidades','Vtiger','php','firstupdate'),(1146,'es_es','Conversion Rate','Ratio Conversi&oacute;n','Vtiger','php','firstupdate'),(1147,'es_es','Shipping Address','Direcci&oacute;n (Env&iacute;o)','Vtiger','php','firstupdate'),(1148,'es_es','Shipping City','Poblaci&oacute;n (Env&iacute;o)','Vtiger','php','firstupdate'),(1149,'es_es','Shipping State','Provincia (Env&iacute;o)','Vtiger','php','firstupdate'),(1150,'es_es','Shipping Code','C&oacute;digo Postal (Env&iacute;o)','Vtiger','php','firstupdate'),(1151,'es_es','Shipping Country','Pa&iacute;s (Env&iacute;o)','Vtiger','php','firstupdate'),(1152,'es_es','Shipping Po Box','Apdo. de Correos (Env&iacute;o)','Vtiger','php','firstupdate'),(1153,'es_es','Approved','Aprobado','Vtiger','php','firstupdate'),(1154,'es_es','Delivered','Entregado','Vtiger','php','firstupdate'),(1155,'es_es','Cancelled','Cancelado','Vtiger','php','firstupdate'),(1156,'es_es','LBL_BASE_CURRENCY','Por defecto moneda','Vtiger','php','firstupdate'),(1157,'es_es','Discount Percent','Descuento %','Vtiger','php','firstupdate'),(1158,'es_es','Discount Amount','Descuento Importe','Vtiger','php','firstupdate'),(1159,'es_es','Item Discount Amount','Monto Descuento','Vtiger','php','firstupdate'),(1160,'es_es','Item Discount Percent','Porcentaje Descuento','Vtiger','php','firstupdate'),(1161,'es_es','Due Date','Fecha Vencimiento','Vtiger','php','firstupdate'),(1162,'es_es','Due Date & Time','Fecha y Hora Vencimiento','Vtiger','php','firstupdate'),(1163,'es_es','Email','Email Trabajo','Vtiger','php','firstupdate'),(1164,'es_es','Secondary Email','Email Particular','Vtiger','php','firstupdate'),(1165,'es_es','Other Email','Email Alternativo','Vtiger','php','firstupdate'),(1166,'es_es','Email Opt Out','No Enviar Email','Vtiger','php','firstupdate'),(1167,'es_es','Is Converted From Lead','Se convierte de plomo','Vtiger','php','firstupdate'),(1168,'es_es','Expected Close Date','Fecha Estimada de Cierre','Vtiger','php','firstupdate'),(1169,'es_es','Last Name','Apellido','Vtiger','php','firstupdate'),(1170,'es_es','First Name','Nombre','Vtiger','php','firstupdate'),(1171,'es_es','Subject','Asunto','Vtiger','php','firstupdate'),(1172,'es_es','Terms & Conditions','Condiciones Generales','Vtiger','php','firstupdate'),(1173,'es_es','Item Name','Nombre Elemento','Vtiger','php','firstupdate'),(1174,'es_es','Quantity','Cantidad','Vtiger','php','firstupdate'),(1175,'es_es','List Price','Precio de venta','Vtiger','php','firstupdate'),(1176,'es_es','Purchase Cost','Costo de Compra','Vtiger','php','firstupdate'),(1177,'es_es','Margin','Margen','Vtiger','php','firstupdate'),(1178,'es_es','Item Comment','Comentario Art&iacute;culo','Vtiger','php','firstupdate'),(1179,'es_es','Tax1','Impuesto 1','Vtiger','php','firstupdate'),(1180,'es_es','Tax2','Impuesto 2','Vtiger','php','firstupdate'),(1181,'es_es','Tax3','Impuesto 3','Vtiger','php','firstupdate'),(1182,'es_es','Excise Duty','Arancel','Vtiger','php','firstupdate'),(1183,'es_es','Total','Total','Vtiger','php','firstupdate'),(1184,'es_es','Sub Total','Sub Total','Vtiger','php','firstupdate'),(1185,'es_es','Tax Type','Tipo Impuesto','Vtiger','php','firstupdate'),(1186,'es_es','S&H Amount','cargos','Vtiger','php','firstupdate'),(1187,'es_es','Status','Estado','Vtiger','php','firstupdate'),(1188,'es_es','Vendor Name','Nombre Proveedor','Vtiger','php','firstupdate'),(1189,'es_es','LBL_ADDRESS_INFORMATION','Informaci&oacute;n de la Direcci&oacute;n','Vtiger','php','firstupdate'),(1190,'es_es','LBL_DESCRIPTION_INFORMATION','Descripci&oacute;n','Vtiger','php','firstupdate'),(1191,'es_es','LBL_TERMS_INFORMATION','Condiciones Generales','Vtiger','php','firstupdate'),(1192,'es_es','LBL_PRICING_INFORMATION','Informaci&oacute;n de Precios','Vtiger','php','firstupdate'),(1193,'es_es','LBL_RELATED_PRODUCTS','Detalle Producto','Vtiger','php','firstupdate'),(1194,'es_es','LBL_REMINDER_INFORMATION','Detalle Recordatorio','Vtiger','php','firstupdate'),(1195,'es_es','LBL_FOLDER_SAVED','Carpeta guardada','Vtiger','php','firstupdate'),(1196,'es_es','LBL_FOLDER_EXISTS','Carpeta ya existe','Vtiger','php','firstupdate'),(1197,'es_es','LBL_FOLDER_DELETED','Carpeta eliminada','Vtiger','php','firstupdate'),(1198,'es_es','LBL_EDIT_FOLDER','Editar carpeta','Vtiger','php','firstupdate'),(1199,'es_es','Lead Source','Origen de Pre-Contacto','Vtiger','php','firstupdate'),(1200,'es_es','Mobile','M&oacute;vil','Vtiger','php','firstupdate'),(1201,'es_es','Notify Owner','Notificar Propietario','Vtiger','php','firstupdate'),(1202,'es_es','Other Phone','Tel&eacute;fono Particular','Vtiger','php','firstupdate'),(1203,'es_es','Phone','Tel&eacute;fono Trabajo','Vtiger','php','firstupdate'),(1204,'es_es','Po Box','Apdo. de Correos','Vtiger','php','firstupdate'),(1205,'es_es','Postal Code','C&oacute;digo Postal','Vtiger','php','firstupdate'),(1206,'es_es','Potential Name','Nombre Oportunidad','Vtiger','php','firstupdate'),(1207,'es_es','Priority','Prioridad','Vtiger','php','firstupdate'),(1208,'es_es','Product Name','Nombre Producto','Vtiger','php','firstupdate'),(1209,'es_es','Rating','Clasificaci&oacute;n','Vtiger','php','firstupdate'),(1210,'es_es','Related To','Related To','Vtiger','php','firstupdate'),(1211,'es_es','Reviewed','Revisada','Vtiger','php','firstupdate'),(1212,'es_es','Salutation','Saludo','Vtiger','php','firstupdate'),(1213,'es_es','Street','Direcci&oacute;n','Vtiger','php','firstupdate'),(1214,'es_es','Support Start Date','Fecha de inicio de soporte','Vtiger','php','firstupdate'),(1215,'es_es','Support Expiry Date','Fecha de fin de soporte','Vtiger','php','firstupdate'),(1216,'es_es','Sales Start Date','Fecha de salida al mercado','Vtiger','php','firstupdate'),(1217,'es_es','Sales End Date','Fecha de retirada del mercado','Vtiger','php','firstupdate'),(1218,'es_es','LBL_VTIGER_CRM_HONEST_OPEN_SOURCE','vtiger CRM - CRM de C&oacute;digo Abierto','Vtiger','php','firstupdate'),(1219,'es_es','LBL_VIDEO_TUTORIAL','Video Tutorial','Vtiger','php','firstupdate'),(1220,'es_es','LBL_ON_DEMAND_ADMIN','A&ntilde;adir / Eliminar Usuarios','Vtiger','php','firstupdate'),(1221,'es_es','LBL_GUIDER','Ayudante','Vtiger','php','firstupdate'),(1222,'es_es','LBL_DISPLAY_TYPE','Tipo Disposici&oacute;n','Vtiger','php','firstupdate'),(1223,'es_es','LBL_DISPLAY_WIDETYPE','Ancho','Vtiger','php','firstupdate'),(1224,'es_es','LBL_DISPLAY_MEDIUMTYPE','Medio','Vtiger','php','firstupdate'),(1225,'es_es','LBL_DISPLAY_NARROWTYPE','Estrecho','Vtiger','php','firstupdate'),(1226,'es_es','LBL_TAG_THIS_RECORD','Etiquetar este Registro','Vtiger','php','firstupdate'),(1227,'es_es','LBL_PAGE','P&aacute;gina','Vtiger','php','firstupdate'),(1228,'es_es','LBL_LISTVIEW_PAGE_JUMP','Salto de P&aacute;gina','Vtiger','php','firstupdate'),(1229,'es_es','LBL_SHOW_FULL_DETAILS','Mostrar Datos Completos','Vtiger','php','firstupdate'),(1230,'es_es','LBL_ACTIVITIES','Actividades','Vtiger','php','firstupdate'),(1231,'es_es','Activities','Actividades','Vtiger','php','firstupdate'),(1232,'es_es','LBL_NO_PENDING_ACTIVITIES','No hay actividades pendientes','Vtiger','php','firstupdate'),(1233,'es_es','LBL_DETAILS','Detalles','Vtiger','php','firstupdate'),(1234,'es_es','MailManager','Admin Correo','Vtiger','php','firstupdate'),(1235,'es_es','LBL_ALL_RECORDS','Todos los Registros','Vtiger','php','firstupdate'),(1236,'es_es','LBL_NO_RECORDS_FOUND','No se han encontrado registros','Vtiger','php','firstupdate'),(1237,'es_es','LBL_ITEMS_TOTAL','Total Elementos','Vtiger','php','firstupdate'),(1238,'es_es','LBL_PRE_TAX_TOTAL','Total antes de impuestos','Vtiger','php','firstupdate'),(1239,'es_es','LBL_SET_TAX_FOR','Establecer Impuesto para','Vtiger','php','firstupdate'),(1240,'es_es','LBL_GROUP_TAX','Impuesto Agrupado','Vtiger','php','firstupdate'),(1241,'es_es','LBL_BILLING_ADDRESS_FROM','Copiar Direcci&oacute;n de Facturaci&oacute;n','Vtiger','php','firstupdate'),(1242,'es_es','LBL_SHIPPING_ADDRESS_FROM','Copiar Direcci&oacute;n de Env&iacute;o','Vtiger','php','firstupdate'),(1243,'es_es','LBL_COPY_SHIPPING_ADDRESS','Direcci&oacute;n de Env&iacute;o','Vtiger','php','firstupdate'),(1244,'es_es','LBL_COPY_BILLING_ADDRESS','Direcci&oacute;n de Facturaci&oacute;n','Vtiger','php','firstupdate'),(1245,'es_es','LBL_OVERALL_DISCOUNT','Descuento Total','Vtiger','php','firstupdate'),(1246,'es_es','LBL_CHARGES','Cargos','Vtiger','php','firstupdate'),(1247,'es_es','LBL_CHARGES_TOTAL','Cargos totales','Vtiger','php','firstupdate'),(1248,'es_es','LBL_TAXES_ON_CHARGES','Impuestos por cargos','Vtiger','php','firstupdate'),(1249,'es_es','LBL_DEDUCTED_TAXES','Deducted Impuestos','Vtiger','php','firstupdate'),(1250,'es_es','LBL_DEDUCTED_TAXES_TOTAL','Deducted Impuestos total','Vtiger','php','firstupdate'),(1251,'es_es','LBL_DEFAULT','Defecto','Vtiger','php','firstupdate'),(1252,'es_es','LBL_MINI_LIST','Mini Lista','Vtiger','php','firstupdate'),(1253,'es_es','Mini List','Mini Lista','Vtiger','php','firstupdate'),(1254,'es_es','LBL_RESULT_FOR_THE_TAG','Resultados de la etiqueta','Vtiger','php','firstupdate'),(1255,'es_es','LBL_ALL_USERS','Todos los usuarios','Vtiger','php','firstupdate'),(1256,'es_es','LBL_BOTH','Ambos','Vtiger','php','firstupdate'),(1257,'es_es','LBL_SHOW','Show','Vtiger','php','firstupdate'),(1258,'es_es','LBL_SELECT_DATE_RANGE','Seleccione Intervalo de fechas','Vtiger','php','firstupdate'),(1259,'es_es','Tickets by Status','Incidencias por Estado','Vtiger','php','firstupdate'),(1260,'es_es','Open Tickets','Incidencias Abiertas','Vtiger','php','firstupdate'),(1261,'es_es','Apparel','Ropa/Lenceria','Vtiger','php','firstupdate'),(1262,'es_es','Banking','Banca','Vtiger','php','firstupdate'),(1263,'es_es','Biotechnology','Biotecnolog&iacute;a','Vtiger','php','firstupdate'),(1264,'es_es','LBL_SELECT_STATUS','Seleccionar Estado','Vtiger','php','firstupdate'),(1265,'es_es','SINGLE_Accounts','Organizaci&oacute;n','Vtiger','php','firstupdate'),(1266,'es_es','LBL_Sun','Dom','Vtiger','php','firstupdate'),(1267,'es_es','LBL_Mon','Lun','Vtiger','php','firstupdate'),(1268,'es_es','LBL_Tue','Mar','Vtiger','php','firstupdate'),(1269,'es_es','LBL_Wed','Mi&eacute;','Vtiger','php','firstupdate'),(1270,'es_es','LBL_Thu','Jue','Vtiger','php','firstupdate'),(1271,'es_es','LBL_Fri','Vie','Vtiger','php','firstupdate'),(1272,'es_es','LBL_Sat','S&aacute;b','Vtiger','php','firstupdate'),(1273,'es_es','LBL_Jan','Ene','Vtiger','php','firstupdate'),(1274,'es_es','LBL_Feb','Feb','Vtiger','php','firstupdate'),(1275,'es_es','LBL_Mar','Mar','Vtiger','php','firstupdate'),(1276,'es_es','LBL_Apr','Abr','Vtiger','php','firstupdate'),(1277,'es_es','LBL_May','May','Vtiger','php','firstupdate'),(1278,'es_es','LBL_Jun','Jun','Vtiger','php','firstupdate'),(1279,'es_es','LBL_Jul','Jul','Vtiger','php','firstupdate'),(1280,'es_es','LBL_Aug','Ago','Vtiger','php','firstupdate'),(1281,'es_es','LBL_Sep','Sep','Vtiger','php','firstupdate'),(1282,'es_es','LBL_Oct','Oct','Vtiger','php','firstupdate'),(1283,'es_es','LBL_Nov','Nov','Vtiger','php','firstupdate'),(1284,'es_es','LBL_Dec','Dic','Vtiger','php','firstupdate'),(1285,'es_es','LBL_CALENDAR_SETTINGS','Configuraci&oacute;n Calendario','Vtiger','php','firstupdate'),(1286,'es_es','LBL_TAG_CLOUD','Nube Etiquetas','Vtiger','php','firstupdate'),(1287,'es_es','LBL_NO_RECORDS','Sin Registros','Vtiger','php','firstupdate'),(1288,'es_es','LBL_NO_RELATED','Sin Relacionados','Vtiger','php','firstupdate'),(1289,'es_es','LBL_GLOBAL_SEARCH_MAX_MESSAGE','S&oacute;lo los primeros 100 resultados de todos los m&oacute;dulos se muestran a continuaci&oacute;n. Para obtener resultados espec&iacute;ficos de un m&oacute;dulo, selecciona ese m&oacute;dulo y ejecuta la b&uacute;squeda de nuevo.','Vtiger','php','firstupdate'),(1290,'es_es','LBL_GLOBAL_SEARCH_MAX_MESSAGE_FOR_MODULE','S&oacute;lo los 100 primeros resultados se muestran a continuaci&oacute;n. Prueba con la B&uacute;squeda Avanzada si no has encontrado lo que buscas.','Vtiger','php','firstupdate'),(1291,'es_es','LBL ACTION','Acci&oacute;n','Vtiger','php','firstupdate'),(1292,'es_es','LBL_NOTE','Nota','Vtiger','php','firstupdate'),(1293,'es_es','LBL_SELECT_OPTION','Selecciona una Opci&oacute;n','Vtiger','php','firstupdate'),(1294,'es_es','LBL_TOOLTIP','Administraci&oacute;n de Ayudas','Vtiger','php','firstupdate'),(1295,'es_es','LBL_MODULE_SEQUENCE_NUMBERING','%s Numeraci&oacute;n','Vtiger','php','firstupdate'),(1296,'es_es','LBL_CUSTOM_FIELD_MAPPING','Vinculaci&oacute;n de Campos Personalizados','Vtiger','php','firstupdate'),(1297,'es_es','LBL_WEBFORMS','Formularios Web','Vtiger','php','firstupdate'),(1298,'es_es','SINGLE_Emails','Email','Vtiger','php','firstupdate'),(1299,'es_es','Emails','Emails','Vtiger','php','firstupdate'),(1300,'es_es','LBL_SELECT_EMAIL_IDS','Selecciona Direcciones de Email','Vtiger','php','firstupdate'),(1301,'es_es','LBL_SUBJECT','Asunto','Vtiger','php','firstupdate'),(1302,'es_es','LBL_ATTACHMENT','Adjunto','Vtiger','php','firstupdate'),(1303,'es_es','LBL_BROWSE_CRM','Navegar CRM','Vtiger','php','firstupdate'),(1304,'es_es','LBL_SEND','Enviar','Vtiger','php','firstupdate'),(1305,'es_es','LBL_SAVE_AS_DRAFT','Guardar Borrador','Vtiger','php','firstupdate'),(1306,'es_es','LBL_GO_TO_PREVIEW','Previsualizar','Vtiger','php','firstupdate'),(1307,'es_es','LBL_SELECT_EMAIL_TEMPLATE','Selecciona Plantilla de Email','Vtiger','php','firstupdate'),(1308,'es_es','LBL_COMPOSE_EMAIL','Componer Email','Vtiger','php','firstupdate'),(1309,'es_es','LBL_CC','Cc','Vtiger','php','firstupdate'),(1310,'es_es','LBL_BCC','Bcc','Vtiger','php','firstupdate'),(1311,'es_es','LBL_ADD_CC','A&ntilde;adir Cc','Vtiger','php','firstupdate'),(1312,'es_es','LBL_ADD_BCC','A&ntilde;adir Bcc','Vtiger','php','firstupdate'),(1313,'es_es','LBL_MAX_UPLOAD_SIZE','Tama&ntilde;o m&aacute;ximo de subida es','Vtiger','php','firstupdate'),(1314,'es_es','LBL_EXCEEDED','Excedido','Vtiger','php','firstupdate'),(1315,'es_es','Valid Date','Fecha v&aacute;lida','Vtiger','php','firstupdate'),(1316,'es_es','Phone: ','tel&eacute;fono: ','Vtiger','php','firstupdate'),(1317,'es_es','Issued Date','Fecha de publicaci&oacute;n','Vtiger','php','firstupdate'),(1318,'es_es','Shipping & Handling Charges','Enviando y cargas','Vtiger','php','firstupdate'),(1319,'es_es','Shipping & Handling Tax:','Env&iacute;o y direcci&oacute;n fiscal:','Vtiger','php','firstupdate'),(1320,'es_es','Discount','descuento','Vtiger','php','firstupdate'),(1321,'es_es','Net Total','total neto','Vtiger','php','firstupdate'),(1322,'es_es','Product Code','producto c&oacute;digo','Vtiger','php','firstupdate'),(1323,'es_es','Customer Name','Nombre del cliente','Vtiger','php','firstupdate'),(1324,'es_es','Price','precio','Vtiger','php','firstupdate'),(1325,'es_es','Tax:','impuesto:','Vtiger','php','firstupdate'),(1326,'es_es','Grand Total:','total general:','Vtiger','php','firstupdate'),(1327,'es_es','Fax: ','Fax: ','Vtiger','php','firstupdate'),(1328,'es_es','Website: ','sitio web: ','Vtiger','php','firstupdate'),(1329,'es_es','Tax','impuesto','Vtiger','php','firstupdate'),(1330,'es_es','LBL_ALPHABETS','A,B,C,D,E,F,G,H,I,J,K,L,M,N,O,P,Q,R,S,T,U,V,W,X,Y,Z','Vtiger','php','firstupdate'),(1331,'es_es','Service Contracts','Contratos de Servicio','Vtiger','php','firstupdate'),(1332,'es_es','Projects','Proyectos','Vtiger','php','firstupdate'),(1333,'es_es','Sales Order','Ordenes de venta','Vtiger','php','firstupdate'),(1334,'es_es','Purchase Order','Ordenes de compra','Vtiger','php','firstupdate'),(1335,'es_es','Payments','Payments','Vtiger','php','firstupdate'),(1336,'es_es','List and Campaigns','List and Campaigns','Vtiger','php','firstupdate'),(1337,'es_es','Project Tasks','Project Tasks','Vtiger','php','firstupdate'),(1338,'es_es','Project Milestones','Project Milestones','Vtiger','php','firstupdate'),(1339,'es_es','Labels Editor','Labels Editor','Vtiger','php','firstupdate'),(1340,'es_es','Product Bundles','Product Bundles','Vtiger','php','firstupdate'),(1341,'es_es','Parent Product','Parent Product','Vtiger','php','firstupdate'),(1342,'es_es','LBL_PRODUCT_BUNDLE','Paquete del producto','Vtiger','php','firstupdate'),(1343,'es_es','LBL_EDIT_QUANTITY','Editar Cantidad','Vtiger','php','firstupdate'),(1344,'es_es','LBL_ADD_TO_PRODUCTS','A&ntilde;adir Productos','Vtiger','php','firstupdate'),(1345,'es_es','LBL_MANAGE_USERS','Manage Users','Vtiger','php','firstupdate'),(1346,'es_es','LBL_TRANSFER_OWNERSHIP','Transferencia de la propiedad','Vtiger','php','firstupdate'),(1347,'es_es','LBL_SELECT_RELATED_MODULES','Select Related Modules','Vtiger','php','firstupdate'),(1348,'es_es','LBL_CUSTOMIZE_MAIN_MENU','Personalizar Men&uacute; Principal','Vtiger','php','firstupdate'),(1349,'es_es','Comment','Comentario','Vtiger','php','firstupdate'),(1350,'es_es','Last Comment','&Uacute;ltimo comentario','Vtiger','php','firstupdate'),(1351,'es_es','Last 5 Comments','&Uacute;ltimos 5 Comentarios','Vtiger','php','firstupdate'),(1352,'es_es','All Comments','Todos los comentarios','Vtiger','php','firstupdate'),(1353,'es_es','Print','Imprimir / Exportar a PDF','Vtiger','php','firstupdate'),(1354,'es_es','LBL_OLD_VERSION_REMOVED_SOON','Nota importante al aspecto antiguo','Vtiger','php','firstupdate'),(1355,'es_es','LBL_FEEDBACK_ON_REMOVING_OLD_VERSION','Estamos felices de compartir esa vieja mirada estar&aacute; disponible hasta febrero de 2014. Hemos a&ntilde;adido las siguientes caracter&iacute;sticas para el nuevo look recientemente Matem&aacute;ticas &lt;br&gt;&lt;br&gt;1. Informes de pivote p&aacute','Vtiger','php','firstupdate'),(1356,'es_es','LBL_FEEDBACK_PLACEHOLDER','Comparte tus sugerencias aqu&iacute; ..','Vtiger','php','firstupdate'),(1357,'es_es','LBL_SUBMIT_FEEDBACK','Enviar comentarios','Vtiger','php','firstupdate'),(1358,'es_es','LBL_DONT_SHOW_AGAIN','No se repite el mensaje','Vtiger','php','firstupdate'),(1359,'es_es','LBL_CONTINUE_TO_OLD_LOOK','Continuar Old Look','Vtiger','php','firstupdate'),(1360,'es_es','NOT_A_BUNDLE','No es un paquete','Vtiger','php','firstupdate'),(1361,'es_es','LBL_SUB_PRODUCTS','Sub Productos','Vtiger','php','firstupdate'),(1362,'es_es','LBL_MARK_AS_HELD','Marcar como mantenidos','Vtiger','php','firstupdate'),(1363,'es_es','LBL_SMS_MAX_CHARACTERS_ALLOWED','M&aacute;ximo 160 caracteres est&aacute;n permitidos para el mensaje de texto','Vtiger','php','firstupdate'),(1364,'es_es','LBL_HIDE_COMPLETED_EVENTS','Ocultar completadas Calendario de Eventos','Vtiger','php','firstupdate'),(1365,'es_es','LBL_SETUP_WEBFORMS','Crear Formulario Web','Vtiger','php','firstupdate'),(1366,'es_es','LBL_SPECIAL_OPTIONS','Opciones especiales','Vtiger','php','firstupdate'),(1367,'es_es','LBL_PARENT_OWNER','Padres Record Propietario','Vtiger','php','firstupdate'),(1368,'es_es','Half-Yearly','Semestral','Vtiger','php','firstupdate'),(1369,'es_es','LBL_FULLSCREEN','Pantalla completa','Vtiger','php','firstupdate'),(1370,'es_es','LBL_MODULE_DISABLED',' El m&oacute;dulo est&aacute; desactivado','Vtiger','php','firstupdate'),(1371,'es_es','Organization Name','Nombre de la Cuenta','Vtiger','php','firstupdate'),(1372,'es_es','LBL_WEEK','Semana','Vtiger','php','firstupdate'),(1373,'es_es','LBL_CONVERT_ERROR_TITLE','M&oacute;dulos Deshabilitados','Vtiger','php','firstupdate'),(1374,'es_es','CANNOT_CONVERT','No se puede convertir','Vtiger','php','firstupdate'),(1375,'es_es','LBL_FOLLOWING_ARE_POSSIBLE_REASONS','A continuaci&oacute;n se detallan algunas de las posibles causas:','Vtiger','php','firstupdate'),(1376,'es_es','LBL_MANDATORY_FIELDS_ARE_EMPTY','Alg&uacute;n campo obligatorio est&aacute; vac&iacute;o','Vtiger','php','firstupdate'),(1377,'es_es','LBL_ORIGIN','Origen','Vtiger','php','firstupdate'),(1378,'es_es','SENT','CRM','Vtiger','php','firstupdate'),(1379,'es_es','SAVED','Borrador','Vtiger','php','firstupdate'),(1380,'es_es','MAILSCANNER','Convertidor de correo','Vtiger','php','firstupdate'),(1381,'es_es','LBL_SENDER_NAME','Nombre del remitente','Vtiger','php','firstupdate'),(1382,'es_es','Mobile Call','Llamar al m&oacute;vil','Vtiger','php','firstupdate'),(1383,'es_es','LBL_LESS_THAN_DAYS_AGO','Hace menos d&iacute;as','Vtiger','php','firstupdate'),(1384,'es_es','LBL_MORE_THAN_DAYS_AGO','Hace m&aacute;s de d&iacute;a','Vtiger','php','firstupdate'),(1385,'es_es','LBL_IN_LESS_THAN','En menos de','Vtiger','php','firstupdate'),(1386,'es_es','LBL_IN_MORE_THAN','En m&aacute;s de','Vtiger','php','firstupdate'),(1387,'es_es','LBL_DAYS_AGO','D&iacute;as atr&aacute;s','Vtiger','php','firstupdate'),(1388,'es_es','LBL_DAYS_LATER','D&iacute;as Despu&eacute;s','Vtiger','php','firstupdate'),(1389,'es_es','LBL_LESS_THAN_HOURS_BEFORE','Menos de horas antes','Vtiger','php','firstupdate'),(1390,'es_es','LBL_LESS_THAN_HOURS_LATER','A menos de hora m&aacute;s tarde','Vtiger','php','firstupdate'),(1391,'es_es','LBL_MORE_THAN_HOURS_BEFORE','M&aacute;s de horas antes','Vtiger','php','firstupdate'),(1392,'es_es','LBL_MORE_THAN_HOURS_LATER','M&aacute;s de horas m&aacute;s tarde','Vtiger','php','firstupdate'),(1393,'es_es','LBL_INTERNAL_COMMENT','Comentario Interna','Vtiger','php','firstupdate'),(1394,'es_es','LBL_NOTE_EXISTING_ATTACHMENTS_WILL_BE_REPLACED','Nota: los archivos adjuntos existentes (im&aacute;genes / archivos) ser&aacute; reemplazado','Vtiger','php','firstupdate'),(1395,'es_es','Created By','Creado por','Vtiger','php','firstupdate'),(1396,'es_es','LBL_PHONE_FORMAT_WARNING','aseg&uacute;rese de que el n&uacute;mero de tel&eacute;fono est&aacute; en formato E.164 internacional','Vtiger','php','firstupdate'),(1397,'es_es','LBL_PHONEFORMAT_WARNING_CONTENT','El n&uacute;mero E.164 formato puede tener un m&aacute;ximo de quince d&iacute;gitos y por lo general se escribe como sigue: [+] [c&oacute;digo de pa&iacute;s] [n&uacute;mero de abonado incluido el c&oacute;digo de &aacute;rea] \n&nbsp;&nbsp;&nbsp;&nbsp;&n','Vtiger','php','firstupdate'),(1398,'es_es','LBL_WARNING','advertencia','Vtiger','php','firstupdate'),(1399,'es_es','LBL_SEND_PDF_FOR_SIGNING','Enviar PDF para su firma','Vtiger','php','firstupdate'),(1400,'es_es','LBL_INCLUDE_SIGNATURE_INFO','Firma establecido en Mis preferencias se a&ntilde;adir&aacute; a la parte inferior del correo electr&oacute;nico','Vtiger','php','firstupdate'),(1401,'es_es','LBL_INCLUDE_SIGNATURE','Incluir firma','Vtiger','php','firstupdate'),(1402,'es_es','LBL_CLICK_HERE','Haga clic aqu&iacute;','Vtiger','php','firstupdate'),(1403,'es_es','LBL_TWEETS','Tweets','Vtiger','php','firstupdate'),(1404,'es_es','LBL_FAVOURITES','Favoritos','Vtiger','php','firstupdate'),(1405,'es_es','LBL_FOLLOWING','Siguiendo','Vtiger','php','edited'),(1406,'es_es','LBL_FOLLOWERS','Seguidores','Vtiger','php','firstupdate'),(1407,'es_es','LBL_VIEW_FULL_PROFILE','Ver el perfil completo','Vtiger','php','firstupdate'),(1408,'es_es','LBL_LOCATION','Ubicaci&oacute;n','Vtiger','php','firstupdate'),(1409,'es_es','LBL_JOINED','Unido','Vtiger','php','firstupdate'),(1410,'es_es','LBL_SEARCH_PROFILES_IN_TWITTER','Buscar perfiles en Twitter','Vtiger','php','firstupdate'),(1411,'es_es','LBL_CHOOSE_ANOTHER_PROFILE','Elija otro perfil','Vtiger','php','firstupdate'),(1412,'es_es','LBL_ADD_TICKET','A&ntilde;adir entradas','Vtiger','php','firstupdate'),(1413,'es_es','LBL_ADD_OPPORTUNITY','A&ntilde;adir Oportunidad','Vtiger','php','firstupdate'),(1414,'es_es','LBL_RETWEET','Retweet','Vtiger','php','firstupdate'),(1415,'es_es','LBL_RETWEETS','Retweets','Vtiger','php','firstupdate'),(1416,'es_es','LBL_UNDO_RETWEET','Deshacer Retweet','Vtiger','php','firstupdate'),(1417,'es_es','LBL_FAVOURITE','Favorito','Vtiger','php','firstupdate'),(1418,'es_es','LBL_UNDO_FAVOURITE','Deshacer Favorito','Vtiger','php','firstupdate'),(1419,'es_es','LBL_TWITTER_HANDLER_MSG','Para ver resumen el perfil de este contacto y la historia agregan sus manejadores o de b&uacute;squeda de perfiles de Twitter utilizando el enlace de abajo.','Vtiger','php','firstupdate'),(1420,'es_es','LBL_ADD_EVENT_OR_TODO','A&ntilde;adir Evento / Tarea','Vtiger','php','firstupdate'),(1421,'es_es','LBL_ADD_TICKET_CONTACT','A&ntilde;adir Ticket + Contacto','Vtiger','php','firstupdate'),(1422,'es_es','LBL_ADD_OPPORTUNITY_CONTACT','A&ntilde;adir Oportunidad + Contacto','Vtiger','php','firstupdate'),(1423,'es_es','LBL_SOCIAL_TWITTER_WIDGET','Twitter Actividad','Vtiger','php','firstupdate'),(1424,'es_es','LBL_TWITTER_HANDLER_DETAILS','Twitter Handler Detalles','Vtiger','php','firstupdate'),(1425,'es_es','LBL_PRIMARY_TWITTER','Twitter Primaria','Vtiger','php','firstupdate'),(1426,'es_es','LBL_ADD_TWITTER_HANDLER','A&ntilde;adir Twitter Handler','Vtiger','php','firstupdate'),(1427,'es_es','LBL_VIEW_TICKET','Ver Ticket','Vtiger','php','firstupdate'),(1428,'es_es','LBL_VIEW_OPPORTUNITY','Ver Oportunidad','Vtiger','php','firstupdate'),(1429,'es_es','LBL_CLICK_TO_SELECT_PROFILE','Haga clic para seleccionar el perfil','Vtiger','php','firstupdate'),(1430,'es_es','LBL_SELCT_EMAIL_RECIPIENTS','Seleccionar destinatarios de correo electr&oacute;nico','Vtiger','php','firstupdate'),(1431,'es_es','LBL_REMEMBER_MY_PREF','Recuerde mi preferencia','Vtiger','php','firstupdate'),(1432,'es_es','LBL_RECIPIENT_PREFS','Preferencias del destinatario','Vtiger','php','firstupdate'),(1433,'es_es','LBL_EMAIL_RECIPIENT_PREFS','Preferencias de correo electr&oacute;nico del destinatario','Vtiger','php','firstupdate'),(1434,'es_es','LBL_ERROR_SAVING_PREF','Error en las preferencias de ahorro. Por favor, intente m&aacute;s tarde!','Vtiger','php','firstupdate'),(1435,'es_es','LBL_NO_PREF_GIVEN','No hay preferencias dadas!','Vtiger','php','firstupdate'),(1436,'es_es','LBL_PLEASE_ADD_EMAIL_FIELDS','Por favor, a&ntilde;adir campos de correo electr&oacute;nico y vuelva a intentarlo','Vtiger','php','firstupdate'),(1437,'es_es','LBL_RECIPIENT_SAVE_MESSAGE','Guardar preferencias successful.These ser&aacute;n tratados como direcciones de correo electr&oacute;nico de destinatarios cuando env&iacute;a correo electr&oacute;nico de este m&oacute;dulo.','Vtiger','php','firstupdate'),(1438,'es_es','LBL_DEFAULT_REPLY_TO','Por defecto Responder a para los email','Vtiger','php','firstupdate'),(1439,'es_es','outgoing_server_from_email','Servidor saliente Del Email','Vtiger','php','firstupdate'),(1440,'es_es','hepldesk_support_email','Helpdesk Soporte Email-Id','Vtiger','php','firstupdate'),(1441,'es_es','user_primary_email','Usuario Email Primaria','Vtiger','php','firstupdate'),(1442,'es_es','LBL_DEFAULT_REPLY_TO_INFO','Este ajuste s&oacute;lo es aplicable para los correos electr&oacute;nicos directos de CRM. No afecta a los correos electr&oacute;nicos de los flujos de trabajo, campa&ntilde;as de correo electr&oacute;nico, etc.','Vtiger','php','firstupdate'),(1443,'es_es','LBL_INVALID_IMAGE','Imagen no v&aacute;lido','Vtiger','php','firstupdate'),(1444,'es_es','LBL_NEXT','Siguiente','Vtiger','php','firstupdate'),(1445,'es_es','LBL_FINISH','Terminado','Vtiger','php','edited'),(1446,'es_es','VAT','VAT','Vtiger','php','firstupdate'),(1447,'es_es','Sales','Venta','Vtiger','php','firstupdate'),(1448,'es_es','Service','Servicio','Vtiger','php','firstupdate'),(1449,'es_es','Pre Tax Total','Pre Impuesto Total','Vtiger','php','firstupdate'),(1450,'es_es','Received','Recibido','Vtiger','php','firstupdate'),(1451,'es_es','Balance','Equilibrio','Vtiger','php','firstupdate'),(1452,'es_es','S&H Percent','Impuestos por cargos','Vtiger','php','firstupdate'),(1453,'es_es','Tax Region','Regi&oacute;n de Impuestos','Vtiger','php','firstupdate'),(1454,'es_es','SINGLE_Potentials','Oportunidad','Vtiger','php','firstupdate'),(1455,'es_es','SINGLE_HelpDesk','Billete','Vtiger','php','firstupdate'),(1456,'es_es','SINGLE_Project','Proyecto','Vtiger','php','firstupdate'),(1457,'es_es','LBL_ROLLUP_COMMENTS_INFO','Si Enrolle est&aacute; en &#039;On&#039; comentarios en los registros relacionados se mostrar&aacute;.\n&nbsp;&nbsp;&nbsp;&nbsp;&nbsp;&nbsp;&nbsp;&nbsp;&nbsp;&nbsp;&nbsp;&nbsp;&nbsp;&nbsp;&nbsp;&nbsp;&nbsp;&nbsp;&nbsp;&nbsp;&nbsp;&nbsp;&nbsp;&nbsp;&nbsp;&n','Vtiger','php','firstupdate'),(1458,'es_es','LBL_ROLLUP_COMMENTS','Rollup Comentarios','Vtiger','php','firstupdate'),(1459,'es_es','group','Grupo','Vtiger','php','firstupdate'),(1460,'es_es','individual','Individual','Vtiger','php','firstupdate'),(1461,'es_es','LBL_DOWNLOAD_FILE','Descargar archivo','Vtiger','php','firstupdate'),(1462,'es_es','LBL_VIEW_FILE','Ver archivo','Vtiger','php','firstupdate'),(1463,'es_es','LBL_PREVIEW_NOT_AVAILABLE','Vista previa no disponible','Vtiger','php','firstupdate'),(1464,'es_es','LBL_PREVIEW_SUPPORTED_FILES','&lt;b&gt; &lt;strong&gt; Tipos de archivos compatibles: &lt;/strong&gt; &lt;/b&gt; &lt;br&gt; &lt;b&gt; archivos PDF &lt;/b&gt; &lt;br&gt; &lt;b&gt; archivos de texto - &lt;/b&gt; txt, csv, ics&lt;br&gt; &lt;b&gt; Open Document Files - &lt;/b&gt; el texto','Vtiger','php','firstupdate'),(1465,'es_es','LBL_PREVIOUS','Anterior','Vtiger','php','firstupdate'),(1466,'es_es','Mailing Address','Direcci&oacute;n De Correo','Vtiger','php','firstupdate'),(1467,'es_es','Other Address','Otra direcci&oacute;n','Vtiger','php','firstupdate'),(1468,'es_es','Workflows','Flujos de trabajo','Vtiger','php','firstupdate'),(1469,'es_es','Primary Twitter','Twitter Primaria','Vtiger','php','firstupdate'),(1470,'es_es','Engagement Score','Compromiso Puntuaci&oacute;n','Vtiger','php','firstupdate'),(1471,'es_es','Click Count','Haga clic Conde','Vtiger','php','firstupdate'),(1472,'es_es','LBL_SYNC_LOG','Registro de sincronizaci&oacute;n','Vtiger','php','firstupdate'),(1473,'es_es','LBL_SYNC_SETTINGS','Configuraci&oacute;n de sincronizaci&oacute;n','Vtiger','php','firstupdate'),(1474,'es_es','LBL_SYNC_NOW','Sincronizar ahora','Vtiger','php','firstupdate'),(1475,'es_es','LBL_DATE','Fecha De','Vtiger','php','firstupdate'),(1476,'es_es','LBL_TIME','El Tiempo','Vtiger','php','firstupdate'),(1477,'es_es','LBL_SKIPPED','Saltado','Vtiger','php','firstupdate'),(1478,'es_es','vt_create','Vtiger Creado','Vtiger','php','firstupdate'),(1479,'es_es','vt_update','Vtiger Actualizado','Vtiger','php','firstupdate'),(1480,'es_es','vt_delete','Vtiger Suprimido','Vtiger','php','firstupdate'),(1481,'es_es','vt_skip','Vtiger omitidos','Vtiger','php','firstupdate'),(1482,'es_es','app_create','Fecha de creaci&oacute;n','Vtiger','php','firstupdate'),(1483,'es_es','app_update','Aplicaci&oacute;n Actualizado','Vtiger','php','firstupdate'),(1484,'es_es','app_delete','&nbsp;Aplicaci&oacute;n Suprimido','Vtiger','php','firstupdate'),(1485,'es_es','app_skip','Aplicaci&oacute;n omitidos','Vtiger','php','firstupdate'),(1486,'es_es','LBL_DOWNLOAD_AS_CSV','Descargar archivo CSV','Vtiger','php','firstupdate'),(1487,'es_es','LBL_SOURCE_MODULE','M&oacute;dulo Fuente','Vtiger','php','firstupdate'),(1488,'es_es','LBL_RECORD_NAME','Nombre de la grabaci&oacute;n','Vtiger','php','firstupdate'),(1489,'es_es','LBL_REASON','Raz&oacute;n','Vtiger','php','firstupdate'),(1490,'es_es','LBL_SELECT_MODULES_TO_SYNC','Seleccione m&oacute;dulos para sincronizar','Vtiger','php','firstupdate'),(1491,'es_es','LBL_DATA','Datos','Vtiger','php','firstupdate'),(1492,'es_es','LBL_ENABLE_SYNC','Habilitar sincronizaci&oacute;n','Vtiger','php','firstupdate'),(1493,'es_es','LBL_FIELD_MAPPING','Asignaci&oacute;n de campos','Vtiger','php','firstupdate'),(1494,'es_es','LBL_SYNC_DIRECTION','Direcci&oacute;n de sincronizaci&oacute;n','Vtiger','php','firstupdate'),(1495,'es_es','LBL_SYNC_BOTH_WAYS','Sincroniza Both Ways','Vtiger','php','firstupdate'),(1496,'es_es','LBL_SAVE_SETTINGS','Guardar Ajustes','Vtiger','php','firstupdate'),(1497,'es_es','LBL_CONFIGURE','Configure','Vtiger','php','firstupdate'),(1498,'es_es','LBL_VIEW','Vista','Vtiger','php','firstupdate'),(1499,'es_es','LBL_CHANGE_USER','Cambiar usuario','Vtiger','php','firstupdate'),(1500,'es_es','LBL_SELECT_COLOR','Elige color','Vtiger','php','firstupdate'),(1501,'es_es','LBL_CREATION','creaci&oacute;n','Vtiger','php','firstupdate'),(1502,'es_es','LBL_STARRED','Protagonizada','Vtiger','php','firstupdate'),(1503,'es_es','LBL_UNSTARRED','Sin asterisco','Vtiger','php','firstupdate'),(1504,'es_es','LBL_EDIT_EMAIL_PREFERENCE_TOOLTIP','Edite estas preferencias de configuraci&oacute;n desplegable en detalle o vista de lista del m&oacute;dulo','Vtiger','php','firstupdate'),(1505,'es_es','LBL_SYSTEM','Sistema','Vtiger','php','firstupdate'),(1506,'es_es','LBL_LINKED','Vinculado','Vtiger','php','firstupdate'),(1507,'es_es','LBL_ADDING_NEW','La adici&oacute;n de nuevos','Vtiger','php','firstupdate'),(1508,'es_es','LBL_LESS','Menos','Vtiger','php','firstupdate'),(1509,'es_es','LBL_COMMENT','Comentario','Vtiger','php','firstupdate'),(1510,'es_es','LBL_NOT_STARRED','Seguir','Vtiger','php','edited'),(1511,'es_es','LBL_QUICK_VIEW','Vista R&aacute;pida','Vtiger','php','firstupdate'),(1512,'es_es','LBL_NOTIFICATION_CENTER','El Centro De Notificaciones','Vtiger','php','firstupdate'),(1513,'es_es','LBL_EDIT_REASON','Editar raz&oacute;n','Vtiger','php','firstupdate'),(1514,'es_es','LBL_CONTACT','GESTI&Oacute;N DE CONTACTOS','Vtiger','php','firstupdate'),(1515,'es_es','LBL_NO_ATTACHMENTS','No Hay Archivos Adjuntos','Vtiger','php','firstupdate'),(1516,'es_es','LBL_REARRANGE_DASHBOARD_TABS','Reorganizar Las Pesta&ntilde;as','Vtiger','php','firstupdate'),(1517,'es_es','LBL_DONE','Hecho','Vtiger','php','firstupdate'),(1518,'es_es','LBL_DELETE_DASHBOARD_TAB','Eliminar Ficha','Vtiger','php','firstupdate'),(1519,'es_es','LBL_DASHBOARD_TAB_ALREADY_EXIST','Nombre De La Ficha Ya Existen','Vtiger','php','firstupdate'),(1520,'es_es','LBL_TABS_LIMIT_EXCEEDED','Lo siento! No se puede agregar m&aacute;s de 10 pesta&ntilde;as','Vtiger','php','firstupdate'),(1521,'es_es','LBL_TODOS','Actividades','Vtiger','php','edited'),(1522,'es_es','LBL_VIDEOS','Videos','Vtiger','php','firstupdate'),(1523,'es_es','LBL_SAME_TAG_EXISTS','Etiqueta duplicada existen','Vtiger','php','firstupdate'),(1524,'es_es','LBL_MAKE_PUBLIC','Hacer P&uacute;blica','Vtiger','php','firstupdate'),(1525,'es_es','LBL_PROFILE_PASSWORD','Perfil / Contrase&ntilde;a','Vtiger','php','firstupdate'),(1526,'es_es','LBL_CANT_MOVE_FROM_PUBLIC_TO_PRIVATE','No se puede ir de P&uacute;blico de la etiqueta Privada de la etiqueta.','Vtiger','php','firstupdate'),(1527,'es_es','LBL_EDIT_TAG','Editar Etiquetas','Vtiger','php','firstupdate'),(1528,'es_es','LBL_NO_TAG_EXISTS','No Existe La Etiqueta','Vtiger','php','firstupdate'),(1529,'es_es','LBL_HISTORY','Los puntos de contacto','Vtiger','php','firstupdate'),(1530,'es_es','LBL_KEY_FIELD','Campo De Clave','Vtiger','php','firstupdate'),(1531,'es_es','LBL_NAME_EMAIL','Nombre y Correo electr&oacute;nico','Vtiger','php','firstupdate'),(1532,'es_es','LBL_PLEASE_SELECT_MODULE','Por favor, seleccione cualquier m&oacute;dulo de b&uacute;squeda','Vtiger','php','firstupdate'),(1533,'es_es','LBL_IS_REMOVED','se Quita','Vtiger','php','firstupdate'),(1534,'es_es','LBL_REASON_FOR_CHANGING_COMMENT','Raz&oacute;n para cambiar el comentario','Vtiger','php','firstupdate'),(1535,'es_es','LBL_APPLBL_NONEROVE','Aprobar','Vtiger','php','firstupdate'),(1536,'es_es','LBL_ITEM','Elemento','Vtiger','php','firstupdate'),(1537,'es_es','Add Note','A&ntilde;adir Documento','Vtiger','php','firstupdate'),(1538,'es_es','LBL_form','de','Vtiger','php','firstupdate'),(1539,'es_es','LBL_DAY(S','d&iacute;a(s','Vtiger','php','firstupdate'),(1540,'es_es','LBL_HOUR(S','hora(s','Vtiger','php','firstupdate'),(1541,'es_es','LBL_NOTEPAD','El bloc de notas','Vtiger','php','firstupdate'),(1542,'es_es','LBL_NOTEPAD_NAME','El Bloc De Notas Nombre','Vtiger','php','firstupdate'),(1543,'es_es','LBL_NOTEPAD_CONTENT','El Bloc De Notas De Contenido','Vtiger','php','firstupdate'),(1544,'es_es','LBL_LAST_SAVED_ON','Guardado en','Vtiger','php','firstupdate'),(1545,'es_es','Notebook','El bloc de notas','Vtiger','php','firstupdate'),(1546,'es_es','LBL_MY','Mi','Vtiger','php','firstupdate'),(1547,'es_es','LBL_IS_EMPTY','est&aacute; vac&iacute;o','Vtiger','php','firstupdate'),(1548,'es_es','LBL_MODIFIED','Modificado','Vtiger','php','firstupdate'),(1549,'es_es','Funnel Amount','Monto Total por etapa de Ventas','Vtiger','php','firstupdate'),(1550,'es_es','LBL_TYPE_AND_SEARCH','El tipo y la B&uacute;squeda de','Vtiger','php','firstupdate'),(1551,'es_es','LBL_CUSTOMIZE','Personalizar:','Vtiger','php','firstupdate'),(1552,'es_es','LBL_LABELS','Etiquetas','Vtiger','php','firstupdate'),(1553,'es_es','LBL_WORKFLOWS','Los flujos de trabajo','Vtiger','php','firstupdate'),(1554,'es_es','LBL_PICKLIST','Las listas de selecci&oacute;n','Vtiger','php','firstupdate'),(1555,'es_es','Open Ticktes','Tickets Abiertos','Vtiger','php','firstupdate'),(1556,'es_es','LBL_BLANK','-En blanco-','Vtiger','php','firstupdate'),(1557,'es_es','Reminder Interval','Emergente Intervalo Del Recordatorio','Vtiger','php','firstupdate'),(1558,'es_es','LBL_ACTION','Acci&oacute;n','Vtiger','php','firstupdate'),(1559,'es_es','LBL_OPERATION_NOT_PERMITTED','La operaci&oacute;n no permitida','Vtiger','php','firstupdate'),(1560,'es_es','LBL_MERGE','Combinaci&oacute;n de','Vtiger','php','firstupdate'),(1561,'es_es','LBL_MERGING_CRITERIA_SELECTION','La Fusi&oacute;n De Los Criterios De Selecci&oacute;n','Vtiger','php','firstupdate'),(1562,'es_es','LBL_AVAILABLE_FIELDS','Campos Disponibles','Vtiger','php','firstupdate'),(1563,'es_es','LBL_MERGE_RECORDS_DESCRIPTION','El registro principal se mantendr&aacute; despu&eacute;s de la combinaci&oacute;n. Usted puede seleccionar la columna a conservar los valores.\nEl otro registro ser&aacute; eliminado, pero la informaci&oacute;n relacionada con fusionar&aacute;n.','Vtiger','php','firstupdate'),(1564,'es_es','LBL_MERGE_RECORDS_IN','Combinar Registros En','Vtiger','php','firstupdate'),(1565,'es_es','LBL_FIELDS','Campos','Vtiger','php','firstupdate'),(1566,'es_es','LBL_RECORD','Registro','Vtiger','php','firstupdate'),(1567,'es_es','LBL_NO_DUPLICATED_FOUND','Sin duplicados encontrados','Vtiger','php','firstupdate'),(1568,'es_es','LBL_MERGE_SELECT','Combinaci&oacute;n De Seleccionar','Vtiger','php','firstupdate'),(1569,'es_es','LBL_BACK_TO_PRODUCTS','Volver a los productos','Vtiger','php','firstupdate'),(1570,'es_es','LBL_IGNORE_EMPTY_VALUES','Ignorar los valores vac&iacute;os','Vtiger','php','firstupdate'),(1571,'es_es','LBL_ASSIGNED_TO','Asignado A','Vtiger','php','firstupdate'),(1572,'es_es','LBL_LEFT_PANEL_SHOW_HIDE','El Panel De La Izquierda Mostrar/Ocultar','Vtiger','php','firstupdate'),(1573,'es_es','LBL_PASSWORD_LINK_EXPIRED_OR_INVALID_PASSWORD','Enlace de contrase&ntilde;a ha caducado o se ha introducido la contrase&ntilde;a no v&aacute;lida','Vtiger','php','firstupdate'),(1574,'es_es','SMSNotifier','SMS Notifier','Vtiger','php','firstupdate'),(1575,'es_es','LBL_NO_MORE_RESULTS','No hay m&aacute;s resultados!','Vtiger','php','firstupdate'),(1576,'es_es','LBL_CLICK_TO_EDIT','Haga clic en editar','Vtiger','php','firstupdate'),(1577,'es_es','LBL_SIGNATURE_BLOCK','Firma','Vtiger','php','firstupdate'),(1578,'es_es','LBL_BASIC_INFORMATION','Informaci&oacute;n B&aacute;sica','Vtiger','php','firstupdate'),(1579,'es_es','LBL_PREF_RESET_MESSAGE','El destinatario de preferencias de correo electr&oacute;nico ha sido restablecer!','Vtiger','php','firstupdate'),(1580,'es_es','LBL_COMPANY_DETAILS','Datos De La Empresa','Vtiger','php','firstupdate'),(1581,'es_es','COMPANY_LOGO_HELP_TEXT','Por favor, sube tu hermoso logotipo de la empresa. &lt;br / &gt;Adem&aacute;s de mostrar el logotipo de su empresa en su CRM,&lt;br&gt;\nel nombre de su empresa y los detalles de la direcci&oacute;n se utilizan en &lt;br / &gt;Campa&ntilde;as de Correo ele','Vtiger','php','firstupdate'),(1582,'es_es','COMPANY_LOGO_HELP_TEXT_2','Usted puede editar los detalles de la empresa despu&eacute;s de &lt;br&gt;\n&#039;CRM Ajustes &gt; Plantillas &gt; datos de la Empresa&#039; de la p&aacute;gina','Vtiger','php','firstupdate'),(1583,'es_es','LBL_CHOOSE_PREFERENCES','Elija sus Preferencias','Vtiger','php','firstupdate'),(1584,'es_es','PREFERENCES_HELP_TEXT','Moneda Base - Elija su moneda principal. Si utiliza m&uacute;ltiples&lt;br / &gt; \nmonedas, todos los valores se convierten a la moneda base y almacenados,&lt;br&gt;\nutilizando la tasa de conversi&oacute;n configurado en CRM.','Vtiger','php','firstupdate'),(1585,'es_es','PREFERENCES_HELP_TEXT_2','Las preferencias personales pueden ser configurados por cada usuario en su equipo.&lt;br&gt;\nEstos incluyen zona Horaria, Idioma, Formato de Fecha, Formato de N&uacute;mero.&lt;br&gt;\nEl Formato del n&uacute;mero de referencias se utilizan para Monedas y ','Vtiger','php','firstupdate'),(1586,'es_es','LBL_CANNOT_BE_CHANGED_LATER','No se puede cambiar m&aacute;s adelante','Vtiger','php','firstupdate'),(1587,'es_es','IMPORT_CONTACTS_GOOGLE_HELP_TEXT','Podemos llevar los contactos de Google y &lt;br / &gt; tambi&eacute;n se puede habilitar la bi-direcci&oacute;n de sincronizaci&oacute;n para mantener a nuestros&lt;br&gt;\nVtiger contactos y los contactos de Google(en el grupo seleccionado actualizado.&lt','Vtiger','php','firstupdate'),(1588,'es_es','IMPORT_CONTACTS_CSV_HELP_TEXT','Usted puede importar Contactos desde un archivo CSV.','Vtiger','php','firstupdate'),(1589,'es_es','IMPORT_CONTACTS_CSV_HELP_TEXT2','Para la Importaci&oacute;n de Oportunidades, clientes potenciales, Boletos, favor de buscar Acciones &gt; bot&oacute;n Importar en cualquiera de los\nlas vistas de lista.','Vtiger','php','firstupdate'),(1590,'es_es','LBL_DOEST_FIRST_ROW_HEADER','&iquest;La primera fila del archivo contiene los encabezados de columna?','Vtiger','php','firstupdate'),(1591,'es_es','LBL_SELECT_CSV_FILE','Seleccione el archivo CSV','Vtiger','php','firstupdate'),(1592,'es_es','LBL_START_IMPORTING','Empezar A Importar','Vtiger','php','firstupdate'),(1593,'es_es','LBL_PRIMARY','Primaria','Vtiger','php','firstupdate'),(1594,'es_es','LBL_GOOGLE_SYNC_INTIATED_MSG','Su importaci&oacute;n est&aacute; programada, Sus contactos se importar&aacute;n poco.&lt;br&gt; Continuar con el paso Siguiente no se va a interrumpir la importaci&oacute;n.','Vtiger','php','firstupdate'),(1595,'es_es','LBL_IMPORT_SYNC_INTIATED_MSG','Su importaci&oacute;n est&aacute; en progreso. Usted recibir&aacute; un correo electr&oacute;nico cuando la importaci&oacute;n se ha completado.&lt;br&gt; Continuar con el paso Siguiente no se va a interrumpir la importaci&oacute;n.','Vtiger','php','firstupdate'),(1596,'es_es','LBL_TELL_US_ABOUT_YOU','Nos ayuda por que nos dice acerca de su Empresa','Vtiger','php','firstupdate'),(1597,'es_es','TELL_US_ABOUT_YOU_HELP_TEXT','Seguimos haciendo mejoras a la CRM, y &lt;br / &gt;\nconocer a nuestros usuarios una mejor nos ayudar&aacute; a priorizar las mejoras.','Vtiger','php','firstupdate'),(1598,'es_es','TELL_US_ABOUT_YOU_HELP_TEXT_2','Los datos presentados aqu&iacute; no ser&aacute; revelada a nadie &lt;Br / &gt;\nfuera de Vtiger.','Vtiger','php','firstupdate'),(1599,'es_es','LBL_IMPORT_CONTACTS','Importaci&oacute;n De Contactos','Vtiger','php','firstupdate'),(1600,'es_es','LBL_FROM_GOOGLE','De Google','Vtiger','php','firstupdate'),(1601,'es_es','LBL_FROM_CSV','A partir de ficheros CSV','Vtiger','php','firstupdate'),(1602,'es_es','LBL_GET_CONTACTS_FROM_GOOGLE','Obtener Contactos De Google','Vtiger','php','firstupdate'),(1603,'es_es','LBL_PHONE_NUMBER','N&uacute;mero De Tel&eacute;fono','Vtiger','php','firstupdate'),(1604,'es_es','LBL_NUMBER_OF_EMPLOYEES','N&uacute;mero de Empleados','Vtiger','php','firstupdate'),(1605,'es_es','LBL_INDUSTRY','La industria','Vtiger','php','firstupdate'),(1606,'es_es','LBL_HELP_DESK_EMAIL_HELP_TEXT','De entradas relacionadas con el env&iacute;o de notificaciones de esta direcci&oacute;n de Correo electr&oacute;nico','Vtiger','php','firstupdate'),(1607,'es_es','LBL_SOCIAL_DETAILS','Enlace a las redes sociales para encontrar nuevos clientes, y responder a las consultas','Vtiger','php','firstupdate'),(1608,'es_es','LBL_SOCIAL_AUTHORIZE_HELP','Conectar con tu compa&ntilde;&iacute;a cuenta de twitter para publicar sus mensajes y pista de compromiso','Vtiger','php','firstupdate'),(1609,'es_es','LBL_SOCIAL_AUTHORIZE','Conectar con Twitter','Vtiger','php','firstupdate'),(1610,'es_es','LBL_SOCIAL_LINKED','Su Vtiger ahora est&aacute; vinculado a la','Vtiger','php','firstupdate'),(1611,'es_es','LBL_ENTER_KEYWORDS_HELP','Vtiger escanear twitter y buscar mensajes con estas palabras','Vtiger','php','firstupdate'),(1612,'es_es','LBL_ENTER_KEYWORDS','Introduzca Las Palabras Clave','Vtiger','php','firstupdate'),(1613,'es_es','LBL_ADD_CASE_CONTACT','Agregar Caso + De Contacto','Vtiger','php','firstupdate'),(1614,'es_es','LBL_VIEW_CASE','Ver Caso','Vtiger','php','firstupdate'),(1615,'es_es','Source','Fuente','Vtiger','php','firstupdate'),(1616,'es_es','LBL_CLICK_HERE_TO_SELECT_ALL_RECORDS','Seleccionar todos los registros en esta p&aacute;gina','Vtiger','php','firstupdate'),(1617,'es_es','LBL_CLICK_HERE_TO_MANAGE_LIST_COLUMNS','Haga clic aqu&iacute; para administrar las columnas de la Lista','Vtiger','php','firstupdate'),(1618,'es_es','LBL_SHOW_MORE','Mostrar m&aacute;s','Vtiger','php','firstupdate'),(1619,'es_es','LBL_DISPLAYING_RESULTS','Visualizaci&oacute;n De Resultados','Vtiger','php','firstupdate'),(1620,'es_es','LBL_ADD_STAR','A&ntilde;adir Estrella','Vtiger','php','firstupdate'),(1621,'es_es','LBL_REMOVE_STAR','Quitar Estrellas','Vtiger','php','firstupdate'),(1622,'es_es','LBL_UPDATE_LIST','Actualizaci&oacute;n De La Lista De','Vtiger','php','firstupdate'),(1623,'es_es','LBL_SHARE_THIS_LIST','Compartir la lista','Vtiger','php','firstupdate'),(1624,'es_es','LBL_ADD_USERS_ROLES','Agregar Usuarios, Roles...','Vtiger','php','firstupdate'),(1625,'es_es','LBL_LISTS','Las listas de','Vtiger','php','firstupdate'),(1626,'es_es','LBL_SEARCH_FOR_LIST','B&uacute;squeda por Lista','Vtiger','php','firstupdate'),(1627,'es_es','LBL_MY_LIST','Mi Lista','Vtiger','php','firstupdate'),(1628,'es_es','LBL_SHARED_LIST','Lista Compartida','Vtiger','php','firstupdate'),(1629,'es_es','LBL_MERGE_SELECTED_RECORDS','Combinaci&oacute;n de registros seleccionados','Vtiger','php','firstupdate'),(1630,'es_es','LBL_MATCH_CRITERIA','Duplicar Criterios De B&uacute;squeda','Vtiger','php','firstupdate'),(1631,'es_es','LBL_MATCH_FIELDS','Partido Campos','Vtiger','php','firstupdate'),(1632,'es_es','LBL_EDIT_CUSTOM','Editar La Lista','Vtiger','php','firstupdate'),(1633,'es_es','LBL_SHOW_MAP','Ver Mapa','Vtiger','php','firstupdate'),(1634,'es_es','LBL_ADD_TAB','Agregar Ficha','Vtiger','php','firstupdate'),(1635,'es_es','LBL_TAB_NAME','El Nombre De La Pesta&ntilde;a','Vtiger','php','firstupdate'),(1636,'es_es','LBL_SHARED_TAGS_ACCESS','Etiquetas compartidas son accesibles por todos los usuarios en Vtiger','Vtiger','php','firstupdate'),(1637,'es_es','LBL_GOTO_TAGS','Vaya a Configuraci&oacute;n &gt; preferencias &gt; Mis Etiquetas para Editar o Borrar tus etiquetas privadas','Vtiger','php','firstupdate'),(1638,'es_es','LBL_UNLINK','Desvincular','Vtiger','php','firstupdate'),(1639,'es_es','LBL_SWITCH_TO_OLD','Cambiar a la versi&oacute;n anterior','Vtiger','php','firstupdate'),(1640,'es_es','LBL_CONFIG_COLUMNS','Configurar Columnas','Vtiger','php','firstupdate'),(1641,'es_es','LBL_SELECTED_FIELDS','Los Campos Seleccionados','Vtiger','php','firstupdate'),(1642,'es_es','LBL_SEARCH_FIELDS','Campos De B&uacute;squeda','Vtiger','php','firstupdate'),(1643,'es_es','ExtensionStore','Extensiones De La Tienda','Vtiger','php','firstupdate'),(1644,'es_es','LBL_CREATE_LIST','Crear una Nueva Lista','Vtiger','php','firstupdate'),(1645,'es_es','sent','Enviado','Vtiger','php','firstupdate'),(1646,'es_es','LBL_RECENT_COMMENTS','Comentarios Recientes','Vtiger','php','firstupdate'),(1647,'es_es','LBL_ENGAGEMENT_HISTORY','Punto De Contacto De La Historia','Vtiger','php','firstupdate'),(1648,'es_es','LBL_NO_ENGAGEMENTS_FOUND','No relacionados con los puntos de contacto','Vtiger','php','firstupdate'),(1649,'es_es','LBL_MARKETING','MARKETING','Vtiger','php','firstupdate'),(1650,'es_es','LBL_SALES','VENTAS','Vtiger','php','firstupdate'),(1651,'es_es','LBL_PROJECT','PROYECTOS','Vtiger','php','firstupdate'),(1652,'es_es','LBL_TAGS','Etiquetas','Vtiger','php','firstupdate'),(1653,'es_es','LBL_SHARE_TAGS','Etiquetas P&uacute;blicas','Vtiger','php','firstupdate'),(1654,'es_es','LBL_SHARE_TAG','Compartir Etiqueta','Vtiger','php','firstupdate'),(1655,'es_es','LBL_TAG_FOR','Etiqueta Para %s','Vtiger','php','firstupdate'),(1656,'es_es','LBL_CURRENT_TAGS','Etiquetas','Vtiger','php','firstupdate'),(1657,'es_es','LBL_CREATE_NEW_TAG','Crear nueva etiqueta','Vtiger','php','firstupdate'),(1658,'es_es','LBL_ADD_TAG','A&ntilde;adir Etiqueta','Vtiger','php','firstupdate'),(1659,'es_es','LBL_REMOVE_TAG','Quitar La Etiqueta De','Vtiger','php','firstupdate'),(1660,'es_es','LBL_TAG_SEPARATOR_DESC','Utilice comas para separar varias etiquetas','Vtiger','php','firstupdate'),(1661,'es_es','LBL_ENTER_TAG_NAME','Introduzca el nombre de la etiqueta','Vtiger','php','firstupdate'),(1662,'es_es','LBL_ADD_NEW_TAG','A&ntilde;adir Etiqueta','Vtiger','php','firstupdate'),(1663,'es_es','LBL_SELECT_EXISTING_TAG','Escriba aqu&iacute; para seleccionar una etiqueta existente','Vtiger','php','firstupdate'),(1664,'es_es','LBL_ADD_OR_SELECT_TAG','Agregar O Seleccione La Etiqueta','Vtiger','php','firstupdate'),(1665,'es_es','LBL_SELECT_FROM_AVAIL_TAG','Seleccionar de la lista de etiquetas','Vtiger','php','firstupdate'),(1666,'es_es','LBL_MARKET_PLACE','Mercado','Vtiger','php','firstupdate'),(1667,'es_es','EmailTemplates','Plantillas De Correo Electr&oacute;nico','Vtiger','php','firstupdate'),(1668,'es_es','LBL_BILLING','Facturaci&oacute;n','Vtiger','php','firstupdate'),(1669,'es_es','LBL_ENABLED','Habilitado','Vtiger','php','firstupdate'),(1670,'es_es','LBL_CREATE_FILTER','Crear Un Filtro','Vtiger','php','firstupdate'),(1671,'es_es','LBL_IS','es','Vtiger','php','firstupdate'),(1672,'es_es','LBL_UPLOAD','Subir','Vtiger','php','firstupdate'),(1673,'es_es','LBL_ATTACH_FILES','Adjuntar Archivos','Vtiger','php','firstupdate'),(1674,'es_es','LBL_KEY_FIELDS','Los Campos De Clave','Vtiger','php','firstupdate'),(1675,'es_es','LBL_ADD_TODO','A&ntilde;adir Tarea','Vtiger','php','firstupdate'),(1676,'es_es','LBL_VIEW_DETAILS','Ver Detalles','Vtiger','php','firstupdate'),(1677,'es_es','LBL_HAPPENED_ON','Sucedi&oacute; En','Vtiger','php','firstupdate'),(1678,'es_es','LBL_HAPPENED','Sucedi&oacute;','Vtiger','php','firstupdate'),(1679,'es_es','LBL_TYPE','Tipo de','Vtiger','php','firstupdate'),(1680,'es_es','LBL_CUSTOMER','Relativa A La','Vtiger','php','firstupdate'),(1681,'es_es','LBL_ENGAGEMENTS','Los puntos de contacto','Vtiger','php','firstupdate'),(1682,'es_es','LBL_PLEASE_SELECT_ATLEAST_ONE_OPTION','Por favor, seleccione al menos una opci&oacute;n','Vtiger','php','firstupdate'),(1683,'es_es','LBL_GOOGLE_MAP','Mapa De Google','Vtiger','php','firstupdate'),(1684,'es_es','LBL_KEY_METRICS','M&eacute;tricas Clave','Vtiger','php','firstupdate'),(1685,'es_es','LBL_MODULE','M&oacute;dulo','Vtiger','php','firstupdate'),(1686,'es_es','LBL_IS_DEFAULT','Plantilla Predeterminada','Vtiger','php','firstupdate'),(1687,'es_es','LBL_SELECT_RECORD_FIELD','Seleccione El Campo De Registro','Vtiger','php','firstupdate'),(1688,'es_es','LBL_PREVIEW','Vista previa','Vtiger','php','firstupdate'),(1689,'es_es','LBL_UNLINKED','Desvinculado','Vtiger','php','firstupdate'),(1690,'es_es','LBL_FOLLOW','Siga','Vtiger','php','firstupdate'),(1691,'es_es','LBL_UNFOLLOW','Dejar de seguir','Vtiger','php','firstupdate'),(1692,'es_es','Any','Cualquier','Vtiger','php','firstupdate'),(1693,'es_es','LBL_NA','-NA-','Vtiger','php','firstupdate'),(1694,'es_es','LBL_DISABLED','Movilidad','Vtiger','php','firstupdate'),(1695,'es_es','LBL_HELP_ANSWERS','Respuestas','Vtiger','php','firstupdate'),(1696,'es_es','LBL_HELP_ARTICLES','Art&iacute;culos','Vtiger','php','firstupdate'),(1697,'es_es','LBL_HELP_TOUR','Tour','Vtiger','php','firstupdate'),(1698,'es_es','LBL_NO_HELP_ARTICLE_FOUND','Lo sentimos, no hay Art&iacute;culo','Vtiger','php','firstupdate'),(1699,'es_es','LBL_HELP_SEARCH','Ayuda En La B&uacute;squeda De','Vtiger','php','firstupdate'),(1700,'es_es','LBL_HELP_BROWSE_ALL','Navegar por todos','Vtiger','php','firstupdate'),(1701,'es_es','LBL_EXPORT_FILE_NAME','Nombre De Archivo De Exportaci&oacute;n','Vtiger','php','firstupdate'),(1702,'es_es','LBL_EXTENSION_NOT_ALLOWED_FOR_NONADMIN','%s de Sincronizaci&oacute;n solo se permite la administraci&oacute;n de usuarios','Vtiger','php','firstupdate'),(1703,'es_es','SINGLE_Invoice','Factura','Vtiger','php','firstupdate'),(1704,'es_es','SINGLE_SalesOrder','De Orden De Las Ventas','Vtiger','php','firstupdate'),(1705,'es_es','SINGLE_PurchaseOrder','Orden De Compra','Vtiger','php','firstupdate'),(1706,'es_es','SINGLE_Quotes','Cita','Vtiger','php','firstupdate'),(1707,'es_es','LBL_POST_YOUR_COMMENT_HERE','Publique su comentario aqu&iacute;','Vtiger','php','firstupdate'),(1708,'es_es','LBL_CLICK_TO_CALL','Haga clic para Llamar','Vtiger','php','firstupdate'),(1709,'es_es','LBL_SHOW_TOTAL_NUMBER_OF_RECORDS','Haga clic en para obtener el total de registro de cuenta','Vtiger','php','firstupdate'),(1710,'es_es','LBL_GENERAL_FIELDS','General Campos','Vtiger','php','firstupdate'),(1711,'es_es','LBL_ROLL_UP','Rollo','Vtiger','php','firstupdate'),(1712,'es_es','LBL_TOUCH_POINTS','Los puntos de contacto','Vtiger','php','firstupdate'),(1713,'es_es','LBL_EMAIL_SUPPORT','Soporte Por Correo Electr&oacute;nico','Vtiger','php','firstupdate'),(1714,'es_es','LBL_NO_ENTITIES_FOUND','No %s encontrado','Vtiger','php','firstupdate'),(1715,'es_es','LBL_LIST_VIEW','La Vista De Lista','Vtiger','php','firstupdate'),(1716,'es_es','LBL_THUMBNAIL_VIEW','Vista En Miniatura','Vtiger','php','firstupdate'),(1717,'es_es','LBL_CHART_VIEW','Vista De Gr&aacute;fico','Vtiger','php','firstupdate'),(1718,'es_es','LBL_DAY(S)','d&iacute;a(s)','Vtiger','php','firstupdate'),(1719,'es_es','LBL_HOUR(S)','hora(s)','Vtiger','php','firstupdate'),(1720,'es_es','LBL_SLA_INFORMATION','SLA Informaci&oacute;n','Vtiger','php','firstupdate'),(1721,'es_es','LBL_TO_USE_SWITCH_TO_NEW_LOOK','Para utilizar &lt;b&gt;%s&lt;/b&gt;, se recomienda cambiar a nuevo look.','Vtiger','php','firstupdate'),(1722,'es_es','LBL_DELETE_USER_CONFIRMATION','Cuando se elimina un usuario, el usuario ser&aacute; marcado como &quot;inactivo&quot; y no hay nuevos registros pueden ser asignados al usuario, y el usuario no ser&aacute; capaz de iniciar sesi&oacute;n. &iquest;Estas seguro que quieres borrarlo?','Vtiger','php','firstupdate'),(1723,'es_es','LBL_CREANTIS','Configuraci&oacute;n Creantis','Vtiger','php','firstupdate'),(1724,'es_es','JS_EMAIL_SERVER_CONFIGURATION','Por favor, configura el servidor de correo saliente en la secci&oacute;n de configuraci&oacute;n','Vtiger','js','firstupdate'),(1725,'es_es','JS_SMS_SERVER_CONFIGURATION','Por favor, configura los datos de acceso a tu proveedor de servicio SMS en configuraci&oacute;n del m&oacute;dulo','Vtiger','js','firstupdate'),(1726,'es_es','JS_PLEASE_SELECT_ONE_RECORD','Por favor, selecciona al menos un registro','Vtiger','js','firstupdate'),(1727,'es_es','JS_PLEASE_ENTER_VALID_EMAIL_ADDRESS','Por favor, introduce una Cuenta de correo v&aacute;lida','Vtiger','js','firstupdate'),(1728,'es_es','JS_CONTAINS_ILLEGAL_CHARACTERS','contiene caracteres inv&aacute;lidos','Vtiger','js','firstupdate'),(1729,'es_es','JS_PHONE_NUMBER_LENGTH_EXCEEDED','n&uacute;mero de tel&eacute;fono demasiado largo','Vtiger','js','firstupdate'),(1730,'es_es','JS_ACCEPT_POSITIVE_NUMBER','admite solo valores positivos','Vtiger','js','firstupdate'),(1731,'es_es','JS_VALUE_SHOULD_BE_GREATER_THAN_ZERO','el valor debe ser superior a cero','Vtiger','js','firstupdate'),(1732,'es_es','INVALID_NUMBER_OF','N&uacute;mero inv&aacute;lido','Vtiger','js','firstupdate'),(1733,'es_es','JS_LBL_ARE_YOU_SURE_YOU_WANT_TO_DELETE','&iquest;Est&aacute;s seguro que quieres eliminar?','Vtiger','js','firstupdate'),(1734,'es_es','OVERWRITE_EXISTING_MSG1','&iquest;Sobrescribir la direcci&oacute;n existente con la direcci&oacute;n seleccionada?','Vtiger','js','firstupdate'),(1735,'es_es','OVERWRITE_EXISTING_MSG2','Detalles Direcci&oacute;n','Vtiger','js','firstupdate'),(1736,'es_es','SINGLE_Accounts','Cuenta','Vtiger','js','firstupdate'),(1737,'es_es','LBL_DELETE_CONFIRMATION','&iquest;Est&aacute;s seguro que quieres eliminar?','Vtiger','js','firstupdate'),(1738,'es_es','LBL_MASS_DELETE_CONFIRMATION','&iquest;Est&aacute;s seguro que quieres eliminar los registros seleccionados?','Vtiger','js','firstupdate'),(1739,'es_es','JS_LBL_SAVE','Guardar','Vtiger','js','firstupdate'),(1740,'es_es','JS_LBL_CANCEL','Cancelar','Vtiger','js','firstupdate'),(1741,'es_es','SHOULD_BE_LESS_THAN_TODAY','Tiene que ocurrir antes de hoy','Vtiger','js','firstupdate'),(1742,'es_es','JS_PLEASE_SELECT_ATLEAST_ONE_OPTION','Por favor, selecciona al menos una opci&oacute;n','Vtiger','js','firstupdate'),(1743,'es_es','JS_SELECT_MODULE','Por favor, selecciona m&oacute;dulo','Vtiger','js','firstupdate'),(1744,'es_es','JS_PLEASE_SELECT_ATLEAST_ONE_MANDATORY_FIELD','Por favor, selecciona al menos una campo obligatorio','Vtiger','js','firstupdate'),(1745,'es_es','JS_PLEASE_ENTER_INTEGER_VALUE','Por favor, introduce un valor entero','Vtiger','js','firstupdate'),(1746,'es_es','JS_PLEASE_ENTER_DECIMAL_VALUE','Por favor, introduce un valor decimal','Vtiger','js','firstupdate'),(1747,'es_es','JS_PLEASE_ENTER_POSITIVE_DECIMAL_VALUE','Por favor introduce el valor decimal positivo','Vtiger','js','firstupdate'),(1748,'es_es','JS_SHOULD_BE_LESS_THAN_CURRENT_DATE','debe ser menor que la fecha actual','Vtiger','js','firstupdate'),(1749,'es_es','JS_SHOULD_BE_GREATER_THAN_CURRENT_DATE','debe ser mayor que la fecha actual','Vtiger','js','firstupdate'),(1750,'es_es','JS_SHOULD_BE_GREATER_THAN_OR_EQUAL_TO','debe ser mayor que o igual a','Vtiger','js','firstupdate'),(1751,'es_es','JS_FAILED_TO_SAVE','No se han podido guardar los cambios','Vtiger','js','firstupdate'),(1752,'es_es','JS_IMPORT_FILE_CAN_NOT_BE_EMPTY','El fichero a importar no puede estar vac&iacute;o','Vtiger','js','firstupdate'),(1753,'es_es','JS_PLEASE_SELECT_ONE_FIELD_FOR_MERGE','Selecciona al menos un campo para la comparaci&oacute;n','Vtiger','js','firstupdate'),(1754,'es_es','JS_MAP_NAME_CAN_NOT_BE_EMPTY','El nombre de la asignaci&oacute;n no puede estar vac&iacute;o','Vtiger','js','firstupdate'),(1755,'es_es','JS_MAP_NAME_ALREADY_EXISTS','El nombre de la asignaci&oacute;n ya existe','Vtiger','js','firstupdate'),(1756,'es_es','JS_SELECT_FILE_EXTENSION','Por favor, selecciona un fichero con una de estas extensiones:','Vtiger','js','firstupdate'),(1757,'es_es','JS_UPLOADED_FILE_SIZE_SHOULD_BE_LESS_THAN','Tama&ntilde;o de fichero subido debe ser menor que','Vtiger','js','firstupdate'),(1758,'es_es','JS_UPLOADED_FILE_SIZE_EXCEEDS','Fichero subido es mayor que','Vtiger','js','firstupdate'),(1759,'es_es','JS_PLEASE_SPLIT_FILE_AND_IMPORT_AGAIN','Divide el fichero en varios m&aacute;s peque&ntilde;os e importa de nuevo.','Vtiger','js','firstupdate'),(1760,'es_es','JS_FIELD_MAPPED_MORE_THAN_ONCE','Campo asignado m&aacute;s de una vez','Vtiger','js','firstupdate'),(1761,'es_es','JS_MAP_MANDATORY_FIELDS','Por favor, asigna los campos obligatorios','Vtiger','js','firstupdate'),(1762,'es_es','JS_PLEASE_ENTER_SOME_VALUE','Por favor, introduce alg&uacute;n valor de b&uacute;squeda','Vtiger','js','firstupdate'),(1763,'es_es','JS_YOU_CAN_SELECT_ONLY','Solo puedes seleccionar','Vtiger','js','firstupdate'),(1764,'es_es','JS_ITEMS','elementos','Vtiger','js','firstupdate'),(1765,'es_es','JS_LBL_PERMISSION','Permisos','Vtiger','js','firstupdate'),(1766,'es_es','JS_CHECK_FILE_INTEGRITY','Comprobar integridad de este fichero','Vtiger','js','firstupdate'),(1767,'es_es','JS_DUPLICATE_RECORD','Registro Duplicado','Vtiger','js','firstupdate'),(1768,'es_es','JS_IS_ENABLED','esta habilitado','Vtiger','js','firstupdate'),(1769,'es_es','JS_IS_DISABLED','esta deshabilitado','Vtiger','js','firstupdate'),(1770,'es_es','JS_PLEASE_ENTER_SOME_TEXT_FOR_COMMENT','Por favor, introduce alg&uacute;n texto para el comentario','Vtiger','js','firstupdate'),(1771,'es_es','JS_LBL_COMMENT_VALUE_CANT_BE_EMPTY','El comentario no puede quedar vac&iacute;o','Vtiger','js','firstupdate'),(1772,'es_es','JS_REQUIRED_FIELD','* Este campo es obligatorio','Vtiger','js','firstupdate'),(1773,'es_es','JS_CAN_NOT_REMOVE_DEFAULT_WIDGET','No se puede quitar el widget por defecto','Vtiger','js','firstupdate'),(1774,'es_es','JS_NO_CREATE_OR_NOT_QUICK_CREATE_ENABLED','No tienes permiso de creaci&oacute;n o no est&aacute; disponible en la creaci&oacute;n r&aacute;pida','Vtiger','js','firstupdate'),(1775,'es_es','LBL_IMAGE_DELETED_SUCCESSFULLY','Se ha eliminado la imagen','Vtiger','js','firstupdate'),(1776,'es_es','LBL_IMAGE_NOT_DELETED','No se ha podido eliminar la imagen','Vtiger','js','firstupdate'),(1777,'es_es','AM','AM','Vtiger','js','firstupdate'),(1778,'es_es','PM','PM','Vtiger','js','firstupdate'),(1779,'es_es','JS_NUMBER_SHOULD_BE_LESS_THAN_32','El n&uacute;mero debe ser inferior a 32','Vtiger','js','firstupdate'),(1780,'es_es','JS_PLEASE_ENTER_VALID_DATE','Introduce una fecha v&aacute;lida','Vtiger','js','firstupdate'),(1781,'es_es','JS_PLEASE_ENTER_VALID_TIME','introduce una hora v&aacute;lida','Vtiger','js','firstupdate'),(1782,'es_es','JS_INVALID_PAGE_NUMBER','N&uacute;mero de P&aacute;gina Inv&aacute;lida','Vtiger','js','firstupdate'),(1783,'es_es','INVALID_NUMBER','N&uacute;mero Inv&aacute;lido','Vtiger','js','firstupdate'),(1784,'es_es','JS_SHOULD_BE_LESS_THAN_OR_EQUAL_TO','Debe ser menor o igual a','Vtiger','js','firstupdate'),(1785,'es_es','JS_CURRENT_DATE','Fecha actual','Vtiger','js','firstupdate'),(1786,'es_es','JS_PERCENTAGE_VALUE_SHOULD_BE_LESS_THAN_100','El porcentaje debe ser inferior a 100','Vtiger','js','firstupdate'),(1787,'es_es','JS_ACCEPT_ONLY_NUMBER','Acepta solo n&uacute;meros','Vtiger','js','firstupdate'),(1788,'es_es','JS_THIS_FILE_HAS_ALREADY_BEEN_SELECTED','Ya se ha seleccionado este Fichero','Vtiger','js','firstupdate'),(1789,'es_es','JS_MAX_FILE_UPLOAD_EXCEEDS','carga de ficheros m&aacute;xima excedido','Vtiger','js','firstupdate'),(1790,'es_es','JS_THIS_DOCUMENT_HAS_ALREADY_BEEN_SELECTED','Este Documento ya est&aacute; adjunto','Vtiger','js','firstupdate'),(1791,'es_es','JS_ERROR','Error','Vtiger','js','firstupdate'),(1792,'es_es','JS_INFORMATION','Informaci&oacute;n','Vtiger','js','firstupdate'),(1793,'es_es','JS_DO_NOT_HAVE_AN_EMAIL_ID','no tiene una direcci&oacute;n de email','Vtiger','js','firstupdate'),(1794,'es_es','NONE_OF_THE_FIELD_VALUES_ARE_CHANGED_IN_MASS_EDIT','Ninguno de los valores de los campos se han cambiado con la edici&oacute;n masiva','Vtiger','js','firstupdate'),(1795,'es_es','JS_PLEASE_SELECT_AN_ACCOUNT_TO_COPY_ADDRESS','Selecciona una Cuenta para copiar la direcci&oacute;n','Vtiger','js','firstupdate'),(1796,'es_es','JS_PLEASE_SELECT_AN_CONTACT_TO_COPY_ADDRESS','Selecciona un contacto para copiar la direcci&oacute;n','Vtiger','js','firstupdate'),(1797,'es_es','JS_SELECTED_ACCOUNT_DOES_NOT_HAVE_AN_ADDRESS','La Cuenta seleccionada no tiene una direcci&oacute;n para copiar','Vtiger','js','firstupdate'),(1798,'es_es','JS_SELECTED_CONTACT_DOES_NOT_HAVE_AN_ADDRESS','El contacto seleccionada no tiene una direcci&oacute;n para copiar','Vtiger','js','firstupdate'),(1799,'es_es','JS_PLEASE_ENTER_PRIMARY_EMAIL_VALUE_TO_ENABLE_PORTAL_USER','Has de introducir el email primario para habilitar el portal del cliente','Vtiger','js','firstupdate'),(1800,'es_es','JS_PRIMARY_EMAIL_FIELD_DOES_NOT_EXISTS','El email primario no existe, para habilitar el portal del cliente','Vtiger','js','firstupdate'),(1801,'es_es','JS_PLEASE_ENTER_A_TAG','Introduce una etiqueta','Vtiger','js','firstupdate'),(1802,'es_es','JS_TAG_NAME_ALREADY_EXIST','Etiqueta ya existe','Vtiger','js','firstupdate'),(1803,'es_es','JS_MAX_TAG_LENGTH_EXCEEDS','Etiqueta demasiado larga','Vtiger','js','firstupdate'),(1804,'es_es','JS_NO_RECORDS_RELATED_TO_THIS_FILTER','No hay registros asociados a este filtro','Vtiger','js','firstupdate'),(1805,'es_es','JS_START_DATE_TIME','Fecha y Hora de Inicio','Vtiger','js','firstupdate'),(1806,'es_es','JS_END_DATE_TIME','Fecha y Hora de Fin','Vtiger','js','firstupdate'),(1807,'es_es','JS_POSTPONE','Posponer','Vtiger','js','firstupdate'),(1808,'es_es','JS_MESSAGE','Mensaje','Vtiger','js','firstupdate'),(1809,'es_es','JS_MASS_EDIT_LIMIT','Operaci&oacute;n Editar Misa se puede hacer en 500 o menos registros a la vez','Vtiger','js','firstupdate'),(1810,'es_es','JS_NO_VIEW_PERMISSION_AFTER_SAVE','No tendr&aacute;s permiso para ver este expediente despu&eacute;s de guardar. &iquest;Quieres continuar?','Vtiger','js','firstupdate'),(1811,'es_es','JS_SUCCESSFULLY_PINNED','Se ha a&ntilde;adido el acceso directo','Vtiger','js','firstupdate'),(1812,'es_es','JS_SUCCESSFULLY_UNPINNED','Se ha eliminado el acceso directo','Vtiger','js','firstupdate'),(1813,'es_es','JS_SHORTCUT_ALREADY_ADDED','Este acceso directo ya existe','Vtiger','js','firstupdate'),(1814,'es_es','JS_MODULE_ENABLED','M&oacute;dulo Habilitado','Vtiger','js','firstupdate'),(1815,'es_es','JS_MODULE_DISABLED','M&oacute;dulo Deshabilitado','Vtiger','js','firstupdate'),(1816,'es_es','JS_VALUE_SHOULD_NOT_BE_LESS_THAN','La frecuencia de cualquier tarea programada no debe ser inferior a','Vtiger','js','firstupdate'),(1817,'es_es','JS_MINUTES','mins','Vtiger','js','firstupdate'),(1818,'es_es','JS_ITEM_RENAMED_SUCCESSFULLY','Se ha renombrado el elemento','Vtiger','js','firstupdate'),(1819,'es_es','JS_ITEM_ADDED_SUCCESSFULLY','Se ha a&ntilde;adido el elemento','Vtiger','js','firstupdate'),(1820,'es_es','JS_NO_ITEM_SELECTED','No se ha seleccionado ning&uacute;n elemento','Vtiger','js','firstupdate'),(1821,'es_es','JS_MORE_THAN_ONE_ITEM_SELECTED','M&aacute;s de un elemento seleccionado','Vtiger','js','firstupdate'),(1822,'es_es','JS_ITEMS_DELETED_SUCCESSFULLY','Se ha eliminado el elemento','Vtiger','js','firstupdate'),(1823,'es_es','JS_DUPLICATE_ENTRIES_FOUND_FOR_THE_VALUE','Se han encontrado entradas duplicadas para este valor','Vtiger','js','firstupdate'),(1824,'es_es','JS_PASSWORD_INCORRECT_OLD','Contrase&ntilde;a actual incorrecta. Introduce de nuevo la informaci&oacute;n de las contrase&ntilde;as.','Vtiger','js','firstupdate'),(1825,'es_es','JS_PASSWORD_CHANGED_SUCCESSFULLY','Se ha cambiado la contrase&ntilde;a correctamente.','Vtiger','js','firstupdate'),(1826,'es_es','JS_REENTER_PASSWORDS','Renter Passwords','Vtiger','js','firstupdate'),(1827,'es_es','JS_RECORDS_TRANSFERRED_SUCCESSFULLY','Records ownership transferred successfully.','Vtiger','js','firstupdate'),(1828,'es_es','JS_USER_EXISTS','User Already Exists','Vtiger','js','firstupdate'),(1829,'es_es','LBL_SIGN_IN_AS_USER','Logging in as another user will terminate the current session. Are you sure want to continue?','Vtiger','js','firstupdate'),(1830,'es_es','JS_MAX_RECORDS_LIMIT','N&uacute;mero m&aacute;ximo de registros para la selecci&oacute;n es:','Vtiger','js','firstupdate'),(1831,'es_es','JS_NONE','Ninguno','Vtiger','js','firstupdate'),(1832,'es_es','SINGLE_Vendors','Proveedor','Vtiger','js','firstupdate'),(1833,'es_es','JS_PLEASE_GIVE_YOUR_FEEDBACK','Por favor, rellene sus comentarios','Vtiger','js','firstupdate'),(1834,'es_es','JS_PBX_CALL_FROM','Llamar desde','Vtiger','js','firstupdate'),(1835,'es_es','JS_PBX_INCOMING_CALL','Llamada entrante','Vtiger','js','firstupdate'),(1836,'es_es','JS_PBX_OUTGOING_SUCCESS','Levante el receptor extensi&oacute;n para marcar el n&uacute;mero','Vtiger','js','firstupdate'),(1837,'es_es','JS_PBX_OUTGOING_FAILURE','Llamada fall&oacute;','Vtiger','js','firstupdate'),(1838,'es_es','JS_PBX_FILL_ALL_FIELDS','Por favor rellene todos los campos','Vtiger','js','firstupdate'),(1839,'es_es','JS_PBX_CAMPAIGN_NAME','Campaign Name','Vtiger','js','firstupdate'),(1840,'es_es','JS_PBX_CAMPAIGN_NUMBER','Campaign Number','Vtiger','js','firstupdate'),(1841,'es_es','JS_MIN_SEARCH_KEY_LENGTH','Search Key should have aleast 3 characters','Vtiger','js','firstupdate'),(1842,'es_es','JS_NO_MATCH','No Matching Records Found','Vtiger','js','firstupdate'),(1843,'es_es','JS_PBX_OUTGOING_CALL','LLamada Saliente','Vtiger','js','edited'),(1844,'es_es','JS_PBX_CALL_TO','Call To','Vtiger','js','firstupdate'),(1845,'es_es','JS_REQUIRED','Requerido','Vtiger','js','edited'),(1846,'es_es','JS_PHONE_NUMBER','Phone Number','Vtiger','js','firstupdate'),(1847,'es_es','JS_NO_CREATE_PERMISSION','Call need to be answered before creating record','Vtiger','js','firstupdate'),(1848,'es_es','JS_NO_EDIT_PERMISSION','Usted no tiene permiso para editar este evento','Vtiger','js','firstupdate'),(1849,'es_es','HelpDesk','Tickets','Vtiger','js','firstupdate'),(1850,'es_es','Potentials','Opportunities','Vtiger','js','firstupdate'),(1851,'es_es','SYNC_REMOVED_SUCCESSFULLY','Sincronizaci&oacute;n de Google ha eliminado correctamente.','Vtiger','js','firstupdate'),(1852,'es_es','REMOVE_SYNCHRONIZATION_MESSAGE','Haciendo clic en este eliminar&aacute; la autenticaci&oacute;n de Gmail existente. No se eliminar&aacute;n todos los registros que ya est&aacute;n sincronizados.','Vtiger','js','firstupdate'),(1853,'es_es','REMOVE_SYNCHRONIZATION','Retire sincronizaci&oacute;n','Vtiger','js','firstupdate'),(1854,'es_es','FIELD_MAPPING','Asignaci&oacute;n de campos','Vtiger','js','firstupdate'),(1855,'es_es','LBL_SYNC_BUTTON','Sincronizar Ahora','Vtiger','js','firstupdate'),(1856,'es_es','LBL_SYNCRONIZING','Sincronizar ....','Vtiger','js','firstupdate'),(1857,'es_es','LBL_NOT_SYNCRONIZED','Usted no ha sincronizado a&uacute;n','Vtiger','js','firstupdate'),(1858,'es_es','LBL_RESTORE_CONFIRMATION','Registros asignados anteriormente a este usuario no se restaurar&aacute;n. &iquest;Est&aacute; seguro que desea restaurar este usuario?','Vtiger','js','firstupdate'),(1859,'es_es','LBL_DELETE_USER_PERMANENT_CONFIRMATION','Una vez eliminado este usuario no puede ser restaurada de nuevo. &iquest;Est&aacute; seguro que desea eliminar este usuario de forma permanente?','Vtiger','js','firstupdate'),(1860,'es_es','LBL_LANGUAGE_LABEL_VALIDATION','Valor de la etiqueta no puede estar vac&iacute;o. Debe introducir alg&uacute;n valor.','Vtiger','js','firstupdate'),(1861,'es_es','JS_CHANGES_WILL_BE_LOST','Sus cambios se perder&aacute;n!','Vtiger','js','firstupdate'),(1862,'es_es','JS_RECORD_DELETED','Registro eliminado','Vtiger','js','firstupdate'),(1863,'es_es','JS_NO_DELETE_PERMISSION','No permission delete','Vtiger','js','firstupdate'),(1864,'es_es','JS_CONFIRM_MARK_AS_HELD','&iquest;Est&aacute; seguro que desea marcar Evento / Todo mantenidos?','Vtiger','js','firstupdate'),(1865,'es_es','JS_TODO_MARKED_AS_COMPLETED','Todo marcado como Completado','Vtiger','js','firstupdate'),(1866,'es_es','JS_EVENT_MARKED_AS_HELD','Evento marcado como Held','Vtiger','js','firstupdate'),(1867,'es_es','JS_FUTURE_EVENT_CANNOT_BE_MARKED_AS_HELD','Acontecimiento futuro no se puede marcar como Held','Vtiger','js','firstupdate'),(1868,'es_es','JS_PERMISSION_DENIED','Permiso denegado','Vtiger','js','firstupdate'),(1869,'es_es','JS_VIEWNAME_ALERT','M&aacute;ximo 40 caracteres est&aacute;n permitidos para el nombre del filtro','Vtiger','js','firstupdate'),(1870,'es_es','JS_EXCEEDS_MAX_UPLOAD_SIZE','Superado tama&ntilde;o m&aacute;ximo de carga','Vtiger','js','firstupdate'),(1871,'es_es','JS_FUTURE_EVENT_CANNOT_BE_HELD','No puede ser considerado para futuras','Vtiger','js','firstupdate'),(1872,'es_es','DELETE_USER_PERMANENT_WARNING','Eliminaci&oacute;n de un usuario de forma permanente transferir&aacute; todos los registros, incluyendo comentarios y la historia a nuevo usuario.','Vtiger','js','firstupdate'),(1873,'es_es','JS_CLOSE','Cerca','Vtiger','js','firstupdate'),(1874,'es_es','JS_DECIMAL_SEPARATOR_AND_GROUPING_SEPARATOR_CANT_BE_SAME','Dezimaltrennzeichen und Gruppieren separator kann nicht gleich sein...','Vtiger','js','firstupdate'),(1875,'es_es','JS_CURRENCY_TOOLTIP_CONTENT_TITLE','Partidas moneda','Vtiger','js','firstupdate'),(1876,'es_es','JS_CURRENCY_TOOLTIP_CONTENT_MESSAGE','Para importar los valores de moneda en art&iacute;culos de l&iacute;nea, Vtiger utilizar&aacute; este valor para identificar la moneda. Cualquier valor de la moneda fuera de las mesas de art&iacute;culos de l&iacute;nea, se supone que son en Usuarios mone','Vtiger','js','firstupdate'),(1877,'es_es','LBL_CANT_SELECT_CONTACT_FROM_LEADS','No se puede seleccionar contactos relacionados por pre-contactos','Vtiger','js','firstupdate'),(1878,'es_es','JS_FILE_NAME','Nombre del archivo','Vtiger','js','firstupdate'),(1879,'es_es','JS_EXTERNAL_FILE_URL','Url del archivo','Vtiger','js','firstupdate'),(1880,'es_es','JS_PLEASE_SELECT_A_FILE','Por favor, seleccione un archivo','Vtiger','js','firstupdate'),(1881,'es_es','JS_PHONEFORMAT_ERROR','Por favor, compruebe el n&uacute;mero de tel&eacute;fono est&aacute; en formato E.164 internatonal con &#039;+&#039; prefijo y el c&oacute;digo de pa&iacute;s Ex +1 415 599 2671','Vtiger','js','firstupdate'),(1882,'es_es','JS_IS_ALREADY_BEEN_MAPPED','ya est&aacute; asignado','Vtiger','js','firstupdate'),(1883,'es_es','JS_CANT_MAP','No se puede asignar','Vtiger','js','firstupdate'),(1884,'es_es','JS_WITH','con','Vtiger','js','firstupdate'),(1885,'es_es','JS_MAPPING_DELETED_SUCCESSFULLY','Se ha eliminado la asignaci&oacute;n','Vtiger','js','firstupdate'),(1886,'es_es','JS_phone','Tel&eacute;fono','Vtiger','js','firstupdate'),(1887,'es_es','JS_picklist','Lista Desplegable','Vtiger','js','firstupdate'),(1888,'es_es','JS_email','Email','Vtiger','js','firstupdate'),(1889,'es_es','JS_text','Texto','Vtiger','js','firstupdate'),(1890,'es_es','JS_currency','Moneda','Vtiger','js','firstupdate'),(1891,'es_es','JS_multiSelectCombo','Lista Desplegable M&uacute;ltiple','Vtiger','js','firstupdate'),(1892,'es_es','JS_time','Tiempo','Vtiger','js','firstupdate'),(1893,'es_es','JS_textArea','Area de Texto','Vtiger','js','firstupdate'),(1894,'es_es','JS_url','Url','Vtiger','js','firstupdate'),(1895,'es_es','JS_string','Cadena','Vtiger','js','firstupdate'),(1896,'es_es','JS_checkBox','Casilla Verificaci&oacute;n','Vtiger','js','firstupdate'),(1897,'es_es','JS_date','Fecha','Vtiger','js','firstupdate'),(1898,'es_es','JS_decimal','Decimal','Vtiger','js','firstupdate'),(1899,'es_es','JS_percent','Porcentaje','Vtiger','js','firstupdate'),(1900,'es_es','JS_skype','Skype','Vtiger','js','firstupdate'),(1901,'es_es','JS_integer','Integer','Vtiger','js','firstupdate'),(1902,'es_es','JS_double','Decimales','Vtiger','js','firstupdate'),(1903,'es_es','JS_reference','referencia','Vtiger','js','firstupdate'),(1904,'es_es','JS_image','Imagen','Vtiger','js','firstupdate'),(1905,'es_es','JS_OVERWRITE_AUTOFILL_MSG1','&iquest;Desea sobrescribir existente','Vtiger','js','firstupdate'),(1906,'es_es','JS_OVERWRITE_AUTOFILL_MSG2','con selecci&oacute;n','Vtiger','js','firstupdate'),(1907,'es_es','JS_PRINT','Impresi&oacute;n','Vtiger','js','firstupdate'),(1908,'es_es','JS_SAVE_AS_IMAGE','Guardar como imagen','Vtiger','js','firstupdate'),(1909,'es_es','JS_ADD_DEMO_DATA_CONFIRMATION','&iquest;Est&aacute; seguro que desea agregar registros de demostraci&oacute;n para todos los m&oacute;dulos?','Vtiger','js','firstupdate'),(1910,'es_es','JS_ADD_DEMO_DATA_INFO','Registros de demostraci&oacute;n se pueden eliminar haciendo clic en el bot&oacute;n &quot;Limpiar informaci&oacute;n Demo&quot;.','Vtiger','js','firstupdate'),(1911,'es_es','JS_CLEAR_DEMO_DATA_CONFIRMATION','&iquest;Est&aacute; seguro que desea eliminar los datos de demostraci&oacute;n en todos los m&oacute;dulos?','Vtiger','js','firstupdate'),(1912,'es_es','JS_CLEAR_DEMO_DATA_INFO','Registros de demostraci&oacute;n se pueden agregar haciendo clic en el bot&oacute;n &quot;A&ntilde;adir demo de datos&quot;.','Vtiger','js','firstupdate'),(1913,'es_es','JS_DEMO_DATA_GETTING_POPULATED','Demostraci&oacute;n de datos se est&aacute; a&ntilde;adiendo, por favor espere ...','Vtiger','js','firstupdate'),(1914,'es_es','JS_DEMO_DATA_GETTING_CLEARED','Datos de demostraci&oacute;n se est&aacute; borrando, por favor espere ...','Vtiger','js','firstupdate'),(1915,'es_es','JS_DEMO_DATA_ADDED','Datos de demostraci&oacute;n a&ntilde;aden a todos los m&oacute;dulos.','Vtiger','js','firstupdate'),(1916,'es_es','JS_DEMO_DATA_CLEARED','Datos de demostraci&oacute;n despejadas desde todos los m&oacute;dulos.','Vtiger','js','firstupdate'),(1917,'es_es','JS_HOME_DASH_BOARD_CLEAR_INFO','Nota: Puede volver a habilitar datos de demostraci&oacute;n de.','Vtiger','js','firstupdate'),(1918,'es_es','JS_SETTINGS_PATH','Programaci&oacute;n&gt; Otra programaci&oacute;n&gt; Editor de Configuraci&oacute;n.','Vtiger','js','firstupdate'),(1919,'es_es','JS_DIRECTORY_IS_EMPTY','Directorio est&aacute; vac&iacute;a','Vtiger','js','firstupdate'),(1920,'es_es','JS_PLEASE_SELECT_AN_RELATED_TO_COPY_ADDRESS','Por favor, seleccione un m&oacute;dulo de plomo / Contacto para copiar la direcci&oacute;n','Vtiger','js','firstupdate'),(1921,'es_es','SINGLE_Leads','Plomo','Vtiger','js','firstupdate'),(1922,'es_es','JS_SELECTED_LEAD_DOES_NOT_HAVE_AN_ADDRESS','Plomo seleccionada no contiene direcciones para copiar','Vtiger','js','firstupdate'),(1923,'es_es','JS_INVALID_EMAILS','Los correos electr&oacute;nicos no v&aacute;lidos','Vtiger','js','firstupdate'),(1924,'es_es','JS_INTERNAL_COMMENT','Comentario Interna','Vtiger','js','firstupdate'),(1925,'es_es','JS_INTERNAL_COMMENT_INFO','El comentario s&oacute;lo ser&aacute; visto por los usuarios de CRM, si la casilla de verificaci&oacute;n comentario interno est&aacute; activado. Para notificar a los clientes (a trav&eacute;s de flujos de trabajo configurables o portal de clientes) deje','Vtiger','js','firstupdate'),(1926,'es_es','JS_NO_LINE_ITEM','Art&iacute;culos de l&iacute;nea no pueden estar vac&iacute;os.','Vtiger','js','firstupdate'),(1927,'es_es','JS_BASE_CURRENCY_CHANGED_TO_DISABLE_CURRENCY','Moneda base tiene que ser cambiado para desactivar ','Vtiger','js','firstupdate'),(1928,'es_es','JS_NO_TAXES_EXISTS','No existen impuestos','Vtiger','js','firstupdate'),(1929,'es_es','JS_CONFIRM_TAXES_AND_CHARGES_REPLACE','&iquest;Quieres actualizar los valores de impuestos y de tasas correspondiente a la regi&oacute;n seleccionada?','Vtiger','js','firstupdate'),(1930,'es_es','JS_PRINTTEMPLATEMODULE_DISABLED','M&oacute;dulo PrintTemplates est&aacute; desactivada. No se puede realizar la operaci&oacute;n','Vtiger','js','firstupdate'),(1931,'es_es','JS_SENT_FOR_SIGNATURE','Enviados a la firma','Vtiger','js','firstupdate'),(1932,'es_es','JS_FAILED_TO_SEND_FOR_SIGNATURE','No se pudo enviar por firmar','Vtiger','js','firstupdate'),(1933,'es_es','JS_NONE_OF_THE_VALUES_ARE_CHANGED','Ninguno de los valores se cambian','Vtiger','js','firstupdate'),(1934,'es_es','JS_SUITABLE_VTIGER_FIELD_NOT_AVAILABLE_FOR_MAPPING','Campo Adecuado Vtiger no est&aacute; disponible para la cartograf&iacute;a','Vtiger','js','firstupdate'),(1935,'es_es','JS_SAVED_SUCCESSFULLY','Ajustes guardado correctamente','Vtiger','js','firstupdate'),(1936,'es_es','home','Casa','Vtiger','js','firstupdate'),(1937,'es_es','work','Trabajo','Vtiger','js','firstupdate'),(1938,'es_es','custom','Costumbre','Vtiger','js','firstupdate'),(1939,'es_es','main','Principal','Vtiger','js','firstupdate'),(1940,'es_es','work_fax','Fax','Vtiger','js','firstupdate'),(1941,'es_es','home_fax','Inicio Fax','Vtiger','js','firstupdate'),(1942,'es_es','pager','Buscapersonas','Vtiger','js','firstupdate'),(1943,'es_es','profile','Perfil','Vtiger','js','firstupdate'),(1944,'es_es','blog','Blog','Vtiger','js','firstupdate'),(1945,'es_es','home-page','P&aacute;gina principal','Vtiger','js','firstupdate'),(1946,'es_es','JS_PLEASE_WAIT','Por favor espera ...','Vtiger','js','firstupdate'),(1947,'es_es','JS_SOCIAL_FIELD_ERROR','Se requiere campo','Vtiger','js','firstupdate'),(1948,'es_es','JS_ADD_FAVOURITE_SUCCESS_MSG','Tweet a&ntilde;adido a la lista de favoritos con &eacute;xito','Vtiger','js','firstupdate'),(1949,'es_es','JS_UNDO_FAVOURITE_SUCCESS_MSG','Tweet Fuera lista de favoritos con &eacute;xito','Vtiger','js','firstupdate'),(1950,'es_es','JS_UNDO_RETWEET_SUCCESS_MSG','UndoRetweet &eacute;xito','Vtiger','js','firstupdate'),(1951,'es_es','JS_STATUS_UPDATE_SUCCESS_MSG','Actualizado con &eacute;xito','Vtiger','js','firstupdate'),(1952,'es_es','JS_TWEET_DELETE_MSG','El estado de eliminaci&oacute;n con &eacute;xito','Vtiger','js','firstupdate'),(1953,'es_es','JS_INVALID_TWITTER_HANDLER_NAME','Nombre no v&aacute;lido Twitter Handler','Vtiger','js','firstupdate'),(1954,'es_es','JS_RELATION_ADDED_SUCESSFULLY','Relaci&oacute;n agregado con &eacute;xito','Vtiger','js','firstupdate'),(1955,'es_es','JS_FAILED_TO_ADD_RELATION','Error al agregar Relaci&oacute;n','Vtiger','js','firstupdate'),(1956,'es_es','JS_SOCIAL_POST_DELETE_CONFIRMATION','Seguro que quieres borrar?','Vtiger','js','firstupdate'),(1957,'es_es','JS_EVENT_OR_TODO_ADDED_SUCCESS_MSG','Evento / Todo agreg&oacute; con &eacute;xito','Vtiger','js','firstupdate'),(1958,'es_es','JS_LEAD_ADDED_SUCCESS_MSG','El plomo ha a&ntilde;adido correctamente','Vtiger','js','firstupdate'),(1959,'es_es','JS_OPPORTUNITY_ADDED_SUCESS_MSG','Oportunidad a&ntilde;adido correctamente','Vtiger','js','firstupdate'),(1960,'es_es','JS_TICKET_ADDED_SUCESS_MSG','Ticket a&ntilde;adido correctamente','Vtiger','js','firstupdate'),(1961,'es_es','JS_LBL_GETTING_RECIPIENT_PREFS','Conseguir preferencias receptores ..','Vtiger','js','firstupdate'),(1962,'es_es','JS_LBL_SAVING_PREFERENCES','C&oacute;mo guardar preferencias ..','Vtiger','js','firstupdate'),(1963,'es_es','LBL_REMOVE_SYNC_CONFIRMATION','Elimina Autorizaci&oacute;n para Contactos, Calendarios y correos electr&oacute;nicos. &iquest;Seguro que quieres eliminar la sincronizaci&oacute;n?','Vtiger','js','firstupdate'),(1964,'es_es','OFFICE365_SYNC_REMOVED_SUCCESSFULLY','Office365 sincronizaci&oacute;n eliminado con &eacute;xito','Vtiger','js','firstupdate'),(1965,'es_es','OFFICE365_REMOVE_SYNCHRONIZATION_MESSAGE','Al hacer clic en este eliminar&aacute; autenticaci&oacute;n Office365 existente. No se eliminar&aacute;n todos los registros que ya est&aacute;n sincronizados. No va a anular el registro de la aplicaci&oacute;n Vtiger de usted Office365 cuenta, para anula','Vtiger','js','firstupdate'),(1966,'es_es','JS_LOADING_COMMENTS','Comentarios Captaci&oacute;n de ...','Vtiger','js','firstupdate'),(1967,'es_es','JS_REMOVE_SYNC_CONFIRMATION','Retire sincronizaci&oacute;n s&oacute;lo eliminar&aacute; autenticaci&oacute;n existente, no ser&aacute; eliminar registros sincronizados. Si se sincroniza con la misma cuenta Google de nuevo, se crear&aacute;n registros duplicados. &iquest;Seguro que qui','Vtiger','js','firstupdate'),(1968,'es_es','JS_PASSWORD_MISMATCH_ERROR','Por favor, vuelva a introducir contrase&ntilde;as. La &quot;nueva contrase&ntilde;a&quot; y &quot;confirmaci&oacute;n de contrase&ntilde;a&quot; valores no coinciden.','Vtiger','js','firstupdate'),(1969,'es_es','JS_COMMA_NOT_ALLOWED_USERS','Los caracteres especiales como ,&quot;&lt;&gt; no se permite la entrada Nombre y Apellido.','Vtiger','js','firstupdate'),(1970,'es_es','Payment Failure!','La falta de pago!','Vtiger','js','firstupdate'),(1971,'es_es','We could not process the payment for your last invoice. Please update payment info to continue using the service without disruption.','No hemos podido procesar el pago de su &uacute;ltima factura. Por favor, actualice la informaci&oacute;n de pago para continuar utilizando el servicio sin interrupciones.','Vtiger','js','firstupdate'),(1972,'es_es','For assistance, please send email to','Si necesita ayuda, por favor env&iacute;e un correo a','Vtiger','js','firstupdate'),(1973,'es_es','JS_MAX_ALLOWED_CHARACTERS','Caracteres m&aacute;ximo permitido es','Vtiger','js','firstupdate'),(1974,'es_es','JS_DEFAULT_ENABLED','Por defecto habilitado','Vtiger','js','firstupdate'),(1975,'es_es','JS_DEFAULT_DISABLED','Por defecto deshabilitado','Vtiger','js','firstupdate'),(1976,'es_es','JS_PLEASE_ENTER_VALID_VALUE','Por favor, introduzca un valor v&aacute;lido','Vtiger','js','firstupdate'),(1977,'es_es','JS_PLEASE_ENTER_VALID_TAG_NAME','Por favor, introduzca v&aacute;lida a nombre de la etiqueta','Vtiger','js','firstupdate'),(1978,'es_es','JS_TAG_SAVED_SUCCESSFULLY','Etiqueta De Guardado Correctamente','Vtiger','js','firstupdate'),(1979,'es_es','JS_SUBJECT_VALUE_CANT_BE_EMPTY','Objeto de valor no puede estar vac&iacute;o','Vtiger','js','firstupdate'),(1980,'es_es','JS_PERCENTAGE_SHOULD_BE_LESS_THAN_100','El porcentaje debe ser menor que 100','Vtiger','js','firstupdate'),(1981,'es_es','LBL_DELETE_USER_CONFIRMATION','Cuando se elimina un Usuario, el usuario ser&aacute; marcado como &quot;Inactivo&quot; y no hay nuevos registros pueden ser asignados para el Usuario, y el usuario no ser&aacute; capaz de iniciar sesi&oacute;n. Facturaci&oacute;n dejar&aacute; de este usu','Vtiger','js','firstupdate'),(1982,'es_es','JS_DUPLICATE_CREATION_CONFIRMATION','Nombre de la organizaci&oacute;n que ya Existe.&iquest;Desea crear un registro duplicado?','Vtiger','js','firstupdate'),(1983,'es_es','JS_SELECT_RECORDS_TO_MERGE_FROM_SAME_GROUP','Usted tiene que seleccionar los registros en los mismos grupos de la fusi&oacute;n de','Vtiger','js','firstupdate'),(1984,'es_es','JS_SELECT_ATLEAST_TWO_RECORD_FOR_MERGING','Seleccione al menos dos registros de la fusi&oacute;n de','Vtiger','js','firstupdate'),(1985,'es_es','JS_ALLOWED_TO_SELECT_MAX_OF_THREE_RECORDS','Usted puede seleccionar un m&aacute;ximo de tres registros','Vtiger','js','firstupdate'),(1986,'es_es','JS_ARE_YOU_SURE_TO_DELETE_WIDGET','Seguro de borrar el widget','Vtiger','js','firstupdate'),(1987,'es_es','JS_ARE_YOU_SURE_TO_DELETE_DASHBOARDTAB','Est&aacute; seguro de que desea eliminar de la ficha','Vtiger','js','firstupdate'),(1988,'es_es','JS_TABS_LIMIT_EXCEEDED','Lo siento! No se puede agregar m&aacute;s de 10 pesta&ntilde;as','Vtiger','js','firstupdate'),(1989,'es_es','JS_TOTAL_RECORDS','El Total de registros','Vtiger','js','firstupdate'),(1990,'es_es','JS_PAGE_NOT_EXIST','La p&aacute;gina no existe','Vtiger','js','firstupdate'),(1991,'es_es','JS_YOU_ARE_IN_PAGE_NUMBER','Usted est&aacute; en la p&aacute;gina n&uacute;mero','Vtiger','js','firstupdate'),(1992,'es_es','JS_PLEASE_ENABLE_BASE_CURRENCY_FOR_PRODUCT','Por favor habilite la moneda base para el producto','Vtiger','js','firstupdate'),(1993,'es_es','JS_PLEASE_SELECT_BASE_CURRENCY_FOR_PRODUCT','Por favor, seleccione la moneda base para el producto','Vtiger','js','firstupdate'),(1994,'es_es','JS_RECORDS_ARE_GETTING_DELETED','Los registros son para ser eliminado','Vtiger','js','firstupdate'),(1995,'es_es','JS_RECORD_GETTING_DELETED','R&eacute;cord de ser eliminado','Vtiger','js','firstupdate'),(1996,'es_es','JS_NO_RESULTS_FOUND','No Se Encontraron Resultados','Vtiger','js','firstupdate'),(1997,'es_es','JS_RECORDS TRANSFERRED SUCCESSFULLY','Los registros de la propiedad ha sido ingresada correctamente','Vtiger','js','firstupdate'),(1998,'es_es','LBL_SEARCHING','La b&uacute;squeda en ','Vtiger','js','firstupdate'),(1999,'es_es','JS_USER_DELETED_SUCCESSFULLY','Usuario eliminado con &eacute;xito.','Vtiger','js','firstupdate'),(2000,'es_es','JS_TRY_LATER','Por favor intente m&aacute;s tarde!','Vtiger','js','firstupdate'),(2001,'es_es','JS_CANCEL_SUBSCRIPTION_CONFIRMATION','Est&aacute;s seguro de que quieres cancelar la SUSCRIPCI&Oacute;N?','Vtiger','js','firstupdate'),(2002,'es_es','JS_PLAN_CHANGED_SUCCESSFULLY','Nuevo Plan Activado Correctamente.','Vtiger','js','firstupdate'),(2003,'es_es','JS_SUBSCRIPTION_CANCELLED_SUCCESSFULLY','Suscripci&oacute;n cancelada con &eacute;xito.','Vtiger','js','firstupdate'),(2004,'es_es','JS_REACTIVATED_SUCCESSFULLY','Vtiger Suscripci&oacute;n reactivado con &eacute;xito','Vtiger','js','firstupdate'),(2005,'es_es','JS_PAYMENTMETHOD_ADDED_SUCCESSFULLY','Gracias por suscribirse. Su m&eacute;todo de pago a&ntilde;adido correctamente','Vtiger','js','firstupdate'),(2006,'es_es','JS_EXCLUSIVE_MONTH_PLAN_TO_UPGRADE_CONFIRMATION','Plan exclusivo cuota de suscripci&oacute;n mensual ($12 por el usuario. Su cuenta se le cobrar&aacute; la diferencia en el precio de la porci&oacute;n restante del per&iacute;odo de facturaci&oacute;n actual. Por favor, confirme si desea continuar con el ','Vtiger','js','firstupdate'),(2007,'es_es','JS_ULTIMATE_MONTH_PLAN_TO_UPGRADE_CONFIRMATION','&Uacute;ltimo plan cuota de suscripci&oacute;n mensual ($36 por el usuario. Su cuenta se le cobrar&aacute; la diferencia en el precio de la porci&oacute;n restante del per&iacute;odo de facturaci&oacute;n actual. Por favor, confirme si desea continuar con','Vtiger','js','firstupdate'),(2008,'es_es','JS_SALESPREMIUM_MONTH_PLAN_TO_UPGRADE_CONFIRMATION','Las ventas de la Prima del plan mensual de la cuota de inscripci&oacute;n ($24 por el usuario. Su cuenta se le cobrar&aacute; la diferencia en el precio de la porci&oacute;n restante del per&iacute;odo de facturaci&oacute;n actual. Por favor, confirme si ','Vtiger','js','firstupdate'),(2009,'es_es','JS_SUPPORT_MONTH_PLAN_TO_UPGRADE_CONFIRMATION','Plan de apoyo a la cuota de suscripci&oacute;n mensual ($12 por el usuario. Su cuenta se le cobrar&aacute; la diferencia en el precio de la porci&oacute;n restante del per&iacute;odo de facturaci&oacute;n actual. Por favor, confirme si desea continuar con','Vtiger','js','firstupdate'),(2010,'es_es','JS_SALES_MONTH_PLAN_TO_UPGRADE_CONFIRMATION','El plan de ventas cuota de suscripci&oacute;n mensual ($12 por el usuario. Su cuenta se le cobrar&aacute; la diferencia en el precio de la porci&oacute;n restante del per&iacute;odo de facturaci&oacute;n actual. Por favor, confirme si desea continuar con ','Vtiger','js','firstupdate'),(2011,'es_es','JS_CONTACT_MONTH_PLAN_TO_UPGRADE_CONFIRMATION','Contacto plan de Gesti&oacute;n de la cuota de suscripci&oacute;n mensual ($9 por usuario. Su cuenta se le cobrar&aacute; la diferencia en el precio de la porci&oacute;n restante del per&iacute;odo de facturaci&oacute;n actual. Por favor, confirme si dese','Vtiger','js','firstupdate'),(2012,'es_es','JS_EXCLUSIVE_ANNUAL_PLAN_TO_UPGRADE_CONFIRMATION','Plan exclusivo cuota de suscripci&oacute;n anual ($132 por usuario. Su cuenta se le cobrar&aacute; la diferencia en el precio de la porci&oacute;n restante del per&iacute;odo de facturaci&oacute;n actual. Por favor, confirme si desea continuar con el Excl','Vtiger','js','firstupdate'),(2013,'es_es','JS_ULTIMATE_ANNUAL_PLAN_TO_UPGRADE_CONFIRMATION','&Uacute;ltimo plan de la cuota de suscripci&oacute;n anual ($360 por el usuario. Su cuenta se le cobrar&aacute; la diferencia en el precio de la porci&oacute;n restante del per&iacute;odo de facturaci&oacute;n actual. Por favor, confirme si desea continua','Vtiger','js','firstupdate'),(2014,'es_es','JS_SALESPREMIUM_ANNUAL_PLAN_TO_UPGRADE_CONFIRMATION','Las ventas de la Prima del plan de la cuota de suscripci&oacute;n anual ($240 por usuario. Su cuenta se le cobrar&aacute; la diferencia en el precio de la porci&oacute;n restante del per&iacute;odo de facturaci&oacute;n actual. Por favor, confirme si dese','Vtiger','js','firstupdate'),(2015,'es_es','JS_SUPPORT_ANNUAL_PLAN_TO_UPGRADE_CONFIRMATION','Plan de apoyo a la cuota de suscripci&oacute;n anual ($120 por usuario. Su cuenta se le cobrar&aacute; la diferencia en el precio de la porci&oacute;n restante del per&iacute;odo de facturaci&oacute;n actual. Por favor, confirme si desea continuar con el ','Vtiger','js','firstupdate'),(2016,'es_es','JS_SALES_ANNUAL_PLAN_TO_UPGRADE_CONFIRMATION','El plan de ventas de la cuota de suscripci&oacute;n anual ($120 por usuario. Su cuenta se le cobrar&aacute; la diferencia en el precio de la porci&oacute;n restante del per&iacute;odo de facturaci&oacute;n actual. Por favor, confirme si desea continuar co','Vtiger','js','firstupdate'),(2017,'es_es','JS_CONTACT_ANNUAL_PLAN_TO_UPGRADE_CONFIRMATION','Contacto plan de Gesti&oacute;n de la cuota de suscripci&oacute;n mensual ($99 por el usuario. Su cuenta se le cobrar&aacute; la diferencia en el precio de la porci&oacute;n restante del per&iacute;odo de facturaci&oacute;n actual. Por favor, confirme si ','Vtiger','js','firstupdate'),(2018,'es_es','JS_CASE_ADDED_SUCESS_MSG','Caso agregado correctamente','Vtiger','js','firstupdate'),(2019,'es_es','JS_SELECT_OPTION','Seleccione una Opci&oacute;n','Vtiger','js','firstupdate'),(2020,'es_es','JS_ENTERED_CURRENT_USERNAME_MSG','Introducido el nombre de usuario actual. Por favor, introduzca su nombre de usuario.','Vtiger','js','firstupdate'),(2021,'es_es','JS_LOADING_PLEASE_WAIT','Cargando... por Favor espere..','Vtiger','js','firstupdate'),(2022,'es_es','JS_SAVING_PLEASE_WAIT','Ahorro.. por Favor espere..','Vtiger','js','firstupdate'),(2023,'es_es','JS_DUPLICATE_EMAILS_PLEASE_CHECK','Direcciones de correo electr&oacute;nico duplicados. Por favor, compruebe','Vtiger','js','firstupdate'),(2024,'es_es','JS_ALERT','Alerta','Vtiger','js','firstupdate'),(2025,'es_es','JS_SUCCESS','El &eacute;xito','Vtiger','js','firstupdate'),(2026,'es_es','JS_REMOVE_MASS_TAG_WARNING','Est&aacute;s seguro de que deseas eliminar el %s de la etiqueta para los registros seleccionados','Vtiger','js','firstupdate'),(2027,'es_es','JS_VIEW_ALREADY_EXISTS','Vista ya existe','Vtiger','js','firstupdate'),(2028,'es_es','JS_PLEASE_ENTER_NUMBER_IN_RANGE','Por favor, escriba un valor en el rango','Vtiger','js','firstupdate'),(2029,'es_es','JS_UPLOAD','Subir','Vtiger','js','firstupdate'),(2030,'es_es','JS_TODO_ADDED_SUCCESS_MSG','Tarea a&ntilde;adido correctamente','Vtiger','js','firstupdate'),(2031,'es_es','JS_EVENT_ADDED_SUCCESS_MSG','Evento a&ntilde;adido correctamente','Vtiger','js','firstupdate'),(2032,'es_es','JS_ACTIVE','Activo','Vtiger','js','firstupdate'),(2033,'es_es','JS_SNOOZED','Snoozed','Vtiger','js','firstupdate'),(2034,'es_es','JS_ARE_YOU_SURE_YOU_WANT_TO_DELETE','Est&aacute; seguro de que desea eliminar?','Vtiger','js','firstupdate'),(2035,'es_es','JS_TAB_LABEL_EXCEEDS_CHARS','Ficha de la longitud de la etiqueta debe ser de menos de %s caracteres','Vtiger','js','firstupdate'),(2036,'es_es','JS_STARRED','Protagonizada','Vtiger','js','firstupdate'),(2037,'es_es','JS_NOT_STARRED','No Protagoniz&oacute;','Vtiger','js','firstupdate'),(2038,'es_es','JS_NO_TAG_EXISTS','No Existe La Etiqueta','Vtiger','js','firstupdate'),(2039,'es_es','JS_HELP_AND_SUPPORT','Ayuda Y Soporte','Vtiger','js','firstupdate'),(2040,'es_es','JS_WHAT_DO_YOU_NEED_HELP_WITH','&iquest;Necesitas ayuda?','Vtiger','js','firstupdate'),(2041,'es_es','JS_SUBMIT','Enviar','Vtiger','js','firstupdate'),(2042,'es_es','JS_ADD_MAX_15_ITEMS','Usted puede agregar m&aacute;s de 15 art&iacute;culos','Vtiger','js','firstupdate'),(2043,'es_es','SINGLE_SLA','SLA','Vtiger','js','firstupdate'),(2044,'es_es','JS_EDIT_FIELDS','%s Campos &amp; Dise&ntilde;o','Vtiger','js','firstupdate'),(2045,'es_es','JS_MORE_VTIGER','Hay m&aacute;s registros para ser sincronizado en vtiger','Vtiger','js','firstupdate'),(2046,'es_es','JS_MORE_GOOGLE','Hay m&aacute;s registros a estar sincronizados en Google','Vtiger','js','firstupdate'),(2047,'es_es','JS_MORE_OFFICE365','Hay m&aacute;s registros para ser sincronizado en Office365','Vtiger','js','firstupdate'),(2048,'es_es','JS_TOKEN_EXPIRED','Office365 Autenticaci&oacute;n ha caducado. Haga clic en iniciar sesi&oacute;n con Office365 bot&oacute;n para volver a autorizar.','Vtiger','js','firstupdate'),(2049,'es_es','JS_WISH_TO_PROCEED','Est&aacute;s seguro de que desea continuar?','Vtiger','js','firstupdate'),(2050,'es_es','JS_SWITCH_TO_OLD_LOOK_CONFIRMATION_MESSAGE','Algunas caracter&iacute;sticas, como las notificaciones, de la lista de selecci&oacute;n de colores, siga registro, no est&aacute;n disponibles en la versi&oacute;n antigua. Puede cambiar a la nueva versi&oacute;n por la elecci&oacute;n de la nueva versi&','Vtiger','js','firstupdate'),(2051,'es_es','JS_PROCEED_OLD_VERSION','Proceder a la versi&oacute;n anterior','Vtiger','js','firstupdate'),(2052,'es_es','JS_STAY_WITH_NEW_VERSION','Estancia con la nueva versi&oacute;n','Vtiger','js','firstupdate'),(2053,'es_es','JS_AGO','hace','Vtiger','js','firstupdate'),(2054,'es_es','JS_FROM_NOW','a partir de ahora','Vtiger','js','firstupdate'),(2055,'es_es','JS_LESSTHAN_A_MINUTE','menos de un minuto','Vtiger','js','firstupdate'),(2056,'es_es','JS_A_MINUTE','un minuto','Vtiger','js','firstupdate'),(2057,'es_es','JS_AN_HOUR','una hora','Vtiger','js','firstupdate'),(2058,'es_es','JS_HOURS','horas','Vtiger','js','firstupdate'),(2059,'es_es','JS_A_DAY','un d&iacute;a','Vtiger','js','firstupdate'),(2060,'es_es','JS_DAYS','d&iacute;as','Vtiger','js','firstupdate'),(2061,'es_es','JS_A_MONTH','un mes','Vtiger','js','firstupdate'),(2062,'es_es','JS_MONTHS','meses','Vtiger','js','firstupdate'),(2063,'es_es','JS_A_YEAR','un a&ntilde;o','Vtiger','js','firstupdate'),(2064,'es_es','JS_YEARS','a&ntilde;os','Vtiger','js','firstupdate'),(2065,'es_es','JS_TODAY','hoy','Vtiger','js','firstupdate'),(2066,'es_es','JS_TOMORROW','ma&ntilde;ana','Vtiger','js','firstupdate'),(2067,'es_es','JS_YESTERDAY','ayer','Vtiger','js','firstupdate'),(2068,'es_es','JS_CREATE_TASK','Crear Tarea','Vtiger','js','firstupdate'),(2069,'es_es','JS_SUPPORTPREMIUM_MONTH_PLAN_TO_UPGRADE_CONFIRMATION','Apoyo al plan Premium de cuota de suscripci&oacute;n mensual ($24 por el usuario. Su cuenta se le cobrar&aacute; la diferencia en el precio de la porci&oacute;n restante del per&iacute;odo de facturaci&oacute;n actual. Por favor, confirme si desea continu','Vtiger','js','firstupdate'),(2070,'es_es','JS_SUPPORTPREMIUM_ANNUAL_PLAN_TO_UPGRADE_CONFIRMATION','Apoyo al plan Premium de la cuota de suscripci&oacute;n anual ($240 por usuario. Su cuenta se le cobrar&aacute; la diferencia en el precio de la porci&oacute;n restante del per&iacute;odo de facturaci&oacute;n actual. Por favor, confirme si desea continua','Vtiger','js','firstupdate'),(2071,'es_es','JS_MENTION_ATLEAST_ONE_USER','Mencionar al menos un usuario','Vtiger','js','firstupdate'),(2072,'es_es','JS_LOADING','Cargando...','Vtiger','js','firstupdate'),(2073,'es_es','JS_UPLOAD_SUCCESSFUL','Archivo subido exitosamente','Vtiger','js','firstupdate'),(2074,'es_es','JS_UPLOAD_FAILED','Cargar archivo Error','Vtiger','js','firstupdate'),(2075,'es_es','LBL_NO','Ning&uacute;n','Vtiger','php','firstupdate'),(2076,'es_es','LBL_EXPORT_CURRENCY_TOOLTIP_TEXT','Para exportar los valores de moneda en art&iacute;culos de l&iacute;nea, Vtiger utilizar&aacute; esta opci&oacute;n para exportar como esta moneda. Cualquier valor de la moneda fuera de las mesas de art&iacute;culos de l&iacute;nea, se exportar&aacute;n c','Vtiger','php','firstupdate'),(2077,'es_es','LBL_FEEDBACK_ON_REMOVING_OLD_VERSION','Estamos felices de compartir esa vieja mirada estar&aacute; disponible hasta febrero de 2014. Hemos a&ntilde;adido las siguientes caracter&iacute;sticas para el nuevo look recientemente Matem&aacute;ticas &lt;br&gt;&lt;br&gt;1. Informes de pivote p&aacute','Vtiger','php','firstupdate'),(2078,'es_es','LBL_PHONEFORMAT_WARNING_CONTENT','El n&uacute;mero E.164 formato puede tener un m&aacute;ximo de quince d&iacute;gitos y por lo general se escribe como sigue: [+] [c&oacute;digo de pa&iacute;s] [n&uacute;mero de abonado incluido el c&oacute;digo de &aacute;rea] \n&nbsp;&nbsp;&nbsp;&nbsp;&n','Vtiger','php','firstupdate'),(2079,'es_es','LBL_ROLLUP_COMMENTS_INFO','Si Enrolle est&aacute; en &#039;On&#039; comentarios en los registros relacionados se mostrar&aacute;.\n&nbsp;&nbsp;&nbsp;&nbsp;&nbsp;&nbsp;&nbsp;&nbsp;&nbsp;&nbsp;&nbsp;&nbsp;&nbsp;&nbsp;&nbsp;&nbsp;&nbsp;&nbsp;&nbsp;&nbsp;&nbsp;&nbsp;&nbsp;&nbsp;&nbsp;&n','Vtiger','php','firstupdate'),(2080,'es_es','LBL_PREVIEW_SUPPORTED_FILES','&lt;b&gt; &lt;strong&gt; Tipos de archivos compatibles: &lt;/strong&gt; &lt;/b&gt; &lt;br&gt; &lt;b&gt; archivos PDF &lt;/b&gt; &lt;br&gt; &lt;b&gt; archivos de texto - &lt;/b&gt; txt, csv, ics&lt;br&gt; &lt;b&gt; Open Document Files - &lt;/b&gt; el texto','Vtiger','php','firstupdate'),(2081,'es_es','COMPANY_LOGO_HELP_TEXT','Por favor, sube tu hermoso logotipo de la empresa. &lt;br / &gt;Adem&aacute;s de mostrar el logotipo de su empresa en su CRM,&lt;br&gt;\nel nombre de su empresa y los detalles de la direcci&oacute;n se utilizan en &lt;br / &gt;Campa&ntilde;as de Correo ele','Vtiger','php','firstupdate'),(2082,'es_es','PREFERENCES_HELP_TEXT_2','Las preferencias personales pueden ser configurados por cada usuario en su equipo.&lt;br&gt;\nEstos incluyen zona Horaria, Idioma, Formato de Fecha, Formato de N&uacute;mero.&lt;br&gt;\nEl Formato del n&uacute;mero de referencias se utilizan para Monedas y ','Vtiger','php','firstupdate'),(2083,'es_es','IMPORT_CONTACTS_GOOGLE_HELP_TEXT','Podemos llevar los contactos de Google y &lt;br / &gt; tambi&eacute;n se puede habilitar la bi-direcci&oacute;n de sincronizaci&oacute;n para mantener a nuestros&lt;br&gt;\nVtiger contactos y los contactos de Google(en el grupo seleccionado actualizado.&lt','Vtiger','php','firstupdate'),(2084,'es_es','JS_CURRENCY_TOOLTIP_CONTENT_MESSAGE','Para importar los valores de moneda en art&iacute;culos de l&iacute;nea, Vtiger utilizar&aacute; este valor para identificar la moneda. Cualquier valor de la moneda fuera de las mesas de art&iacute;culos de l&iacute;nea, se supone que son en Usuarios mone','Vtiger','js','firstupdate'),(2085,'es_es','JS_INTERNAL_COMMENT_INFO','El comentario s&oacute;lo ser&aacute; visto por los usuarios de CRM, si la casilla de verificaci&oacute;n comentario interno est&aacute; activado. Para notificar a los clientes (a trav&eacute;s de flujos de trabajo configurables o portal de clientes) deje','Vtiger','js','firstupdate'),(2086,'es_es','OFFICE365_REMOVE_SYNCHRONIZATION_MESSAGE','Al hacer clic en este eliminar&aacute; autenticaci&oacute;n Office365 existente. No se eliminar&aacute;n todos los registros que ya est&aacute;n sincronizados. No va a anular el registro de la aplicaci&oacute;n Vtiger de usted Office365 cuenta, para anula','Vtiger','js','firstupdate'),(2087,'es_es','JS_REMOVE_SYNC_CONFIRMATION','Retire sincronizaci&oacute;n s&oacute;lo eliminar&aacute; autenticaci&oacute;n existente, no ser&aacute; eliminar registros sincronizados. Si se sincroniza con la misma cuenta Google de nuevo, se crear&aacute;n registros duplicados. &iquest;Seguro que qui','Vtiger','js','firstupdate'),(2088,'es_es','LBL_DELETE_USER_CONFIRMATION','Cuando se elimina un Usuario, el usuario ser&aacute; marcado como &quot;Inactivo&quot; y no hay nuevos registros pueden ser asignados para el Usuario, y el usuario no ser&aacute; capaz de iniciar sesi&oacute;n. Facturaci&oacute;n dejar&aacute; de este usu','Vtiger','js','firstupdate'),(2089,'es_es','JS_EXCLUSIVE_MONTH_PLAN_TO_UPGRADE_CONFIRMATION','Plan exclusivo cuota de suscripci&oacute;n mensual ($12 por el usuario. Su cuenta se le cobrar&aacute; la diferencia en el precio de la porci&oacute;n restante del per&iacute;odo de facturaci&oacute;n actual. Por favor, confirme si desea continuar con el ','Vtiger','js','firstupdate'),(2090,'es_es','JS_ULTIMATE_MONTH_PLAN_TO_UPGRADE_CONFIRMATION','&Uacute;ltimo plan cuota de suscripci&oacute;n mensual ($36 por el usuario. Su cuenta se le cobrar&aacute; la diferencia en el precio de la porci&oacute;n restante del per&iacute;odo de facturaci&oacute;n actual. Por favor, confirme si desea continuar con','Vtiger','js','firstupdate'),(2091,'es_es','JS_SALESPREMIUM_MONTH_PLAN_TO_UPGRADE_CONFIRMATION','Las ventas de la Prima del plan mensual de la cuota de inscripci&oacute;n ($24 por el usuario. Su cuenta se le cobrar&aacute; la diferencia en el precio de la porci&oacute;n restante del per&iacute;odo de facturaci&oacute;n actual. Por favor, confirme si ','Vtiger','js','firstupdate'),(2092,'es_es','JS_SUPPORT_MONTH_PLAN_TO_UPGRADE_CONFIRMATION','Plan de apoyo a la cuota de suscripci&oacute;n mensual ($12 por el usuario. Su cuenta se le cobrar&aacute; la diferencia en el precio de la porci&oacute;n restante del per&iacute;odo de facturaci&oacute;n actual. Por favor, confirme si desea continuar con','Vtiger','js','firstupdate'),(2093,'es_es','JS_SALES_MONTH_PLAN_TO_UPGRADE_CONFIRMATION','El plan de ventas cuota de suscripci&oacute;n mensual ($12 por el usuario. Su cuenta se le cobrar&aacute; la diferencia en el precio de la porci&oacute;n restante del per&iacute;odo de facturaci&oacute;n actual. Por favor, confirme si desea continuar con ','Vtiger','js','firstupdate'),(2094,'es_es','JS_CONTACT_MONTH_PLAN_TO_UPGRADE_CONFIRMATION','Contacto plan de Gesti&oacute;n de la cuota de suscripci&oacute;n mensual ($9 por usuario. Su cuenta se le cobrar&aacute; la diferencia en el precio de la porci&oacute;n restante del per&iacute;odo de facturaci&oacute;n actual. Por favor, confirme si dese','Vtiger','js','firstupdate'),(2095,'es_es','JS_EXCLUSIVE_ANNUAL_PLAN_TO_UPGRADE_CONFIRMATION','Plan exclusivo cuota de suscripci&oacute;n anual ($132 por usuario. Su cuenta se le cobrar&aacute; la diferencia en el precio de la porci&oacute;n restante del per&iacute;odo de facturaci&oacute;n actual. Por favor, confirme si desea continuar con el Excl','Vtiger','js','firstupdate'),(2096,'es_es','JS_ULTIMATE_ANNUAL_PLAN_TO_UPGRADE_CONFIRMATION','&Uacute;ltimo plan de la cuota de suscripci&oacute;n anual ($360 por el usuario. Su cuenta se le cobrar&aacute; la diferencia en el precio de la porci&oacute;n restante del per&iacute;odo de facturaci&oacute;n actual. Por favor, confirme si desea continua','Vtiger','js','firstupdate'),(2097,'es_es','JS_SALESPREMIUM_ANNUAL_PLAN_TO_UPGRADE_CONFIRMATION','Las ventas de la Prima del plan de la cuota de suscripci&oacute;n anual ($240 por usuario. Su cuenta se le cobrar&aacute; la diferencia en el precio de la porci&oacute;n restante del per&iacute;odo de facturaci&oacute;n actual. Por favor, confirme si dese','Vtiger','js','firstupdate'),(2098,'es_es','JS_SUPPORT_ANNUAL_PLAN_TO_UPGRADE_CONFIRMATION','Plan de apoyo a la cuota de suscripci&oacute;n anual ($120 por usuario. Su cuenta se le cobrar&aacute; la diferencia en el precio de la porci&oacute;n restante del per&iacute;odo de facturaci&oacute;n actual. Por favor, confirme si desea continuar con el ','Vtiger','js','firstupdate'),(2099,'es_es','JS_SALES_ANNUAL_PLAN_TO_UPGRADE_CONFIRMATION','El plan de ventas de la cuota de suscripci&oacute;n anual ($120 por usuario. Su cuenta se le cobrar&aacute; la diferencia en el precio de la porci&oacute;n restante del per&iacute;odo de facturaci&oacute;n actual. Por favor, confirme si desea continuar co','Vtiger','js','firstupdate'),(2100,'es_es','JS_CONTACT_ANNUAL_PLAN_TO_UPGRADE_CONFIRMATION','Contacto plan de Gesti&oacute;n de la cuota de suscripci&oacute;n mensual ($99 por el usuario. Su cuenta se le cobrar&aacute; la diferencia en el precio de la porci&oacute;n restante del per&iacute;odo de facturaci&oacute;n actual. Por favor, confirme si ','Vtiger','js','firstupdate'),(2101,'es_es','JS_SWITCH_TO_OLD_LOOK_CONFIRMATION_MESSAGE','Algunas caracter&iacute;sticas, como las notificaciones, de la lista de selecci&oacute;n de colores, siga registro, no est&aacute;n disponibles en la versi&oacute;n antigua. Puede cambiar a la nueva versi&oacute;n por la elecci&oacute;n de la nueva versi&','Vtiger','js','firstupdate'),(2102,'es_es','JS_SUPPORTPREMIUM_MONTH_PLAN_TO_UPGRADE_CONFIRMATION','Apoyo al plan Premium de cuota de suscripci&oacute;n mensual ($24 por el usuario. Su cuenta se le cobrar&aacute; la diferencia en el precio de la porci&oacute;n restante del per&iacute;odo de facturaci&oacute;n actual. Por favor, confirme si desea continu','Vtiger','js','firstupdate'),(2103,'es_es','JS_SUPPORTPREMIUM_ANNUAL_PLAN_TO_UPGRADE_CONFIRMATION','Apoyo al plan Premium de la cuota de suscripci&oacute;n anual ($240 por usuario. Su cuenta se le cobrar&aacute; la diferencia en el precio de la porci&oacute;n restante del per&iacute;odo de facturaci&oacute;n actual. Por favor, confirme si desea continua','Vtiger','js','firstupdate'),(2104,'es_es','SINGLE_ProjectTask','Actividad','ProjectTask','php','firstupdate'),(2105,'es_es','LBL_ADD_RECORD','A&ntilde;adir Actividad','ProjectTask','php','firstupdate'),(2106,'es_es','LBL_RECORDS_LIST','Lista de Actividades','ProjectTask','php','firstupdate'),(2107,'es_es','LBL_PROJECT_TASK_INFORMATION','Detalles de Actividad','ProjectTask','php','firstupdate'),(2108,'es_es','LBL_PROJECTS_LIST','Lista de Proyectos','ProjectTask','php','firstupdate'),(2109,'es_es','LBL_TASKS_LIST','Lista de Actividades','ProjectTask','php','firstupdate'),(2110,'es_es','LBL_MILESTONES_LIST','Lista de Hitos','ProjectTask','php','firstupdate'),(2111,'es_es','Project Task Name','Project Task Name','ProjectTask','php','firstupdate'),(2112,'es_es','Project Task No','Project Task No','ProjectTask','php','firstupdate'),(2113,'es_es','Project Task Number','Project Task Number','ProjectTask','php','firstupdate'),(2114,'es_es','Status','Status','ProjectTask','php','firstupdate'),(2115,'es_es','Priority','Priority','ProjectTask','php','firstupdate'),(2116,'es_es','Progress','Progress','ProjectTask','php','firstupdate'),(2117,'es_es','Type','Type','ProjectTask','php','firstupdate'),(2118,'es_es','Worked Hours','Worked Hours','ProjectTask','php','firstupdate'),(2119,'es_es','Start Date','Start Date','ProjectTask','php','firstupdate'),(2120,'es_es','End Date','End Date','ProjectTask','php','firstupdate'),(2121,'es_es','operative','Operatorio','ProjectTask','php','firstupdate'),(2122,'es_es','Created Time','Created Time','ProjectTask','php','firstupdate'),(2123,'es_es','Modified Time','Modified Time','ProjectTask','php','firstupdate'),(2124,'es_es','description','Description','ProjectTask','php','firstupdate'),(2125,'es_es','Assigned To','Assigned To','ProjectTask','php','firstupdate'),(2126,'es_es','Open','Open','ProjectTask','php','firstupdate'),(2127,'es_es','In Progress','In Progress','ProjectTask','php','firstupdate'),(2128,'es_es','Completed','Completed','ProjectTask','php','firstupdate'),(2129,'es_es','Deferred','Deferred','ProjectTask','php','firstupdate'),(2130,'es_es','Canceled ','Canceled','ProjectTask','php','firstupdate'),(2131,'es_es','LBL_NO_DATE_VALUE_MSG','o Tareas del proyecto no tienen inicio y / o fecha de finalizaci&oacute;n','ProjectTask','php','firstupdate'),(2132,'es_es','SINGLE_Calendar','Calendario','Calendar','php','edited'),(2133,'es_es','LBL_ADD_TASK','A&ntilde;adir Tarea','Calendar','php','firstupdate'),(2134,'es_es','LBL_RECORDS_LIST','Vista de Lista','Calendar','php','firstupdate'),(2135,'es_es','LBL_EVENTS','Eventos','Calendar','php','firstupdate'),(2136,'es_es','LBL_TODOS','Tarea','Calendar','php','firstupdate'),(2137,'es_es','LBL_TASK_INFORMATION','Tarea la informaci&oacute;n','Calendar','php','firstupdate'),(2138,'es_es','LBL_EVENT_INFORMATION','Detalles del evento','Calendar','php','firstupdate'),(2139,'es_es','Start Date & Time','Fecha y Hora Inicio','Calendar','php','firstupdate'),(2140,'es_es','Activity Type','Tipo Actividad','Calendar','php','firstupdate'),(2141,'es_es','Send Notification','Enviar notificaci&oacute;n','Calendar','php','firstupdate'),(2142,'es_es','Location','Localizaci&oacute;n','Calendar','php','firstupdate'),(2143,'es_es','End Date & Time','Fecha y Hora Fin','Calendar','php','firstupdate'),(2144,'es_es','Visibility','Visibilidad','Calendar','php','firstupdate'),(2145,'es_es','Recurrence','Eventos Recurrentes','Calendar','php','firstupdate'),(2146,'es_es','Private','Privado','Calendar','php','firstupdate'),(2147,'es_es','Public','P&uacute;blico','Calendar','php','firstupdate'),(2148,'es_es','LBL_ACTIVITY_TYPES','Tipos Actividad','Calendar','php','firstupdate'),(2149,'es_es','LBL_CONTACTS_SUPPORT_END_DATE','Fecha Fin Soporte','Calendar','php','firstupdate'),(2150,'es_es','LBL_CONTACTS_BIRTH_DAY','Fecha Nacimiento','Calendar','php','firstupdate'),(2151,'es_es','Call','Llamada','Calendar','php','firstupdate'),(2152,'es_es','Meeting','Reuni&oacute;n','Calendar','php','firstupdate'),(2153,'es_es','Planned','Planeado','Calendar','php','firstupdate'),(2154,'es_es','Completed','Completado','Calendar','php','firstupdate'),(2155,'es_es','Pending Input','Respuesta Pendiente','Calendar','php','edited'),(2156,'es_es','Not Started','No Iniciada','Calendar','php','firstupdate'),(2157,'es_es','Deferred','Diferido','Calendar','php','edited'),(2158,'es_es','Held','Realizada','Calendar','php','firstupdate'),(2159,'es_es','Not Held','Pendiente','Calendar','php','firstupdate'),(2160,'es_es','Medium','Medio','Calendar','php','firstupdate'),(2161,'es_es','LBL_CHANGE_OWNER','Cambiar Propietario','Calendar','php','firstupdate'),(2162,'es_es','LBL_EVENT','Evento','Calendar','php','firstupdate'),(2163,'es_es','LBL_TASK','Tarea','Calendar','php','firstupdate'),(2164,'es_es','LBL_TASKS','Tarea','Calendar','php','firstupdate'),(2165,'es_es','LBL_CALENDAR_VIEW','Vista Calendario','Calendar','php','firstupdate'),(2166,'es_es','LBL_CALENDAR_SETTINGS','Configurar Calendario','Calendar','php','firstupdate'),(2167,'es_es','LBL_CALENDAR_SHARING','Compartir Calendario','Calendar','php','firstupdate'),(2168,'es_es','LBL_DEFAULT_EVENT_DURATION','Duraci&oacute;n de Evento por defecto','Calendar','php','firstupdate'),(2169,'es_es','LBL_CALL','Llamada','Calendar','php','firstupdate'),(2170,'es_es','LBL_OTHER_EVENTS','Otros Eventos','Calendar','php','firstupdate'),(2171,'es_es','LBL_SELECT_USERS','Selecciona Usuarios','Calendar','php','firstupdate'),(2172,'es_es','LBL_EVENT_OR_TASK','Evento / Tarea','Calendar','php','firstupdate'),(2173,'es_es','LBL_ADDED_CALENDARS','Calendarios A&ntilde;adidos','Calendar','php','firstupdate'),(2174,'es_es','Task','Tarea','Calendar','php','firstupdate'),(2175,'es_es','LBL_SHARED_CALENDAR','Calendario Compartido','Calendar','php','firstupdate'),(2176,'es_es','LBL_DAY0','Domingo','Calendar','php','firstupdate'),(2177,'es_es','LBL_DAY1','Lunes','Calendar','php','firstupdate'),(2178,'es_es','LBL_DAY2','Martes','Calendar','php','firstupdate'),(2179,'es_es','LBL_DAY3','Mi&eacute;rcoles','Calendar','php','firstupdate'),(2180,'es_es','LBL_DAY4','Jueves','Calendar','php','firstupdate'),(2181,'es_es','LBL_DAY5','Viernes','Calendar','php','firstupdate'),(2182,'es_es','LBL_DAY6','S&aacute;bado','Calendar','php','firstupdate'),(2183,'es_es','first','Primer','Calendar','php','firstupdate'),(2184,'es_es','last','Ultimo','Calendar','php','firstupdate'),(2185,'es_es','LBL_DAY_OF_THE_MONTH','d&iacute;a del mes','Calendar','php','firstupdate'),(2186,'es_es','Daily','D&iacute;a(s)','Calendar','php','firstupdate'),(2187,'es_es','Weekly','Semana(s)','Calendar','php','firstupdate'),(2188,'es_es','Monthly','Mes(es)','Calendar','php','firstupdate'),(2189,'es_es','Yearly','A&ntilde;o','Calendar','php','firstupdate'),(2190,'es_es','LBL_DEFAULT_STATUS_TYPE','Defecto de estado y tipo','Calendar','php','firstupdate'),(2191,'es_es','LBL_EDIT_COLOR','Editar color','Calendar','php','firstupdate'),(2192,'es_es','LBL_ADD_CALENDAR_VIEW','A&ntilde;adir Calendar View','Calendar','php','firstupdate'),(2193,'es_es','LBL_SELECT_USER_CALENDAR','Seleccione Calendario de usuario','Calendar','php','firstupdate'),(2194,'es_es','LBL_SELECT_CALENDAR_COLOR','Seleccione Calendario color','Calendar','php','firstupdate'),(2195,'es_es','LBL_EDITING_CALENDAR_VIEW','Edici&oacute;n Calendar View','Calendar','php','firstupdate'),(2196,'es_es','LBL_DELETE_CALENDAR','Eliminar Calendario','Calendar','php','firstupdate'),(2197,'es_es','LBL_SELECT_ACTIVITY_TYPE','Seleccionar el tipo de actividad','Calendar','php','firstupdate'),(2198,'es_es','Tasks','Tareas','Calendar','php','firstupdate'),(2199,'es_es','LBL_SELECT_FIELDS_FOR_RANGE','Seleccione Campos de rango','Calendar','php','firstupdate'),(2200,'es_es','LBL_DUPLICATE_VIEW_EXIST','Calendar View ya existe','Calendar','php','firstupdate'),(2201,'es_es','LBL_ACTIVITY_NOTIFICATION','Esta es una notificaci&oacute;n de que una actividad se le asigna a usted que ha sido','Calendar','php','firstupdate'),(2202,'es_es','LBL_ACTIVITY_INVITATION','Usted ha sido invitado a una actividad','Calendar','php','firstupdate'),(2203,'es_es','LBL_DETAILS_STRING','Los detalles son','Calendar','php','firstupdate'),(2204,'es_es','Due Date','Fecha de vencimiento','Calendar','php','firstupdate'),(2205,'es_es','LBL_CONTACT_LIST','Lista de contactos','Calendar','php','firstupdate'),(2206,'es_es','LBL_APP_DESCRIPTION','Descripci&oacute;n','Calendar','php','firstupdate'),(2207,'es_es','LBL_REGARDS_STRING','Gracias y Saludos','Calendar','php','firstupdate'),(2208,'es_es','LBL_UPDATED_INVITATION','Actualizaci&oacute;n de la invitaci&oacute;n','Calendar','php','firstupdate'),(2209,'es_es','LBL_INVITATION','Invitaci&oacute;n','Calendar','php','firstupdate'),(2210,'es_es','LBL_EDIT_RECURRING_EVENT','Editar Evento Recurrente','Calendar','php','firstupdate'),(2211,'es_es','LBL_ALL_EVENTS_EDIT_INFO','Todos los eventos de la serie se cambiar&aacute;n.&lt;/br&gt; Cualquier cambio realizado en otros eventos se mantendr&aacute;n.','Calendar','php','firstupdate'),(2212,'es_es','LBL_FUTURE_EVENTS_EDIT_INFO','Este y todos los eventos siguientes se cambiar&aacute;n.&lt;/br&gt; Se perder&aacute;n todos los cambios en los eventos futuros.','Calendar','php','firstupdate'),(2213,'es_es','LBL_ONLY_THIS_EVENT_EDIT_INFO','Todos los dem&aacute;s eventos de la serie seguir&aacute; siendo el mismo.','Calendar','php','firstupdate'),(2214,'es_es','LBL_EDIT_RECURRING_EVENTS_INFO','&iquest;Desea guardar los cambios para','Calendar','php','firstupdate'),(2215,'es_es','LBL_DELETE_RECURRING_EVENT','Eliminar Evento Recurrente','Calendar','php','firstupdate'),(2216,'es_es','LBL_ALL_EVENTS_DELETE_INFO','Se borrar&aacute;n todos los eventos de la serie.','Calendar','php','firstupdate'),(2217,'es_es','LBL_FUTURE_EVENTS_DELETE_INFO','Este y todos los siguientes eventos se eliminar&aacute;n.','Calendar','php','firstupdate'),(2218,'es_es','LBL_ONLY_THIS_EVENT_DELETE_INFO','Todos los dem&aacute;s eventos de la serie seguir&aacute; siendo el mismo.','Calendar','php','firstupdate'),(2219,'es_es','LBL_DELETE_RECURRING_EVENTS_INFO','&iquest;Quieres eliminar s&oacute;lo este evento, todos los eventos de la serie o de este y todos los eventos futuros de la serie?','Calendar','php','firstupdate'),(2220,'es_es','LBL_ONLY_THIS_EVENT','S&oacute;lo este Evento','Calendar','php','firstupdate'),(2221,'es_es','LBL_FUTURE_EVENTS','Siguientes eventos','Calendar','php','firstupdate'),(2222,'es_es','LBL_ALL_EVENTS','Todos los eventos','Calendar','php','firstupdate'),(2223,'es_es','SINGLE_Events','Evento','Calendar','php','firstupdate'),(2224,'es_es','LBL_IMPORT_RECORDS','Importaci&oacute;n De Registros','Calendar','php','firstupdate'),(2225,'es_es','LBL_RESULT','Resultado','Calendar','php','firstupdate'),(2226,'es_es','LBL_TOTAL_TASKS_IMPORTED','No. de Tareas Importado Correctamente ','Calendar','php','firstupdate'),(2227,'es_es','LBL_TOTAL_TASKS_SKIPPED','No. de Tareas Saltado como la falta de uno o m&aacute;s campos obligatorios ','Calendar','php','firstupdate'),(2228,'es_es','LBL_TOTAL_EVENTS_IMPORTED','No. de Eventos Importado Correctamente ','Calendar','php','firstupdate'),(2229,'es_es','LBL_TOTAL_EVENTS_SKIPPED','No. de Eventos Saltado como la falta de uno o m&aacute;s campos obligatorios ','Calendar','php','firstupdate'),(2230,'es_es','ICAL_FORMAT','Formato iCal','Calendar','php','firstupdate'),(2231,'es_es','LBL_LAST_IMPORT_UNDONE','Su &Uacute;ltima Importaci&oacute;n Se Ha Deshecho','Calendar','php','firstupdate'),(2232,'es_es','LBL_UNDO_LAST_IMPORT','Deshacer La &Uacute;ltima Importaci&oacute;n','Calendar','php','firstupdate'),(2233,'es_es','LBL_REMINDER_NOTIFICATION','Esta es una notificaci&oacute;n de recordatorio para la Actividad','Calendar','php','firstupdate'),(2234,'es_es','LBL_SELECT_EVENT_TYPE','Tipo De Actividad','Calendar','php','firstupdate'),(2235,'es_es','LBL_THIS_WEEK','Esta Semana','Calendar','php','firstupdate'),(2236,'es_es','LBL_ADD_TASK_AND_PRESS_ENTER','A&ntilde;adir Tarea y presione Entrar','Calendar','php','firstupdate'),(2237,'es_es','LBL_JANUARY','De enero','Calendar','php','firstupdate'),(2238,'es_es','LBL_FEBRUARY','Febrero','Calendar','php','firstupdate'),(2239,'es_es','LBL_MARCH','De marzo de','Calendar','php','firstupdate'),(2240,'es_es','LBL_APRIL','De abril de','Calendar','php','firstupdate'),(2241,'es_es','LBL_MAY','Puede','Calendar','php','firstupdate'),(2242,'es_es','LBL_JUNE','De junio de','Calendar','php','firstupdate'),(2243,'es_es','LBL_JULY','Julio','Calendar','php','firstupdate'),(2244,'es_es','LBL_AUGUST','De agosto de','Calendar','php','firstupdate'),(2245,'es_es','LBL_SEPTEMBER','Septiembre','Calendar','php','firstupdate'),(2246,'es_es','LBL_OCTOBER','Octubre','Calendar','php','firstupdate'),(2247,'es_es','LBL_NOVEMBER','Noviembre','Calendar','php','firstupdate'),(2248,'es_es','LBL_DECEMBER','De diciembre de','Calendar','php','firstupdate'),(2249,'es_es','LBL_CLICK_HERE_TO_VIEW','Haga clic aqu&iacute; para ver','Calendar','php','firstupdate'),(2250,'es_es','LBL_TOTAL_EVENTS_DUPLICATED','N&uacute;mero de eventos duplicados saltado','Calendar','php','firstupdate'),(2251,'es_es','LBL_TOTAL_TASKS_DUPLICATED','N&uacute;mero de tareas duplicadas saltado','Calendar','php','firstupdate'),(2252,'es_es','LBL_ADD_EVENT_TASK','A&ntilde;adir Evento / Tarea','Calendar','js','firstupdate'),(2253,'es_es','JS_TASK_IS_SUCCESSFULLY_ADDED_TO_YOUR_CALENDAR','Se ha a&ntilde;adido la tarea al calendario','Calendar','js','firstupdate'),(2254,'es_es','LBL_MONTH','Month','Calendar','js','firstupdate'),(2255,'es_es','LBL_TODAY','Today','Calendar','js','firstupdate'),(2256,'es_es','LBL_DAY','Day','Calendar','js','firstupdate'),(2257,'es_es','LBL_WEEK','Week','Calendar','js','firstupdate'),(2258,'es_es','LBL_SUNDAY','Sunday','Calendar','js','firstupdate'),(2259,'es_es','LBL_MONDAY','Monday','Calendar','js','firstupdate'),(2260,'es_es','LBL_TUESDAY','Tuesday','Calendar','js','firstupdate'),(2261,'es_es','LBL_WEDNESDAY','Wednesday','Calendar','js','firstupdate'),(2262,'es_es','LBL_THURSDAY','Thursday','Calendar','js','firstupdate'),(2263,'es_es','LBL_FRIDAY','Friday','Calendar','js','firstupdate'),(2264,'es_es','LBL_SATURDAY','Saturday','Calendar','js','firstupdate'),(2265,'es_es','LBL_SUN','Sun','Calendar','js','firstupdate'),(2266,'es_es','LBL_MON','Mon','Calendar','js','firstupdate'),(2267,'es_es','LBL_TUE','Tue','Calendar','js','firstupdate'),(2268,'es_es','LBL_WED','Wed','Calendar','js','firstupdate'),(2269,'es_es','LBL_THU','Thu','Calendar','js','firstupdate'),(2270,'es_es','LBL_FRI','Fri','Calendar','js','firstupdate'),(2271,'es_es','LBL_SAT','Sat','Calendar','js','firstupdate'),(2272,'es_es','LBL_JANUARY','January','Calendar','js','firstupdate'),(2273,'es_es','LBL_FEBRUARY','February','Calendar','js','firstupdate'),(2274,'es_es','LBL_MARCH','March','Calendar','js','firstupdate'),(2275,'es_es','LBL_APRIL','April','Calendar','js','firstupdate'),(2276,'es_es','LBL_JUNE','June','Calendar','js','firstupdate'),(2277,'es_es','LBL_JULY','July','Calendar','js','firstupdate'),(2278,'es_es','LBL_AUGUST','August','Calendar','js','firstupdate'),(2279,'es_es','LBL_SEPTEMBER','September','Calendar','js','firstupdate'),(2280,'es_es','LBL_OCTOBER','October','Calendar','js','firstupdate'),(2281,'es_es','LBL_NOVEMBER','November','Calendar','js','firstupdate'),(2282,'es_es','LBL_DECEMBER','December','Calendar','js','firstupdate'),(2283,'es_es','LBL_JAN','Jan','Calendar','js','firstupdate'),(2284,'es_es','LBL_APR','Apr','Calendar','js','firstupdate'),(2285,'es_es','LBL_AUG','Aug','Calendar','js','firstupdate'),(2286,'es_es','LBL_DEC','Dec','Calendar','js','firstupdate'),(2287,'es_es','LBL_ALL_DAY','All-Day','Calendar','js','firstupdate'),(2288,'es_es','JS_CALENDAR_VIEW_COLOR_UPDATED_SUCCESSFULLY','Calendario Ver colores actualizado correctamente','Calendar','js','firstupdate'),(2289,'es_es','JS_CALENDAR_VIEW_DELETE_CONFIRMATION','&iquest;Est&aacute; seguro de que desea eliminar esta vista Calendario?','Calendar','js','firstupdate'),(2290,'es_es','JS_CALENDAR_VIEW_ADDED_SUCCESSFULLY','Calendar View a&ntilde;adido correctamente','Calendar','js','firstupdate'),(2291,'es_es','JS_CALENDAR_VIEW_DELETED_SUCCESSFULLY','Calendario Ver eliminado correctamente','Calendar','js','firstupdate'),(2292,'es_es','JS_NO_CALENDAR_VIEWS_TO_ADD','Sin Calendar View para agregar','Calendar','js','firstupdate'),(2293,'es_es','JS_EDIT_CALENDAR','Editar calendario','Calendar','js','firstupdate'),(2294,'es_es','JS_EVENT_UPDATED','Evento Actualizado','Calendar','js','firstupdate'),(2295,'es_es','JS_NO_EVENTS_F0R_THE_DAY','No hay eventos para el d&iacute;a','Calendar','js','firstupdate'),(2296,'es_es','LBL_AGENDA','Agenda','Calendar','js','firstupdate'),(2297,'es_es','JS_CALENDAR_VIEW_YOU_ARE_EDITING_NOT_FOUND','La vista de calendario no se encuentra','Calendar','js','firstupdate'),(2298,'es_es','JS_DELETE','Eliminar','Calendar','js','firstupdate'),(2299,'es_es','JS_MARK_AS_HELD','Marca como mantenidos','Calendar','js','firstupdate'),(2300,'es_es','JS_CREATE_FOLLOW_UP','Crear seguimiento','Calendar','js','firstupdate'),(2301,'es_es','JS_RECURRING_EVENT','Eventos recurrentes','Calendar','js','firstupdate'),(2302,'es_es','JS_DETAILS','M&aacute;s&amp;nbsp;Detalles','Calendar','js','firstupdate'),(2303,'es_es','JS_CHECK_START_AND_END_DATE','Fecha de finalizaci&oacute;n Y el Tiempo debe ser mayor o igual a la Fecha de Inicio Y Tiempo','Calendar','js','firstupdate'),(2304,'es_es','JS_CHECK_START_AND_END_DATE_SHOULD_BE_GREATER','Fecha de finalizaci&oacute;n Y el Tiempo debe ser mayor que la Fecha de Inicio Y Tiempo','Calendar','js','firstupdate'),(2305,'es_es','LBL_EXPORT_CURRENCY_TOOLTIP_TEXT','Para exportar los valores de moneda en art&iacute;culos de l&iacute;nea, Vtiger utilizar&aacute; esta opci&oacute;n para exportar como esta moneda. Cualquier valor de la moneda fuera de las mesas de art&iacute;culos de l&iacute;nea, se exportar&aacute;n c','Vtiger','php','firstupdate'),(2306,'es_es','LBL_FEEDBACK_ON_REMOVING_OLD_VERSION','Estamos felices de compartir esa vieja mirada estar&aacute; disponible hasta febrero de 2014. Hemos a&ntilde;adido las siguientes caracter&iacute;sticas para el nuevo look recientemente Matem&aacute;ticas &lt;br&gt;&lt;br&gt;1. Informes de pivote p&aacute','Vtiger','php','firstupdate'),(2307,'es_es','LBL_PHONEFORMAT_WARNING_CONTENT','El n&uacute;mero E.164 formato puede tener un m&aacute;ximo de quince d&iacute;gitos y por lo general se escribe como sigue: [+] [c&oacute;digo de pa&iacute;s] [n&uacute;mero de abonado incluido el c&oacute;digo de &aacute;rea] \n&nbsp;&nbsp;&nbsp;&nbsp;&n','Vtiger','php','firstupdate'),(2308,'es_es','LBL_ROLLUP_COMMENTS_INFO','Si Enrolle est&aacute; en &#039;On&#039; comentarios en los registros relacionados se mostrar&aacute;.\n&nbsp;&nbsp;&nbsp;&nbsp;&nbsp;&nbsp;&nbsp;&nbsp;&nbsp;&nbsp;&nbsp;&nbsp;&nbsp;&nbsp;&nbsp;&nbsp;&nbsp;&nbsp;&nbsp;&nbsp;&nbsp;&nbsp;&nbsp;&nbsp;&nbsp;&n','Vtiger','php','firstupdate'),(2309,'es_es','LBL_PREVIEW_SUPPORTED_FILES','&lt;b&gt; &lt;strong&gt; Tipos de archivos compatibles: &lt;/strong&gt; &lt;/b&gt; &lt;br&gt; &lt;b&gt; archivos PDF &lt;/b&gt; &lt;br&gt; &lt;b&gt; archivos de texto - &lt;/b&gt; txt, csv, ics&lt;br&gt; &lt;b&gt; Open Document Files - &lt;/b&gt; el texto','Vtiger','php','firstupdate'),(2310,'es_es','COMPANY_LOGO_HELP_TEXT','Por favor, sube tu hermoso logotipo de la empresa. &lt;br / &gt;Adem&aacute;s de mostrar el logotipo de su empresa en su CRM,&lt;br&gt;\nel nombre de su empresa y los detalles de la direcci&oacute;n se utilizan en &lt;br / &gt;Campa&ntilde;as de Correo ele','Vtiger','php','firstupdate'),(2311,'es_es','PREFERENCES_HELP_TEXT_2','Las preferencias personales pueden ser configurados por cada usuario en su equipo.&lt;br&gt;\nEstos incluyen zona Horaria, Idioma, Formato de Fecha, Formato de N&uacute;mero.&lt;br&gt;\nEl Formato del n&uacute;mero de referencias se utilizan para Monedas y ','Vtiger','php','firstupdate'),(2312,'es_es','IMPORT_CONTACTS_GOOGLE_HELP_TEXT','Podemos llevar los contactos de Google y &lt;br / &gt; tambi&eacute;n se puede habilitar la bi-direcci&oacute;n de sincronizaci&oacute;n para mantener a nuestros&lt;br&gt;\nVtiger contactos y los contactos de Google(en el grupo seleccionado actualizado.&lt','Vtiger','php','firstupdate'),(2313,'es_es','JS_CURRENCY_TOOLTIP_CONTENT_MESSAGE','Para importar los valores de moneda en art&iacute;culos de l&iacute;nea, Vtiger utilizar&aacute; este valor para identificar la moneda. Cualquier valor de la moneda fuera de las mesas de art&iacute;culos de l&iacute;nea, se supone que son en Usuarios mone','Vtiger','js','firstupdate'),(2314,'es_es','JS_INTERNAL_COMMENT_INFO','El comentario s&oacute;lo ser&aacute; visto por los usuarios de CRM, si la casilla de verificaci&oacute;n comentario interno est&aacute; activado. Para notificar a los clientes (a trav&eacute;s de flujos de trabajo configurables o portal de clientes) deje','Vtiger','js','firstupdate'),(2315,'es_es','OFFICE365_REMOVE_SYNCHRONIZATION_MESSAGE','Al hacer clic en este eliminar&aacute; autenticaci&oacute;n Office365 existente. No se eliminar&aacute;n todos los registros que ya est&aacute;n sincronizados. No va a anular el registro de la aplicaci&oacute;n Vtiger de usted Office365 cuenta, para anula','Vtiger','js','firstupdate'),(2316,'es_es','JS_REMOVE_SYNC_CONFIRMATION','Retire sincronizaci&oacute;n s&oacute;lo eliminar&aacute; autenticaci&oacute;n existente, no ser&aacute; eliminar registros sincronizados. Si se sincroniza con la misma cuenta Google de nuevo, se crear&aacute;n registros duplicados. &iquest;Seguro que qui','Vtiger','js','firstupdate'),(2317,'es_es','LBL_DELETE_USER_CONFIRMATION','Cuando se elimina un Usuario, el usuario ser&aacute; marcado como &quot;Inactivo&quot; y no hay nuevos registros pueden ser asignados para el Usuario, y el usuario no ser&aacute; capaz de iniciar sesi&oacute;n. Facturaci&oacute;n dejar&aacute; de este usu','Vtiger','js','firstupdate'),(2318,'es_es','JS_EXCLUSIVE_MONTH_PLAN_TO_UPGRADE_CONFIRMATION','Plan exclusivo cuota de suscripci&oacute;n mensual ($12 por el usuario. Su cuenta se le cobrar&aacute; la diferencia en el precio de la porci&oacute;n restante del per&iacute;odo de facturaci&oacute;n actual. Por favor, confirme si desea continuar con el ','Vtiger','js','firstupdate'),(2319,'es_es','JS_ULTIMATE_MONTH_PLAN_TO_UPGRADE_CONFIRMATION','&Uacute;ltimo plan cuota de suscripci&oacute;n mensual ($36 por el usuario. Su cuenta se le cobrar&aacute; la diferencia en el precio de la porci&oacute;n restante del per&iacute;odo de facturaci&oacute;n actual. Por favor, confirme si desea continuar con','Vtiger','js','firstupdate'),(2320,'es_es','JS_SALESPREMIUM_MONTH_PLAN_TO_UPGRADE_CONFIRMATION','Las ventas de la Prima del plan mensual de la cuota de inscripci&oacute;n ($24 por el usuario. Su cuenta se le cobrar&aacute; la diferencia en el precio de la porci&oacute;n restante del per&iacute;odo de facturaci&oacute;n actual. Por favor, confirme si ','Vtiger','js','firstupdate'),(2321,'es_es','JS_SUPPORT_MONTH_PLAN_TO_UPGRADE_CONFIRMATION','Plan de apoyo a la cuota de suscripci&oacute;n mensual ($12 por el usuario. Su cuenta se le cobrar&aacute; la diferencia en el precio de la porci&oacute;n restante del per&iacute;odo de facturaci&oacute;n actual. Por favor, confirme si desea continuar con','Vtiger','js','firstupdate'),(2322,'es_es','JS_SALES_MONTH_PLAN_TO_UPGRADE_CONFIRMATION','El plan de ventas cuota de suscripci&oacute;n mensual ($12 por el usuario. Su cuenta se le cobrar&aacute; la diferencia en el precio de la porci&oacute;n restante del per&iacute;odo de facturaci&oacute;n actual. Por favor, confirme si desea continuar con ','Vtiger','js','firstupdate'),(2323,'es_es','JS_CONTACT_MONTH_PLAN_TO_UPGRADE_CONFIRMATION','Contacto plan de Gesti&oacute;n de la cuota de suscripci&oacute;n mensual ($9 por usuario. Su cuenta se le cobrar&aacute; la diferencia en el precio de la porci&oacute;n restante del per&iacute;odo de facturaci&oacute;n actual. Por favor, confirme si dese','Vtiger','js','firstupdate'),(2324,'es_es','JS_EXCLUSIVE_ANNUAL_PLAN_TO_UPGRADE_CONFIRMATION','Plan exclusivo cuota de suscripci&oacute;n anual ($132 por usuario. Su cuenta se le cobrar&aacute; la diferencia en el precio de la porci&oacute;n restante del per&iacute;odo de facturaci&oacute;n actual. Por favor, confirme si desea continuar con el Excl','Vtiger','js','firstupdate'),(2325,'es_es','JS_ULTIMATE_ANNUAL_PLAN_TO_UPGRADE_CONFIRMATION','&Uacute;ltimo plan de la cuota de suscripci&oacute;n anual ($360 por el usuario. Su cuenta se le cobrar&aacute; la diferencia en el precio de la porci&oacute;n restante del per&iacute;odo de facturaci&oacute;n actual. Por favor, confirme si desea continua','Vtiger','js','firstupdate'),(2326,'es_es','JS_SALESPREMIUM_ANNUAL_PLAN_TO_UPGRADE_CONFIRMATION','Las ventas de la Prima del plan de la cuota de suscripci&oacute;n anual ($240 por usuario. Su cuenta se le cobrar&aacute; la diferencia en el precio de la porci&oacute;n restante del per&iacute;odo de facturaci&oacute;n actual. Por favor, confirme si dese','Vtiger','js','firstupdate'),(2327,'es_es','JS_SUPPORT_ANNUAL_PLAN_TO_UPGRADE_CONFIRMATION','Plan de apoyo a la cuota de suscripci&oacute;n anual ($120 por usuario. Su cuenta se le cobrar&aacute; la diferencia en el precio de la porci&oacute;n restante del per&iacute;odo de facturaci&oacute;n actual. Por favor, confirme si desea continuar con el ','Vtiger','js','firstupdate'),(2328,'es_es','JS_SALES_ANNUAL_PLAN_TO_UPGRADE_CONFIRMATION','El plan de ventas de la cuota de suscripci&oacute;n anual ($120 por usuario. Su cuenta se le cobrar&aacute; la diferencia en el precio de la porci&oacute;n restante del per&iacute;odo de facturaci&oacute;n actual. Por favor, confirme si desea continuar co','Vtiger','js','firstupdate'),(2329,'es_es','JS_CONTACT_ANNUAL_PLAN_TO_UPGRADE_CONFIRMATION','Contacto plan de Gesti&oacute;n de la cuota de suscripci&oacute;n mensual ($99 por el usuario. Su cuenta se le cobrar&aacute; la diferencia en el precio de la porci&oacute;n restante del per&iacute;odo de facturaci&oacute;n actual. Por favor, confirme si ','Vtiger','js','firstupdate'),(2330,'es_es','JS_SWITCH_TO_OLD_LOOK_CONFIRMATION_MESSAGE','Algunas caracter&iacute;sticas, como las notificaciones, de la lista de selecci&oacute;n de colores, siga registro, no est&aacute;n disponibles en la versi&oacute;n antigua. Puede cambiar a la nueva versi&oacute;n por la elecci&oacute;n de la nueva versi&','Vtiger','js','firstupdate'),(2331,'es_es','JS_SUPPORTPREMIUM_MONTH_PLAN_TO_UPGRADE_CONFIRMATION','Apoyo al plan Premium de cuota de suscripci&oacute;n mensual ($24 por el usuario. Su cuenta se le cobrar&aacute; la diferencia en el precio de la porci&oacute;n restante del per&iacute;odo de facturaci&oacute;n actual. Por favor, confirme si desea continu','Vtiger','js','firstupdate'),(2332,'es_es','JS_SUPPORTPREMIUM_ANNUAL_PLAN_TO_UPGRADE_CONFIRMATION','Apoyo al plan Premium de la cuota de suscripci&oacute;n anual ($240 por usuario. Su cuenta se le cobrar&aacute; la diferencia en el precio de la porci&oacute;n restante del per&iacute;odo de facturaci&oacute;n actual. Por favor, confirme si desea continua','Vtiger','js','firstupdate'),(2333,'es_es','ALVT','Cuentas Destacadas','Home','php','firstupdate'),(2334,'es_es','PLVT','Oportunidades Destacadas','Home','php','firstupdate'),(2335,'es_es','QLTQ','Presupuestos Destacados','Home','php','firstupdate'),(2336,'es_es','CVLVT','Medidas Clave','Home','php','firstupdate'),(2337,'es_es','HLT','Incidencias Destacadas','Home','php','firstupdate'),(2338,'es_es','GRT','Asignaci&oacute;n de Grupo','Home','php','firstupdate'),(2339,'es_es','OLTSO','Orden Venta Destacadas','Home','php','firstupdate'),(2340,'es_es','ILTI','Facturas Destacadas','Home','php','firstupdate'),(2341,'es_es','HDB','Panel de Inicio','Home','php','edited'),(2342,'es_es','OLTPO','Orden Compra Destacadas','Home','php','firstupdate'),(2343,'es_es','LTFAQ','FAQs Recientes','Home','php','firstupdate'),(2344,'es_es','UA','Pr&oacute;ximas Actividades','Home','php','firstupdate'),(2345,'es_es','PA','Actividades Pendientes','Home','php','firstupdate'),(2346,'es_es','Home','Página de Inicio','Home','php','edited'),(2347,'es_es','LBL_SAVE_ORDER','Guardar El Fin De','Home','php','firstupdate'),(2348,'es_es','LBL_ADD_NEW_DASHBOARD','A&ntilde;adir nuevo panel de control','Home','php','firstupdate'),(2349,'es_es','LBL_MAX_CHARACTERS_ALLOWED_DASHBOARD','Máximo 30 caracteres permitidos para el nombre del panel.','Home','php','edited'),(2350,'es_es','JS_TAB_NAME_SHOULD_NOT_BE_EMPTY','Nombre del panel no no puede estar vacía','Home','js','edited'),(2351,'es_es','JS_NO_DATA_AVAILABLE','Datos no disponibles','Home','js','firstupdate'),(2352,'es_es','LBL_EXPORT_CURRENCY_TOOLTIP_TEXT','Para exportar los valores de moneda en art&iacute;culos de l&iacute;nea, Vtiger utilizar&aacute; esta opci&oacute;n para exportar como esta moneda. Cualquier valor de la moneda fuera de las mesas de art&iacute;culos de l&iacute;nea, se exportar&aacute;n c','Vtiger','php','firstupdate'),(2353,'es_es','LBL_FEEDBACK_ON_REMOVING_OLD_VERSION','Estamos felices de compartir esa vieja mirada estar&aacute; disponible hasta febrero de 2014. Hemos a&ntilde;adido las siguientes caracter&iacute;sticas para el nuevo look recientemente Matem&aacute;ticas &lt;br&gt;&lt;br&gt;1. Informes de pivote p&aacute','Vtiger','php','firstupdate'),(2354,'es_es','LBL_PHONEFORMAT_WARNING_CONTENT','El n&uacute;mero E.164 formato puede tener un m&aacute;ximo de quince d&iacute;gitos y por lo general se escribe como sigue: [+] [c&oacute;digo de pa&iacute;s] [n&uacute;mero de abonado incluido el c&oacute;digo de &aacute;rea] \n&nbsp;&nbsp;&nbsp;&nbsp;&n','Vtiger','php','firstupdate'),(2355,'es_es','LBL_ROLLUP_COMMENTS_INFO','Si Enrolle est&aacute; en &#039;On&#039; comentarios en los registros relacionados se mostrar&aacute;.\n&nbsp;&nbsp;&nbsp;&nbsp;&nbsp;&nbsp;&nbsp;&nbsp;&nbsp;&nbsp;&nbsp;&nbsp;&nbsp;&nbsp;&nbsp;&nbsp;&nbsp;&nbsp;&nbsp;&nbsp;&nbsp;&nbsp;&nbsp;&nbsp;&nbsp;&n','Vtiger','php','firstupdate'),(2356,'es_es','LBL_PREVIEW_SUPPORTED_FILES','&lt;b&gt; &lt;strong&gt; Tipos de archivos compatibles: &lt;/strong&gt; &lt;/b&gt; &lt;br&gt; &lt;b&gt; archivos PDF &lt;/b&gt; &lt;br&gt; &lt;b&gt; archivos de texto - &lt;/b&gt; txt, csv, ics&lt;br&gt; &lt;b&gt; Open Document Files - &lt;/b&gt; el texto','Vtiger','php','firstupdate'),(2357,'es_es','COMPANY_LOGO_HELP_TEXT','Por favor, sube tu hermoso logotipo de la empresa. &lt;br / &gt;Adem&aacute;s de mostrar el logotipo de su empresa en su CRM,&lt;br&gt;\nel nombre de su empresa y los detalles de la direcci&oacute;n se utilizan en &lt;br / &gt;Campa&ntilde;as de Correo ele','Vtiger','php','firstupdate'),(2358,'es_es','PREFERENCES_HELP_TEXT_2','Las preferencias personales pueden ser configurados por cada usuario en su equipo.&lt;br&gt;\nEstos incluyen zona Horaria, Idioma, Formato de Fecha, Formato de N&uacute;mero.&lt;br&gt;\nEl Formato del n&uacute;mero de referencias se utilizan para Monedas y ','Vtiger','php','firstupdate'),(2359,'es_es','IMPORT_CONTACTS_GOOGLE_HELP_TEXT','Podemos llevar los contactos de Google y &lt;br / &gt; tambi&eacute;n se puede habilitar la bi-direcci&oacute;n de sincronizaci&oacute;n para mantener a nuestros&lt;br&gt;\nVtiger contactos y los contactos de Google(en el grupo seleccionado actualizado.&lt','Vtiger','php','firstupdate'),(2360,'es_es','JS_CURRENCY_TOOLTIP_CONTENT_MESSAGE','Para importar los valores de moneda en art&iacute;culos de l&iacute;nea, Vtiger utilizar&aacute; este valor para identificar la moneda. Cualquier valor de la moneda fuera de las mesas de art&iacute;culos de l&iacute;nea, se supone que son en Usuarios mone','Vtiger','js','firstupdate'),(2361,'es_es','JS_INTERNAL_COMMENT_INFO','El comentario s&oacute;lo ser&aacute; visto por los usuarios de CRM, si la casilla de verificaci&oacute;n comentario interno est&aacute; activado. Para notificar a los clientes (a trav&eacute;s de flujos de trabajo configurables o portal de clientes) deje','Vtiger','js','firstupdate'),(2362,'es_es','OFFICE365_REMOVE_SYNCHRONIZATION_MESSAGE','Al hacer clic en este eliminar&aacute; autenticaci&oacute;n Office365 existente. No se eliminar&aacute;n todos los registros que ya est&aacute;n sincronizados. No va a anular el registro de la aplicaci&oacute;n Vtiger de usted Office365 cuenta, para anula','Vtiger','js','firstupdate'),(2363,'es_es','JS_REMOVE_SYNC_CONFIRMATION','Retire sincronizaci&oacute;n s&oacute;lo eliminar&aacute; autenticaci&oacute;n existente, no ser&aacute; eliminar registros sincronizados. Si se sincroniza con la misma cuenta Google de nuevo, se crear&aacute;n registros duplicados. &iquest;Seguro que qui','Vtiger','js','firstupdate'),(2364,'es_es','LBL_DELETE_USER_CONFIRMATION','Cuando se elimina un Usuario, el usuario ser&aacute; marcado como &quot;Inactivo&quot; y no hay nuevos registros pueden ser asignados para el Usuario, y el usuario no ser&aacute; capaz de iniciar sesi&oacute;n. Facturaci&oacute;n dejar&aacute; de este usu','Vtiger','js','firstupdate'),(2365,'es_es','JS_EXCLUSIVE_MONTH_PLAN_TO_UPGRADE_CONFIRMATION','Plan exclusivo cuota de suscripci&oacute;n mensual ($12 por el usuario. Su cuenta se le cobrar&aacute; la diferencia en el precio de la porci&oacute;n restante del per&iacute;odo de facturaci&oacute;n actual. Por favor, confirme si desea continuar con el ','Vtiger','js','firstupdate'),(2366,'es_es','JS_ULTIMATE_MONTH_PLAN_TO_UPGRADE_CONFIRMATION','&Uacute;ltimo plan cuota de suscripci&oacute;n mensual ($36 por el usuario. Su cuenta se le cobrar&aacute; la diferencia en el precio de la porci&oacute;n restante del per&iacute;odo de facturaci&oacute;n actual. Por favor, confirme si desea continuar con','Vtiger','js','firstupdate'),(2367,'es_es','JS_SALESPREMIUM_MONTH_PLAN_TO_UPGRADE_CONFIRMATION','Las ventas de la Prima del plan mensual de la cuota de inscripci&oacute;n ($24 por el usuario. Su cuenta se le cobrar&aacute; la diferencia en el precio de la porci&oacute;n restante del per&iacute;odo de facturaci&oacute;n actual. Por favor, confirme si ','Vtiger','js','firstupdate'),(2368,'es_es','JS_SUPPORT_MONTH_PLAN_TO_UPGRADE_CONFIRMATION','Plan de apoyo a la cuota de suscripci&oacute;n mensual ($12 por el usuario. Su cuenta se le cobrar&aacute; la diferencia en el precio de la porci&oacute;n restante del per&iacute;odo de facturaci&oacute;n actual. Por favor, confirme si desea continuar con','Vtiger','js','firstupdate'),(2369,'es_es','JS_SALES_MONTH_PLAN_TO_UPGRADE_CONFIRMATION','El plan de ventas cuota de suscripci&oacute;n mensual ($12 por el usuario. Su cuenta se le cobrar&aacute; la diferencia en el precio de la porci&oacute;n restante del per&iacute;odo de facturaci&oacute;n actual. Por favor, confirme si desea continuar con ','Vtiger','js','firstupdate'),(2370,'es_es','JS_CONTACT_MONTH_PLAN_TO_UPGRADE_CONFIRMATION','Contacto plan de Gesti&oacute;n de la cuota de suscripci&oacute;n mensual ($9 por usuario. Su cuenta se le cobrar&aacute; la diferencia en el precio de la porci&oacute;n restante del per&iacute;odo de facturaci&oacute;n actual. Por favor, confirme si dese','Vtiger','js','firstupdate'),(2371,'es_es','JS_EXCLUSIVE_ANNUAL_PLAN_TO_UPGRADE_CONFIRMATION','Plan exclusivo cuota de suscripci&oacute;n anual ($132 por usuario. Su cuenta se le cobrar&aacute; la diferencia en el precio de la porci&oacute;n restante del per&iacute;odo de facturaci&oacute;n actual. Por favor, confirme si desea continuar con el Excl','Vtiger','js','firstupdate'),(2372,'es_es','JS_ULTIMATE_ANNUAL_PLAN_TO_UPGRADE_CONFIRMATION','&Uacute;ltimo plan de la cuota de suscripci&oacute;n anual ($360 por el usuario. Su cuenta se le cobrar&aacute; la diferencia en el precio de la porci&oacute;n restante del per&iacute;odo de facturaci&oacute;n actual. Por favor, confirme si desea continua','Vtiger','js','firstupdate'),(2373,'es_es','JS_SALESPREMIUM_ANNUAL_PLAN_TO_UPGRADE_CONFIRMATION','Las ventas de la Prima del plan de la cuota de suscripci&oacute;n anual ($240 por usuario. Su cuenta se le cobrar&aacute; la diferencia en el precio de la porci&oacute;n restante del per&iacute;odo de facturaci&oacute;n actual. Por favor, confirme si dese','Vtiger','js','firstupdate'),(2374,'es_es','JS_SUPPORT_ANNUAL_PLAN_TO_UPGRADE_CONFIRMATION','Plan de apoyo a la cuota de suscripci&oacute;n anual ($120 por usuario. Su cuenta se le cobrar&aacute; la diferencia en el precio de la porci&oacute;n restante del per&iacute;odo de facturaci&oacute;n actual. Por favor, confirme si desea continuar con el ','Vtiger','js','firstupdate'),(2375,'es_es','JS_SALES_ANNUAL_PLAN_TO_UPGRADE_CONFIRMATION','El plan de ventas de la cuota de suscripci&oacute;n anual ($120 por usuario. Su cuenta se le cobrar&aacute; la diferencia en el precio de la porci&oacute;n restante del per&iacute;odo de facturaci&oacute;n actual. Por favor, confirme si desea continuar co','Vtiger','js','firstupdate'),(2376,'es_es','JS_CONTACT_ANNUAL_PLAN_TO_UPGRADE_CONFIRMATION','Contacto plan de Gesti&oacute;n de la cuota de suscripci&oacute;n mensual ($99 por el usuario. Su cuenta se le cobrar&aacute; la diferencia en el precio de la porci&oacute;n restante del per&iacute;odo de facturaci&oacute;n actual. Por favor, confirme si ','Vtiger','js','firstupdate'),(2377,'es_es','JS_SWITCH_TO_OLD_LOOK_CONFIRMATION_MESSAGE','Algunas caracter&iacute;sticas, como las notificaciones, de la lista de selecci&oacute;n de colores, siga registro, no est&aacute;n disponibles en la versi&oacute;n antigua. Puede cambiar a la nueva versi&oacute;n por la elecci&oacute;n de la nueva versi&','Vtiger','js','firstupdate'),(2378,'es_es','JS_SUPPORTPREMIUM_MONTH_PLAN_TO_UPGRADE_CONFIRMATION','Apoyo al plan Premium de cuota de suscripci&oacute;n mensual ($24 por el usuario. Su cuenta se le cobrar&aacute; la diferencia en el precio de la porci&oacute;n restante del per&iacute;odo de facturaci&oacute;n actual. Por favor, confirme si desea continu','Vtiger','js','firstupdate'),(2379,'es_es','JS_SUPPORTPREMIUM_ANNUAL_PLAN_TO_UPGRADE_CONFIRMATION','Apoyo al plan Premium de la cuota de suscripci&oacute;n anual ($240 por usuario. Su cuenta se le cobrar&aacute; la diferencia en el precio de la porci&oacute;n restante del per&iacute;odo de facturaci&oacute;n actual. Por favor, confirme si desea continua','Vtiger','js','firstupdate'),(2380,'es_es','LBL_MAX_CHARACTERS_ALLOWED_DASHBOARD','M&aacute;ximo 30 caracteres permitidos para el nombre del panel.','Home','php','firstupdate'),(2381,'es_es','JS_TAB_NAME_SHOULD_NOT_BE_EMPTY','Nombre del panel no no puede estar vac&iacute;a','Home','js','firstupdate'),(2382,'es_es','Forecast','Proyecci&oacute;n','Vtiger','php','firstupdate'),(2383,'es_es','LBL_EXPORT_CURRENCY_TOOLTIP_TEXT','Para exportar los valores de moneda en art&iacute;culos de l&iacute;nea, Vtiger utilizar&aacute; esta opci&oacute;n para exportar como esta moneda. Cualquier valor de la moneda fuera de las mesas de art&iacute;culos de l&iacute;nea, se exportar&aacute;n c','Vtiger','php','firstupdate'),(2384,'es_es','LBL_FEEDBACK_ON_REMOVING_OLD_VERSION','Estamos felices de compartir esa vieja mirada estar&aacute; disponible hasta febrero de 2014. Hemos a&ntilde;adido las siguientes caracter&iacute;sticas para el nuevo look recientemente Matem&aacute;ticas &lt;br&gt;&lt;br&gt;1. Informes de pivote p&aacute','Vtiger','php','firstupdate'),(2385,'es_es','LBL_PHONEFORMAT_WARNING_CONTENT','El n&uacute;mero E.164 formato puede tener un m&aacute;ximo de quince d&iacute;gitos y por lo general se escribe como sigue: [+] [c&oacute;digo de pa&iacute;s] [n&uacute;mero de abonado incluido el c&oacute;digo de &aacute;rea] \n&nbsp;&nbsp;&nbsp;&nbsp;&n','Vtiger','php','firstupdate'),(2386,'es_es','LBL_ROLLUP_COMMENTS_INFO','Si Enrolle est&aacute; en &#039;On&#039; comentarios en los registros relacionados se mostrar&aacute;.\n&nbsp;&nbsp;&nbsp;&nbsp;&nbsp;&nbsp;&nbsp;&nbsp;&nbsp;&nbsp;&nbsp;&nbsp;&nbsp;&nbsp;&nbsp;&nbsp;&nbsp;&nbsp;&nbsp;&nbsp;&nbsp;&nbsp;&nbsp;&nbsp;&nbsp;&n','Vtiger','php','firstupdate'),(2387,'es_es','LBL_PREVIEW_SUPPORTED_FILES','&lt;b&gt; &lt;strong&gt; Tipos de archivos compatibles: &lt;/strong&gt; &lt;/b&gt; &lt;br&gt; &lt;b&gt; archivos PDF &lt;/b&gt; &lt;br&gt; &lt;b&gt; archivos de texto - &lt;/b&gt; txt, csv, ics&lt;br&gt; &lt;b&gt; Open Document Files - &lt;/b&gt; el texto','Vtiger','php','firstupdate'),(2388,'es_es','COMPANY_LOGO_HELP_TEXT','Por favor, sube tu hermoso logotipo de la empresa. &lt;br / &gt;Adem&aacute;s de mostrar el logotipo de su empresa en su CRM,&lt;br&gt;\nel nombre de su empresa y los detalles de la direcci&oacute;n se utilizan en &lt;br / &gt;Campa&ntilde;as de Correo ele','Vtiger','php','firstupdate'),(2389,'es_es','PREFERENCES_HELP_TEXT_2','Las preferencias personales pueden ser configurados por cada usuario en su equipo.&lt;br&gt;\nEstos incluyen zona Horaria, Idioma, Formato de Fecha, Formato de N&uacute;mero.&lt;br&gt;\nEl Formato del n&uacute;mero de referencias se utilizan para Monedas y ','Vtiger','php','firstupdate'),(2390,'es_es','IMPORT_CONTACTS_GOOGLE_HELP_TEXT','Podemos llevar los contactos de Google y &lt;br / &gt; tambi&eacute;n se puede habilitar la bi-direcci&oacute;n de sincronizaci&oacute;n para mantener a nuestros&lt;br&gt;\nVtiger contactos y los contactos de Google(en el grupo seleccionado actualizado.&lt','Vtiger','php','firstupdate'),(2391,'es_es','JS_CURRENCY_TOOLTIP_CONTENT_MESSAGE','Para importar los valores de moneda en art&iacute;culos de l&iacute;nea, Vtiger utilizar&aacute; este valor para identificar la moneda. Cualquier valor de la moneda fuera de las mesas de art&iacute;culos de l&iacute;nea, se supone que son en Usuarios mone','Vtiger','js','firstupdate'),(2392,'es_es','JS_INTERNAL_COMMENT_INFO','El comentario s&oacute;lo ser&aacute; visto por los usuarios de CRM, si la casilla de verificaci&oacute;n comentario interno est&aacute; activado. Para notificar a los clientes (a trav&eacute;s de flujos de trabajo configurables o portal de clientes) deje','Vtiger','js','firstupdate'),(2393,'es_es','OFFICE365_REMOVE_SYNCHRONIZATION_MESSAGE','Al hacer clic en este eliminar&aacute; autenticaci&oacute;n Office365 existente. No se eliminar&aacute;n todos los registros que ya est&aacute;n sincronizados. No va a anular el registro de la aplicaci&oacute;n Vtiger de usted Office365 cuenta, para anula','Vtiger','js','firstupdate'),(2394,'es_es','JS_REMOVE_SYNC_CONFIRMATION','Retire sincronizaci&oacute;n s&oacute;lo eliminar&aacute; autenticaci&oacute;n existente, no ser&aacute; eliminar registros sincronizados. Si se sincroniza con la misma cuenta Google de nuevo, se crear&aacute;n registros duplicados. &iquest;Seguro que qui','Vtiger','js','firstupdate'),(2395,'es_es','LBL_DELETE_USER_CONFIRMATION','Cuando se elimina un Usuario, el usuario ser&aacute; marcado como &quot;Inactivo&quot; y no hay nuevos registros pueden ser asignados para el Usuario, y el usuario no ser&aacute; capaz de iniciar sesi&oacute;n. Facturaci&oacute;n dejar&aacute; de este usu','Vtiger','js','firstupdate'),(2396,'es_es','JS_EXCLUSIVE_MONTH_PLAN_TO_UPGRADE_CONFIRMATION','Plan exclusivo cuota de suscripci&oacute;n mensual ($12 por el usuario. Su cuenta se le cobrar&aacute; la diferencia en el precio de la porci&oacute;n restante del per&iacute;odo de facturaci&oacute;n actual. Por favor, confirme si desea continuar con el ','Vtiger','js','firstupdate'),(2397,'es_es','JS_ULTIMATE_MONTH_PLAN_TO_UPGRADE_CONFIRMATION','&Uacute;ltimo plan cuota de suscripci&oacute;n mensual ($36 por el usuario. Su cuenta se le cobrar&aacute; la diferencia en el precio de la porci&oacute;n restante del per&iacute;odo de facturaci&oacute;n actual. Por favor, confirme si desea continuar con','Vtiger','js','firstupdate'),(2398,'es_es','JS_SALESPREMIUM_MONTH_PLAN_TO_UPGRADE_CONFIRMATION','Las ventas de la Prima del plan mensual de la cuota de inscripci&oacute;n ($24 por el usuario. Su cuenta se le cobrar&aacute; la diferencia en el precio de la porci&oacute;n restante del per&iacute;odo de facturaci&oacute;n actual. Por favor, confirme si ','Vtiger','js','firstupdate'),(2399,'es_es','JS_SUPPORT_MONTH_PLAN_TO_UPGRADE_CONFIRMATION','Plan de apoyo a la cuota de suscripci&oacute;n mensual ($12 por el usuario. Su cuenta se le cobrar&aacute; la diferencia en el precio de la porci&oacute;n restante del per&iacute;odo de facturaci&oacute;n actual. Por favor, confirme si desea continuar con','Vtiger','js','firstupdate'),(2400,'es_es','JS_SALES_MONTH_PLAN_TO_UPGRADE_CONFIRMATION','El plan de ventas cuota de suscripci&oacute;n mensual ($12 por el usuario. Su cuenta se le cobrar&aacute; la diferencia en el precio de la porci&oacute;n restante del per&iacute;odo de facturaci&oacute;n actual. Por favor, confirme si desea continuar con ','Vtiger','js','firstupdate'),(2401,'es_es','JS_CONTACT_MONTH_PLAN_TO_UPGRADE_CONFIRMATION','Contacto plan de Gesti&oacute;n de la cuota de suscripci&oacute;n mensual ($9 por usuario. Su cuenta se le cobrar&aacute; la diferencia en el precio de la porci&oacute;n restante del per&iacute;odo de facturaci&oacute;n actual. Por favor, confirme si dese','Vtiger','js','firstupdate'),(2402,'es_es','JS_EXCLUSIVE_ANNUAL_PLAN_TO_UPGRADE_CONFIRMATION','Plan exclusivo cuota de suscripci&oacute;n anual ($132 por usuario. Su cuenta se le cobrar&aacute; la diferencia en el precio de la porci&oacute;n restante del per&iacute;odo de facturaci&oacute;n actual. Por favor, confirme si desea continuar con el Excl','Vtiger','js','firstupdate'),(2403,'es_es','JS_ULTIMATE_ANNUAL_PLAN_TO_UPGRADE_CONFIRMATION','&Uacute;ltimo plan de la cuota de suscripci&oacute;n anual ($360 por el usuario. Su cuenta se le cobrar&aacute; la diferencia en el precio de la porci&oacute;n restante del per&iacute;odo de facturaci&oacute;n actual. Por favor, confirme si desea continua','Vtiger','js','firstupdate'),(2404,'es_es','JS_SALESPREMIUM_ANNUAL_PLAN_TO_UPGRADE_CONFIRMATION','Las ventas de la Prima del plan de la cuota de suscripci&oacute;n anual ($240 por usuario. Su cuenta se le cobrar&aacute; la diferencia en el precio de la porci&oacute;n restante del per&iacute;odo de facturaci&oacute;n actual. Por favor, confirme si dese','Vtiger','js','firstupdate'),(2405,'es_es','JS_SUPPORT_ANNUAL_PLAN_TO_UPGRADE_CONFIRMATION','Plan de apoyo a la cuota de suscripci&oacute;n anual ($120 por usuario. Su cuenta se le cobrar&aacute; la diferencia en el precio de la porci&oacute;n restante del per&iacute;odo de facturaci&oacute;n actual. Por favor, confirme si desea continuar con el ','Vtiger','js','firstupdate'),(2406,'es_es','JS_SALES_ANNUAL_PLAN_TO_UPGRADE_CONFIRMATION','El plan de ventas de la cuota de suscripci&oacute;n anual ($120 por usuario. Su cuenta se le cobrar&aacute; la diferencia en el precio de la porci&oacute;n restante del per&iacute;odo de facturaci&oacute;n actual. Por favor, confirme si desea continuar co','Vtiger','js','firstupdate'),(2407,'es_es','JS_CONTACT_ANNUAL_PLAN_TO_UPGRADE_CONFIRMATION','Contacto plan de Gesti&oacute;n de la cuota de suscripci&oacute;n mensual ($99 por el usuario. Su cuenta se le cobrar&aacute; la diferencia en el precio de la porci&oacute;n restante del per&iacute;odo de facturaci&oacute;n actual. Por favor, confirme si ','Vtiger','js','firstupdate'),(2408,'es_es','JS_SWITCH_TO_OLD_LOOK_CONFIRMATION_MESSAGE','Algunas caracter&iacute;sticas, como las notificaciones, de la lista de selecci&oacute;n de colores, siga registro, no est&aacute;n disponibles en la versi&oacute;n antigua. Puede cambiar a la nueva versi&oacute;n por la elecci&oacute;n de la nueva versi&','Vtiger','js','firstupdate'),(2409,'es_es','JS_SUPPORTPREMIUM_MONTH_PLAN_TO_UPGRADE_CONFIRMATION','Apoyo al plan Premium de cuota de suscripci&oacute;n mensual ($24 por el usuario. Su cuenta se le cobrar&aacute; la diferencia en el precio de la porci&oacute;n restante del per&iacute;odo de facturaci&oacute;n actual. Por favor, confirme si desea continu','Vtiger','js','firstupdate'),(2410,'es_es','JS_SUPPORTPREMIUM_ANNUAL_PLAN_TO_UPGRADE_CONFIRMATION','Apoyo al plan Premium de la cuota de suscripci&oacute;n anual ($240 por usuario. Su cuenta se le cobrar&aacute; la diferencia en el precio de la porci&oacute;n restante del per&iacute;odo de facturaci&oacute;n actual. Por favor, confirme si desea continua','Vtiger','js','firstupdate'),(2411,'es_es','Home','P&aacute;gina de Inicio','Home','php','firstupdate'),(2412,'es_es','LBL_SYNC_TOOLTIP_MESSAGE','Prefiero &uacute;ltimo disco - datos de registro M&aacute;s recientemente modificados ser&aacute;n retenidos &lt;br&gt; prefieren registro interno - existente registro ser&aacute; retenido, ya que es &lt;br&gt; prefieren registro externo - Los datos de la','Settings/LayoutEditor','php','firstupdate'),(2413,'es_es','JS_LBL_ARE_YOU_SURE_YOU_WANT_TO_DELETE','Esta operaci&oacute;n resultar&aacute; en la eliminaci&oacute;n permanente de los datos.\nCuando un campo es eliminado, los valores almacenados en este campo ser&aacute;n eliminados, y no puede ser recuperada.\nSi usted no est&aacute; seguro y quiere ser ca','Settings/LayoutEditor','js','firstupdate'),(2414,'es_es','LBL_OPTIONS2','A&ntilde;adir servidor vtiger.com como un emisor autorizado de mensajes de correo electr&oacute;nico para su dominio&lt;b&gt;(your_company.com)&lt;/b&gt;.&lt;br&gt;\n					-Para asegurarse de que sus correos electr&oacute;nicos no sean rechazados por el ser','Settings/Vtiger','php','firstupdate'),(2415,'es_es','LBL_PERSONAL_EMAIL_TRACKING_INFO','Para realizar el seguimiento de mensajes de correo electr&oacute;nico se abre directos enviados a los contactos, por favor, active esta casilla de verificaci&oacute;n. Tenga en cuenta que el correo electr&oacute;nico enviado desde el m&oacute;dulo de camp','Settings/Vtiger','php','firstupdate'),(2416,'es_es','LBL_EXPORT_CURRENCY_TOOLTIP_TEXT','Para exportar los valores de moneda en art&iacute;culos de l&iacute;nea, Vtiger utilizar&aacute; esta opci&oacute;n para exportar como esta moneda. Cualquier valor de la moneda fuera de las mesas de art&iacute;culos de l&iacute;nea, se exportar&aacute;n c','Vtiger','php','firstupdate'),(2417,'es_es','LBL_FEEDBACK_ON_REMOVING_OLD_VERSION','Estamos felices de compartir esa vieja mirada estar&aacute; disponible hasta febrero de 2014. Hemos a&ntilde;adido las siguientes caracter&iacute;sticas para el nuevo look recientemente Matem&aacute;ticas &lt;br&gt;&lt;br&gt;1. Informes de pivote p&aacute','Vtiger','php','firstupdate'),(2418,'es_es','LBL_PHONEFORMAT_WARNING_CONTENT','El n&uacute;mero E.164 formato puede tener un m&aacute;ximo de quince d&iacute;gitos y por lo general se escribe como sigue: [+] [c&oacute;digo de pa&iacute;s] [n&uacute;mero de abonado incluido el c&oacute;digo de &aacute;rea] \n&nbsp;&nbsp;&nbsp;&nbsp;&n','Vtiger','php','firstupdate'),(2419,'es_es','LBL_ROLLUP_COMMENTS_INFO','Si Enrolle est&aacute; en &#039;On&#039; comentarios en los registros relacionados se mostrar&aacute;.\n&nbsp;&nbsp;&nbsp;&nbsp;&nbsp;&nbsp;&nbsp;&nbsp;&nbsp;&nbsp;&nbsp;&nbsp;&nbsp;&nbsp;&nbsp;&nbsp;&nbsp;&nbsp;&nbsp;&nbsp;&nbsp;&nbsp;&nbsp;&nbsp;&nbsp;&n','Vtiger','php','firstupdate'),(2420,'es_es','LBL_PREVIEW_SUPPORTED_FILES','&lt;b&gt; &lt;strong&gt; Tipos de archivos compatibles: &lt;/strong&gt; &lt;/b&gt; &lt;br&gt; &lt;b&gt; archivos PDF &lt;/b&gt; &lt;br&gt; &lt;b&gt; archivos de texto - &lt;/b&gt; txt, csv, ics&lt;br&gt; &lt;b&gt; Open Document Files - &lt;/b&gt; el texto','Vtiger','php','firstupdate'),(2421,'es_es','COMPANY_LOGO_HELP_TEXT','Por favor, sube tu hermoso logotipo de la empresa. &lt;br / &gt;Adem&aacute;s de mostrar el logotipo de su empresa en su CRM,&lt;br&gt;\nel nombre de su empresa y los detalles de la direcci&oacute;n se utilizan en &lt;br / &gt;Campa&ntilde;as de Correo ele','Vtiger','php','firstupdate'),(2422,'es_es','PREFERENCES_HELP_TEXT_2','Las preferencias personales pueden ser configurados por cada usuario en su equipo.&lt;br&gt;\nEstos incluyen zona Horaria, Idioma, Formato de Fecha, Formato de N&uacute;mero.&lt;br&gt;\nEl Formato del n&uacute;mero de referencias se utilizan para Monedas y ','Vtiger','php','firstupdate'),(2423,'es_es','IMPORT_CONTACTS_GOOGLE_HELP_TEXT','Podemos llevar los contactos de Google y &lt;br / &gt; tambi&eacute;n se puede habilitar la bi-direcci&oacute;n de sincronizaci&oacute;n para mantener a nuestros&lt;br&gt;\nVtiger contactos y los contactos de Google(en el grupo seleccionado actualizado.&lt','Vtiger','php','firstupdate'),(2424,'es_es','JS_CURRENCY_TOOLTIP_CONTENT_MESSAGE','Para importar los valores de moneda en art&iacute;culos de l&iacute;nea, Vtiger utilizar&aacute; este valor para identificar la moneda. Cualquier valor de la moneda fuera de las mesas de art&iacute;culos de l&iacute;nea, se supone que son en Usuarios mone','Vtiger','js','firstupdate'),(2425,'es_es','JS_INTERNAL_COMMENT_INFO','El comentario s&oacute;lo ser&aacute; visto por los usuarios de CRM, si la casilla de verificaci&oacute;n comentario interno est&aacute; activado. Para notificar a los clientes (a trav&eacute;s de flujos de trabajo configurables o portal de clientes) deje','Vtiger','js','firstupdate'),(2426,'es_es','OFFICE365_REMOVE_SYNCHRONIZATION_MESSAGE','Al hacer clic en este eliminar&aacute; autenticaci&oacute;n Office365 existente. No se eliminar&aacute;n todos los registros que ya est&aacute;n sincronizados. No va a anular el registro de la aplicaci&oacute;n Vtiger de usted Office365 cuenta, para anula','Vtiger','js','firstupdate'),(2427,'es_es','JS_REMOVE_SYNC_CONFIRMATION','Retire sincronizaci&oacute;n s&oacute;lo eliminar&aacute; autenticaci&oacute;n existente, no ser&aacute; eliminar registros sincronizados. Si se sincroniza con la misma cuenta Google de nuevo, se crear&aacute;n registros duplicados. &iquest;Seguro que qui','Vtiger','js','firstupdate'),(2428,'es_es','LBL_DELETE_USER_CONFIRMATION','Cuando se elimina un Usuario, el usuario ser&aacute; marcado como &quot;Inactivo&quot; y no hay nuevos registros pueden ser asignados para el Usuario, y el usuario no ser&aacute; capaz de iniciar sesi&oacute;n. Facturaci&oacute;n dejar&aacute; de este usu','Vtiger','js','firstupdate'),(2429,'es_es','JS_EXCLUSIVE_MONTH_PLAN_TO_UPGRADE_CONFIRMATION','Plan exclusivo cuota de suscripci&oacute;n mensual ($12 por el usuario. Su cuenta se le cobrar&aacute; la diferencia en el precio de la porci&oacute;n restante del per&iacute;odo de facturaci&oacute;n actual. Por favor, confirme si desea continuar con el ','Vtiger','js','firstupdate'),(2430,'es_es','JS_ULTIMATE_MONTH_PLAN_TO_UPGRADE_CONFIRMATION','&Uacute;ltimo plan cuota de suscripci&oacute;n mensual ($36 por el usuario. Su cuenta se le cobrar&aacute; la diferencia en el precio de la porci&oacute;n restante del per&iacute;odo de facturaci&oacute;n actual. Por favor, confirme si desea continuar con','Vtiger','js','firstupdate'),(2431,'es_es','JS_SALESPREMIUM_MONTH_PLAN_TO_UPGRADE_CONFIRMATION','Las ventas de la Prima del plan mensual de la cuota de inscripci&oacute;n ($24 por el usuario. Su cuenta se le cobrar&aacute; la diferencia en el precio de la porci&oacute;n restante del per&iacute;odo de facturaci&oacute;n actual. Por favor, confirme si ','Vtiger','js','firstupdate'),(2432,'es_es','JS_SUPPORT_MONTH_PLAN_TO_UPGRADE_CONFIRMATION','Plan de apoyo a la cuota de suscripci&oacute;n mensual ($12 por el usuario. Su cuenta se le cobrar&aacute; la diferencia en el precio de la porci&oacute;n restante del per&iacute;odo de facturaci&oacute;n actual. Por favor, confirme si desea continuar con','Vtiger','js','firstupdate'),(2433,'es_es','JS_SALES_MONTH_PLAN_TO_UPGRADE_CONFIRMATION','El plan de ventas cuota de suscripci&oacute;n mensual ($12 por el usuario. Su cuenta se le cobrar&aacute; la diferencia en el precio de la porci&oacute;n restante del per&iacute;odo de facturaci&oacute;n actual. Por favor, confirme si desea continuar con ','Vtiger','js','firstupdate'),(2434,'es_es','JS_CONTACT_MONTH_PLAN_TO_UPGRADE_CONFIRMATION','Contacto plan de Gesti&oacute;n de la cuota de suscripci&oacute;n mensual ($9 por usuario. Su cuenta se le cobrar&aacute; la diferencia en el precio de la porci&oacute;n restante del per&iacute;odo de facturaci&oacute;n actual. Por favor, confirme si dese','Vtiger','js','firstupdate'),(2435,'es_es','JS_EXCLUSIVE_ANNUAL_PLAN_TO_UPGRADE_CONFIRMATION','Plan exclusivo cuota de suscripci&oacute;n anual ($132 por usuario. Su cuenta se le cobrar&aacute; la diferencia en el precio de la porci&oacute;n restante del per&iacute;odo de facturaci&oacute;n actual. Por favor, confirme si desea continuar con el Excl','Vtiger','js','firstupdate'),(2436,'es_es','JS_ULTIMATE_ANNUAL_PLAN_TO_UPGRADE_CONFIRMATION','&Uacute;ltimo plan de la cuota de suscripci&oacute;n anual ($360 por el usuario. Su cuenta se le cobrar&aacute; la diferencia en el precio de la porci&oacute;n restante del per&iacute;odo de facturaci&oacute;n actual. Por favor, confirme si desea continua','Vtiger','js','firstupdate'),(2437,'es_es','JS_SALESPREMIUM_ANNUAL_PLAN_TO_UPGRADE_CONFIRMATION','Las ventas de la Prima del plan de la cuota de suscripci&oacute;n anual ($240 por usuario. Su cuenta se le cobrar&aacute; la diferencia en el precio de la porci&oacute;n restante del per&iacute;odo de facturaci&oacute;n actual. Por favor, confirme si dese','Vtiger','js','firstupdate'),(2438,'es_es','JS_SUPPORT_ANNUAL_PLAN_TO_UPGRADE_CONFIRMATION','Plan de apoyo a la cuota de suscripci&oacute;n anual ($120 por usuario. Su cuenta se le cobrar&aacute; la diferencia en el precio de la porci&oacute;n restante del per&iacute;odo de facturaci&oacute;n actual. Por favor, confirme si desea continuar con el ','Vtiger','js','firstupdate'),(2439,'es_es','JS_SALES_ANNUAL_PLAN_TO_UPGRADE_CONFIRMATION','El plan de ventas de la cuota de suscripci&oacute;n anual ($120 por usuario. Su cuenta se le cobrar&aacute; la diferencia en el precio de la porci&oacute;n restante del per&iacute;odo de facturaci&oacute;n actual. Por favor, confirme si desea continuar co','Vtiger','js','firstupdate'),(2440,'es_es','JS_CONTACT_ANNUAL_PLAN_TO_UPGRADE_CONFIRMATION','Contacto plan de Gesti&oacute;n de la cuota de suscripci&oacute;n mensual ($99 por el usuario. Su cuenta se le cobrar&aacute; la diferencia en el precio de la porci&oacute;n restante del per&iacute;odo de facturaci&oacute;n actual. Por favor, confirme si ','Vtiger','js','firstupdate'),(2441,'es_es','JS_SWITCH_TO_OLD_LOOK_CONFIRMATION_MESSAGE','Algunas caracter&iacute;sticas, como las notificaciones, de la lista de selecci&oacute;n de colores, siga registro, no est&aacute;n disponibles en la versi&oacute;n antigua. Puede cambiar a la nueva versi&oacute;n por la elecci&oacute;n de la nueva versi&','Vtiger','js','firstupdate'),(2442,'es_es','JS_SUPPORTPREMIUM_MONTH_PLAN_TO_UPGRADE_CONFIRMATION','Apoyo al plan Premium de cuota de suscripci&oacute;n mensual ($24 por el usuario. Su cuenta se le cobrar&aacute; la diferencia en el precio de la porci&oacute;n restante del per&iacute;odo de facturaci&oacute;n actual. Por favor, confirme si desea continu','Vtiger','js','firstupdate'),(2443,'es_es','JS_SUPPORTPREMIUM_ANNUAL_PLAN_TO_UPGRADE_CONFIRMATION','Apoyo al plan Premium de la cuota de suscripci&oacute;n anual ($240 por usuario. Su cuenta se le cobrar&aacute; la diferencia en el precio de la porci&oacute;n restante del per&iacute;odo de facturaci&oacute;n actual. Por favor, confirme si desea continua','Vtiger','js','firstupdate');
/*!40000 ALTER TABLE `vtiger_item_langmanagement` ENABLE KEYS */;
UNLOCK TABLES;

--
-- Table structure for table `vtiger_language`
--

DROP TABLE IF EXISTS `vtiger_language`;
/*!40101 SET @saved_cs_client     = @@character_set_client */;
/*!40101 SET character_set_client = utf8 */;
CREATE TABLE `vtiger_language` (
  `id` int(11) NOT NULL AUTO_INCREMENT,
  `name` varchar(50) DEFAULT NULL,
  `prefix` varchar(10) DEFAULT NULL,
  `label` varchar(30) DEFAULT NULL,
  `lastupdated` datetime DEFAULT NULL,
  `sequence` int(11) DEFAULT NULL,
  `isdefault` int(1) DEFAULT NULL,
  `active` int(1) DEFAULT NULL,
  PRIMARY KEY (`id`)
) ENGINE=InnoDB AUTO_INCREMENT=17 DEFAULT CHARSET=utf8;
/*!40101 SET character_set_client = @saved_cs_client */;

--
-- Dumping data for table `vtiger_language`
--

LOCK TABLES `vtiger_language` WRITE;
/*!40000 ALTER TABLE `vtiger_language` DISABLE KEYS */;
INSERT INTO `vtiger_language` VALUES (1,'English','en_us','US English','2019-01-22 22:37:21',NULL,0,1),(2,'Romana','ro_ro','Romana','2019-01-22 22:38:06',NULL,0,1),(3,'Russian','ru_ru','Russian','2019-01-22 22:37:54',NULL,0,1),(4,'Turkce','tr_tr','Turkce Dil Paketi','2019-01-22 22:37:55',NULL,0,1),(5,'Hungarian','hu_hu','HU Magyar','2019-01-22 22:37:55',NULL,0,1),(6,'Język Polski','pl_pl','Język Polski','2019-01-22 22:38:06',NULL,0,1),(7,'British English','en_gb','British English','2019-01-22 22:37:55',NULL,0,1),(8,'Brazilian','pt_br','PT Brasil','2019-01-22 22:38:06',NULL,0,1),(9,'Deutsch','de_de','DE Deutsch','2019-01-22 22:37:56',NULL,0,1),(10,'Pack de langue français','fr_fr','Pack de langue français','2019-01-22 22:38:06',NULL,0,1),(11,'Dutch','nl_nl','NL-Dutch','2019-01-22 22:38:03',NULL,0,1),(12,'Mexican Spanish','es_mx','ES Mexico','2019-01-22 22:38:03',NULL,0,1),(13,'Spanish','es_es','ES Spanish','2019-01-22 22:38:03',NULL,1,1),(14,'Italian','it_it','IT Italian','2019-01-22 22:38:03',NULL,0,1),(15,'Swedish','sv_se','Swedish','2019-01-22 22:38:23',NULL,0,1),(16,'Arabic','ar_ae','Arabic','2019-01-22 22:38:23',NULL,0,1);
/*!40000 ALTER TABLE `vtiger_language` ENABLE KEYS */;
UNLOCK TABLES;

--
-- Table structure for table `vtiger_language_seq`
--

DROP TABLE IF EXISTS `vtiger_language_seq`;
/*!40101 SET @saved_cs_client     = @@character_set_client */;
/*!40101 SET character_set_client = utf8 */;
CREATE TABLE `vtiger_language_seq` (
  `id` int(11) NOT NULL
) ENGINE=InnoDB DEFAULT CHARSET=utf8;
/*!40101 SET character_set_client = @saved_cs_client */;

--
-- Dumping data for table `vtiger_language_seq`
--

LOCK TABLES `vtiger_language_seq` WRITE;
/*!40000 ALTER TABLE `vtiger_language_seq` DISABLE KEYS */;
INSERT INTO `vtiger_language_seq` VALUES (16);
/*!40000 ALTER TABLE `vtiger_language_seq` ENABLE KEYS */;
UNLOCK TABLES;

--
-- Table structure for table `vtiger_lead_view`
--

DROP TABLE IF EXISTS `vtiger_lead_view`;
/*!40101 SET @saved_cs_client     = @@character_set_client */;
/*!40101 SET character_set_client = utf8 */;
CREATE TABLE `vtiger_lead_view` (
  `lead_viewid` int(19) NOT NULL AUTO_INCREMENT,
  `lead_view` varchar(200) NOT NULL,
  `sortorderid` int(19) NOT NULL DEFAULT 0,
  `presence` int(1) NOT NULL DEFAULT 1,
  PRIMARY KEY (`lead_viewid`)
) ENGINE=InnoDB AUTO_INCREMENT=4 DEFAULT CHARSET=utf8;
/*!40101 SET character_set_client = @saved_cs_client */;

--
-- Dumping data for table `vtiger_lead_view`
--

LOCK TABLES `vtiger_lead_view` WRITE;
/*!40000 ALTER TABLE `vtiger_lead_view` DISABLE KEYS */;
INSERT INTO `vtiger_lead_view` VALUES (1,'Today',0,1),(2,'Last 2 Days',1,1),(3,'Last Week',2,1);
/*!40000 ALTER TABLE `vtiger_lead_view` ENABLE KEYS */;
UNLOCK TABLES;

--
-- Table structure for table `vtiger_lead_view_seq`
--

DROP TABLE IF EXISTS `vtiger_lead_view_seq`;
/*!40101 SET @saved_cs_client     = @@character_set_client */;
/*!40101 SET character_set_client = utf8 */;
CREATE TABLE `vtiger_lead_view_seq` (
  `id` int(11) NOT NULL
) ENGINE=InnoDB DEFAULT CHARSET=utf8;
/*!40101 SET character_set_client = @saved_cs_client */;

--
-- Dumping data for table `vtiger_lead_view_seq`
--

LOCK TABLES `vtiger_lead_view_seq` WRITE;
/*!40000 ALTER TABLE `vtiger_lead_view_seq` DISABLE KEYS */;
INSERT INTO `vtiger_lead_view_seq` VALUES (3);
/*!40000 ALTER TABLE `vtiger_lead_view_seq` ENABLE KEYS */;
UNLOCK TABLES;

--
-- Table structure for table `vtiger_leadaddress`
--

DROP TABLE IF EXISTS `vtiger_leadaddress`;
/*!40101 SET @saved_cs_client     = @@character_set_client */;
/*!40101 SET character_set_client = utf8 */;
CREATE TABLE `vtiger_leadaddress` (
  `leadaddressid` int(19) NOT NULL DEFAULT 0,
  `city` varchar(30) DEFAULT NULL,
  `code` varchar(30) DEFAULT NULL,
  `state` varchar(30) DEFAULT NULL,
  `pobox` varchar(30) DEFAULT NULL,
  `country` varchar(30) DEFAULT NULL,
  `phone` varchar(50) DEFAULT NULL,
  `mobile` varchar(50) DEFAULT NULL,
  `fax` varchar(50) DEFAULT NULL,
  `lane` varchar(250) DEFAULT NULL,
  `leadaddresstype` varchar(30) DEFAULT 'Billing',
  PRIMARY KEY (`leadaddressid`),
  CONSTRAINT `fk_1_vtiger_leadaddress` FOREIGN KEY (`leadaddressid`) REFERENCES `vtiger_leaddetails` (`leadid`) ON DELETE CASCADE
) ENGINE=InnoDB DEFAULT CHARSET=utf8;
/*!40101 SET character_set_client = @saved_cs_client */;

--
-- Dumping data for table `vtiger_leadaddress`
--

LOCK TABLES `vtiger_leadaddress` WRITE;
/*!40000 ALTER TABLE `vtiger_leadaddress` DISABLE KEYS */;
/*!40000 ALTER TABLE `vtiger_leadaddress` ENABLE KEYS */;
UNLOCK TABLES;

--
-- Table structure for table `vtiger_leaddetails`
--

DROP TABLE IF EXISTS `vtiger_leaddetails`;
/*!40101 SET @saved_cs_client     = @@character_set_client */;
/*!40101 SET character_set_client = utf8 */;
CREATE TABLE `vtiger_leaddetails` (
  `leadid` int(19) NOT NULL,
  `lead_no` varchar(100) NOT NULL,
  `email` varchar(100) DEFAULT NULL,
  `interest` varchar(50) DEFAULT NULL,
  `firstname` varchar(40) DEFAULT NULL,
  `salutation` varchar(200) DEFAULT NULL,
  `lastname` varchar(80) NOT NULL,
  `company` varchar(100) NOT NULL,
  `annualrevenue` decimal(25,8) DEFAULT NULL,
  `industry` varchar(200) DEFAULT NULL,
  `campaign` varchar(30) DEFAULT NULL,
  `rating` varchar(200) DEFAULT NULL,
  `leadstatus` varchar(200) DEFAULT NULL,
  `leadsource` varchar(200) DEFAULT NULL,
  `converted` int(1) DEFAULT 0,
  `designation` varchar(50) DEFAULT 'SalesMan',
  `licencekeystatus` varchar(50) DEFAULT NULL,
  `space` varchar(250) DEFAULT NULL,
  `comments` text DEFAULT NULL,
  `priority` varchar(50) DEFAULT NULL,
  `demorequest` varchar(50) DEFAULT NULL,
  `partnercontact` varchar(50) DEFAULT NULL,
  `productversion` varchar(20) DEFAULT NULL,
  `product` varchar(50) DEFAULT NULL,
  `maildate` date DEFAULT NULL,
  `nextstepdate` date DEFAULT NULL,
  `fundingsituation` varchar(50) DEFAULT NULL,
  `purpose` varchar(50) DEFAULT NULL,
  `evaluationstatus` varchar(50) DEFAULT NULL,
  `transferdate` date DEFAULT NULL,
  `revenuetype` varchar(50) DEFAULT NULL,
  `noofemployees` int(50) DEFAULT NULL,
  `secondaryemail` varchar(100) DEFAULT NULL,
  `assignleadchk` int(1) DEFAULT 0,
  `emailoptout` varchar(3) DEFAULT NULL,
  `tags` varchar(1) DEFAULT NULL,
  PRIMARY KEY (`leadid`),
  KEY `leaddetails_converted_leadstatus_idx` (`converted`,`leadstatus`),
  KEY `email_idx` (`email`),
  CONSTRAINT `fk_1_vtiger_leaddetails` FOREIGN KEY (`leadid`) REFERENCES `vtiger_crmentity` (`crmid`) ON DELETE CASCADE
) ENGINE=InnoDB DEFAULT CHARSET=utf8;
/*!40101 SET character_set_client = @saved_cs_client */;

--
-- Dumping data for table `vtiger_leaddetails`
--

LOCK TABLES `vtiger_leaddetails` WRITE;
/*!40000 ALTER TABLE `vtiger_leaddetails` DISABLE KEYS */;
/*!40000 ALTER TABLE `vtiger_leaddetails` ENABLE KEYS */;
UNLOCK TABLES;

--
-- Table structure for table `vtiger_leadscf`
--

DROP TABLE IF EXISTS `vtiger_leadscf`;
/*!40101 SET @saved_cs_client     = @@character_set_client */;
/*!40101 SET character_set_client = utf8 */;
CREATE TABLE `vtiger_leadscf` (
  `leadid` int(19) NOT NULL DEFAULT 0,
  PRIMARY KEY (`leadid`),
  CONSTRAINT `fk_1_vtiger_leadscf` FOREIGN KEY (`leadid`) REFERENCES `vtiger_leaddetails` (`leadid`) ON DELETE CASCADE
) ENGINE=InnoDB DEFAULT CHARSET=utf8;
/*!40101 SET character_set_client = @saved_cs_client */;

--
-- Dumping data for table `vtiger_leadscf`
--

LOCK TABLES `vtiger_leadscf` WRITE;
/*!40000 ALTER TABLE `vtiger_leadscf` DISABLE KEYS */;
/*!40000 ALTER TABLE `vtiger_leadscf` ENABLE KEYS */;
UNLOCK TABLES;

--
-- Table structure for table `vtiger_leadsource`
--

DROP TABLE IF EXISTS `vtiger_leadsource`;
/*!40101 SET @saved_cs_client     = @@character_set_client */;
/*!40101 SET character_set_client = utf8 */;
CREATE TABLE `vtiger_leadsource` (
  `leadsourceid` int(19) NOT NULL AUTO_INCREMENT,
  `leadsource` varchar(200) NOT NULL,
  `presence` int(1) NOT NULL DEFAULT 1,
  `picklist_valueid` int(19) NOT NULL DEFAULT 0,
  `sortorderid` int(11) DEFAULT NULL,
  `color` varchar(10) DEFAULT NULL,
  PRIMARY KEY (`leadsourceid`)
) ENGINE=InnoDB AUTO_INCREMENT=14 DEFAULT CHARSET=utf8;
/*!40101 SET character_set_client = @saved_cs_client */;

--
-- Dumping data for table `vtiger_leadsource`
--

LOCK TABLES `vtiger_leadsource` WRITE;
/*!40000 ALTER TABLE `vtiger_leadsource` DISABLE KEYS */;
INSERT INTO `vtiger_leadsource` VALUES (2,'Cold Call',1,99,1,NULL),(3,'Existing Customer',1,100,2,NULL),(4,'Self Generated',1,101,3,NULL),(5,'Employee',1,102,4,NULL),(6,'Partner',1,103,5,NULL),(7,'Public Relations',1,104,6,NULL),(8,'Direct Mail',1,105,7,NULL),(9,'Conference',1,106,8,NULL),(10,'Trade Show',1,107,9,NULL),(11,'Web Site',1,108,10,NULL),(12,'Word of mouth',1,109,11,NULL),(13,'Other',1,110,12,NULL);
/*!40000 ALTER TABLE `vtiger_leadsource` ENABLE KEYS */;
UNLOCK TABLES;

--
-- Table structure for table `vtiger_leadsource_seq`
--

DROP TABLE IF EXISTS `vtiger_leadsource_seq`;
/*!40101 SET @saved_cs_client     = @@character_set_client */;
/*!40101 SET character_set_client = utf8 */;
CREATE TABLE `vtiger_leadsource_seq` (
  `id` int(11) NOT NULL
) ENGINE=InnoDB DEFAULT CHARSET=utf8;
/*!40101 SET character_set_client = @saved_cs_client */;

--
-- Dumping data for table `vtiger_leadsource_seq`
--

LOCK TABLES `vtiger_leadsource_seq` WRITE;
/*!40000 ALTER TABLE `vtiger_leadsource_seq` DISABLE KEYS */;
INSERT INTO `vtiger_leadsource_seq` VALUES (13);
/*!40000 ALTER TABLE `vtiger_leadsource_seq` ENABLE KEYS */;
UNLOCK TABLES;

--
-- Table structure for table `vtiger_leadstage`
--

DROP TABLE IF EXISTS `vtiger_leadstage`;
/*!40101 SET @saved_cs_client     = @@character_set_client */;
/*!40101 SET character_set_client = utf8 */;
CREATE TABLE `vtiger_leadstage` (
  `leadstageid` int(19) NOT NULL AUTO_INCREMENT,
  `stage` varchar(200) NOT NULL,
  `sortorderid` int(19) NOT NULL DEFAULT 0,
  `presence` int(1) NOT NULL DEFAULT 1,
  PRIMARY KEY (`leadstageid`),
  UNIQUE KEY `leadstage_stage_idx` (`stage`)
) ENGINE=InnoDB DEFAULT CHARSET=utf8;
/*!40101 SET character_set_client = @saved_cs_client */;

--
-- Dumping data for table `vtiger_leadstage`
--

LOCK TABLES `vtiger_leadstage` WRITE;
/*!40000 ALTER TABLE `vtiger_leadstage` DISABLE KEYS */;
/*!40000 ALTER TABLE `vtiger_leadstage` ENABLE KEYS */;
UNLOCK TABLES;

--
-- Table structure for table `vtiger_leadstatus`
--

DROP TABLE IF EXISTS `vtiger_leadstatus`;
/*!40101 SET @saved_cs_client     = @@character_set_client */;
/*!40101 SET character_set_client = utf8 */;
CREATE TABLE `vtiger_leadstatus` (
  `leadstatusid` int(19) NOT NULL AUTO_INCREMENT,
  `leadstatus` varchar(200) NOT NULL,
  `presence` int(1) NOT NULL DEFAULT 1,
  `picklist_valueid` int(19) NOT NULL DEFAULT 0,
  `sortorderid` int(11) DEFAULT NULL,
  `color` varchar(10) DEFAULT NULL,
  PRIMARY KEY (`leadstatusid`)
) ENGINE=InnoDB AUTO_INCREMENT=13 DEFAULT CHARSET=utf8;
/*!40101 SET character_set_client = @saved_cs_client */;

--
-- Dumping data for table `vtiger_leadstatus`
--

LOCK TABLES `vtiger_leadstatus` WRITE;
/*!40000 ALTER TABLE `vtiger_leadstatus` DISABLE KEYS */;
INSERT INTO `vtiger_leadstatus` VALUES (2,'Attempted to Contact',1,112,1,NULL),(3,'Cold',1,113,2,NULL),(4,'Contact in Future',1,114,3,NULL),(5,'Contacted',1,115,4,NULL),(6,'Hot',1,116,5,NULL),(7,'Junk Lead',1,117,6,NULL),(8,'Lost Lead',1,118,7,NULL),(9,'Not Contacted',1,119,8,NULL),(10,'Pre Qualified',1,120,9,NULL),(11,'Qualified',1,121,10,NULL),(12,'Warm',1,122,11,NULL);
/*!40000 ALTER TABLE `vtiger_leadstatus` ENABLE KEYS */;
UNLOCK TABLES;

--
-- Table structure for table `vtiger_leadstatus_seq`
--

DROP TABLE IF EXISTS `vtiger_leadstatus_seq`;
/*!40101 SET @saved_cs_client     = @@character_set_client */;
/*!40101 SET character_set_client = utf8 */;
CREATE TABLE `vtiger_leadstatus_seq` (
  `id` int(11) NOT NULL
) ENGINE=InnoDB DEFAULT CHARSET=utf8;
/*!40101 SET character_set_client = @saved_cs_client */;

--
-- Dumping data for table `vtiger_leadstatus_seq`
--

LOCK TABLES `vtiger_leadstatus_seq` WRITE;
/*!40000 ALTER TABLE `vtiger_leadstatus_seq` DISABLE KEYS */;
INSERT INTO `vtiger_leadstatus_seq` VALUES (12);
/*!40000 ALTER TABLE `vtiger_leadstatus_seq` ENABLE KEYS */;
UNLOCK TABLES;

--
-- Table structure for table `vtiger_leadsubdetails`
--

DROP TABLE IF EXISTS `vtiger_leadsubdetails`;
/*!40101 SET @saved_cs_client     = @@character_set_client */;
/*!40101 SET character_set_client = utf8 */;
CREATE TABLE `vtiger_leadsubdetails` (
  `leadsubscriptionid` int(19) NOT NULL DEFAULT 0,
  `website` varchar(255) DEFAULT NULL,
  `callornot` int(1) DEFAULT 0,
  `readornot` int(1) DEFAULT 0,
  `empct` int(10) DEFAULT 0,
  PRIMARY KEY (`leadsubscriptionid`),
  CONSTRAINT `fk_1_vtiger_leadsubdetails` FOREIGN KEY (`leadsubscriptionid`) REFERENCES `vtiger_leaddetails` (`leadid`) ON DELETE CASCADE
) ENGINE=InnoDB DEFAULT CHARSET=utf8;
/*!40101 SET character_set_client = @saved_cs_client */;

--
-- Dumping data for table `vtiger_leadsubdetails`
--

LOCK TABLES `vtiger_leadsubdetails` WRITE;
/*!40000 ALTER TABLE `vtiger_leadsubdetails` DISABLE KEYS */;
/*!40000 ALTER TABLE `vtiger_leadsubdetails` ENABLE KEYS */;
UNLOCK TABLES;

--
-- Table structure for table `vtiger_links`
--

DROP TABLE IF EXISTS `vtiger_links`;
/*!40101 SET @saved_cs_client     = @@character_set_client */;
/*!40101 SET character_set_client = utf8 */;
CREATE TABLE `vtiger_links` (
  `linkid` int(11) NOT NULL,
  `tabid` int(11) DEFAULT NULL,
  `linktype` varchar(50) DEFAULT NULL,
  `linklabel` varchar(50) DEFAULT NULL,
  `linkurl` varchar(255) DEFAULT NULL,
  `linkicon` varchar(100) DEFAULT NULL,
  `sequence` int(11) DEFAULT NULL,
  `handler_path` varchar(128) DEFAULT NULL,
  `handler_class` varchar(50) DEFAULT NULL,
  `handler` varchar(50) DEFAULT NULL,
  `parent_link` int(19) DEFAULT NULL,
  PRIMARY KEY (`linkid`),
  KEY `link_tabidtype_idx` (`tabid`,`linktype`)
) ENGINE=InnoDB DEFAULT CHARSET=utf8;
/*!40101 SET character_set_client = @saved_cs_client */;

--
-- Dumping data for table `vtiger_links`
--

LOCK TABLES `vtiger_links` WRITE;
/*!40000 ALTER TABLE `vtiger_links` DISABLE KEYS */;
INSERT INTO `vtiger_links` VALUES (2,6,'DETAILVIEW','LBL_SHOW_ACCOUNT_HIERARCHY','index.php?module=Accounts&action=AccountHierarchy&accountid=$RECORD$','',0,NULL,NULL,NULL,NULL),(13,7,'DETAILVIEWWIDGET','DetailViewBlockCommentWidget','block://ModComments:modules/ModComments/ModComments.php','',0,NULL,NULL,NULL,NULL),(14,4,'DETAILVIEWWIDGET','DetailViewBlockCommentWidget','block://ModComments:modules/ModComments/ModComments.php','',0,NULL,NULL,NULL,NULL),(15,6,'DETAILVIEWWIDGET','DetailViewBlockCommentWidget','block://ModComments:modules/ModComments/ModComments.php','',0,NULL,NULL,NULL,NULL),(16,2,'DETAILVIEWWIDGET','DetailViewBlockCommentWidget','block://ModComments:modules/ModComments/ModComments.php','',0,NULL,NULL,NULL,NULL),(17,41,'HEADERSCRIPT','ModCommentsCommonHeaderScript','modules/ModComments/ModCommentsCommon.js','',0,NULL,NULL,NULL,NULL),(23,4,'DETAILVIEWSIDEBARWIDGET','Google Map','module=Google&view=Map&mode=showMap&viewtype=detail','',0,NULL,NULL,NULL,NULL),(24,7,'DETAILVIEWSIDEBARWIDGET','Google Map','module=Google&view=Map&mode=showMap&viewtype=detail','',0,NULL,NULL,NULL,NULL),(25,6,'DETAILVIEWSIDEBARWIDGET','Google Map','module=Google&view=Map&mode=showMap&viewtype=detail','',0,NULL,NULL,NULL,NULL),(26,4,'LISTVIEWSIDEBARWIDGET','Google Contacts','module=Google&view=List&sourcemodule=Contacts','',0,NULL,NULL,NULL,NULL),(27,9,'LISTVIEWSIDEBARWIDGET','Google Calendar','module=Google&view=List&sourcemodule=Calendar','',0,NULL,NULL,NULL,NULL),(28,49,'HEADERSCRIPT','ExtensionStoreCommonHeaderScript','modules/ExtensionStore/ExtensionStore.js','',0,NULL,NULL,NULL,NULL),(30,43,'DETAILVIEWWIDGET','DetailViewBlockCommentWidget','block://ModComments:modules/ModComments/ModComments.php','',0,NULL,NULL,NULL,NULL),(31,44,'DETAILVIEWBASIC','Add Project Task','index.php?module=ProjectTask&action=EditView&projectid=$RECORD$&return_module=Project&return_action=DetailView&return_id=$RECORD$','',0,'modules/ProjectTask/ProjectTask.php','ProjectTask','isLinkPermitted',NULL),(33,44,'DETAILVIEWWIDGET','DetailViewBlockCommentWidget','block://ModComments:modules/ModComments/ModComments.php','',0,NULL,NULL,NULL,NULL),(34,2,'DASHBOARDWIDGET','History','index.php?module=Potentials&view=ShowWidget&name=History','',1,NULL,NULL,NULL,NULL),(35,2,'DASHBOARDWIDGET','Upcoming Activities','index.php?module=Potentials&view=ShowWidget&name=CalendarActivities','',2,NULL,NULL,NULL,NULL),(36,2,'DASHBOARDWIDGET','Funnel','index.php?module=Potentials&view=ShowWidget&name=GroupedBySalesStage','',3,NULL,NULL,NULL,NULL),(37,2,'DASHBOARDWIDGET','Potentials by Stage','index.php?module=Potentials&view=ShowWidget&name=GroupedBySalesPerson','',4,NULL,NULL,NULL,NULL),(38,2,'DASHBOARDWIDGET','Pipelined Amount','index.php?module=Potentials&view=ShowWidget&name=PipelinedAmountPerSalesPerson','',5,NULL,NULL,NULL,NULL),(39,2,'DASHBOARDWIDGET','Total Revenue','index.php?module=Potentials&view=ShowWidget&name=TotalRevenuePerSalesPerson','',6,NULL,NULL,NULL,NULL),(40,2,'DASHBOARDWIDGET','Top Potentials','index.php?module=Potentials&view=ShowWidget&name=TopPotentials','',7,NULL,NULL,NULL,NULL),(41,2,'DASHBOARDWIDGET','Overdue Activities','index.php?module=Potentials&view=ShowWidget&name=OverdueActivities','',9,NULL,NULL,NULL,NULL),(42,6,'DASHBOARDWIDGET','History','index.php?module=Accounts&view=ShowWidget&name=History','',1,NULL,NULL,NULL,NULL),(43,6,'DASHBOARDWIDGET','Upcoming Activities','index.php?module=Accounts&view=ShowWidget&name=CalendarActivities','',2,NULL,NULL,NULL,NULL),(44,6,'DASHBOARDWIDGET','Overdue Activities','index.php?module=Accounts&view=ShowWidget&name=OverdueActivities','',3,NULL,NULL,NULL,NULL),(45,4,'DASHBOARDWIDGET','History','index.php?module=Contacts&view=ShowWidget&name=History','',1,NULL,NULL,NULL,NULL),(46,4,'DASHBOARDWIDGET','Upcoming Activities','index.php?module=Contacts&view=ShowWidget&name=CalendarActivities','',2,NULL,NULL,NULL,NULL),(47,4,'DASHBOARDWIDGET','Overdue Activities','index.php?module=Contacts&view=ShowWidget&name=OverdueActivities','',3,NULL,NULL,NULL,NULL),(48,7,'DASHBOARDWIDGET','History','index.php?module=Leads&view=ShowWidget&name=History','',1,NULL,NULL,NULL,NULL),(49,7,'DASHBOARDWIDGET','Upcoming Activities','index.php?module=Leads&view=ShowWidget&name=CalendarActivities','',2,NULL,NULL,NULL,NULL),(50,7,'DASHBOARDWIDGET','Leads by Status','index.php?module=Leads&view=ShowWidget&name=LeadsByStatus','',4,NULL,NULL,NULL,NULL),(51,7,'DASHBOARDWIDGET','Leads by Source','index.php?module=Leads&view=ShowWidget&name=LeadsBySource','',5,NULL,NULL,NULL,NULL),(52,7,'DASHBOARDWIDGET','Leads by Industry','index.php?module=Leads&view=ShowWidget&name=LeadsByIndustry','',6,NULL,NULL,NULL,NULL),(53,7,'DASHBOARDWIDGET','Overdue Activities','index.php?module=Leads&view=ShowWidget&name=OverdueActivities','',7,NULL,NULL,NULL,NULL),(54,13,'DASHBOARDWIDGET','Tickets by Status','index.php?module=HelpDesk&view=ShowWidget&name=TicketsByStatus','',1,NULL,NULL,NULL,NULL),(55,13,'DASHBOARDWIDGET','Open Tickets','index.php?module=HelpDesk&view=ShowWidget&name=OpenTickets','',2,NULL,NULL,NULL,NULL),(56,3,'DASHBOARDWIDGET','History','index.php?module=Home&view=ShowWidget&name=History','',1,NULL,NULL,NULL,NULL),(57,3,'DASHBOARDWIDGET','Upcoming Activities','index.php?module=Home&view=ShowWidget&name=CalendarActivities','',2,NULL,NULL,NULL,NULL),(58,3,'DASHBOARDWIDGET','Funnel','index.php?module=Potentials&view=ShowWidget&name=GroupedBySalesStage','',3,NULL,NULL,NULL,NULL),(59,3,'DASHBOARDWIDGET','Potentials by Stage','index.php?module=Potentials&view=ShowWidget&name=GroupedBySalesPerson','',4,NULL,NULL,NULL,NULL),(60,3,'DASHBOARDWIDGET','Pipelined Amount','index.php?module=Potentials&view=ShowWidget&name=PipelinedAmountPerSalesPerson','',5,NULL,NULL,NULL,NULL),(61,3,'DASHBOARDWIDGET','Total Revenue','index.php?module=Potentials&view=ShowWidget&name=TotalRevenuePerSalesPerson','',6,NULL,NULL,NULL,NULL),(62,3,'DASHBOARDWIDGET','Top Potentials','index.php?module=Potentials&view=ShowWidget&name=TopPotentials','',7,NULL,NULL,NULL,NULL),(63,3,'DASHBOARDWIDGET','Leads by Status','index.php?module=Leads&view=ShowWidget&name=LeadsByStatus','',10,NULL,NULL,NULL,NULL),(64,3,'DASHBOARDWIDGET','Leads by Source','index.php?module=Leads&view=ShowWidget&name=LeadsBySource','',11,NULL,NULL,NULL,NULL),(65,3,'DASHBOARDWIDGET','Leads by Industry','index.php?module=Leads&view=ShowWidget&name=LeadsByIndustry','',12,NULL,NULL,NULL,NULL),(66,3,'DASHBOARDWIDGET','Overdue Activities','index.php?module=Home&view=ShowWidget&name=OverdueActivities','',13,NULL,NULL,NULL,NULL),(67,3,'DASHBOARDWIDGET','Tickets by Status','index.php?module=HelpDesk&view=ShowWidget&name=TicketsByStatus','',13,NULL,NULL,NULL,NULL),(68,3,'DASHBOARDWIDGET','Open Tickets','index.php?module=HelpDesk&view=ShowWidget&name=OpenTickets','',14,NULL,NULL,NULL,NULL),(69,13,'DETAILVIEWWIDGET','DetailViewBlockCommentWidget','block://ModComments:modules/ModComments/ModComments.php','',0,NULL,NULL,NULL,NULL),(70,15,'DETAILVIEWWIDGET','DetailViewBlockCommentWidget','block://ModComments:modules/ModComments/ModComments.php','',0,NULL,NULL,NULL,NULL),(99,3,'DASHBOARDWIDGET','Key Metrics','index.php?module=Home&view=ShowWidget&name=KeyMetrics','',0,NULL,NULL,NULL,NULL),(100,3,'DASHBOARDWIDGET','Mini List','index.php?module=Home&view=ShowWidget&name=MiniList','',0,NULL,NULL,NULL,NULL),(101,3,'DASHBOARDWIDGET','Tag Cloud','index.php?module=Home&view=ShowWidget&name=TagCloud','',0,NULL,NULL,NULL,NULL),(102,2,'DASHBOARDWIDGET','Funnel Amount','index.php?module=Potentials&view=ShowWidget&name=FunnelAmount','',10,NULL,NULL,NULL,NULL),(103,3,'DASHBOARDWIDGET','Funnel Amount','index.php?module=Potentials&view=ShowWidget&name=FunnelAmount','',10,NULL,NULL,NULL,NULL),(104,3,'DASHBOARDWIDGET','Notebook','index.php?module=Home&view=ShowWidget&name=Notebook','',0,NULL,NULL,NULL,NULL),(105,25,'LISTVIEWBASIC','LBL_ADD_RECORD','','',0,NULL,NULL,NULL,NULL),(106,25,'LISTVIEWBASIC','LBL_DETAIL_REPORT','javascript:Reports_List_Js.addReport(\"index.php?module=Reports&view=Edit\")','',0,'modules/Reports/models/Module.php','Reports_Module_Model','checkLinkAccess',105),(107,25,'LISTVIEWBASIC','LBL_CHARTS','javascript:Reports_List_Js.addReport(\"index.php?module=Reports&view=ChartEdit\")','',0,'modules/Reports/models/Module.php','Reports_Module_Model','checkLinkAccess',105),(108,25,'LISTVIEWBASIC','LBL_ADD_FOLDER','javascript:Reports_List_Js.triggerAddFolder(\"index.php?module=Reports&view=EditFolder\")','',0,'modules/Reports/models/Module.php','Reports_Module_Model','checkLinkAccess',NULL),(109,4,'EXTENSIONLINK','Google','index.php?module=Contacts&view=Extension&extensionModule=Google&extensionView=Index','',0,NULL,NULL,NULL,NULL),(110,9,'EXTENSIONLINK','Google','index.php?module=Calendar&view=Extension&extensionModule=Google&extensionView=Index','',0,NULL,NULL,NULL,NULL),(111,52,'DETAILVIEWBASIC','View History','javascript:ModTrackerCommon.showhistory(\'$RECORD$\')','',0,'modules/ModTracker/ModTracker.php','ModTracker','isViewPermitted',NULL),(112,53,'DETAILVIEWBASIC','View History','javascript:ModTrackerCommon.showhistory(\'$RECORD$\')','',0,'modules/ModTracker/ModTracker.php','ModTracker','isViewPermitted',NULL),(113,54,'DETAILVIEWBASIC','View History','javascript:ModTrackerCommon.showhistory(\'$RECORD$\')','',0,'modules/ModTracker/ModTracker.php','ModTracker','isViewPermitted',NULL),(114,55,'DETAILVIEWBASIC','View History','javascript:ModTrackerCommon.showhistory(\'$RECORD$\')','',0,'modules/ModTracker/ModTracker.php','ModTracker','isViewPermitted',NULL);
/*!40000 ALTER TABLE `vtiger_links` ENABLE KEYS */;
UNLOCK TABLES;

--
-- Table structure for table `vtiger_links_seq`
--

DROP TABLE IF EXISTS `vtiger_links_seq`;
/*!40101 SET @saved_cs_client     = @@character_set_client */;
/*!40101 SET character_set_client = utf8 */;
CREATE TABLE `vtiger_links_seq` (
  `id` int(11) NOT NULL
) ENGINE=InnoDB DEFAULT CHARSET=utf8;
/*!40101 SET character_set_client = @saved_cs_client */;

--
-- Dumping data for table `vtiger_links_seq`
--

LOCK TABLES `vtiger_links_seq` WRITE;
/*!40000 ALTER TABLE `vtiger_links_seq` DISABLE KEYS */;
INSERT INTO `vtiger_links_seq` VALUES (114);
/*!40000 ALTER TABLE `vtiger_links_seq` ENABLE KEYS */;
UNLOCK TABLES;

--
-- Table structure for table `vtiger_loginhistory`
--

DROP TABLE IF EXISTS `vtiger_loginhistory`;
/*!40101 SET @saved_cs_client     = @@character_set_client */;
/*!40101 SET character_set_client = utf8 */;
CREATE TABLE `vtiger_loginhistory` (
  `login_id` int(11) NOT NULL AUTO_INCREMENT,
  `user_name` varchar(255) DEFAULT NULL,
  `user_ip` varchar(25) NOT NULL,
  `logout_time` timestamp NOT NULL DEFAULT current_timestamp() ON UPDATE current_timestamp(),
  `login_time` datetime DEFAULT NULL,
  `status` varchar(25) DEFAULT NULL,
  PRIMARY KEY (`login_id`)
) ENGINE=InnoDB AUTO_INCREMENT=20 DEFAULT CHARSET=utf8;
/*!40101 SET character_set_client = @saved_cs_client */;

--
-- Dumping data for table `vtiger_loginhistory`
--

LOCK TABLES `vtiger_loginhistory` WRITE;
/*!40000 ALTER TABLE `vtiger_loginhistory` DISABLE KEYS */;
INSERT INTO `vtiger_loginhistory` VALUES (1,'admin','192.168.1.121','2019-01-23 06:43:53','2019-01-22 22:39:15','Signed off'),(2,'admin','181.65.6.26','2019-01-23 06:06:09','2019-01-22 23:02:22','Signed off'),(3,'admin','181.65.6.26','2019-01-23 06:07:48','2019-01-22 23:07:48','Signed in'),(4,'admin','181.64.36.1','2019-01-24 00:37:28','2019-01-23 13:06:30','Signed off'),(5,'admin','181.65.6.26','2019-01-23 21:29:26','2019-01-23 14:29:26','Signed in'),(6,'admin','181.64.36.1','2019-01-26 00:12:56','2019-01-25 16:29:55','Signed off'),(7,'admin','181.65.6.26','2019-02-12 05:39:34','2019-02-11 22:39:30','Signed off'),(8,'admin','181.65.6.26','2019-02-12 05:41:57','2019-02-11 22:39:41','Signed off'),(9,'admin','181.65.6.26','2019-02-19 05:24:16','2019-02-18 22:24:16','Signed in'),(10,'admin','::1','2019-02-19 06:40:08','2019-02-18 22:40:08','Signed in'),(11,'admin','::1','2019-02-21 06:31:07','2019-02-20 22:31:07','Signed in'),(12,'admin','::1','2019-02-25 23:26:36','2019-02-25 15:26:36','Signed in'),(13,'admin','192.168.1.121','2019-02-26 04:42:07','2019-02-25 17:01:12','Signed off'),(14,'admin','192.168.1.121','2019-02-26 05:03:52','2019-02-25 21:03:52','Signed in'),(15,'admin','192.168.1.64','2019-02-26 05:13:40','2019-02-25 21:05:00','Signed off'),(16,'admin','192.168.1.121','2019-02-28 04:22:03','2019-02-27 20:22:03','Signed in'),(17,'admin','192.168.1.121','2019-02-28 22:35:05','2019-02-28 14:35:05','Signed in'),(18,'admin','192.168.1.64','2019-03-01 00:50:26','2019-02-28 16:46:18','Signed off'),(19,'admin','192.168.1.64','2019-03-01 02:19:38','2019-02-28 17:23:46','Signed off');
/*!40000 ALTER TABLE `vtiger_loginhistory` ENABLE KEYS */;
UNLOCK TABLES;

--
-- Table structure for table `vtiger_mail_accounts`
--

DROP TABLE IF EXISTS `vtiger_mail_accounts`;
/*!40101 SET @saved_cs_client     = @@character_set_client */;
/*!40101 SET character_set_client = utf8 */;
CREATE TABLE `vtiger_mail_accounts` (
  `account_id` int(11) NOT NULL,
  `user_id` int(11) NOT NULL,
  `display_name` varchar(50) DEFAULT NULL,
  `mail_id` varchar(50) DEFAULT NULL,
  `account_name` varchar(50) DEFAULT NULL,
  `mail_protocol` varchar(20) DEFAULT NULL,
  `mail_username` varchar(50) NOT NULL,
  `mail_password` text DEFAULT NULL,
  `mail_servername` varchar(50) DEFAULT NULL,
  `box_refresh` int(10) DEFAULT NULL,
  `mails_per_page` int(10) DEFAULT NULL,
  `ssltype` varchar(50) DEFAULT NULL,
  `sslmeth` varchar(50) DEFAULT NULL,
  `int_mailer` int(1) DEFAULT 0,
  `status` varchar(10) DEFAULT NULL,
  `set_default` int(2) DEFAULT NULL,
  `sent_folder` varchar(50) DEFAULT NULL,
  PRIMARY KEY (`account_id`)
) ENGINE=InnoDB DEFAULT CHARSET=utf8;
/*!40101 SET character_set_client = @saved_cs_client */;

--
-- Dumping data for table `vtiger_mail_accounts`
--

LOCK TABLES `vtiger_mail_accounts` WRITE;
/*!40000 ALTER TABLE `vtiger_mail_accounts` DISABLE KEYS */;
/*!40000 ALTER TABLE `vtiger_mail_accounts` ENABLE KEYS */;
UNLOCK TABLES;

--
-- Table structure for table `vtiger_mailer_queue`
--

DROP TABLE IF EXISTS `vtiger_mailer_queue`;
/*!40101 SET @saved_cs_client     = @@character_set_client */;
/*!40101 SET character_set_client = utf8 */;
CREATE TABLE `vtiger_mailer_queue` (
  `id` int(11) NOT NULL,
  `fromname` varchar(100) DEFAULT NULL,
  `fromemail` varchar(100) DEFAULT NULL,
  `mailer` varchar(10) DEFAULT NULL,
  `content_type` varchar(15) DEFAULT NULL,
  `subject` varchar(999) DEFAULT NULL,
  `body` text DEFAULT NULL,
  `relcrmid` int(11) DEFAULT NULL,
  `failed` int(1) NOT NULL DEFAULT 0,
  `failreason` varchar(255) DEFAULT NULL,
  PRIMARY KEY (`id`)
) ENGINE=InnoDB DEFAULT CHARSET=utf8;
/*!40101 SET character_set_client = @saved_cs_client */;

--
-- Dumping data for table `vtiger_mailer_queue`
--

LOCK TABLES `vtiger_mailer_queue` WRITE;
/*!40000 ALTER TABLE `vtiger_mailer_queue` DISABLE KEYS */;
/*!40000 ALTER TABLE `vtiger_mailer_queue` ENABLE KEYS */;
UNLOCK TABLES;

--
-- Table structure for table `vtiger_mailer_queueattachments`
--

DROP TABLE IF EXISTS `vtiger_mailer_queueattachments`;
/*!40101 SET @saved_cs_client     = @@character_set_client */;
/*!40101 SET character_set_client = utf8 */;
CREATE TABLE `vtiger_mailer_queueattachments` (
  `id` int(11) DEFAULT NULL,
  `path` text DEFAULT NULL,
  `name` varchar(100) DEFAULT NULL,
  `encoding` varchar(50) DEFAULT NULL,
  `type` varchar(100) DEFAULT NULL
) ENGINE=InnoDB DEFAULT CHARSET=utf8;
/*!40101 SET character_set_client = @saved_cs_client */;

--
-- Dumping data for table `vtiger_mailer_queueattachments`
--

LOCK TABLES `vtiger_mailer_queueattachments` WRITE;
/*!40000 ALTER TABLE `vtiger_mailer_queueattachments` DISABLE KEYS */;
/*!40000 ALTER TABLE `vtiger_mailer_queueattachments` ENABLE KEYS */;
UNLOCK TABLES;

--
-- Table structure for table `vtiger_mailer_queueinfo`
--

DROP TABLE IF EXISTS `vtiger_mailer_queueinfo`;
/*!40101 SET @saved_cs_client     = @@character_set_client */;
/*!40101 SET character_set_client = utf8 */;
CREATE TABLE `vtiger_mailer_queueinfo` (
  `id` int(11) DEFAULT NULL,
  `name` varchar(100) DEFAULT NULL,
  `email` varchar(100) DEFAULT NULL,
  `type` varchar(7) DEFAULT NULL
) ENGINE=InnoDB DEFAULT CHARSET=utf8;
/*!40101 SET character_set_client = @saved_cs_client */;

--
-- Dumping data for table `vtiger_mailer_queueinfo`
--

LOCK TABLES `vtiger_mailer_queueinfo` WRITE;
/*!40000 ALTER TABLE `vtiger_mailer_queueinfo` DISABLE KEYS */;
/*!40000 ALTER TABLE `vtiger_mailer_queueinfo` ENABLE KEYS */;
UNLOCK TABLES;

--
-- Table structure for table `vtiger_mailmanager_mailattachments`
--

DROP TABLE IF EXISTS `vtiger_mailmanager_mailattachments`;
/*!40101 SET @saved_cs_client     = @@character_set_client */;
/*!40101 SET character_set_client = utf8 */;
CREATE TABLE `vtiger_mailmanager_mailattachments` (
  `userid` int(11) DEFAULT NULL,
  `muid` int(11) DEFAULT NULL,
  `aname` varchar(100) DEFAULT NULL,
  `lastsavedtime` int(11) DEFAULT NULL,
  `attachid` int(19) NOT NULL,
  `path` varchar(200) NOT NULL,
  `cid` varchar(50) DEFAULT NULL,
  KEY `userid_muid_idx` (`userid`,`muid`)
) ENGINE=InnoDB DEFAULT CHARSET=utf8;
/*!40101 SET character_set_client = @saved_cs_client */;

--
-- Dumping data for table `vtiger_mailmanager_mailattachments`
--

LOCK TABLES `vtiger_mailmanager_mailattachments` WRITE;
/*!40000 ALTER TABLE `vtiger_mailmanager_mailattachments` DISABLE KEYS */;
/*!40000 ALTER TABLE `vtiger_mailmanager_mailattachments` ENABLE KEYS */;
UNLOCK TABLES;

--
-- Table structure for table `vtiger_mailmanager_mailrecord`
--

DROP TABLE IF EXISTS `vtiger_mailmanager_mailrecord`;
/*!40101 SET @saved_cs_client     = @@character_set_client */;
/*!40101 SET character_set_client = utf8 */;
CREATE TABLE `vtiger_mailmanager_mailrecord` (
  `userid` int(11) DEFAULT NULL,
  `mfrom` varchar(255) DEFAULT NULL,
  `mto` varchar(255) DEFAULT NULL,
  `mcc` varchar(500) DEFAULT NULL,
  `mbcc` varchar(500) DEFAULT NULL,
  `mdate` varchar(20) DEFAULT NULL,
  `msubject` varchar(500) DEFAULT NULL,
  `mbody` text DEFAULT NULL,
  `mcharset` varchar(10) DEFAULT NULL,
  `misbodyhtml` int(1) DEFAULT NULL,
  `mplainmessage` int(1) DEFAULT NULL,
  `mhtmlmessage` int(1) DEFAULT NULL,
  `muniqueid` varchar(500) DEFAULT NULL,
  `mbodyparsed` int(1) DEFAULT NULL,
  `muid` int(11) DEFAULT NULL,
  `lastsavedtime` int(11) DEFAULT NULL,
  `mfolder` varchar(250) DEFAULT NULL,
  KEY `userid_lastsavedtime_idx` (`userid`,`lastsavedtime`),
  KEY `userid_muid_idx` (`userid`,`muid`)
) ENGINE=InnoDB DEFAULT CHARSET=utf8;
/*!40101 SET character_set_client = @saved_cs_client */;

--
-- Dumping data for table `vtiger_mailmanager_mailrecord`
--

LOCK TABLES `vtiger_mailmanager_mailrecord` WRITE;
/*!40000 ALTER TABLE `vtiger_mailmanager_mailrecord` DISABLE KEYS */;
/*!40000 ALTER TABLE `vtiger_mailmanager_mailrecord` ENABLE KEYS */;
UNLOCK TABLES;

--
-- Table structure for table `vtiger_mailmanager_mailrel`
--

DROP TABLE IF EXISTS `vtiger_mailmanager_mailrel`;
/*!40101 SET @saved_cs_client     = @@character_set_client */;
/*!40101 SET character_set_client = utf8 */;
CREATE TABLE `vtiger_mailmanager_mailrel` (
  `mailuid` varchar(999) DEFAULT NULL,
  `crmid` int(11) DEFAULT NULL,
  `emailid` int(11) DEFAULT NULL
) ENGINE=InnoDB DEFAULT CHARSET=utf8;
/*!40101 SET character_set_client = @saved_cs_client */;

--
-- Dumping data for table `vtiger_mailmanager_mailrel`
--

LOCK TABLES `vtiger_mailmanager_mailrel` WRITE;
/*!40000 ALTER TABLE `vtiger_mailmanager_mailrel` DISABLE KEYS */;
/*!40000 ALTER TABLE `vtiger_mailmanager_mailrel` ENABLE KEYS */;
UNLOCK TABLES;

--
-- Table structure for table `vtiger_mailscanner`
--

DROP TABLE IF EXISTS `vtiger_mailscanner`;
/*!40101 SET @saved_cs_client     = @@character_set_client */;
/*!40101 SET character_set_client = utf8 */;
CREATE TABLE `vtiger_mailscanner` (
  `scannerid` int(11) NOT NULL AUTO_INCREMENT,
  `scannername` varchar(30) DEFAULT NULL,
  `server` varchar(100) DEFAULT NULL,
  `protocol` varchar(10) DEFAULT NULL,
  `username` varchar(255) DEFAULT NULL,
  `password` varchar(255) DEFAULT NULL,
  `ssltype` varchar(10) DEFAULT NULL,
  `sslmethod` varchar(30) DEFAULT NULL,
  `connecturl` varchar(255) DEFAULT NULL,
  `searchfor` varchar(10) DEFAULT NULL,
  `markas` varchar(10) DEFAULT NULL,
  `isvalid` int(1) DEFAULT NULL,
  `scanfrom` varchar(10) DEFAULT 'ALL',
  `time_zone` varchar(10) DEFAULT NULL,
  PRIMARY KEY (`scannerid`)
) ENGINE=InnoDB DEFAULT CHARSET=utf8;
/*!40101 SET character_set_client = @saved_cs_client */;

--
-- Dumping data for table `vtiger_mailscanner`
--

LOCK TABLES `vtiger_mailscanner` WRITE;
/*!40000 ALTER TABLE `vtiger_mailscanner` DISABLE KEYS */;
/*!40000 ALTER TABLE `vtiger_mailscanner` ENABLE KEYS */;
UNLOCK TABLES;

--
-- Table structure for table `vtiger_mailscanner_actions`
--

DROP TABLE IF EXISTS `vtiger_mailscanner_actions`;
/*!40101 SET @saved_cs_client     = @@character_set_client */;
/*!40101 SET character_set_client = utf8 */;
CREATE TABLE `vtiger_mailscanner_actions` (
  `actionid` int(11) NOT NULL AUTO_INCREMENT,
  `scannerid` int(11) DEFAULT NULL,
  `actiontype` varchar(10) DEFAULT NULL,
  `module` varchar(30) DEFAULT NULL,
  `lookup` varchar(30) DEFAULT NULL,
  `sequence` int(11) DEFAULT NULL,
  PRIMARY KEY (`actionid`)
) ENGINE=InnoDB DEFAULT CHARSET=utf8;
/*!40101 SET character_set_client = @saved_cs_client */;

--
-- Dumping data for table `vtiger_mailscanner_actions`
--

LOCK TABLES `vtiger_mailscanner_actions` WRITE;
/*!40000 ALTER TABLE `vtiger_mailscanner_actions` DISABLE KEYS */;
/*!40000 ALTER TABLE `vtiger_mailscanner_actions` ENABLE KEYS */;
UNLOCK TABLES;

--
-- Table structure for table `vtiger_mailscanner_folders`
--

DROP TABLE IF EXISTS `vtiger_mailscanner_folders`;
/*!40101 SET @saved_cs_client     = @@character_set_client */;
/*!40101 SET character_set_client = utf8 */;
CREATE TABLE `vtiger_mailscanner_folders` (
  `folderid` int(11) NOT NULL AUTO_INCREMENT,
  `scannerid` int(11) DEFAULT NULL,
  `foldername` varchar(255) DEFAULT NULL,
  `lastscan` varchar(30) DEFAULT NULL,
  `rescan` int(1) DEFAULT NULL,
  `enabled` int(1) DEFAULT NULL,
  PRIMARY KEY (`folderid`),
  KEY `folderid_idx` (`folderid`)
) ENGINE=InnoDB DEFAULT CHARSET=utf8;
/*!40101 SET character_set_client = @saved_cs_client */;

--
-- Dumping data for table `vtiger_mailscanner_folders`
--

LOCK TABLES `vtiger_mailscanner_folders` WRITE;
/*!40000 ALTER TABLE `vtiger_mailscanner_folders` DISABLE KEYS */;
/*!40000 ALTER TABLE `vtiger_mailscanner_folders` ENABLE KEYS */;
UNLOCK TABLES;

--
-- Table structure for table `vtiger_mailscanner_ids`
--

DROP TABLE IF EXISTS `vtiger_mailscanner_ids`;
/*!40101 SET @saved_cs_client     = @@character_set_client */;
/*!40101 SET character_set_client = utf8 */;
CREATE TABLE `vtiger_mailscanner_ids` (
  `scannerid` int(11) DEFAULT NULL,
  `messageid` varchar(512) DEFAULT NULL,
  `crmid` int(11) DEFAULT NULL,
  `refids` text DEFAULT NULL,
  KEY `scanner_message_ids_idx` (`scannerid`,`messageid`(255)),
  KEY `messageids_crmid_idx` (`crmid`)
) ENGINE=InnoDB DEFAULT CHARSET=utf8;
/*!40101 SET character_set_client = @saved_cs_client */;

--
-- Dumping data for table `vtiger_mailscanner_ids`
--

LOCK TABLES `vtiger_mailscanner_ids` WRITE;
/*!40000 ALTER TABLE `vtiger_mailscanner_ids` DISABLE KEYS */;
INSERT INTO `vtiger_mailscanner_ids` VALUES (NULL,'<y3bbiltfu21.20n9yf7wesw04@box6506.bluehost.com>',2,NULL),(NULL,'<2afy8u2mx4vr.3v2hs8t4rgyss@box6506.bluehost.com>',4,NULL),(NULL,'<57axlefjx4on.34aayeevpfc4o@box6506.bluehost.com>',4,NULL),(NULL,'<1nab0a0ojoy7.3bt8yr7uzl4w4@box6506.bluehost.com>',8,NULL),(NULL,'<42fzyunfvvnz.21h3z7z4f0kgo@box6506.bluehost.com>',8,NULL),(NULL,'<6euwiypnlvdb.37ba014of08wg@box6506.bluehost.com>',8,NULL),(NULL,'<8ujh0xvtwk0.2ozvlinu32qss@box6506.bluehost.com>',8,NULL),(NULL,'<1r8a4768zz80.1iai93bhnb827@box6506.bluehost.com>',8,NULL),(NULL,'<2y4vjawrfzm8.35s49mb3u54ws@box6506.bluehost.com>',8,NULL),(NULL,'<3wrm84hpqtcn.9d9qlf8gpx40@box6506.bluehost.com>',15,NULL),(NULL,'<5wmns66zz2tz.1pewhw49hdhm@box6506.bluehost.com>',15,NULL),(NULL,'<rm8anxmh6ag.1lvqckrpsq3by@box6506.bluehost.com>',16,NULL),(NULL,'<3fb40vwpbqjc.31l5pt2el1yck@box6506.bluehost.com>',16,NULL),(NULL,'<5t5z4gayjkby.3fzchg6riwg04@localhost.localdomain>',39,NULL),(NULL,'<4fvggr9d1vox.3ubhqm1m0se84@localhost.localdomain>',39,NULL),(NULL,'<jeb1ixrd0tv.3hnb6e9gg8ysc@localhost.localdomain>',39,NULL),(NULL,'<48i9ihvaiahm.1cpoapqdurpqp@localhost.localdomain>',44,NULL);
/*!40000 ALTER TABLE `vtiger_mailscanner_ids` ENABLE KEYS */;
UNLOCK TABLES;

--
-- Table structure for table `vtiger_mailscanner_ruleactions`
--

DROP TABLE IF EXISTS `vtiger_mailscanner_ruleactions`;
/*!40101 SET @saved_cs_client     = @@character_set_client */;
/*!40101 SET character_set_client = utf8 */;
CREATE TABLE `vtiger_mailscanner_ruleactions` (
  `ruleid` int(11) DEFAULT NULL,
  `actionid` int(11) DEFAULT NULL
) ENGINE=InnoDB DEFAULT CHARSET=utf8;
/*!40101 SET character_set_client = @saved_cs_client */;

--
-- Dumping data for table `vtiger_mailscanner_ruleactions`
--

LOCK TABLES `vtiger_mailscanner_ruleactions` WRITE;
/*!40000 ALTER TABLE `vtiger_mailscanner_ruleactions` DISABLE KEYS */;
/*!40000 ALTER TABLE `vtiger_mailscanner_ruleactions` ENABLE KEYS */;
UNLOCK TABLES;

--
-- Table structure for table `vtiger_mailscanner_rules`
--

DROP TABLE IF EXISTS `vtiger_mailscanner_rules`;
/*!40101 SET @saved_cs_client     = @@character_set_client */;
/*!40101 SET character_set_client = utf8 */;
CREATE TABLE `vtiger_mailscanner_rules` (
  `ruleid` int(11) NOT NULL AUTO_INCREMENT,
  `scannerid` int(11) DEFAULT NULL,
  `fromaddress` varchar(255) DEFAULT NULL,
  `toaddress` varchar(255) DEFAULT NULL,
  `subjectop` varchar(20) DEFAULT NULL,
  `subject` varchar(255) DEFAULT NULL,
  `bodyop` varchar(20) DEFAULT NULL,
  `body` varchar(255) DEFAULT NULL,
  `matchusing` varchar(5) DEFAULT NULL,
  `sequence` int(11) DEFAULT NULL,
  `assigned_to` int(10) DEFAULT NULL,
  `cc` varchar(255) DEFAULT NULL,
  `bcc` varchar(255) DEFAULT NULL,
  PRIMARY KEY (`ruleid`)
) ENGINE=InnoDB DEFAULT CHARSET=utf8;
/*!40101 SET character_set_client = @saved_cs_client */;

--
-- Dumping data for table `vtiger_mailscanner_rules`
--

LOCK TABLES `vtiger_mailscanner_rules` WRITE;
/*!40000 ALTER TABLE `vtiger_mailscanner_rules` DISABLE KEYS */;
/*!40000 ALTER TABLE `vtiger_mailscanner_rules` ENABLE KEYS */;
UNLOCK TABLES;

--
-- Table structure for table `vtiger_manufacturer`
--

DROP TABLE IF EXISTS `vtiger_manufacturer`;
/*!40101 SET @saved_cs_client     = @@character_set_client */;
/*!40101 SET character_set_client = utf8 */;
CREATE TABLE `vtiger_manufacturer` (
  `manufacturerid` int(19) NOT NULL AUTO_INCREMENT,
  `manufacturer` varchar(200) NOT NULL,
  `presence` int(1) NOT NULL DEFAULT 1,
  `picklist_valueid` int(19) NOT NULL DEFAULT 0,
  `sortorderid` int(11) DEFAULT NULL,
  `color` varchar(10) DEFAULT NULL,
  PRIMARY KEY (`manufacturerid`),
  UNIQUE KEY `manufacturer_manufacturer_idx` (`manufacturer`)
) ENGINE=InnoDB AUTO_INCREMENT=5 DEFAULT CHARSET=utf8;
/*!40101 SET character_set_client = @saved_cs_client */;

--
-- Dumping data for table `vtiger_manufacturer`
--

LOCK TABLES `vtiger_manufacturer` WRITE;
/*!40000 ALTER TABLE `vtiger_manufacturer` DISABLE KEYS */;
INSERT INTO `vtiger_manufacturer` VALUES (2,'AltvetPet Inc.',1,124,1,NULL),(3,'LexPon Inc.',1,125,2,NULL),(4,'MetBeat Corp',1,126,3,NULL);
/*!40000 ALTER TABLE `vtiger_manufacturer` ENABLE KEYS */;
UNLOCK TABLES;

--
-- Table structure for table `vtiger_manufacturer_seq`
--

DROP TABLE IF EXISTS `vtiger_manufacturer_seq`;
/*!40101 SET @saved_cs_client     = @@character_set_client */;
/*!40101 SET character_set_client = utf8 */;
CREATE TABLE `vtiger_manufacturer_seq` (
  `id` int(11) NOT NULL
) ENGINE=InnoDB DEFAULT CHARSET=utf8;
/*!40101 SET character_set_client = @saved_cs_client */;

--
-- Dumping data for table `vtiger_manufacturer_seq`
--

LOCK TABLES `vtiger_manufacturer_seq` WRITE;
/*!40000 ALTER TABLE `vtiger_manufacturer_seq` DISABLE KEYS */;
INSERT INTO `vtiger_manufacturer_seq` VALUES (4);
/*!40000 ALTER TABLE `vtiger_manufacturer_seq` ENABLE KEYS */;
UNLOCK TABLES;

--
-- Table structure for table `vtiger_mobile_alerts`
--

DROP TABLE IF EXISTS `vtiger_mobile_alerts`;
/*!40101 SET @saved_cs_client     = @@character_set_client */;
/*!40101 SET character_set_client = utf8 */;
CREATE TABLE `vtiger_mobile_alerts` (
  `id` int(11) NOT NULL AUTO_INCREMENT,
  `handler_path` varchar(500) DEFAULT NULL,
  `handler_class` varchar(50) DEFAULT NULL,
  `sequence` int(11) DEFAULT NULL,
  `deleted` int(11) NOT NULL DEFAULT 0,
  PRIMARY KEY (`id`)
) ENGINE=InnoDB AUTO_INCREMENT=8 DEFAULT CHARSET=utf8;
/*!40101 SET character_set_client = @saved_cs_client */;

--
-- Dumping data for table `vtiger_mobile_alerts`
--

LOCK TABLES `vtiger_mobile_alerts` WRITE;
/*!40000 ALTER TABLE `vtiger_mobile_alerts` DISABLE KEYS */;
INSERT INTO `vtiger_mobile_alerts` VALUES (1,'modules/Mobile/api/ws/models/alerts/IdleTicketsOfMine.php','Mobile_WS_AlertModel_IdleTicketsOfMine',NULL,0),(2,'modules/Mobile/api/ws/models/alerts/NewTicketOfMine.php','Mobile_WS_AlertModel_NewTicketOfMine',NULL,0),(3,'modules/Mobile/api/ws/models/alerts/PendingTicketsOfMine.php','Mobile_WS_AlertModel_PendingTicketsOfMine',NULL,0),(4,'modules/Mobile/api/ws/models/alerts/PotentialsDueIn5Days.php','Mobile_WS_AlertModel_PotentialsDueIn5Days',NULL,0),(5,'modules/Mobile/api/ws/models/alerts/EventsOfMineToday.php','Mobile_WS_AlertModel_EventsOfMineToday',NULL,0),(6,'modules/Mobile/api/ws/models/alerts/ProjectTasksOfMine.php','Mobile_WS_AlertModel_ProjectTasksOfMine',NULL,0),(7,'modules/Mobile/api/ws/models/alerts/Projects.php','Mobile_WS_AlertModel_Projects',NULL,0);
/*!40000 ALTER TABLE `vtiger_mobile_alerts` ENABLE KEYS */;
UNLOCK TABLES;

--
-- Table structure for table `vtiger_modcomments`
--

DROP TABLE IF EXISTS `vtiger_modcomments`;
/*!40101 SET @saved_cs_client     = @@character_set_client */;
/*!40101 SET character_set_client = utf8 */;
CREATE TABLE `vtiger_modcomments` (
  `modcommentsid` int(11) DEFAULT NULL,
  `commentcontent` text DEFAULT NULL,
  `related_to` int(19) DEFAULT NULL,
  `parent_comments` int(19) DEFAULT NULL,
  `customer` int(19) DEFAULT NULL,
  `userid` int(19) DEFAULT NULL,
  `reasontoedit` varchar(100) DEFAULT NULL,
  `is_private` int(1) DEFAULT 0,
  `filename` varchar(255) DEFAULT NULL,
  `related_email_id` int(11) DEFAULT NULL,
  KEY `relatedto_idx` (`related_to`),
  KEY `fk_crmid_vtiger_modcomments` (`modcommentsid`),
  CONSTRAINT `fk_crmid_vtiger_modcomments` FOREIGN KEY (`modcommentsid`) REFERENCES `vtiger_crmentity` (`crmid`) ON DELETE CASCADE
) ENGINE=InnoDB DEFAULT CHARSET=utf8;
/*!40101 SET character_set_client = @saved_cs_client */;

--
-- Dumping data for table `vtiger_modcomments`
--

LOCK TABLES `vtiger_modcomments` WRITE;
/*!40000 ALTER TABLE `vtiger_modcomments` DISABLE KEYS */;
/*!40000 ALTER TABLE `vtiger_modcomments` ENABLE KEYS */;
UNLOCK TABLES;

--
-- Table structure for table `vtiger_modcommentscf`
--

DROP TABLE IF EXISTS `vtiger_modcommentscf`;
/*!40101 SET @saved_cs_client     = @@character_set_client */;
/*!40101 SET character_set_client = utf8 */;
CREATE TABLE `vtiger_modcommentscf` (
  `modcommentsid` int(11) NOT NULL,
  PRIMARY KEY (`modcommentsid`),
  CONSTRAINT `fk_modcommentsid_vtiger_modcommentscf` FOREIGN KEY (`modcommentsid`) REFERENCES `vtiger_modcomments` (`modcommentsid`) ON DELETE CASCADE
) ENGINE=InnoDB DEFAULT CHARSET=utf8;
/*!40101 SET character_set_client = @saved_cs_client */;

--
-- Dumping data for table `vtiger_modcommentscf`
--

LOCK TABLES `vtiger_modcommentscf` WRITE;
/*!40000 ALTER TABLE `vtiger_modcommentscf` DISABLE KEYS */;
/*!40000 ALTER TABLE `vtiger_modcommentscf` ENABLE KEYS */;
UNLOCK TABLES;

--
-- Table structure for table `vtiger_modentity_num`
--

DROP TABLE IF EXISTS `vtiger_modentity_num`;
/*!40101 SET @saved_cs_client     = @@character_set_client */;
/*!40101 SET character_set_client = utf8 */;
CREATE TABLE `vtiger_modentity_num` (
  `num_id` int(19) NOT NULL,
  `semodule` varchar(100) DEFAULT NULL,
  `prefix` varchar(50) NOT NULL DEFAULT '',
  `start_id` varchar(50) NOT NULL,
  `cur_id` varchar(50) NOT NULL,
  `active` varchar(2) NOT NULL,
  PRIMARY KEY (`num_id`),
  UNIQUE KEY `num_idx` (`num_id`),
  KEY `semodule_active_idx` (`semodule`,`active`)
) ENGINE=InnoDB DEFAULT CHARSET=utf8;
/*!40101 SET character_set_client = @saved_cs_client */;

--
-- Dumping data for table `vtiger_modentity_num`
--

LOCK TABLES `vtiger_modentity_num` WRITE;
/*!40000 ALTER TABLE `vtiger_modentity_num` DISABLE KEYS */;
INSERT INTO `vtiger_modentity_num` VALUES (1,'Leads','LEA','1','1','1'),(2,'Accounts','ACC','1','2','0'),(3,'Campaigns','CAM','1','1','1'),(4,'Contacts','CON','1','2','0'),(5,'Potentials','POT','1','1','1'),(6,'HelpDesk','TT','1','10','1'),(7,'Quotes','QUO','1','1','1'),(8,'SalesOrder','SO','1','1','1'),(9,'PurchaseOrder','PO','1','1','1'),(10,'Invoice','INV','1','1','1'),(11,'Products','PRO','1','4','0'),(12,'Vendors','VEN','1','1','1'),(13,'PriceBooks','PB','1','1','1'),(14,'Faq','FAQ','1','1','1'),(15,'Documents','DOC','1','1','1'),(16,'Services','SER','1','1','1'),(17,'ServiceContracts','SERCON','1','1','1'),(18,'Assets','ASSET','1','1','1'),(19,'ProjectMilestone','PM','1','1','1'),(20,'ProjectTask','PT','1','1','1'),(21,'Project','PROJ','1','1','1'),(22,'Apdalm','AP-AL','1','2','0'),(23,'Products','CP','4','8','1'),(24,'Contacts','ALM','2','5','1'),(25,'Accounts','AP','2','4','1'),(26,'Apdalm','AP-ALM','2','5','1'),(27,'Almsecc','ALM-SEC','1','2','1'),(28,'Temas','TEM','1','7','1'),(29,'Acciones','ACC','1','11','1');
/*!40000 ALTER TABLE `vtiger_modentity_num` ENABLE KEYS */;
UNLOCK TABLES;

--
-- Table structure for table `vtiger_modentity_num_seq`
--

DROP TABLE IF EXISTS `vtiger_modentity_num_seq`;
/*!40101 SET @saved_cs_client     = @@character_set_client */;
/*!40101 SET character_set_client = utf8 */;
CREATE TABLE `vtiger_modentity_num_seq` (
  `id` int(11) NOT NULL
) ENGINE=InnoDB DEFAULT CHARSET=utf8;
/*!40101 SET character_set_client = @saved_cs_client */;

--
-- Dumping data for table `vtiger_modentity_num_seq`
--

LOCK TABLES `vtiger_modentity_num_seq` WRITE;
/*!40000 ALTER TABLE `vtiger_modentity_num_seq` DISABLE KEYS */;
INSERT INTO `vtiger_modentity_num_seq` VALUES (29);
/*!40000 ALTER TABLE `vtiger_modentity_num_seq` ENABLE KEYS */;
UNLOCK TABLES;

--
-- Table structure for table `vtiger_modtracker_basic`
--

DROP TABLE IF EXISTS `vtiger_modtracker_basic`;
/*!40101 SET @saved_cs_client     = @@character_set_client */;
/*!40101 SET character_set_client = utf8 */;
CREATE TABLE `vtiger_modtracker_basic` (
  `id` int(20) NOT NULL,
  `crmid` int(20) DEFAULT NULL,
  `module` varchar(50) DEFAULT NULL,
  `whodid` int(20) DEFAULT NULL,
  `changedon` datetime DEFAULT NULL,
  `status` int(1) DEFAULT 0,
  PRIMARY KEY (`id`),
  KEY `crmidx` (`crmid`),
  KEY `idx` (`id`)
) ENGINE=InnoDB DEFAULT CHARSET=utf8;
/*!40101 SET character_set_client = @saved_cs_client */;

--
-- Dumping data for table `vtiger_modtracker_basic`
--

LOCK TABLES `vtiger_modtracker_basic` WRITE;
/*!40000 ALTER TABLE `vtiger_modtracker_basic` DISABLE KEYS */;
INSERT INTO `vtiger_modtracker_basic` VALUES (1,2,'Contacts',1,'2019-01-23 14:09:43',2),(2,3,'Emails',1,'2019-01-23 14:15:03',2),(3,2,'Contacts',1,'2019-01-23 14:15:04',4),(4,4,'HelpDesk',1,'2019-01-23 15:03:45',2),(5,5,'Emails',1,'2019-01-23 15:15:02',2),(6,4,'HelpDesk',1,'2019-01-23 15:15:03',4),(7,6,'Emails',1,'2019-01-23 15:15:03',2),(8,4,'HelpDesk',1,'2019-01-23 15:15:03',4),(9,8,'HelpDesk',1,'2019-01-25 16:34:06',2),(10,2,'Contacts',1,'2019-01-25 16:34:08',4),(11,8,'HelpDesk',1,'2019-01-25 16:35:08',0),(12,8,'HelpDesk',1,'2019-01-25 16:35:55',0),(13,8,'HelpDesk',1,'2019-01-25 16:36:07',0),(14,8,'HelpDesk',1,'2019-01-25 16:36:31',0),(15,8,'HelpDesk',1,'2019-01-25 16:37:46',0),(16,9,'Emails',1,'2019-01-25 16:45:02',2),(17,8,'HelpDesk',1,'2019-01-25 16:45:03',4),(18,10,'Emails',1,'2019-01-25 16:45:03',2),(19,8,'HelpDesk',1,'2019-01-25 16:45:03',4),(20,11,'Emails',1,'2019-01-25 16:45:03',2),(21,8,'HelpDesk',1,'2019-01-25 16:45:03',4),(22,12,'Emails',1,'2019-01-25 16:45:03',2),(23,8,'HelpDesk',1,'2019-01-25 16:45:04',4),(24,13,'Emails',1,'2019-01-25 16:45:04',2),(25,8,'HelpDesk',1,'2019-01-25 16:45:04',4),(26,14,'Emails',1,'2019-01-25 16:45:04',2),(27,8,'HelpDesk',1,'2019-01-25 16:45:04',4),(28,15,'HelpDesk',1,'2019-01-25 16:45:22',2),(29,16,'HelpDesk',1,'2019-01-25 17:04:02',2),(30,17,'Emails',1,'2019-01-25 17:15:03',2),(31,15,'HelpDesk',1,'2019-01-25 17:15:03',4),(32,18,'Emails',1,'2019-01-25 17:15:03',2),(33,15,'HelpDesk',1,'2019-01-25 17:15:03',4),(34,19,'Emails',1,'2019-01-25 17:15:03',2),(35,16,'HelpDesk',1,'2019-01-25 17:15:04',4),(36,20,'Emails',1,'2019-01-25 17:15:04',2),(37,16,'HelpDesk',1,'2019-01-25 17:15:04',4),(38,21,'Accounts',1,'2019-02-20 16:08:08',2),(39,2,'Contacts',1,'2019-02-20 16:23:14',0),(40,22,'Apdalm',1,'2019-02-20 16:31:28',2),(41,22,'Apdalm',1,'2019-02-21 17:04:11',0),(42,23,'Products',1,'2019-02-21 17:24:53',2),(43,23,'Products',1,'2019-02-21 17:26:13',0),(44,23,'Products',1,'2019-02-21 17:27:09',0),(45,23,'Products',1,'2019-02-21 17:27:54',0),(46,24,'Products',1,'2019-02-21 17:28:30',2),(47,25,'Products',1,'2019-02-21 17:33:10',2),(48,25,'Products',1,'2019-02-21 17:37:23',0),(49,26,'Products',1,'2019-02-21 17:42:28',2),(50,27,'Products',1,'2019-02-21 17:48:39',2),(51,27,'Products',1,'2019-02-21 17:52:10',0),(52,28,'Almsecc',1,'2019-02-21 19:37:25',2),(53,23,'Products',1,'2019-02-21 19:39:21',1),(54,24,'Products',1,'2019-02-21 19:39:21',1),(55,25,'Products',1,'2019-02-21 19:39:21',1),(56,29,'Products',1,'2019-02-21 19:48:34',2),(57,30,'Products',1,'2019-02-21 19:49:11',2),(58,30,'Products',1,'2019-02-21 19:49:32',0),(59,31,'Contacts',1,'2019-02-22 16:54:32',2),(60,32,'HelpDesk',1,'2019-02-22 17:41:31',2),(61,33,'Events',1,'2019-02-22 17:48:30',2),(62,34,'Events',1,'2019-02-22 17:49:00',2),(63,35,'Calendar',1,'2019-02-22 17:49:29',2),(64,33,'Events',1,'2019-02-22 20:39:09',0),(65,33,'Events',1,'2019-02-22 22:39:35',0),(66,33,'Events',1,'2019-02-22 22:41:03',0),(67,33,'Events',1,'2019-02-22 22:58:23',0),(68,36,'Events',1,'2019-02-22 22:58:48',2),(69,36,'Events',1,'2019-02-22 22:59:13',1),(70,33,'Events',1,'2019-02-22 23:00:37',0),(71,35,'Calendar',1,'2019-02-25 16:03:31',0),(72,35,'Calendar',1,'2019-02-25 16:21:24',0),(73,21,'Accounts',1,'2019-02-25 17:02:06',0),(74,37,'Emails',1,'2019-02-25 17:02:47',2),(75,38,'Emails',1,'2019-02-25 17:04:25',2),(76,39,'Events',1,'2019-02-25 18:27:19',2),(77,34,'Events',1,'2019-02-25 18:28:02',1),(78,33,'Events',1,'2019-02-25 18:28:02',1),(79,35,'Calendar',1,'2019-02-25 18:28:02',1),(80,39,'Events',1,'2019-02-25 18:35:08',0),(81,40,'HelpDesk',1,'2019-02-25 18:35:07',2),(82,41,'Emails',1,'2019-02-25 18:45:02',2),(83,39,'Events',1,'2019-02-25 18:45:02',4),(84,42,'Emails',1,'2019-02-25 18:45:05',2),(85,39,'Events',1,'2019-02-25 18:45:05',4),(86,39,'Events',1,'2019-02-25 19:39:09',0),(87,43,'Emails',1,'2019-02-25 19:39:30',2),(88,39,'Events',1,'2019-02-25 19:39:31',4),(89,44,'Events',1,'2019-02-25 20:07:12',2),(90,44,'Events',1,'2019-02-25 20:08:04',0),(91,45,'HelpDesk',1,'2019-02-25 20:08:04',2),(92,46,'Emails',1,'2019-02-25 20:10:02',2),(93,44,'Events',1,'2019-02-25 20:10:02',4),(94,47,'Contacts',1,'2019-02-27 14:42:17',2),(95,48,'Apdalm',1,'2019-02-27 14:44:11',2),(96,49,'Accounts',1,'2019-02-27 15:20:25',2),(97,50,'Contacts',1,'2019-02-27 15:21:31',2),(98,51,'Apdalm',1,'2019-02-27 15:22:00',2),(99,52,'Accounts',1,'2019-02-27 15:22:42',2),(100,53,'Apdalm',1,'2019-02-27 15:23:23',2),(101,50,'Contacts',1,'2019-02-27 20:26:23',0),(102,54,'HelpDesk',1,'2019-02-28 15:49:53',2),(103,55,'Temas',1,'2019-03-01 15:36:16',2),(104,56,'Temas',1,'2019-03-01 15:38:22',2),(105,57,'Acciones',1,'2019-03-01 15:49:35',2),(106,58,'Acciones',1,'2019-03-01 15:59:09',2),(107,56,'Temas',1,'2019-03-01 16:25:36',1),(108,55,'Temas',1,'2019-03-01 16:25:36',1),(109,58,'Acciones',1,'2019-03-01 16:26:57',1),(110,57,'Acciones',1,'2019-03-01 16:26:57',1),(111,59,'Temas',1,'2019-03-01 16:27:16',2),(112,60,'Acciones',1,'2019-03-01 16:27:43',2),(113,59,'Temas',1,'2019-03-01 16:48:30',0),(114,60,'Acciones',1,'2019-03-01 16:51:26',0),(115,60,'Acciones',1,'2019-03-01 20:23:23',1),(116,59,'Temas',1,'2019-03-01 20:23:29',1),(117,61,'Temas',1,'2019-03-01 21:01:08',2),(118,61,'Temas',1,'2019-03-01 21:10:44',0),(119,62,'Acciones',1,'2019-03-01 21:14:09',2),(120,61,'Temas',1,'2019-03-01 21:14:10',4),(121,63,'Acciones',1,'2019-03-01 21:26:26',2),(122,61,'Temas',1,'2019-03-01 21:26:26',4),(123,64,'Acciones',1,'2019-03-01 21:31:18',2),(124,61,'Temas',1,'2019-03-01 21:31:18',4),(125,65,'Temas',1,'2019-03-01 21:33:36',2),(126,66,'Acciones',1,'2019-03-01 21:33:52',2),(127,65,'Temas',1,'2019-03-01 21:33:53',4),(128,67,'Acciones',1,'2019-03-01 21:34:01',2),(129,65,'Temas',1,'2019-03-01 21:34:01',4),(130,68,'Acciones',1,'2019-03-01 21:34:11',2),(131,65,'Temas',1,'2019-03-01 21:34:11',4),(132,69,'Temas',1,'2019-03-01 22:42:26',2),(133,70,'Acciones',1,'2019-03-01 23:45:48',2),(134,65,'Temas',1,'2019-03-01 23:45:49',4),(135,70,'Acciones',1,'2019-03-01 23:57:26',0),(136,71,'HelpDesk',1,'2019-03-02 00:12:16',2);
/*!40000 ALTER TABLE `vtiger_modtracker_basic` ENABLE KEYS */;
UNLOCK TABLES;

--
-- Table structure for table `vtiger_modtracker_basic_seq`
--

DROP TABLE IF EXISTS `vtiger_modtracker_basic_seq`;
/*!40101 SET @saved_cs_client     = @@character_set_client */;
/*!40101 SET character_set_client = utf8 */;
CREATE TABLE `vtiger_modtracker_basic_seq` (
  `id` int(11) NOT NULL
) ENGINE=MyISAM DEFAULT CHARSET=utf8;
/*!40101 SET character_set_client = @saved_cs_client */;

--
-- Dumping data for table `vtiger_modtracker_basic_seq`
--

LOCK TABLES `vtiger_modtracker_basic_seq` WRITE;
/*!40000 ALTER TABLE `vtiger_modtracker_basic_seq` DISABLE KEYS */;
INSERT INTO `vtiger_modtracker_basic_seq` VALUES (136);
/*!40000 ALTER TABLE `vtiger_modtracker_basic_seq` ENABLE KEYS */;
UNLOCK TABLES;

--
-- Table structure for table `vtiger_modtracker_detail`
--

DROP TABLE IF EXISTS `vtiger_modtracker_detail`;
/*!40101 SET @saved_cs_client     = @@character_set_client */;
/*!40101 SET character_set_client = utf8 */;
CREATE TABLE `vtiger_modtracker_detail` (
  `id` int(11) DEFAULT NULL,
  `fieldname` varchar(100) DEFAULT NULL,
  `prevalue` text DEFAULT NULL,
  `postvalue` text DEFAULT NULL,
  KEY `idx` (`id`)
) ENGINE=InnoDB DEFAULT CHARSET=utf8;
/*!40101 SET character_set_client = @saved_cs_client */;

--
-- Dumping data for table `vtiger_modtracker_detail`
--

LOCK TABLES `vtiger_modtracker_detail` WRITE;
/*!40000 ALTER TABLE `vtiger_modtracker_detail` DISABLE KEYS */;
INSERT INTO `vtiger_modtracker_detail` VALUES (1,'label',NULL,'Juan Perez'),(1,'firstname',NULL,'Juan'),(1,'contact_no',NULL,'CON1'),(1,'lastname',NULL,'Perez'),(1,'mobile',NULL,'999999999'),(1,'email',NULL,'oscar@creantis.com'),(1,'assigned_user_id',NULL,'1'),(1,'createdtime',NULL,'2019-01-23 14:09:43'),(1,'modifiedby',NULL,'1'),(1,'source',NULL,'CRM'),(1,'record_id',NULL,'2'),(1,'record_module',NULL,'Contacts'),(2,'label',NULL,'Regarding Contact Assignment'),(2,'date_start',NULL,'2019-01-23'),(2,'activitytype',NULL,'Emails'),(2,'assigned_user_id',NULL,'1'),(2,'subject',NULL,'Regarding Contact Assignment'),(2,'description',NULL,'An Contact has been assigned to you on vtigerCRM&lt;br&gt;Details of Contact are :&lt;br&gt;&lt;br&gt;Contact Id:&lt;b&gt;CON1&lt;/b&gt;&lt;br&gt;LastName:&lt;b&gt;Perez&lt;/b&gt;&lt;br&gt;FirstName:&lt;b&gt;Juan&lt;/b&gt;&lt;br&gt;Lead Source:&lt;b&gt;&lt;/b&gt;&lt;br&gt;Department:&lt;b&gt;&lt;/b&gt;&lt;br&gt;Description:&lt;b&gt;&lt;/b&gt;&lt;br&gt;&lt;br&gt;&lt;br&gt;And &lt;b&gt;CustomerPortal Login Details&lt;/b&gt; is sent to the EmailID :-oscar@creantis.com&lt;br&gt;&lt;br&gt;Thank You&lt;br&gt;Admin&lt;br&gt;&lt;br&gt;'),(2,'time_start',NULL,'14:15:03'),(2,'createdtime',NULL,'2019-01-23 14:15:03'),(2,'modifiedby',NULL,'1'),(2,'from_email',NULL,'soporte@creantis.com'),(2,'saved_toid',NULL,'[&quot;soporte@creantis.com&quot;]'),(2,'ccmail',NULL,'[&quot;&quot;]'),(2,'bccmail',NULL,'[&quot;&quot;]'),(2,'parent_id',NULL,'2@1|'),(2,'email_flag',NULL,'SENT'),(2,'source',NULL,'CRM'),(2,'record_id',NULL,'3'),(2,'record_module',NULL,'Emails'),(4,'label',NULL,'Error en la nota'),(4,'ticket_no',NULL,'TT1'),(4,'assigned_user_id',NULL,'1'),(4,'ticketpriorities',NULL,'Normal'),(4,'ticketstatus',NULL,'Open'),(4,'ticketcategories',NULL,'Reclamo'),(4,'days',NULL,'0.00000000'),(4,'createdtime',NULL,'2019-01-23 15:03:45'),(4,'modifiedby',NULL,'1'),(4,'ticket_title',NULL,'Error en la nota'),(4,'description',NULL,'por favor corregir la nota de matematicas de mi hijo de octavo grado, Juancito Perez'),(4,'contact_id',NULL,'2'),(4,'source',NULL,'CRM'),(4,'cf_852',NULL,'Jefatura de Secundaria'),(4,'cf_854',NULL,'Atender el caso'),(4,'record_id',NULL,'4'),(4,'record_module',NULL,'HelpDesk'),(5,'label',NULL,'Ticket Number : TT1 Error en la nota'),(5,'date_start',NULL,'2019-01-23'),(5,'activitytype',NULL,'Emails'),(5,'assigned_user_id',NULL,'1'),(5,'subject',NULL,'Ticket Number : TT1 Error en la nota'),(5,'description',NULL,'Ticket ID : 4&lt;br&gt;Ticket Title : Error en la nota&lt;br&gt;&lt;br&gt;\n								Dear Administrator ,&lt;br&gt;&lt;br&gt;\n								The Ticket is replied the details are :&lt;br&gt;&lt;br&gt;\n								Ticket No : TT1&lt;br&gt;\n								Status : Abierta&lt;br&gt;\n								Category : Reclamo&lt;br&gt;\n								Severity : &lt;br&gt;\n								Priority : Normal&lt;br&gt;&lt;br&gt;\n								Description : &lt;br&gt;por favor corregir la nota de matematicas de mi hijo de octavo grado, Juancito Perez&lt;br&gt;&lt;br&gt;\n								Solution : &lt;br&gt;\n								&lt;br&gt;&lt;br&gt;\n								Regards&lt;br&gt;Support Administrator&lt;br&gt;&lt;br&gt;'),(5,'time_start',NULL,'15:15:02'),(5,'createdtime',NULL,'2019-01-23 15:15:02'),(5,'modifiedby',NULL,'1'),(5,'from_email',NULL,'soporte@creantis.com'),(5,'saved_toid',NULL,'[&quot;&quot;,&quot;soporte@creantis.com&quot;]'),(5,'ccmail',NULL,'[&quot;&quot;]'),(5,'bccmail',NULL,'[&quot;&quot;]'),(5,'parent_id',NULL,'4@1|'),(5,'email_flag',NULL,'SENT'),(5,'source',NULL,'CRM'),(5,'record_id',NULL,'5'),(5,'record_module',NULL,'Emails'),(7,'label',NULL,'TT1 [ Ticket Id : 4 ] Error en la nota'),(7,'date_start',NULL,'2019-01-23'),(7,'activitytype',NULL,'Emails'),(7,'assigned_user_id',NULL,'1'),(7,'subject',NULL,'TT1 [ Ticket Id : 4 ] Error en la nota'),(7,'description',NULL,'Ticket ID : 4&lt;br&gt;Ticket Title : Error en la nota&lt;br&gt;&lt;br&gt;\n								Dear Perez Juan,&lt;br&gt;&lt;br&gt;\n								The Ticket is replied the details are :&lt;br&gt;&lt;br&gt;\n								Ticket No : TT1&lt;br&gt;\n								Status : Abierta&lt;br&gt;\n								Category : Reclamo&lt;br&gt;\n								Severity : &lt;br&gt;\n								Priority : Normal&lt;br&gt;&lt;br&gt;\n								Description : &lt;br&gt;por favor corregir la nota de matematicas de mi hijo de octavo grado, Juancito Perez&lt;br&gt;&lt;br&gt;\n								Solution : &lt;br&gt;&lt;br&gt;\n								The comments are : &lt;br&gt;\n								&lt;br&gt;&lt;br&gt;\n								Regards&lt;br&gt;Support Administrator&lt;br&gt;&lt;br&gt;'),(7,'time_start',NULL,'15:15:03'),(7,'createdtime',NULL,'2019-01-23 15:15:03'),(7,'modifiedby',NULL,'1'),(7,'from_email',NULL,'soporte@creantis.com'),(7,'saved_toid',NULL,'[&quot;&quot;,&quot;oscar@creantis.com&quot;]'),(7,'ccmail',NULL,'[&quot;&quot;]'),(7,'bccmail',NULL,'[&quot;&quot;]'),(7,'parent_id',NULL,'4@1|'),(7,'email_flag',NULL,'SENT'),(7,'source',NULL,'CRM'),(7,'record_id',NULL,'6'),(7,'record_module',NULL,'Emails'),(9,'label',NULL,'Corregir nota'),(9,'ticket_no',NULL,'TT2'),(9,'assigned_user_id',NULL,'1'),(9,'ticketpriorities',NULL,'Normal'),(9,'ticketstatus',NULL,'Open'),(9,'ticketcategories',NULL,'Reclamo'),(9,'days',NULL,'0.00000000'),(9,'createdtime',NULL,'2019-01-25 16:34:06'),(9,'modifiedby',NULL,'1'),(9,'ticket_title',NULL,'Corregir nota'),(9,'description',NULL,'de su hij juancito de 9no grado, matematicas.'),(9,'contact_id',NULL,'2'),(9,'source',NULL,'CRM'),(9,'cf_852',NULL,'Jefatura de Secundaria'),(9,'cf_854',NULL,'Atender el caso'),(9,'record_id',NULL,'8'),(9,'record_module',NULL,'HelpDesk'),(11,'cf_852','Jefatura de Secundaria','Secretaria Acad&eacute;mica'),(12,'solution','','corregi la nota segun las indicadiones'),(12,'cf_854','Atender el caso','Respuesta a Cliente'),(13,'cf_852','Secretaria Acad&eacute;mica','Profesor'),(14,'cf_854','Respuesta a Cliente','Atencion Culminada'),(15,'ticketstatus','Open','Closed'),(16,'label',NULL,'Ticket Number : TT2 Corregir nota'),(16,'date_start',NULL,'2019-01-25'),(16,'activitytype',NULL,'Emails'),(16,'assigned_user_id',NULL,'1'),(16,'subject',NULL,'Ticket Number : TT2 Corregir nota'),(16,'description',NULL,'Ticket ID : 8&lt;br&gt;Ticket Title : Corregir nota&lt;br&gt;&lt;br&gt;\n								Dear Administrator ,&lt;br&gt;&lt;br&gt;\n								The Ticket is replied the details are :&lt;br&gt;&lt;br&gt;\n								Ticket No : TT2&lt;br&gt;\n								Status : Abierta&lt;br&gt;\n								Category : Reclamo&lt;br&gt;\n								Severity : &lt;br&gt;\n								Priority : Normal&lt;br&gt;&lt;br&gt;\n								Description : &lt;br&gt;de su hij juancito de 9no grado, matematicas.&lt;br&gt;&lt;br&gt;\n								Solution : &lt;br&gt;\n								&lt;br&gt;&lt;br&gt;\n								Regards&lt;br&gt;Support Administrator&lt;br&gt;&lt;br&gt;'),(16,'time_start',NULL,'16:45:02'),(16,'createdtime',NULL,'2019-01-25 16:45:02'),(16,'modifiedby',NULL,'1'),(16,'from_email',NULL,'soporte@creantis.com'),(16,'saved_toid',NULL,'[&quot;&quot;,&quot;soporte@creantis.com&quot;]'),(16,'ccmail',NULL,'[&quot;&quot;]'),(16,'bccmail',NULL,'[&quot;&quot;]'),(16,'parent_id',NULL,'8@1|'),(16,'email_flag',NULL,'SENT'),(16,'source',NULL,'CRM'),(16,'record_id',NULL,'9'),(16,'record_module',NULL,'Emails'),(18,'label',NULL,'TT2 [ Ticket Id : 8 ] Corregir nota'),(18,'date_start',NULL,'2019-01-25'),(18,'activitytype',NULL,'Emails'),(18,'assigned_user_id',NULL,'1'),(18,'subject',NULL,'TT2 [ Ticket Id : 8 ] Corregir nota'),(18,'description',NULL,'Ticket ID : 8&lt;br&gt;Ticket Title : Corregir nota&lt;br&gt;&lt;br&gt;\n								Dear Perez Juan,&lt;br&gt;&lt;br&gt;\n								The Ticket is replied the details are :&lt;br&gt;&lt;br&gt;\n								Ticket No : TT2&lt;br&gt;\n								Status : Abierta&lt;br&gt;\n								Category : Reclamo&lt;br&gt;\n								Severity : &lt;br&gt;\n								Priority : Normal&lt;br&gt;&lt;br&gt;\n								Description : &lt;br&gt;de su hij juancito de 9no grado, matematicas.&lt;br&gt;&lt;br&gt;\n								Solution : &lt;br&gt;&lt;br&gt;\n								The comments are : &lt;br&gt;\n								&lt;br&gt;&lt;br&gt;\n								Regards&lt;br&gt;Support Administrator&lt;br&gt;&lt;br&gt;'),(18,'time_start',NULL,'16:45:03'),(18,'createdtime',NULL,'2019-01-25 16:45:03'),(18,'modifiedby',NULL,'1'),(18,'from_email',NULL,'soporte@creantis.com'),(18,'saved_toid',NULL,'[&quot;&quot;,&quot;oscar@creantis.com&quot;]'),(18,'ccmail',NULL,'[&quot;&quot;]'),(18,'bccmail',NULL,'[&quot;&quot;]'),(18,'parent_id',NULL,'8@1|'),(18,'email_flag',NULL,'SENT'),(18,'source',NULL,'CRM'),(18,'record_id',NULL,'10'),(18,'record_module',NULL,'Emails'),(20,'label',NULL,'TT2 [ Ticket Id : 8 ] Corregir nota'),(20,'date_start',NULL,'2019-01-25'),(20,'activitytype',NULL,'Emails'),(20,'assigned_user_id',NULL,'1'),(20,'subject',NULL,'TT2 [ Ticket Id : 8 ] Corregir nota'),(20,'description',NULL,'Ticket ID : 8&lt;br&gt;Ticket Title : Corregir nota&lt;br&gt;&lt;br&gt;\n								Dear Perez Juan,&lt;br&gt;&lt;br&gt;\n								The Ticket is replied the details are :&lt;br&gt;&lt;br&gt;\n								Ticket No : TT2&lt;br&gt;\n								Status : Abierta&lt;br&gt;\n								Category : Reclamo&lt;br&gt;\n								Severity : &lt;br&gt;\n								Priority : Normal&lt;br&gt;&lt;br&gt;\n								Description : &lt;br&gt;de su hij juancito de 9no grado, matematicas.&lt;br&gt;&lt;br&gt;\n								Solution : &lt;br&gt;corregi la nota segun las indicadiones&lt;br&gt;\n								The comments are : &lt;br&gt;\n								&lt;br&gt;&lt;br&gt;\n								Regards&lt;br&gt;Support Administrator&lt;br&gt;&lt;br&gt;'),(20,'time_start',NULL,'16:45:03'),(20,'createdtime',NULL,'2019-01-25 16:45:03'),(20,'modifiedby',NULL,'1'),(20,'from_email',NULL,'soporte@creantis.com'),(20,'saved_toid',NULL,'[&quot;&quot;,&quot;oscar@creantis.com&quot;]'),(20,'ccmail',NULL,'[&quot;&quot;]'),(20,'bccmail',NULL,'[&quot;&quot;]'),(20,'parent_id',NULL,'8@1|'),(20,'email_flag',NULL,'SENT'),(20,'source',NULL,'CRM'),(20,'record_id',NULL,'11'),(20,'record_module',NULL,'Emails'),(22,'label',NULL,'Ticket Number : TT2 Corregir nota'),(22,'date_start',NULL,'2019-01-25'),(22,'activitytype',NULL,'Emails'),(22,'assigned_user_id',NULL,'1'),(22,'subject',NULL,'Ticket Number : TT2 Corregir nota'),(22,'description',NULL,'Ticket ID : 8&lt;br&gt;Ticket Title : Corregir nota&lt;br&gt;&lt;br&gt;\n								Dear Administrator ,&lt;br&gt;&lt;br&gt;\n								The Ticket is replied the details are :&lt;br&gt;&lt;br&gt;\n								Ticket No : TT2&lt;br&gt;\n								Status : Abierta&lt;br&gt;\n								Category : Reclamo&lt;br&gt;\n								Severity : &lt;br&gt;\n								Priority : Normal&lt;br&gt;&lt;br&gt;\n								Description : &lt;br&gt;de su hij juancito de 9no grado, matematicas.&lt;br&gt;&lt;br&gt;\n								Solution : &lt;br&gt;corregi la nota segun las indicadiones\n								&lt;br&gt;&lt;br&gt;\n								Regards&lt;br&gt;Support Administrator&lt;br&gt;&lt;br&gt;'),(22,'time_start',NULL,'16:45:03'),(22,'createdtime',NULL,'2019-01-25 16:45:03'),(22,'modifiedby',NULL,'1'),(22,'from_email',NULL,'soporte@creantis.com'),(22,'saved_toid',NULL,'[&quot;&quot;,&quot;soporte@creantis.com&quot;]'),(22,'ccmail',NULL,'[&quot;&quot;]'),(22,'bccmail',NULL,'[&quot;&quot;]'),(22,'parent_id',NULL,'8@1|'),(22,'email_flag',NULL,'SENT'),(22,'source',NULL,'CRM'),(22,'record_id',NULL,'12'),(22,'record_module',NULL,'Emails'),(24,'label',NULL,'TT2 [ Ticket Id : 8 ] Corregir nota'),(24,'date_start',NULL,'2019-01-25'),(24,'activitytype',NULL,'Emails'),(24,'assigned_user_id',NULL,'1'),(24,'subject',NULL,'TT2 [ Ticket Id : 8 ] Corregir nota'),(24,'description',NULL,'Ticket ID : 8&lt;br&gt;Ticket Title : Corregir nota&lt;br&gt;&lt;br&gt;\n								Dear Perez Juan,&lt;br&gt;&lt;br&gt;\n								The Ticket is replied the details are :&lt;br&gt;&lt;br&gt;\n								Ticket No : TT2&lt;br&gt;\n								Status : Cerrada&lt;br&gt;\n								Category : Reclamo&lt;br&gt;\n								Severity : &lt;br&gt;\n								Priority : Normal&lt;br&gt;&lt;br&gt;\n								Description : &lt;br&gt;de su hij juancito de 9no grado, matematicas.&lt;br&gt;&lt;br&gt;\n								Solution : &lt;br&gt;corregi la nota segun las indicadiones&lt;br&gt;\n								The comments are : &lt;br&gt;\n								&lt;br&gt;&lt;br&gt;\n								Regards&lt;br&gt;Support Administrator&lt;br&gt;&lt;br&gt;'),(24,'time_start',NULL,'16:45:04'),(24,'createdtime',NULL,'2019-01-25 16:45:04'),(24,'modifiedby',NULL,'1'),(24,'from_email',NULL,'soporte@creantis.com'),(24,'saved_toid',NULL,'[&quot;&quot;,&quot;oscar@creantis.com&quot;]'),(24,'ccmail',NULL,'[&quot;&quot;]'),(24,'bccmail',NULL,'[&quot;&quot;]'),(24,'parent_id',NULL,'8@1|'),(24,'email_flag',NULL,'SENT'),(24,'source',NULL,'CRM'),(24,'record_id',NULL,'13'),(24,'record_module',NULL,'Emails'),(26,'label',NULL,'Ticket Number : TT2 Corregir nota'),(26,'date_start',NULL,'2019-01-25'),(26,'activitytype',NULL,'Emails'),(26,'assigned_user_id',NULL,'1'),(26,'subject',NULL,'Ticket Number : TT2 Corregir nota'),(26,'description',NULL,'Ticket ID : 8&lt;br&gt;Ticket Title : Corregir nota&lt;br&gt;&lt;br&gt;\n								Dear Administrator ,&lt;br&gt;&lt;br&gt;\n								The Ticket is replied the details are :&lt;br&gt;&lt;br&gt;\n								Ticket No : TT2&lt;br&gt;\n								Status : Cerrada&lt;br&gt;\n								Category : Reclamo&lt;br&gt;\n								Severity : &lt;br&gt;\n								Priority : Normal&lt;br&gt;&lt;br&gt;\n								Description : &lt;br&gt;de su hij juancito de 9no grado, matematicas.&lt;br&gt;&lt;br&gt;\n								Solution : &lt;br&gt;corregi la nota segun las indicadiones\n								&lt;br&gt;&lt;br&gt;\n								Regards&lt;br&gt;Support Administrator&lt;br&gt;&lt;br&gt;'),(26,'time_start',NULL,'16:45:04'),(26,'createdtime',NULL,'2019-01-25 16:45:04'),(26,'modifiedby',NULL,'1'),(26,'from_email',NULL,'soporte@creantis.com'),(26,'saved_toid',NULL,'[&quot;&quot;,&quot;soporte@creantis.com&quot;]'),(26,'ccmail',NULL,'[&quot;&quot;]'),(26,'bccmail',NULL,'[&quot;&quot;]'),(26,'parent_id',NULL,'8@1|'),(26,'email_flag',NULL,'SENT'),(26,'source',NULL,'CRM'),(26,'record_id',NULL,'14'),(26,'record_module',NULL,'Emails'),(28,'label',NULL,'correir nota'),(28,'ticket_no',NULL,'TT3'),(28,'assigned_user_id',NULL,'1'),(28,'ticketpriorities',NULL,'Normal'),(28,'ticketstatus',NULL,'Open'),(28,'ticketcategories',NULL,'Reclamo'),(28,'days',NULL,'0.00000000'),(28,'createdtime',NULL,'2019-01-25 16:45:22'),(28,'modifiedby',NULL,'1'),(28,'ticket_title',NULL,'correir nota'),(28,'description',NULL,'pediro de 8vo grado, matematicas. la nota es 18'),(28,'contact_id',NULL,'2'),(28,'source',NULL,'CRM'),(28,'cf_852',NULL,'Jefatura de Secundaria'),(28,'cf_854',NULL,'Atender el caso'),(28,'record_id',NULL,'15'),(28,'record_module',NULL,'HelpDesk'),(29,'label',NULL,'asunto del correo'),(29,'ticket_no',NULL,'TT4'),(29,'assigned_user_id',NULL,'1'),(29,'ticketpriorities',NULL,'Normal'),(29,'ticketstatus',NULL,'Open'),(29,'days',NULL,'0.00000000'),(29,'createdtime',NULL,'2019-01-25 17:04:02'),(29,'modifiedby',NULL,'1'),(29,'ticket_title',NULL,'asunto del correo'),(29,'description',NULL,'cuerpo del correo, mi juan de 8 vo'),(29,'contact_id',NULL,'2'),(29,'source',NULL,'CRM'),(29,'cf_854',NULL,'Respuesta a Cliente'),(29,'record_id',NULL,'16'),(29,'record_module',NULL,'HelpDesk'),(30,'label',NULL,'Ticket Number : TT3 correir nota'),(30,'date_start',NULL,'2019-01-25'),(30,'activitytype',NULL,'Emails'),(30,'assigned_user_id',NULL,'1'),(30,'subject',NULL,'Ticket Number : TT3 correir nota'),(30,'description',NULL,'Ticket ID : 15&lt;br&gt;Ticket Title : correir nota&lt;br&gt;&lt;br&gt;\n								Dear Administrator ,&lt;br&gt;&lt;br&gt;\n								The Ticket is replied the details are :&lt;br&gt;&lt;br&gt;\n								Ticket No : TT3&lt;br&gt;\n								Status : Abierta&lt;br&gt;\n								Category : Reclamo&lt;br&gt;\n								Severity : &lt;br&gt;\n								Priority : Normal&lt;br&gt;&lt;br&gt;\n								Description : &lt;br&gt;pediro de 8vo grado, matematicas. la nota es 18&lt;br&gt;&lt;br&gt;\n								Solution : &lt;br&gt;\n								&lt;br&gt;&lt;br&gt;\n								Regards&lt;br&gt;Support Administrator&lt;br&gt;&lt;br&gt;'),(30,'time_start',NULL,'17:15:03'),(30,'createdtime',NULL,'2019-01-25 17:15:03'),(30,'modifiedby',NULL,'1'),(30,'from_email',NULL,'soporte@creantis.com'),(30,'saved_toid',NULL,'[&quot;&quot;,&quot;soporte@creantis.com&quot;]'),(30,'ccmail',NULL,'[&quot;&quot;]'),(30,'bccmail',NULL,'[&quot;&quot;]'),(30,'parent_id',NULL,'15@1|'),(30,'email_flag',NULL,'SENT'),(30,'source',NULL,'CRM'),(30,'record_id',NULL,'17'),(30,'record_module',NULL,'Emails'),(32,'label',NULL,'TT3 [ Ticket Id : 15 ] correir nota'),(32,'date_start',NULL,'2019-01-25'),(32,'activitytype',NULL,'Emails'),(32,'assigned_user_id',NULL,'1'),(32,'subject',NULL,'TT3 [ Ticket Id : 15 ] correir nota'),(32,'description',NULL,'Ticket ID : 15&lt;br&gt;Ticket Title : correir nota&lt;br&gt;&lt;br&gt;\n								Dear Perez Juan,&lt;br&gt;&lt;br&gt;\n								The Ticket is replied the details are :&lt;br&gt;&lt;br&gt;\n								Ticket No : TT3&lt;br&gt;\n								Status : Abierta&lt;br&gt;\n								Category : Reclamo&lt;br&gt;\n								Severity : &lt;br&gt;\n								Priority : Normal&lt;br&gt;&lt;br&gt;\n								Description : &lt;br&gt;pediro de 8vo grado, matematicas. la nota es 18&lt;br&gt;&lt;br&gt;\n								Solution : &lt;br&gt;&lt;br&gt;\n								The comments are : &lt;br&gt;\n								&lt;br&gt;&lt;br&gt;\n								Regards&lt;br&gt;Support Administrator&lt;br&gt;&lt;br&gt;'),(32,'time_start',NULL,'17:15:03'),(32,'createdtime',NULL,'2019-01-25 17:15:03'),(32,'modifiedby',NULL,'1'),(32,'from_email',NULL,'soporte@creantis.com'),(32,'saved_toid',NULL,'[&quot;&quot;,&quot;oscar@creantis.com&quot;]'),(32,'ccmail',NULL,'[&quot;&quot;]'),(32,'bccmail',NULL,'[&quot;&quot;]'),(32,'parent_id',NULL,'15@1|'),(32,'email_flag',NULL,'SENT'),(32,'source',NULL,'CRM'),(32,'record_id',NULL,'18'),(32,'record_module',NULL,'Emails'),(34,'label',NULL,'Ticket Number : TT4 asunto del correo'),(34,'date_start',NULL,'2019-01-25'),(34,'activitytype',NULL,'Emails'),(34,'assigned_user_id',NULL,'1'),(34,'subject',NULL,'Ticket Number : TT4 asunto del correo'),(34,'description',NULL,'Ticket ID : 16&lt;br&gt;Ticket Title : asunto del correo&lt;br&gt;&lt;br&gt;\n								Dear Administrator ,&lt;br&gt;&lt;br&gt;\n								The Ticket is replied the details are :&lt;br&gt;&lt;br&gt;\n								Ticket No : TT4&lt;br&gt;\n								Status : Abierta&lt;br&gt;\n								Category : &lt;br&gt;\n								Severity : &lt;br&gt;\n								Priority : Normal&lt;br&gt;&lt;br&gt;\n								Description : &lt;br&gt;cuerpo del correo, mi juan de 8 vo&lt;br&gt;&lt;br&gt;\n								Solution : &lt;br&gt;\n								&lt;br&gt;&lt;br&gt;\n								Regards&lt;br&gt;Support Administrator&lt;br&gt;&lt;br&gt;'),(34,'time_start',NULL,'17:15:03'),(34,'createdtime',NULL,'2019-01-25 17:15:03'),(34,'modifiedby',NULL,'1'),(34,'from_email',NULL,'soporte@creantis.com'),(34,'saved_toid',NULL,'[&quot;&quot;,&quot;soporte@creantis.com&quot;]'),(34,'ccmail',NULL,'[&quot;&quot;]'),(34,'bccmail',NULL,'[&quot;&quot;]'),(34,'parent_id',NULL,'16@1|'),(34,'email_flag',NULL,'SENT'),(34,'source',NULL,'CRM'),(34,'record_id',NULL,'19'),(34,'record_module',NULL,'Emails'),(36,'label',NULL,'TT4 [ Ticket Id : 16 ] asunto del correo'),(36,'date_start',NULL,'2019-01-25'),(36,'activitytype',NULL,'Emails'),(36,'assigned_user_id',NULL,'1'),(36,'subject',NULL,'TT4 [ Ticket Id : 16 ] asunto del correo'),(36,'description',NULL,'Ticket ID : 16&lt;br&gt;Ticket Title : asunto del correo&lt;br&gt;&lt;br&gt;\n								Dear Perez Juan,&lt;br&gt;&lt;br&gt;\n								The Ticket is replied the details are :&lt;br&gt;&lt;br&gt;\n								Ticket No : TT4&lt;br&gt;\n								Status : Abierta&lt;br&gt;\n								Category : &lt;br&gt;\n								Severity : &lt;br&gt;\n								Priority : Normal&lt;br&gt;&lt;br&gt;\n								Description : &lt;br&gt;cuerpo del correo, mi juan de 8 vo&lt;br&gt;&lt;br&gt;\n								Solution : &lt;br&gt;&lt;br&gt;\n								The comments are : &lt;br&gt;\n								&lt;br&gt;&lt;br&gt;\n								Regards&lt;br&gt;Support Administrator&lt;br&gt;&lt;br&gt;'),(36,'time_start',NULL,'17:15:04'),(36,'createdtime',NULL,'2019-01-25 17:15:04'),(36,'modifiedby',NULL,'1'),(36,'from_email',NULL,'soporte@creantis.com'),(36,'saved_toid',NULL,'[&quot;&quot;,&quot;oscar@creantis.com&quot;]'),(36,'ccmail',NULL,'[&quot;&quot;]'),(36,'bccmail',NULL,'[&quot;&quot;]'),(36,'parent_id',NULL,'16@1|'),(36,'email_flag',NULL,'SENT'),(36,'source',NULL,'CRM'),(36,'record_id',NULL,'20'),(36,'record_module',NULL,'Emails'),(38,'label',NULL,'Pedro'),(38,'accountname',NULL,'Pedro'),(38,'account_no',NULL,'ACC1'),(38,'phone',NULL,'956797989'),(38,'email1',NULL,'soporte@creantis.com'),(38,'siccode',NULL,'70353625'),(38,'assigned_user_id',NULL,'1'),(38,'createdtime',NULL,'2019-02-20 16:08:08'),(38,'modifiedby',NULL,'1'),(38,'source',NULL,'CRM'),(38,'cf_870',NULL,'DNI'),(38,'record_id',NULL,'21'),(38,'record_module',NULL,'Accounts'),(39,'cf_872','','2101140081'),(40,'label',NULL,'2101140081'),(40,'apdalmno',NULL,'AP-AL1'),(40,'apdalm_tks_apoderado',NULL,'21'),(40,'apdalm_tks_alumno',NULL,'2'),(40,'apdalm_tks_estado',NULL,'Activo'),(40,'apdalm_tks_tipodevinculo',NULL,'Padre'),(40,'apdalm_tks_nrodocumentoapodera',NULL,'10101010'),(40,'apdalm_tks_codigoalumno',NULL,'2101140081'),(40,'apdalm_tks_ano',NULL,'2019'),(40,'assigned_user_id',NULL,'1'),(40,'createdtime',NULL,'2019-02-20 16:31:28'),(40,'source',NULL,'CRM'),(40,'record_id',NULL,'22'),(40,'record_module',NULL,'Apdalm'),(41,'apdalm_tks_nrodocumentoapodera','10101010','70353625'),(42,'label',NULL,'NIVEL: Inicial - GRADO: 1 - SECC: 1 - CURSO: Matem&aacute;tica'),(42,'productname',NULL,'NIVEL: Inicial - GRADO: 1 - SECC: 1 - CURSO: Matem&aacute;tica'),(42,'product_no',NULL,'PRO1'),(42,'productcategory',NULL,'Inicial'),(42,'expiry_date',NULL,'2019-02-21'),(42,'createdtime',NULL,'2019-02-21 17:24:53'),(42,'modifiedby',NULL,'1'),(42,'assigned_user_id',NULL,'1'),(42,'source',NULL,'CRM'),(42,'cf_874',NULL,'1'),(42,'cf_876',NULL,'1'),(42,'cf_878',NULL,'Matem&aacute;tica'),(42,'record_id',NULL,'23'),(42,'record_module',NULL,'Products'),(43,'discontinued','0','1'),(43,'start_date','','2019-02-18'),(44,'discontinued','1','0'),(45,'discontinued','0','1'),(46,'label',NULL,'123 - NIVEL: Inicial - GRADO: 1 - SECC: 1 - CURSO: Comunicaci&oacute;n'),(46,'productname',NULL,'123 - NIVEL: Inicial - GRADO: 1 - SECC: 1 - CURSO: Comunicaci&oacute;n'),(46,'product_no',NULL,'PRO2'),(46,'productcode',NULL,'123'),(46,'discontinued',NULL,'1'),(46,'productcategory',NULL,'Inicial'),(46,'start_date',NULL,'2019-02-18'),(46,'createdtime',NULL,'2019-02-21 17:28:30'),(46,'modifiedby',NULL,'1'),(46,'assigned_user_id',NULL,'1'),(46,'source',NULL,'CRM'),(46,'cf_874',NULL,'1'),(46,'cf_876',NULL,'1'),(46,'cf_878',NULL,'Comunicaci&oacute;n'),(46,'record_id',NULL,'24'),(46,'record_module',NULL,'Products'),(47,'label',NULL,'12125 - NIVEL: Secundaria - GRADO: 1 - SECC: 3 - CURSO: Comunicaci&oacute;n'),(47,'productname',NULL,'12125 - NIVEL: Secundaria - GRADO: 1 - SECC: 3 - CURSO: Comunicaci&oacute;n'),(47,'product_no',NULL,'PRO3'),(47,'productcode',NULL,'12125'),(47,'discontinued',NULL,'1'),(47,'productcategory',NULL,'Secundaria'),(47,'start_date',NULL,'2019-02-18'),(47,'createdtime',NULL,'2019-02-21 17:33:10'),(47,'modifiedby',NULL,'1'),(47,'assigned_user_id',NULL,'5'),(47,'source',NULL,'CRM'),(47,'cf_874',NULL,'1'),(47,'cf_876',NULL,'3'),(47,'cf_878',NULL,'Comunicaci&oacute;n'),(47,'record_id',NULL,'25'),(47,'record_module',NULL,'Products'),(48,'label','12125 - NIVEL: Secundaria - GRADO: 1 - SECC: 3 - CURSO: Comunicaci&oacute;n','[12125] - A&Ntilde;O: 2019 - NIVEL: Secundaria - GRADO: 1 - SECC: 3 - CURSO: Comunicaci&oacute;n'),(48,'productname','12125 - NIVEL: Secundaria - GRADO: 1 - SECC: 3 - CURSO: Comunicaci&oacute;n','[12125] - A&Ntilde;O: 2019 - NIVEL: Secundaria - GRADO: 1 - SECC: 3 - CURSO: Comunicaci&oacute;n'),(48,'cf_880','','2019'),(49,'label',NULL,'A&Ntilde;O: 2019 - NIVEL: Primaria - GRADO: Todos - SECC: Todos - CURSO: Todos'),(49,'productname',NULL,'A&Ntilde;O: 2019 - NIVEL: Primaria - GRADO: Todos - SECC: Todos - CURSO: Todos'),(49,'product_no',NULL,'CP4'),(49,'discontinued',NULL,'1'),(49,'productcategory',NULL,'Primaria'),(49,'start_date',NULL,'2019-01-01'),(49,'createdtime',NULL,'2019-02-21 17:42:28'),(49,'modifiedby',NULL,'1'),(49,'assigned_user_id',NULL,'1'),(49,'source',NULL,'CRM'),(49,'cf_874',NULL,'Todos'),(49,'cf_876',NULL,'Todos'),(49,'cf_878',NULL,'Todos'),(49,'cf_880',NULL,'2019'),(49,'record_id',NULL,'26'),(49,'record_module',NULL,'Products'),(50,'label',NULL,'A&Ntilde;O: 2019 - NIVEL: Secundaria - GRADO: Todos - SECC: Todos - CURSO: Todos'),(50,'productname',NULL,'A&Ntilde;O: 2019 - NIVEL: Secundaria - GRADO: Todos - SECC: Todos - CURSO: Todos'),(50,'product_no',NULL,'CP5'),(50,'discontinued',NULL,'1'),(50,'productcategory',NULL,'Secundaria'),(50,'start_date',NULL,'2019-01-01'),(50,'createdtime',NULL,'2019-02-21 17:48:39'),(50,'modifiedby',NULL,'1'),(50,'assigned_user_id',NULL,'1'),(50,'source',NULL,'CRM'),(50,'cf_874',NULL,'Todos'),(50,'cf_876',NULL,'Todos'),(50,'cf_878',NULL,'Todos'),(50,'cf_880',NULL,'2019'),(50,'record_id',NULL,'27'),(50,'record_module',NULL,'Products'),(51,'discontinued','1','0'),(51,'expiry_date','','2019-02-28'),(51,'cf_882','','cosas'),(52,'label',NULL,'2101140081'),(52,'almseccno',NULL,'ALM-SEC1'),(52,'almsecc_tks_alumno',NULL,'2'),(52,'almsecc_tks_codigoalumno',NULL,'2101140081'),(52,'almsecc_tks_nivel',NULL,'Primaria'),(52,'almsecc_tks_grado',NULL,'2'),(52,'almsecc_tks_seccion',NULL,'2'),(52,'almsecc_tks_ano',NULL,'2019'),(52,'almsecc_tks_estado',NULL,'Activo'),(52,'assigned_user_id',NULL,'1'),(52,'createdtime',NULL,'2019-02-21 19:37:25'),(52,'source',NULL,'CRM'),(52,'record_id',NULL,'28'),(52,'record_module',NULL,'Almsecc'),(56,'label',NULL,'[P22M2019] - A&Ntilde;O: 2019 - NIVEL: Primaria - GRADO: 2 - SECC: 2 - CURSO: Matem&aacute;tica'),(56,'productname',NULL,'[P22M2019] - A&Ntilde;O: 2019 - NIVEL: Primaria - GRADO: 2 - SECC: 2 - CURSO: Matem&aacute;tica'),(56,'product_no',NULL,'CP6'),(56,'productcode',NULL,'P22M2019'),(56,'discontinued',NULL,'1'),(56,'productcategory',NULL,'Primaria'),(56,'start_date',NULL,'2019-02-18'),(56,'createdtime',NULL,'2019-02-21 19:48:34'),(56,'modifiedby',NULL,'1'),(56,'assigned_user_id',NULL,'6'),(56,'source',NULL,'CRM'),(56,'cf_874',NULL,'2'),(56,'cf_876',NULL,'2'),(56,'cf_878',NULL,'Matem&aacute;tica'),(56,'cf_880',NULL,'2019'),(56,'record_id',NULL,'29'),(56,'record_module',NULL,'Products'),(57,'label',NULL,'[P22M2019] - A&Ntilde;O: 2019 - NIVEL: Primaria - GRADO: 2 - SECC: 1 - CURSO: Matem&aacute;tica'),(57,'productname',NULL,'[P22M2019] - A&Ntilde;O: 2019 - NIVEL: Primaria - GRADO: 2 - SECC: 1 - CURSO: Matem&aacute;tica'),(57,'product_no',NULL,'CP7'),(57,'productcode',NULL,'P22M2019'),(57,'discontinued',NULL,'1'),(57,'productcategory',NULL,'Primaria'),(57,'start_date',NULL,'2019-02-18'),(57,'createdtime',NULL,'2019-02-21 19:49:11'),(57,'modifiedby',NULL,'1'),(57,'assigned_user_id',NULL,'7'),(57,'source',NULL,'CRM'),(57,'cf_874',NULL,'2'),(57,'cf_876',NULL,'1'),(57,'cf_878',NULL,'Matem&aacute;tica'),(57,'cf_880',NULL,'2019'),(57,'record_id',NULL,'30'),(57,'record_module',NULL,'Products'),(58,'label','[P22M2019] - A&Ntilde;O: 2019 - NIVEL: Primaria - GRADO: 2 - SECC: 1 - CURSO: Matem&aacute;tica','[P21M2019] - A&Ntilde;O: 2019 - NIVEL: Primaria - GRADO: 2 - SECC: 1 - CURSO: Matem&aacute;tica'),(58,'productname','[P22M2019] - A&Ntilde;O: 2019 - NIVEL: Primaria - GRADO: 2 - SECC: 1 - CURSO: Matem&aacute;tica','[P21M2019] - A&Ntilde;O: 2019 - NIVEL: Primaria - GRADO: 2 - SECC: 1 - CURSO: Matem&aacute;tica'),(58,'productcode','P22M2019','P21M2019'),(59,'label',NULL,'Luis Alberto Ruiz'),(59,'firstname',NULL,'Luis Alberto'),(59,'contact_no',NULL,'ALM2'),(59,'lastname',NULL,'Ruiz'),(59,'email',NULL,'hs@gmail.com'),(59,'assigned_user_id',NULL,'1'),(59,'createdtime',NULL,'2019-02-22 16:54:32'),(59,'modifiedby',NULL,'1'),(59,'source',NULL,'CRM'),(59,'cf_872',NULL,'2101145895'),(59,'record_id',NULL,'31'),(59,'record_module',NULL,'Contacts'),(60,'label',NULL,'Cita para revisar avance escolar'),(60,'ticket_no',NULL,'TT5'),(60,'assigned_user_id',NULL,'6'),(60,'parent_id',NULL,'21'),(60,'ticketpriorities',NULL,'Normal'),(60,'product_id',NULL,'29'),(60,'ticketstatus',NULL,'Open'),(60,'ticketcategories',NULL,'Consulta'),(60,'days',NULL,'0.00000000'),(60,'createdtime',NULL,'2019-02-22 17:41:31'),(60,'modifiedby',NULL,'1'),(60,'ticket_title',NULL,'Cita para revisar avance escolar'),(60,'description',NULL,'avance escolar'),(60,'contact_id',NULL,'2'),(60,'source',NULL,'CRM'),(60,'cf_852',NULL,'Jefatura de Primaria'),(60,'cf_854',NULL,'Atender el caso'),(60,'record_id',NULL,'32'),(60,'record_module',NULL,'HelpDesk'),(61,'label',NULL,'Disponible - Profesor 1 Primaria'),(61,'subject',NULL,'Disponible - Profesor 1 Primaria'),(61,'assigned_user_id',NULL,'6'),(61,'date_start',NULL,'2019-02-25'),(61,'time_start',NULL,'21:00:00'),(61,'due_date',NULL,'2019-02-25'),(61,'time_end',NULL,'21:30:00'),(61,'duration_minutes',NULL,'30'),(61,'eventstatus',NULL,'Disponible'),(61,'activitytype',NULL,'Meeting'),(61,'createdtime',NULL,'2019-02-22 17:48:30'),(61,'visibility',NULL,'Public'),(61,'modifiedby',NULL,'1'),(61,'source',NULL,'CRM'),(61,'record_id',NULL,'33'),(61,'record_module',NULL,'Events'),(62,'label',NULL,'Disponible - Profesor 1 Primaria'),(62,'subject',NULL,'Disponible - Profesor 1 Primaria'),(62,'assigned_user_id',NULL,'6'),(62,'date_start',NULL,'2019-02-25'),(62,'time_start',NULL,'21:30:00'),(62,'due_date',NULL,'2019-02-25'),(62,'time_end',NULL,'22:00:00'),(62,'duration_minutes',NULL,'30'),(62,'eventstatus',NULL,'Disponible'),(62,'activitytype',NULL,'Meeting'),(62,'createdtime',NULL,'2019-02-22 17:49:00'),(62,'visibility',NULL,'Public'),(62,'modifiedby',NULL,'1'),(62,'source',NULL,'CRM'),(62,'record_id',NULL,'34'),(62,'record_module',NULL,'Events'),(63,'label',NULL,'Tarea x'),(63,'subject',NULL,'Tarea x'),(63,'assigned_user_id',NULL,'6'),(63,'date_start',NULL,'2019-02-25'),(63,'time_start',NULL,'20:00:00'),(63,'due_date',NULL,'2019-02-25'),(63,'duration_hours',NULL,'9'),(63,'activitytype',NULL,'Task'),(63,'createdtime',NULL,'2019-02-22 17:49:29'),(63,'visibility',NULL,'Private'),(63,'modifiedby',NULL,'1'),(63,'source',NULL,'CRM'),(63,'taskstatus',NULL,'Planned'),(63,'record_id',NULL,'35'),(63,'record_module',NULL,'Calendar'),(64,'parent_id','','32'),(65,'recurringtype','','--None--'),(65,'reminder_time','0','30'),(66,'reminder_time','30',''),(67,'reminder_time','','23'),(68,'label',NULL,'5w345'),(68,'subject',NULL,'5w345'),(68,'assigned_user_id',NULL,'1'),(68,'date_start',NULL,'2019-02-22'),(68,'time_start',NULL,'22:58:00'),(68,'due_date',NULL,'2019-02-22'),(68,'time_end',NULL,'23:03:00'),(68,'recurringtype',NULL,'--None--'),(68,'duration_minutes',NULL,'5'),(68,'eventstatus',NULL,'Planned'),(68,'activitytype',NULL,'Call'),(68,'createdtime',NULL,'2019-02-22 22:58:48'),(68,'visibility',NULL,'Public'),(68,'modifiedby',NULL,'1'),(68,'source',NULL,'CRM'),(68,'record_id',NULL,'36'),(68,'record_module',NULL,'Events'),(70,'eventstatus','Disponible','Planned'),(70,'sendnotification','0','1'),(70,'cf_902','0','120'),(71,'reminder_time','0','1745'),(72,'reminder_time','1745','181'),(73,'email1','soporte@creantis.com','hcumbicusr@gmail.com'),(74,'label',NULL,'TEST CENTOS'),(74,'date_start',NULL,'2019-02-25'),(74,'activitytype',NULL,'Emails'),(74,'assigned_user_id',NULL,'1'),(74,'subject',NULL,'TEST CENTOS'),(74,'description',NULL,'&lt;html&gt;\r\n&lt;head&gt;\r\n	&lt;title&gt;&lt;/title&gt;\r\n&lt;/head&gt;\r\n&lt;body&gt;TEST CENTOS&lt;/body&gt;\r\n&lt;/html&gt;\r\n'),(74,'time_start',NULL,'17:02'),(74,'createdtime',NULL,'2019-02-25 17:02:47'),(74,'modifiedby',NULL,'1'),(74,'from_email',NULL,'soporte@creantis.com'),(74,'saved_toid',NULL,'[&quot;hcumbicus@creantis.com&quot;]'),(74,'ccmail',NULL,'[&quot;hcumbicusr@gmail.com&quot;]'),(74,'bccmail',NULL,'[&quot;&quot;]'),(74,'parent_id',NULL,'7@-1|'),(74,'email_flag',NULL,'SENT'),(74,'source',NULL,'CRM'),(74,'record_id',NULL,'37'),(74,'record_module',NULL,'Emails'),(75,'label',NULL,'TEST 2'),(75,'date_start',NULL,'2019-02-25'),(75,'activitytype',NULL,'Emails'),(75,'assigned_user_id',NULL,'1'),(75,'subject',NULL,'TEST 2'),(75,'description',NULL,'&lt;html&gt;\r\n&lt;head&gt;\r\n	&lt;title&gt;&lt;/title&gt;\r\n&lt;/head&gt;\r\n&lt;body&gt;TEST 2&lt;/body&gt;\r\n&lt;/html&gt;\r\n'),(75,'time_start',NULL,'17:04'),(75,'createdtime',NULL,'2019-02-25 17:04:25'),(75,'modifiedby',NULL,'1'),(75,'from_email',NULL,'soporte@creantis.com'),(75,'saved_toid',NULL,'[&quot;hcumbicus@creantis.com&quot;]'),(75,'ccmail',NULL,'[&quot;hcumbicusr@gmail.com&quot;]'),(75,'bccmail',NULL,'[&quot;&quot;]'),(75,'parent_id',NULL,'7@-1|'),(75,'email_flag',NULL,'SENT'),(75,'source',NULL,'CRM'),(75,'record_id',NULL,'38'),(75,'record_module',NULL,'Emails'),(76,'label',NULL,'Disponible - Profesor 1 Primaria'),(76,'subject',NULL,'Disponible - Profesor 1 Primaria'),(76,'assigned_user_id',NULL,'6'),(76,'date_start',NULL,'2019-02-25'),(76,'time_start',NULL,'22:30:00'),(76,'due_date',NULL,'2019-02-25'),(76,'time_end',NULL,'23:00:00'),(76,'recurringtype',NULL,'--None--'),(76,'duration_minutes',NULL,'30'),(76,'eventstatus',NULL,'Disponible'),(76,'activitytype',NULL,'Meeting'),(76,'createdtime',NULL,'2019-02-25 18:27:19'),(76,'visibility',NULL,'Public'),(76,'modifiedby',NULL,'1'),(76,'source',NULL,'CRM'),(76,'record_id',NULL,'39'),(76,'record_module',NULL,'Events'),(80,'label','Disponible - Profesor 1 Primaria','Consulta: Pedro'),(80,'subject','Disponible - Profesor 1 Primaria','Consulta: Pedro'),(80,'parent_id','','40'),(80,'eventstatus','Disponible','Planned'),(80,'sendnotification','0','1'),(80,'cf_902','0','120'),(81,'label',NULL,'Citaci&oacute;n'),(81,'ticket_no',NULL,'TT6'),(81,'assigned_user_id',NULL,'6'),(81,'parent_id',NULL,'21'),(81,'ticketpriorities',NULL,'Normal'),(81,'product_id',NULL,'29'),(81,'ticketstatus',NULL,'Open'),(81,'ticketcategories',NULL,'Consulta'),(81,'days',NULL,'0.00000000'),(81,'createdtime',NULL,'2019-02-25 18:35:07'),(81,'modifiedby',NULL,'1'),(81,'ticket_title',NULL,'Citaci&oacute;n'),(81,'description',NULL,'ppff'),(81,'contact_id',NULL,'2'),(81,'source',NULL,'CRM'),(81,'cf_852',NULL,'Profesor'),(81,'cf_854',NULL,'Atender el caso'),(81,'cf_898',NULL,'39'),(81,'cf_900',NULL,'Acad&eacute;mico'),(81,'record_id',NULL,'40'),(81,'record_module',NULL,'HelpDesk'),(82,'label',NULL,'Event :  Consulta: Pedro'),(82,'date_start',NULL,'2019-02-25'),(82,'activitytype',NULL,'Emails'),(82,'assigned_user_id',NULL,'1'),(82,'subject',NULL,'Event :  Consulta: Pedro'),(82,'description',NULL,'Primaria Profesor 1 ,&lt;br/&gt;&lt;b&gt;Activity Notification Details:&lt;/b&gt;&lt;br/&gt;Subject             : Consulta: Pedro&lt;br/&gt;Start date and time : 2019-02-25 10:30 PM ((UTC) Coordinated Universal Time, Greenwich Mean Time)&lt;br/&gt;End date and time   : 2019-02-25 11:00 PM ((UTC) Coordinated Universal Time, Greenwich Mean Time) &lt;br/&gt;Status              : Planeado &lt;br/&gt;Priority            :  &lt;br/&gt;Related To          :     Citaci&oacute;n  &lt;br/&gt;Contacts List       :  &lt;br/&gt;Location            :  &lt;br/&gt;Description         : &lt;br&gt;&lt;br&gt;'),(82,'time_start',NULL,'18:45:02'),(82,'createdtime',NULL,'2019-02-25 18:45:02'),(82,'modifiedby',NULL,'1'),(82,'from_email',NULL,'soporte@creantis.com'),(82,'saved_toid',NULL,'[&quot;soporte@creantis.com&quot;]'),(82,'ccmail',NULL,'[&quot;&quot;]'),(82,'bccmail',NULL,'[&quot;&quot;]'),(82,'parent_id',NULL,'39@1|'),(82,'email_flag',NULL,'SENT'),(82,'source',NULL,'CRM'),(82,'record_id',NULL,'41'),(82,'record_module',NULL,'Emails'),(84,'label',NULL,'Event :  Consulta: Pedro'),(84,'date_start',NULL,'2019-02-25'),(84,'activitytype',NULL,'Emails'),(84,'assigned_user_id',NULL,'1'),(84,'subject',NULL,'Event :  Consulta: Pedro'),(84,'description',NULL,'Primaria Profesor 1 ,&lt;br/&gt;&lt;b&gt;Activity Notification Details:&lt;/b&gt;&lt;br/&gt;Subject             : Consulta: Pedro&lt;br/&gt;Start date and time : 2019-02-25 10:30 PM ((UTC) Coordinated Universal Time, Greenwich Mean Time)&lt;br/&gt;End date and time   : 2019-02-25 11:00 PM ((UTC) Coordinated Universal Time, Greenwich Mean Time) &lt;br/&gt;Status              : Planeado &lt;br/&gt;Priority            :  &lt;br/&gt;Related To          :     Citaci&oacute;n  &lt;br/&gt;Contacts List       :  &lt;br/&gt;Location            :  &lt;br/&gt;Description         : &lt;br&gt;&lt;br&gt;'),(84,'time_start',NULL,'18:45:05'),(84,'createdtime',NULL,'2019-02-25 18:45:05'),(84,'modifiedby',NULL,'1'),(84,'from_email',NULL,'soporte@creantis.com'),(84,'saved_toid',NULL,'[&quot;soporte@creantis.com&quot;]'),(84,'ccmail',NULL,'[&quot;&quot;]'),(84,'bccmail',NULL,'[&quot;&quot;]'),(84,'parent_id',NULL,'39@1|'),(84,'email_flag',NULL,'SENT'),(84,'source',NULL,'CRM'),(84,'record_id',NULL,'42'),(84,'record_module',NULL,'Emails'),(86,'time_start','22:30:00','21:40:00'),(86,'time_end','23:00:00','22:10:00'),(87,'label',NULL,'Event :  Consulta: Pedro'),(87,'date_start',NULL,'2019-02-25'),(87,'activitytype',NULL,'Emails'),(87,'assigned_user_id',NULL,'1'),(87,'subject',NULL,'Event :  Consulta: Pedro'),(87,'description',NULL,'Primaria Profesor 1 ,&lt;br/&gt;&lt;b&gt;Activity Notification Details:&lt;/b&gt;&lt;br/&gt;Subject             : Consulta: Pedro&lt;br/&gt;Start date and time : 2019-02-25 9:40 PM ((UTC) Coordinated Universal Time, Greenwich Mean Time)&lt;br/&gt;End date and time   : 2019-02-25 10:10 PM ((UTC) Coordinated Universal Time, Greenwich Mean Time) &lt;br/&gt;Status              : Planeado &lt;br/&gt;Priority            :  &lt;br/&gt;Related To          :     Citaci&oacute;n  &lt;br/&gt;Contacts List       :  &lt;br/&gt;Location            :  &lt;br/&gt;Description         : &lt;br&gt;&lt;br&gt;'),(87,'time_start',NULL,'19:39:30'),(87,'createdtime',NULL,'2019-02-25 19:39:30'),(87,'modifiedby',NULL,'1'),(87,'from_email',NULL,'soporte@creantis.com'),(87,'saved_toid',NULL,'[&quot;soporte@creantis.com&quot;]'),(87,'ccmail',NULL,'[&quot;&quot;]'),(87,'bccmail',NULL,'[&quot;&quot;]'),(87,'parent_id',NULL,'39@1|'),(87,'email_flag',NULL,'SENT'),(87,'source',NULL,'CRM'),(87,'record_id',NULL,'43'),(87,'record_module',NULL,'Emails'),(89,'label',NULL,'Disponible - Profesor 1 Primaria'),(89,'subject',NULL,'Disponible - Profesor 1 Primaria'),(89,'assigned_user_id',NULL,'6'),(89,'date_start',NULL,'2019-02-25'),(89,'time_start',NULL,'22:10:00'),(89,'due_date',NULL,'2019-02-25'),(89,'time_end',NULL,'22:40:00'),(89,'recurringtype',NULL,'--None--'),(89,'duration_minutes',NULL,'30'),(89,'eventstatus',NULL,'Disponible'),(89,'activitytype',NULL,'Meeting'),(89,'createdtime',NULL,'2019-02-25 20:07:12'),(89,'visibility',NULL,'Public'),(89,'modifiedby',NULL,'1'),(89,'source',NULL,'CRM'),(89,'cf_902',NULL,'120'),(89,'record_id',NULL,'44'),(89,'record_module',NULL,'Events'),(90,'label','Disponible - Profesor 1 Primaria',': Pedro'),(90,'subject','Disponible - Profesor 1 Primaria',': Pedro'),(90,'parent_id','','45'),(90,'eventstatus','Disponible','Planned'),(90,'sendnotification','0','1'),(91,'label',NULL,'TEsT 2'),(91,'ticket_no',NULL,'TT7'),(91,'assigned_user_id',NULL,'6'),(91,'parent_id',NULL,'21'),(91,'ticketpriorities',NULL,'Normal'),(91,'product_id',NULL,'29'),(91,'ticketstatus',NULL,'Open'),(91,'days',NULL,'0.00000000'),(91,'createdtime',NULL,'2019-02-25 20:08:04'),(91,'modifiedby',NULL,'1'),(91,'ticket_title',NULL,'TEsT 2'),(91,'contact_id',NULL,'2'),(91,'source',NULL,'CRM'),(91,'cf_898',NULL,'44'),(91,'record_id',NULL,'45'),(91,'record_module',NULL,'HelpDesk'),(92,'label',NULL,'Event :  : Pedro'),(92,'date_start',NULL,'2019-02-25'),(92,'activitytype',NULL,'Emails'),(92,'assigned_user_id',NULL,'1'),(92,'subject',NULL,'Event :  : Pedro'),(92,'description',NULL,'Primaria Profesor 1 ,&lt;br/&gt;&lt;b&gt;Activity Notification Details:&lt;/b&gt;&lt;br/&gt;Subject             : : Pedro&lt;br/&gt;Start date and time : 2019-02-25 10:10 PM ((UTC) Coordinated Universal Time, Greenwich Mean Time)&lt;br/&gt;End date and time   : 2019-02-25 10:40 PM ((UTC) Coordinated Universal Time, Greenwich Mean Time) &lt;br/&gt;Status              : Planeado &lt;br/&gt;Priority            :  &lt;br/&gt;Related To          :     TEsT 2  &lt;br/&gt;Contacts List       :  &lt;br/&gt;Location            :  &lt;br/&gt;Description         : &lt;br&gt;&lt;br&gt;'),(92,'time_start',NULL,'20:10:02'),(92,'createdtime',NULL,'2019-02-25 20:10:02'),(92,'modifiedby',NULL,'1'),(92,'from_email',NULL,'soporte@creantis.com'),(92,'saved_toid',NULL,'[&quot;soporte@creantis.com&quot;]'),(92,'ccmail',NULL,'[&quot;&quot;]'),(92,'bccmail',NULL,'[&quot;&quot;]'),(92,'parent_id',NULL,'44@1|'),(92,'email_flag',NULL,'SENT'),(92,'source',NULL,'CRM'),(92,'record_id',NULL,'46'),(92,'record_module',NULL,'Emails'),(94,'label',NULL,'Diana Zapata'),(94,'firstname',NULL,'Diana'),(94,'contact_no',NULL,'ALM3'),(94,'lastname',NULL,'Zapata'),(94,'assigned_user_id',NULL,'1'),(94,'createdtime',NULL,'2019-02-27 14:42:17'),(94,'modifiedby',NULL,'1'),(94,'source',NULL,'CRM'),(94,'cf_872',NULL,'21235645785'),(94,'cf_908',NULL,'Mor&aacute;n'),(94,'cf_910',NULL,'DNI'),(94,'cf_912',NULL,'03256986'),(94,'record_id',NULL,'47'),(94,'record_module',NULL,'Contacts'),(95,'label',NULL,'21235645785'),(95,'apdalmno',NULL,'AP-ALM2'),(95,'apdalm_tks_apoderado',NULL,'21'),(95,'apdalm_tks_alumno',NULL,'47'),(95,'apdalm_tks_estado',NULL,'Activo'),(95,'apdalm_tks_tipodevinculo',NULL,'Padre'),(95,'apdalm_tks_nrodocumentoapodera',NULL,'70353625'),(95,'apdalm_tks_codigoalumno',NULL,'21235645785'),(95,'apdalm_tks_ano',NULL,'2019'),(95,'assigned_user_id',NULL,'1'),(95,'createdtime',NULL,'2019-02-27 14:44:11'),(95,'source',NULL,'CRM'),(95,'record_id',NULL,'48'),(95,'record_module',NULL,'Apdalm'),(96,'label',NULL,'Sebasti&aacute;n Gonzales Su&aacute;res'),(96,'accountname',NULL,'Sebasti&aacute;n Gonzales Su&aacute;res'),(96,'account_no',NULL,'AP2'),(96,'phone',NULL,'956727971'),(96,'email1',NULL,'hcumbicusr@gmail.com'),(96,'siccode',NULL,'00235689'),(96,'assigned_user_id',NULL,'1'),(96,'createdtime',NULL,'2019-02-27 15:20:25'),(96,'modifiedby',NULL,'1'),(96,'source',NULL,'CRM'),(96,'cf_870',NULL,'DNI'),(96,'cf_914',NULL,'Sebasti&aacute;n'),(96,'cf_916',NULL,'Gonzales'),(96,'cf_918',NULL,'Su&aacute;res'),(96,'record_id',NULL,'49'),(96,'record_module',NULL,'Accounts'),(97,'label',NULL,'Jhon Gonalez R&aacute;zuri'),(97,'firstname',NULL,'Jhon'),(97,'contact_no',NULL,'ALM4'),(97,'lastname',NULL,'Gonalez'),(97,'assigned_user_id',NULL,'1'),(97,'createdtime',NULL,'2019-02-27 15:21:31'),(97,'modifiedby',NULL,'1'),(97,'source',NULL,'CRM'),(97,'cf_872',NULL,'2145582256'),(97,'cf_908',NULL,'R&aacute;zuri'),(97,'cf_910',NULL,'DNI'),(97,'cf_912',NULL,'70353621'),(97,'record_id',NULL,'50'),(97,'record_module',NULL,'Contacts'),(98,'label',NULL,'2145582256'),(98,'apdalmno',NULL,'AP-ALM3'),(98,'apdalm_tks_apoderado',NULL,'49'),(98,'apdalm_tks_alumno',NULL,'50'),(98,'apdalm_tks_estado',NULL,'Activo'),(98,'apdalm_tks_tipodevinculo',NULL,'Padre'),(98,'apdalm_tks_nrodocumentoapodera',NULL,'00235689'),(98,'apdalm_tks_codigoalumno',NULL,'2145582256'),(98,'apdalm_tks_ano',NULL,'2019'),(98,'assigned_user_id',NULL,'1'),(98,'createdtime',NULL,'2019-02-27 15:22:00'),(98,'source',NULL,'CRM'),(98,'record_id',NULL,'51'),(98,'record_module',NULL,'Apdalm'),(99,'label',NULL,'Carolina R&aacute;zuri Farf&aacute;n'),(99,'accountname',NULL,'Carolina R&aacute;zuri Farf&aacute;n'),(99,'account_no',NULL,'AP3'),(99,'phone',NULL,'956727972'),(99,'email1',NULL,'creantisdevelopment@gmail.com'),(99,'siccode',NULL,'00235685'),(99,'assigned_user_id',NULL,'1'),(99,'createdtime',NULL,'2019-02-27 15:22:42'),(99,'modifiedby',NULL,'1'),(99,'source',NULL,'CRM'),(99,'cf_870',NULL,'DNI'),(99,'cf_914',NULL,'Carolina'),(99,'cf_916',NULL,'R&aacute;zuri'),(99,'cf_918',NULL,'Farf&aacute;n'),(99,'record_id',NULL,'52'),(99,'record_module',NULL,'Accounts'),(100,'label',NULL,'2145582256'),(100,'apdalmno',NULL,'AP-ALM4'),(100,'apdalm_tks_apoderado',NULL,'52'),(100,'apdalm_tks_alumno',NULL,'50'),(100,'apdalm_tks_estado',NULL,'Activo'),(100,'apdalm_tks_tipodevinculo',NULL,'Madre'),(100,'apdalm_tks_nrodocumentoapodera',NULL,'00235685'),(100,'apdalm_tks_codigoalumno',NULL,'2145582256'),(100,'apdalm_tks_ano',NULL,'2019'),(100,'assigned_user_id',NULL,'1'),(100,'createdtime',NULL,'2019-02-27 15:23:23'),(100,'source',NULL,'CRM'),(100,'record_id',NULL,'53'),(100,'record_module',NULL,'Apdalm'),(101,'label','Jhon Gonalez R&aacute;zuri','Jhon Daniel Gonalez R&aacute;zuri'),(101,'firstname','Jhon','Jhon Daniel'),(102,'label',NULL,'test'),(102,'ticket_no',NULL,'TT8'),(102,'assigned_user_id',NULL,'6'),(102,'ticketpriorities',NULL,'Normal'),(102,'ticketstatus',NULL,'Open'),(102,'ticketcategories',NULL,'Consulta'),(102,'days',NULL,'0.00000000'),(102,'createdtime',NULL,'2019-02-28 15:49:53'),(102,'modifiedby',NULL,'1'),(102,'ticket_title',NULL,'test'),(102,'source',NULL,'CRM'),(102,'cf_852',NULL,'Profesor'),(102,'cf_854',NULL,'Atender el caso'),(102,'cf_900',NULL,'Acad&eacute;mico'),(102,'record_id',NULL,'54'),(102,'record_module',NULL,'HelpDesk'),(103,'label',NULL,'Legal Sacar cita'),(103,'temasno',NULL,'TEM1'),(103,'temas_tks_regla',NULL,'Legal Sacar cita'),(103,'temas_tks_tema',NULL,'Legal'),(103,'temas_tks_subtema',NULL,'Sacar cita'),(103,'temas_tks_rolresponsable',NULL,'Administrador'),(103,'assigned_user_id',NULL,'1'),(103,'createdtime',NULL,'2019-03-01 15:36:16'),(103,'source',NULL,'CRM'),(103,'record_id',NULL,'55'),(103,'record_module',NULL,'Temas'),(104,'label',NULL,'Acad&eacute;mico Consulta'),(104,'temasno',NULL,'TEM2'),(104,'temas_tks_regla',NULL,'Acad&eacute;mico Consulta'),(104,'cf_900',NULL,'Acad&eacute;mico'),(104,'ticketcategories',NULL,'Consulta'),(104,'temas_tks_rolresponsable',NULL,'Administrador'),(104,'assigned_user_id',NULL,'1'),(104,'createdtime',NULL,'2019-03-01 15:38:22'),(104,'source',NULL,'CRM'),(104,'record_id',NULL,'56'),(104,'record_module',NULL,'Temas'),(105,'label',NULL,'Jefatura de Inicial'),(105,'accionesno',NULL,'ACC1'),(105,'acciones_tks_tema',NULL,'56'),(105,'cf_852',NULL,'Jefatura de Inicial'),(105,'acciones_tks_rolresponsable',NULL,'Administrador'),(105,'assigned_user_id',NULL,'1'),(105,'createdtime',NULL,'2019-03-01 15:49:35'),(105,'source',NULL,'CRM'),(105,'record_id',NULL,'57'),(105,'record_module',NULL,'Acciones'),(106,'label',NULL,'Jefatura de Inicial'),(106,'accionesno',NULL,'ACC2'),(106,'acciones_tks_tema',NULL,'1'),(106,'cf_852',NULL,'Jefatura de Inicial'),(106,'acciones_tks_rolresponsable',NULL,'Administrador'),(106,'assigned_user_id',NULL,'1'),(106,'createdtime',NULL,'2019-03-01 15:59:09'),(106,'source',NULL,'CRM'),(106,'record_id',NULL,'58'),(106,'record_module',NULL,'Acciones'),(111,'label',NULL,'acad cno'),(111,'temasno',NULL,'TEM3'),(111,'temas_tks_regla',NULL,'acad cno'),(111,'cf_900',NULL,'Acad&eacute;mico'),(111,'ticketcategories',NULL,'Consulta'),(111,'temas_tks_rolresponsable',NULL,'CEO'),(111,'assigned_user_id',NULL,'1'),(111,'createdtime',NULL,'2019-03-01 16:27:16'),(111,'source',NULL,'CRM'),(111,'record_id',NULL,'59'),(111,'record_module',NULL,'Temas'),(112,'label',NULL,'este es el t&iacute;tulo'),(112,'accionesno',NULL,'ACC3'),(112,'acciones_tks_tema',NULL,'59'),(112,'cf_852',NULL,'Contabilidad'),(112,'acciones_tks_rolresponsable',NULL,'CEO'),(112,'assigned_user_id',NULL,'6'),(112,'createdtime',NULL,'2019-03-01 16:27:43'),(112,'source',NULL,'CRM'),(112,'acciones_tks_titulo',NULL,'este es el t&iacute;tulo'),(112,'record_id',NULL,'60'),(112,'record_module',NULL,'Acciones'),(113,'label','acad cno','Acad&eacute;mico - Sugerencia'),(113,'temas_tks_regla','acad cno','Acad&eacute;mico - Sugerencia'),(113,'ticketcategories','Consulta','Sugerencia'),(113,'temas_tks_rolresponsable','CEO','Administrador'),(114,'label','este es el t&iacute;tulo','Jefatura de Inicial'),(114,'cf_852','Contabilidad','Jefatura de Inicial'),(114,'acciones_tks_rolresponsable','CEO','Administrador'),(114,'assigned_user_id','6','1'),(114,'acciones_tks_titulo','este es el t&iacute;tulo','Jefatura de Inicial'),(117,'label',NULL,'Acad&eacute;mico - Subtema 1'),(117,'temasno',NULL,'TEM4'),(117,'temas_tks_regla',NULL,'Acad&eacute;mico - Subtema 1'),(117,'cf_900',NULL,'Acad&eacute;mico'),(117,'ticketcategories',NULL,'Subtema 1'),(117,'temas_tks_rolresponsable',NULL,'H3-Director'),(117,'assigned_user_id',NULL,'1'),(117,'createdtime',NULL,'2019-03-01 21:01:08'),(117,'source',NULL,'CRM'),(117,'record_id',NULL,'61'),(117,'record_module',NULL,'Temas'),(118,'temas_tks_rolresponsable','H3-Director','H5-Asistente'),(119,'label',NULL,'Acci&oacute;n 1'),(119,'accionesno',NULL,'ACC4'),(119,'acciones_tks_tema',NULL,'61'),(119,'cf_852',NULL,'Acci&oacute;n 1'),(119,'acciones_tks_rolresponsable',NULL,'H5-Asistente'),(119,'assigned_user_id',NULL,'1'),(119,'createdtime',NULL,'2019-03-01 21:14:09'),(119,'source',NULL,'CRM'),(119,'acciones_tks_titulo',NULL,'Acci&oacute;n 1'),(119,'record_id',NULL,'62'),(119,'record_module',NULL,'Acciones'),(121,'label',NULL,'Acci&oacute;n 2'),(121,'accionesno',NULL,'ACC5'),(121,'acciones_tks_tema',NULL,'61'),(121,'cf_852',NULL,'Acci&oacute;n 2'),(121,'acciones_tks_rolresponsable',NULL,'H3-Director'),(121,'assigned_user_id',NULL,'1'),(121,'createdtime',NULL,'2019-03-01 21:26:26'),(121,'source',NULL,'CRM'),(121,'acciones_tks_titulo',NULL,'Acci&oacute;n 2'),(121,'record_id',NULL,'63'),(121,'record_module',NULL,'Acciones'),(123,'label',NULL,'Acci&oacute;n 3'),(123,'accionesno',NULL,'ACC6'),(123,'acciones_tks_tema',NULL,'61'),(123,'cf_852',NULL,'Acci&oacute;n 3'),(123,'acciones_tks_rolresponsable',NULL,'H5-Asistente'),(123,'assigned_user_id',NULL,'1'),(123,'createdtime',NULL,'2019-03-01 21:31:18'),(123,'source',NULL,'CRM'),(123,'acciones_tks_titulo',NULL,'Acci&oacute;n 3'),(123,'record_id',NULL,'64'),(123,'record_module',NULL,'Acciones'),(125,'label',NULL,'Acad&eacute;mico - Subtema 2'),(125,'temasno',NULL,'TEM5'),(125,'temas_tks_regla',NULL,'Acad&eacute;mico - Subtema 2'),(125,'cf_900',NULL,'Acad&eacute;mico'),(125,'ticketcategories',NULL,'Subtema 2'),(125,'temas_tks_rolresponsable',NULL,'H2-CEO'),(125,'assigned_user_id',NULL,'1'),(125,'createdtime',NULL,'2019-03-01 21:33:36'),(125,'source',NULL,'CRM'),(125,'record_id',NULL,'65'),(125,'record_module',NULL,'Temas'),(126,'label',NULL,'Acci&oacute;n 3'),(126,'accionesno',NULL,'ACC7'),(126,'acciones_tks_tema',NULL,'65'),(126,'cf_852',NULL,'Acci&oacute;n 3'),(126,'acciones_tks_rolresponsable',NULL,'H2-CEO'),(126,'assigned_user_id',NULL,'1'),(126,'createdtime',NULL,'2019-03-01 21:33:52'),(126,'source',NULL,'CRM'),(126,'acciones_tks_titulo',NULL,'Acci&oacute;n 3'),(126,'record_id',NULL,'66'),(126,'record_module',NULL,'Acciones'),(128,'label',NULL,'Acci&oacute;n 4'),(128,'accionesno',NULL,'ACC8'),(128,'acciones_tks_tema',NULL,'65'),(128,'cf_852',NULL,'Acci&oacute;n 4'),(128,'acciones_tks_rolresponsable',NULL,'H3-Director'),(128,'assigned_user_id',NULL,'1'),(128,'createdtime',NULL,'2019-03-01 21:34:01'),(128,'source',NULL,'CRM'),(128,'acciones_tks_titulo',NULL,'Acci&oacute;n 4'),(128,'record_id',NULL,'67'),(128,'record_module',NULL,'Acciones'),(130,'label',NULL,'Acci&oacute;n 5'),(130,'accionesno',NULL,'ACC9'),(130,'acciones_tks_tema',NULL,'65'),(130,'cf_852',NULL,'Acci&oacute;n 5'),(130,'acciones_tks_rolresponsable',NULL,'H4-Subdirector'),(130,'assigned_user_id',NULL,'1'),(130,'createdtime',NULL,'2019-03-01 21:34:11'),(130,'source',NULL,'CRM'),(130,'acciones_tks_titulo',NULL,'Acci&oacute;n 5'),(130,'record_id',NULL,'68'),(130,'record_module',NULL,'Acciones'),(132,'label',NULL,'Legal - Subtema 1'),(132,'temasno',NULL,'TEM6'),(132,'temas_tks_regla',NULL,'Legal - Subtema 1'),(132,'cf_900',NULL,'Legal'),(132,'ticketcategories',NULL,'Subtema 1'),(132,'temas_tks_rolresponsable',NULL,'H3-Director'),(132,'assigned_user_id',NULL,'1'),(132,'createdtime',NULL,'2019-03-01 22:42:26'),(132,'source',NULL,'CRM'),(132,'record_id',NULL,'69'),(132,'record_module',NULL,'Temas'),(133,'label',NULL,'Acci&oacute;n 5'),(133,'accionesno',NULL,'ACC10'),(133,'acciones_tks_tema',NULL,'65'),(133,'cf_852',NULL,'Acci&oacute;n 5'),(133,'acciones_tks_rolresponsable',NULL,'H6-Profesor'),(133,'assigned_user_id',NULL,'1'),(133,'createdtime',NULL,'2019-03-01 23:45:48'),(133,'source',NULL,'CRM'),(133,'acciones_tks_titulo',NULL,'Acci&oacute;n 5'),(133,'record_id',NULL,'70'),(133,'record_module',NULL,'Acciones'),(135,'label','Acci&oacute;n 5','Acci&oacute;n 6'),(135,'cf_852','Acci&oacute;n 5','Acci&oacute;n 6'),(135,'acciones_tks_titulo','Acci&oacute;n 5','Acci&oacute;n 6'),(136,'label',NULL,'test 1'),(136,'ticket_no',NULL,'TT9'),(136,'assigned_user_id',NULL,'6'),(136,'parent_id',NULL,'21'),(136,'ticketpriorities',NULL,'Normal'),(136,'ticketstatus',NULL,'Open'),(136,'ticketcategories',NULL,'Subtema 2'),(136,'days',NULL,'0.00000000'),(136,'createdtime',NULL,'2019-03-02 00:12:16'),(136,'modifiedby',NULL,'1'),(136,'ticket_title',NULL,'test 1'),(136,'description',NULL,'test'),(136,'contact_id',NULL,'2'),(136,'source',NULL,'CRM'),(136,'cf_852',NULL,'Acci&oacute;n 3'),(136,'cf_900',NULL,'Acad&eacute;mico'),(136,'cf_942',NULL,'65'),(136,'record_id',NULL,'71'),(136,'record_module',NULL,'HelpDesk');
/*!40000 ALTER TABLE `vtiger_modtracker_detail` ENABLE KEYS */;
UNLOCK TABLES;

--
-- Table structure for table `vtiger_modtracker_relations`
--

DROP TABLE IF EXISTS `vtiger_modtracker_relations`;
/*!40101 SET @saved_cs_client     = @@character_set_client */;
/*!40101 SET character_set_client = utf8 */;
CREATE TABLE `vtiger_modtracker_relations` (
  `id` int(19) NOT NULL,
  `targetmodule` varchar(100) NOT NULL,
  `targetid` int(19) NOT NULL,
  `changedon` datetime DEFAULT NULL,
  PRIMARY KEY (`id`)
) ENGINE=InnoDB DEFAULT CHARSET=utf8;
/*!40101 SET character_set_client = @saved_cs_client */;

--
-- Dumping data for table `vtiger_modtracker_relations`
--

LOCK TABLES `vtiger_modtracker_relations` WRITE;
/*!40000 ALTER TABLE `vtiger_modtracker_relations` DISABLE KEYS */;
INSERT INTO `vtiger_modtracker_relations` VALUES (3,'Emails',3,'2019-01-23 14:15:04'),(6,'Emails',5,'2019-01-23 15:15:03'),(8,'Emails',6,'2019-01-23 15:15:03'),(10,'HelpDesk',8,'2019-01-25 16:34:08'),(17,'Emails',9,'2019-01-25 16:45:03'),(19,'Emails',10,'2019-01-25 16:45:03'),(21,'Emails',11,'2019-01-25 16:45:03'),(23,'Emails',12,'2019-01-25 16:45:04'),(25,'Emails',13,'2019-01-25 16:45:04'),(27,'Emails',14,'2019-01-25 16:45:04'),(31,'Emails',17,'2019-01-25 17:15:03'),(33,'Emails',18,'2019-01-25 17:15:03'),(35,'Emails',19,'2019-01-25 17:15:04'),(37,'Emails',20,'2019-01-25 17:15:04'),(83,'Emails',41,'2019-02-25 18:45:02'),(85,'Emails',42,'2019-02-25 18:45:05'),(88,'Emails',43,'2019-02-25 19:39:31'),(93,'Emails',46,'2019-02-25 20:10:02'),(120,'Acciones',62,'2019-03-01 21:14:10'),(122,'Acciones',63,'2019-03-01 21:26:26'),(124,'Acciones',64,'2019-03-01 21:31:18'),(127,'Acciones',66,'2019-03-01 21:33:53'),(129,'Acciones',67,'2019-03-01 21:34:01'),(131,'Acciones',68,'2019-03-01 21:34:11'),(134,'Acciones',70,'2019-03-01 23:45:49');
/*!40000 ALTER TABLE `vtiger_modtracker_relations` ENABLE KEYS */;
UNLOCK TABLES;

--
-- Table structure for table `vtiger_modtracker_tabs`
--

DROP TABLE IF EXISTS `vtiger_modtracker_tabs`;
/*!40101 SET @saved_cs_client     = @@character_set_client */;
/*!40101 SET character_set_client = utf8 */;
CREATE TABLE `vtiger_modtracker_tabs` (
  `tabid` int(11) NOT NULL,
  `visible` int(11) DEFAULT 0,
  PRIMARY KEY (`tabid`)
) ENGINE=InnoDB DEFAULT CHARSET=utf8;
/*!40101 SET character_set_client = @saved_cs_client */;

--
-- Dumping data for table `vtiger_modtracker_tabs`
--

LOCK TABLES `vtiger_modtracker_tabs` WRITE;
/*!40000 ALTER TABLE `vtiger_modtracker_tabs` DISABLE KEYS */;
INSERT INTO `vtiger_modtracker_tabs` VALUES (2,1),(4,1),(6,1),(7,1),(8,1),(9,1),(10,1),(13,1),(14,1),(15,1),(16,1),(18,1),(19,1),(20,1),(21,1),(22,1),(23,1),(26,1),(28,1),(34,1),(35,1),(37,1),(38,1),(39,1),(41,1),(42,1),(43,1),(44,1),(52,1),(53,1),(54,1),(55,1);
/*!40000 ALTER TABLE `vtiger_modtracker_tabs` ENABLE KEYS */;
UNLOCK TABLES;

--
-- Table structure for table `vtiger_module_dashboard_widgets`
--

DROP TABLE IF EXISTS `vtiger_module_dashboard_widgets`;
/*!40101 SET @saved_cs_client     = @@character_set_client */;
/*!40101 SET character_set_client = utf8 */;
CREATE TABLE `vtiger_module_dashboard_widgets` (
  `id` int(19) NOT NULL AUTO_INCREMENT,
  `linkid` int(19) DEFAULT NULL,
  `userid` int(19) DEFAULT NULL,
  `filterid` int(19) DEFAULT NULL,
  `title` varchar(100) DEFAULT NULL,
  `data` text DEFAULT NULL,
  `position` varchar(50) DEFAULT NULL,
  `reportid` int(19) DEFAULT NULL,
  `dashboardtabid` int(11) DEFAULT NULL,
  `size` varchar(50) DEFAULT NULL,
  PRIMARY KEY (`id`),
  KEY `dashboardtabid` (`dashboardtabid`),
  CONSTRAINT `vtiger_module_dashboard_widgets_ibfk_1` FOREIGN KEY (`dashboardtabid`) REFERENCES `vtiger_dashboard_tabs` (`id`) ON DELETE CASCADE
) ENGINE=InnoDB AUTO_INCREMENT=2 DEFAULT CHARSET=utf8;
/*!40101 SET character_set_client = @saved_cs_client */;

--
-- Dumping data for table `vtiger_module_dashboard_widgets`
--

LOCK TABLES `vtiger_module_dashboard_widgets` WRITE;
/*!40000 ALTER TABLE `vtiger_module_dashboard_widgets` DISABLE KEYS */;
/*!40000 ALTER TABLE `vtiger_module_dashboard_widgets` ENABLE KEYS */;
UNLOCK TABLES;

--
-- Table structure for table `vtiger_no_of_currency_decimals`
--

DROP TABLE IF EXISTS `vtiger_no_of_currency_decimals`;
/*!40101 SET @saved_cs_client     = @@character_set_client */;
/*!40101 SET character_set_client = utf8 */;
CREATE TABLE `vtiger_no_of_currency_decimals` (
  `no_of_currency_decimalsid` int(11) NOT NULL AUTO_INCREMENT,
  `no_of_currency_decimals` varchar(200) NOT NULL,
  `sortorderid` int(11) DEFAULT NULL,
  `presence` int(11) NOT NULL DEFAULT 1,
  PRIMARY KEY (`no_of_currency_decimalsid`)
) ENGINE=InnoDB AUTO_INCREMENT=8 DEFAULT CHARSET=utf8;
/*!40101 SET character_set_client = @saved_cs_client */;

--
-- Dumping data for table `vtiger_no_of_currency_decimals`
--

LOCK TABLES `vtiger_no_of_currency_decimals` WRITE;
/*!40000 ALTER TABLE `vtiger_no_of_currency_decimals` DISABLE KEYS */;
INSERT INTO `vtiger_no_of_currency_decimals` VALUES (2,'2',2,1),(3,'3',3,1),(4,'4',4,1),(5,'5',5,1),(6,'0',0,1),(7,'1',1,1);
/*!40000 ALTER TABLE `vtiger_no_of_currency_decimals` ENABLE KEYS */;
UNLOCK TABLES;

--
-- Table structure for table `vtiger_no_of_currency_decimals_seq`
--

DROP TABLE IF EXISTS `vtiger_no_of_currency_decimals_seq`;
/*!40101 SET @saved_cs_client     = @@character_set_client */;
/*!40101 SET character_set_client = utf8 */;
CREATE TABLE `vtiger_no_of_currency_decimals_seq` (
  `id` int(11) NOT NULL
) ENGINE=InnoDB DEFAULT CHARSET=utf8;
/*!40101 SET character_set_client = @saved_cs_client */;

--
-- Dumping data for table `vtiger_no_of_currency_decimals_seq`
--

LOCK TABLES `vtiger_no_of_currency_decimals_seq` WRITE;
/*!40000 ALTER TABLE `vtiger_no_of_currency_decimals_seq` DISABLE KEYS */;
INSERT INTO `vtiger_no_of_currency_decimals_seq` VALUES (7);
/*!40000 ALTER TABLE `vtiger_no_of_currency_decimals_seq` ENABLE KEYS */;
UNLOCK TABLES;

--
-- Table structure for table `vtiger_notebook_contents`
--

DROP TABLE IF EXISTS `vtiger_notebook_contents`;
/*!40101 SET @saved_cs_client     = @@character_set_client */;
/*!40101 SET character_set_client = utf8 */;
CREATE TABLE `vtiger_notebook_contents` (
  `userid` int(19) NOT NULL,
  `notebookid` int(19) NOT NULL,
  `contents` text DEFAULT NULL
) ENGINE=InnoDB DEFAULT CHARSET=utf8;
/*!40101 SET character_set_client = @saved_cs_client */;

--
-- Dumping data for table `vtiger_notebook_contents`
--

LOCK TABLES `vtiger_notebook_contents` WRITE;
/*!40000 ALTER TABLE `vtiger_notebook_contents` DISABLE KEYS */;
/*!40000 ALTER TABLE `vtiger_notebook_contents` ENABLE KEYS */;
UNLOCK TABLES;

--
-- Table structure for table `vtiger_notes`
--

DROP TABLE IF EXISTS `vtiger_notes`;
/*!40101 SET @saved_cs_client     = @@character_set_client */;
/*!40101 SET character_set_client = utf8 */;
CREATE TABLE `vtiger_notes` (
  `notesid` int(19) NOT NULL DEFAULT 0,
  `note_no` varchar(100) NOT NULL,
  `title` varchar(50) NOT NULL,
  `filename` varchar(200) DEFAULT NULL,
  `notecontent` text DEFAULT NULL,
  `folderid` int(19) NOT NULL DEFAULT 1,
  `filetype` varchar(50) DEFAULT NULL,
  `filelocationtype` varchar(5) DEFAULT NULL,
  `filedownloadcount` int(19) DEFAULT NULL,
  `filestatus` int(19) DEFAULT NULL,
  `filesize` int(19) NOT NULL DEFAULT 0,
  `fileversion` varchar(50) DEFAULT NULL,
  `tags` varchar(1) DEFAULT NULL,
  PRIMARY KEY (`notesid`),
  KEY `notes_title_idx` (`title`),
  KEY `notes_notesid_idx` (`notesid`),
  CONSTRAINT `fk_1_vtiger_notes` FOREIGN KEY (`notesid`) REFERENCES `vtiger_crmentity` (`crmid`) ON DELETE CASCADE
) ENGINE=InnoDB DEFAULT CHARSET=utf8;
/*!40101 SET character_set_client = @saved_cs_client */;

--
-- Dumping data for table `vtiger_notes`
--

LOCK TABLES `vtiger_notes` WRITE;
/*!40000 ALTER TABLE `vtiger_notes` DISABLE KEYS */;
/*!40000 ALTER TABLE `vtiger_notes` ENABLE KEYS */;
UNLOCK TABLES;

--
-- Table structure for table `vtiger_notescf`
--

DROP TABLE IF EXISTS `vtiger_notescf`;
/*!40101 SET @saved_cs_client     = @@character_set_client */;
/*!40101 SET character_set_client = utf8 */;
CREATE TABLE `vtiger_notescf` (
  `notesid` int(19) NOT NULL DEFAULT 0,
  PRIMARY KEY (`notesid`),
  CONSTRAINT `fk_notesid_vtiger_notescf` FOREIGN KEY (`notesid`) REFERENCES `vtiger_notes` (`notesid`) ON DELETE CASCADE
) ENGINE=InnoDB DEFAULT CHARSET=utf8;
/*!40101 SET character_set_client = @saved_cs_client */;

--
-- Dumping data for table `vtiger_notescf`
--

LOCK TABLES `vtiger_notescf` WRITE;
/*!40000 ALTER TABLE `vtiger_notescf` DISABLE KEYS */;
/*!40000 ALTER TABLE `vtiger_notescf` ENABLE KEYS */;
UNLOCK TABLES;

--
-- Table structure for table `vtiger_notificationscheduler`
--

DROP TABLE IF EXISTS `vtiger_notificationscheduler`;
/*!40101 SET @saved_cs_client     = @@character_set_client */;
/*!40101 SET character_set_client = utf8 */;
CREATE TABLE `vtiger_notificationscheduler` (
  `schedulednotificationid` int(19) NOT NULL AUTO_INCREMENT,
  `schedulednotificationname` varchar(200) DEFAULT NULL,
  `active` int(1) DEFAULT NULL,
  `notificationsubject` varchar(200) DEFAULT NULL,
  `notificationbody` text DEFAULT NULL,
  `label` varchar(50) DEFAULT NULL,
  `type` varchar(10) DEFAULT NULL,
  PRIMARY KEY (`schedulednotificationid`),
  UNIQUE KEY `notificationscheduler_schedulednotificationname_idx` (`schedulednotificationname`)
) ENGINE=InnoDB AUTO_INCREMENT=9 DEFAULT CHARSET=utf8;
/*!40101 SET character_set_client = @saved_cs_client */;

--
-- Dumping data for table `vtiger_notificationscheduler`
--

LOCK TABLES `vtiger_notificationscheduler` WRITE;
/*!40000 ALTER TABLE `vtiger_notificationscheduler` DISABLE KEYS */;
INSERT INTO `vtiger_notificationscheduler` VALUES (1,'LBL_TASK_NOTIFICATION_DESCRITPION',1,'Task Delay Notification','Tasks delayed beyond 24 hrs ','LBL_TASK_NOTIFICATION',NULL),(2,'LBL_BIG_DEAL_DESCRIPTION',1,'Big Deal notification','Success! A big deal has been won! ','LBL_BIG_DEAL',NULL),(3,'LBL_TICKETS_DESCRIPTION',1,'Pending Tickets notification','Ticket pending please ','LBL_PENDING_TICKETS',NULL),(4,'LBL_MANY_TICKETS_DESCRIPTION',1,'Too many tickets Notification','Too many tickets pending against this entity ','LBL_MANY_TICKETS',NULL),(5,'LBL_START_DESCRIPTION',1,'Support Start Notification','10','LBL_START_NOTIFICATION','select'),(6,'LBL_SUPPORT_DESCRIPTION',1,'Support ending please','11','LBL_SUPPORT_NOTICIATION','select'),(7,'LBL_SUPPORT_DESCRIPTION_MONTH',1,'Support ending please','12','LBL_SUPPORT_NOTICIATION_MONTH','select'),(8,'LBL_ACTIVITY_REMINDER_DESCRIPTION',1,'Activity Reminder Notification','This is a reminder notification for the Activity','LBL_ACTIVITY_NOTIFICATION',NULL);
/*!40000 ALTER TABLE `vtiger_notificationscheduler` ENABLE KEYS */;
UNLOCK TABLES;

--
-- Table structure for table `vtiger_notificationscheduler_seq`
--

DROP TABLE IF EXISTS `vtiger_notificationscheduler_seq`;
/*!40101 SET @saved_cs_client     = @@character_set_client */;
/*!40101 SET character_set_client = utf8 */;
CREATE TABLE `vtiger_notificationscheduler_seq` (
  `id` int(11) NOT NULL
) ENGINE=InnoDB DEFAULT CHARSET=utf8;
/*!40101 SET character_set_client = @saved_cs_client */;

--
-- Dumping data for table `vtiger_notificationscheduler_seq`
--

LOCK TABLES `vtiger_notificationscheduler_seq` WRITE;
/*!40000 ALTER TABLE `vtiger_notificationscheduler_seq` DISABLE KEYS */;
INSERT INTO `vtiger_notificationscheduler_seq` VALUES (8);
/*!40000 ALTER TABLE `vtiger_notificationscheduler_seq` ENABLE KEYS */;
UNLOCK TABLES;

--
-- Table structure for table `vtiger_opportunity_type`
--

DROP TABLE IF EXISTS `vtiger_opportunity_type`;
/*!40101 SET @saved_cs_client     = @@character_set_client */;
/*!40101 SET character_set_client = utf8 */;
CREATE TABLE `vtiger_opportunity_type` (
  `opptypeid` int(19) NOT NULL AUTO_INCREMENT,
  `opportunity_type` varchar(200) NOT NULL,
  `presence` int(1) NOT NULL DEFAULT 1,
  `picklist_valueid` int(19) NOT NULL DEFAULT 0,
  `sortorderid` int(11) DEFAULT NULL,
  `color` varchar(10) DEFAULT NULL,
  PRIMARY KEY (`opptypeid`),
  UNIQUE KEY `opportunity_type_opportunity_type_idx` (`opportunity_type`)
) ENGINE=InnoDB AUTO_INCREMENT=4 DEFAULT CHARSET=utf8;
/*!40101 SET character_set_client = @saved_cs_client */;

--
-- Dumping data for table `vtiger_opportunity_type`
--

LOCK TABLES `vtiger_opportunity_type` WRITE;
/*!40000 ALTER TABLE `vtiger_opportunity_type` DISABLE KEYS */;
INSERT INTO `vtiger_opportunity_type` VALUES (2,'Existing Business',1,128,1,NULL),(3,'New Business',1,129,2,NULL);
/*!40000 ALTER TABLE `vtiger_opportunity_type` ENABLE KEYS */;
UNLOCK TABLES;

--
-- Table structure for table `vtiger_opportunity_type_seq`
--

DROP TABLE IF EXISTS `vtiger_opportunity_type_seq`;
/*!40101 SET @saved_cs_client     = @@character_set_client */;
/*!40101 SET character_set_client = utf8 */;
CREATE TABLE `vtiger_opportunity_type_seq` (
  `id` int(11) NOT NULL
) ENGINE=InnoDB DEFAULT CHARSET=utf8;
/*!40101 SET character_set_client = @saved_cs_client */;

--
-- Dumping data for table `vtiger_opportunity_type_seq`
--

LOCK TABLES `vtiger_opportunity_type_seq` WRITE;
/*!40000 ALTER TABLE `vtiger_opportunity_type_seq` DISABLE KEYS */;
INSERT INTO `vtiger_opportunity_type_seq` VALUES (3);
/*!40000 ALTER TABLE `vtiger_opportunity_type_seq` ENABLE KEYS */;
UNLOCK TABLES;

--
-- Table structure for table `vtiger_opportunitystage`
--

DROP TABLE IF EXISTS `vtiger_opportunitystage`;
/*!40101 SET @saved_cs_client     = @@character_set_client */;
/*!40101 SET character_set_client = utf8 */;
CREATE TABLE `vtiger_opportunitystage` (
  `potstageid` int(19) NOT NULL AUTO_INCREMENT,
  `stage` varchar(200) NOT NULL,
  `sortorderid` int(19) NOT NULL DEFAULT 0,
  `presence` int(1) NOT NULL DEFAULT 1,
  `probability` decimal(3,2) DEFAULT 0.00,
  PRIMARY KEY (`potstageid`),
  UNIQUE KEY `opportunitystage_stage_idx` (`stage`)
) ENGINE=InnoDB DEFAULT CHARSET=utf8;
/*!40101 SET character_set_client = @saved_cs_client */;

--
-- Dumping data for table `vtiger_opportunitystage`
--

LOCK TABLES `vtiger_opportunitystage` WRITE;
/*!40000 ALTER TABLE `vtiger_opportunitystage` DISABLE KEYS */;
/*!40000 ALTER TABLE `vtiger_opportunitystage` ENABLE KEYS */;
UNLOCK TABLES;

--
-- Table structure for table `vtiger_org_share_action2tab`
--

DROP TABLE IF EXISTS `vtiger_org_share_action2tab`;
/*!40101 SET @saved_cs_client     = @@character_set_client */;
/*!40101 SET character_set_client = utf8 */;
CREATE TABLE `vtiger_org_share_action2tab` (
  `share_action_id` int(19) NOT NULL,
  `tabid` int(19) NOT NULL,
  PRIMARY KEY (`share_action_id`,`tabid`),
  KEY `fk_2_vtiger_org_share_action2tab` (`tabid`),
  CONSTRAINT `fk_2_vtiger_org_share_action2tab` FOREIGN KEY (`tabid`) REFERENCES `vtiger_tab` (`tabid`) ON DELETE CASCADE
) ENGINE=InnoDB DEFAULT CHARSET=utf8;
/*!40101 SET character_set_client = @saved_cs_client */;

--
-- Dumping data for table `vtiger_org_share_action2tab`
--

LOCK TABLES `vtiger_org_share_action2tab` WRITE;
/*!40000 ALTER TABLE `vtiger_org_share_action2tab` DISABLE KEYS */;
INSERT INTO `vtiger_org_share_action2tab` VALUES (0,2),(0,4),(0,6),(0,7),(0,8),(0,9),(0,10),(0,13),(0,14),(0,16),(0,18),(0,20),(0,21),(0,22),(0,23),(0,26),(0,34),(0,35),(0,37),(0,38),(0,39),(0,41),(0,42),(0,43),(0,44),(0,52),(0,53),(0,54),(0,55),(1,2),(1,4),(1,6),(1,7),(1,8),(1,9),(1,10),(1,13),(1,14),(1,16),(1,18),(1,20),(1,21),(1,22),(1,23),(1,26),(1,34),(1,35),(1,37),(1,38),(1,39),(1,41),(1,42),(1,43),(1,44),(1,52),(1,53),(1,54),(1,55),(2,2),(2,4),(2,6),(2,7),(2,8),(2,9),(2,10),(2,13),(2,14),(2,16),(2,18),(2,20),(2,21),(2,22),(2,23),(2,26),(2,34),(2,35),(2,37),(2,38),(2,39),(2,41),(2,42),(2,43),(2,44),(2,52),(2,53),(2,54),(2,55),(3,2),(3,4),(3,6),(3,7),(3,8),(3,9),(3,10),(3,13),(3,14),(3,16),(3,18),(3,20),(3,21),(3,22),(3,23),(3,26),(3,34),(3,35),(3,37),(3,38),(3,39),(3,41),(3,42),(3,43),(3,44),(3,52),(3,53),(3,54),(3,55);
/*!40000 ALTER TABLE `vtiger_org_share_action2tab` ENABLE KEYS */;
UNLOCK TABLES;

--
-- Table structure for table `vtiger_org_share_action_mapping`
--

DROP TABLE IF EXISTS `vtiger_org_share_action_mapping`;
/*!40101 SET @saved_cs_client     = @@character_set_client */;
/*!40101 SET character_set_client = utf8 */;
CREATE TABLE `vtiger_org_share_action_mapping` (
  `share_action_id` int(19) NOT NULL,
  `share_action_name` varchar(200) DEFAULT NULL,
  PRIMARY KEY (`share_action_id`)
) ENGINE=InnoDB DEFAULT CHARSET=utf8;
/*!40101 SET character_set_client = @saved_cs_client */;

--
-- Dumping data for table `vtiger_org_share_action_mapping`
--

LOCK TABLES `vtiger_org_share_action_mapping` WRITE;
/*!40000 ALTER TABLE `vtiger_org_share_action_mapping` DISABLE KEYS */;
INSERT INTO `vtiger_org_share_action_mapping` VALUES (0,'Public: Read Only'),(1,'Public: Read, Create/Edit'),(2,'Public: Read, Create/Edit, Delete'),(3,'Private'),(4,'Hide Details'),(5,'Hide Details and Add Events'),(6,'Show Details'),(7,'Show Details and Add Events');
/*!40000 ALTER TABLE `vtiger_org_share_action_mapping` ENABLE KEYS */;
UNLOCK TABLES;

--
-- Table structure for table `vtiger_organizationdetails`
--

DROP TABLE IF EXISTS `vtiger_organizationdetails`;
/*!40101 SET @saved_cs_client     = @@character_set_client */;
/*!40101 SET character_set_client = utf8 */;
CREATE TABLE `vtiger_organizationdetails` (
  `organization_id` int(11) NOT NULL,
  `organizationname` varchar(60) DEFAULT NULL,
  `address` varchar(150) DEFAULT NULL,
  `city` varchar(100) DEFAULT NULL,
  `state` varchar(100) DEFAULT NULL,
  `country` varchar(100) DEFAULT NULL,
  `code` varchar(30) DEFAULT NULL,
  `phone` varchar(30) DEFAULT NULL,
  `fax` varchar(30) DEFAULT NULL,
  `website` varchar(100) DEFAULT NULL,
  `logoname` varchar(50) DEFAULT NULL,
  `logo` text DEFAULT NULL,
  `vatid` varchar(100) DEFAULT NULL,
  PRIMARY KEY (`organization_id`)
) ENGINE=InnoDB DEFAULT CHARSET=utf8;
/*!40101 SET character_set_client = @saved_cs_client */;

--
-- Dumping data for table `vtiger_organizationdetails`
--

LOCK TABLES `vtiger_organizationdetails` WRITE;
/*!40000 ALTER TABLE `vtiger_organizationdetails` DISABLE KEYS */;
INSERT INTO `vtiger_organizationdetails` VALUES (1,'vtiger','95, 12th Main Road, 3rd Block, Rajajinagar','Bangalore','Karnataka','India','560010','+91 9243602352','+91 9243602352','www.vtiger.com','vtiger-crm-logo.png',NULL,NULL);
/*!40000 ALTER TABLE `vtiger_organizationdetails` ENABLE KEYS */;
UNLOCK TABLES;

--
-- Table structure for table `vtiger_organizationdetails_seq`
--

DROP TABLE IF EXISTS `vtiger_organizationdetails_seq`;
/*!40101 SET @saved_cs_client     = @@character_set_client */;
/*!40101 SET character_set_client = utf8 */;
CREATE TABLE `vtiger_organizationdetails_seq` (
  `id` int(11) NOT NULL
) ENGINE=InnoDB DEFAULT CHARSET=utf8;
/*!40101 SET character_set_client = @saved_cs_client */;

--
-- Dumping data for table `vtiger_organizationdetails_seq`
--

LOCK TABLES `vtiger_organizationdetails_seq` WRITE;
/*!40000 ALTER TABLE `vtiger_organizationdetails_seq` DISABLE KEYS */;
INSERT INTO `vtiger_organizationdetails_seq` VALUES (1);
/*!40000 ALTER TABLE `vtiger_organizationdetails_seq` ENABLE KEYS */;
UNLOCK TABLES;

--
-- Table structure for table `vtiger_othereventduration`
--

DROP TABLE IF EXISTS `vtiger_othereventduration`;
/*!40101 SET @saved_cs_client     = @@character_set_client */;
/*!40101 SET character_set_client = utf8 */;
CREATE TABLE `vtiger_othereventduration` (
  `othereventdurationid` int(11) NOT NULL AUTO_INCREMENT,
  `othereventduration` varchar(200) NOT NULL,
  `sortorderid` int(11) DEFAULT NULL,
  `presence` int(11) NOT NULL DEFAULT 1,
  PRIMARY KEY (`othereventdurationid`)
) ENGINE=InnoDB AUTO_INCREMENT=6 DEFAULT CHARSET=utf8;
/*!40101 SET character_set_client = @saved_cs_client */;

--
-- Dumping data for table `vtiger_othereventduration`
--

LOCK TABLES `vtiger_othereventduration` WRITE;
/*!40000 ALTER TABLE `vtiger_othereventduration` DISABLE KEYS */;
INSERT INTO `vtiger_othereventduration` VALUES (1,'5',0,1),(2,'10',1,1),(3,'30',2,1),(4,'60',3,1),(5,'120',4,1);
/*!40000 ALTER TABLE `vtiger_othereventduration` ENABLE KEYS */;
UNLOCK TABLES;

--
-- Table structure for table `vtiger_othereventduration_seq`
--

DROP TABLE IF EXISTS `vtiger_othereventduration_seq`;
/*!40101 SET @saved_cs_client     = @@character_set_client */;
/*!40101 SET character_set_client = utf8 */;
CREATE TABLE `vtiger_othereventduration_seq` (
  `id` int(11) NOT NULL
) ENGINE=InnoDB DEFAULT CHARSET=utf8;
/*!40101 SET character_set_client = @saved_cs_client */;

--
-- Dumping data for table `vtiger_othereventduration_seq`
--

LOCK TABLES `vtiger_othereventduration_seq` WRITE;
/*!40000 ALTER TABLE `vtiger_othereventduration_seq` DISABLE KEYS */;
INSERT INTO `vtiger_othereventduration_seq` VALUES (5);
/*!40000 ALTER TABLE `vtiger_othereventduration_seq` ENABLE KEYS */;
UNLOCK TABLES;

--
-- Table structure for table `vtiger_parenttab`
--

DROP TABLE IF EXISTS `vtiger_parenttab`;
/*!40101 SET @saved_cs_client     = @@character_set_client */;
/*!40101 SET character_set_client = utf8 */;
CREATE TABLE `vtiger_parenttab` (
  `parenttabid` int(19) NOT NULL,
  `parenttab_label` varchar(100) NOT NULL,
  `sequence` int(10) NOT NULL,
  `visible` int(2) NOT NULL DEFAULT 0,
  PRIMARY KEY (`parenttabid`),
  KEY `parenttab_parenttabid_parenttabl_label_visible_idx` (`parenttabid`,`parenttab_label`,`visible`)
) ENGINE=InnoDB DEFAULT CHARSET=utf8;
/*!40101 SET character_set_client = @saved_cs_client */;

--
-- Dumping data for table `vtiger_parenttab`
--

LOCK TABLES `vtiger_parenttab` WRITE;
/*!40000 ALTER TABLE `vtiger_parenttab` DISABLE KEYS */;
INSERT INTO `vtiger_parenttab` VALUES (1,'My Home Page',1,0),(2,'Marketing',2,0),(3,'Sales',3,0),(4,'Support',4,0),(5,'Analytics',5,0),(6,'Inventory',6,0),(7,'Tools',7,0),(8,'Settings',8,0);
/*!40000 ALTER TABLE `vtiger_parenttab` ENABLE KEYS */;
UNLOCK TABLES;

--
-- Table structure for table `vtiger_parenttabrel`
--

DROP TABLE IF EXISTS `vtiger_parenttabrel`;
/*!40101 SET @saved_cs_client     = @@character_set_client */;
/*!40101 SET character_set_client = utf8 */;
CREATE TABLE `vtiger_parenttabrel` (
  `parenttabid` int(19) NOT NULL,
  `tabid` int(19) NOT NULL,
  `sequence` int(3) NOT NULL,
  KEY `parenttabrel_tabid_parenttabid_idx` (`tabid`,`parenttabid`),
  KEY `fk_2_vtiger_parenttabrel` (`parenttabid`),
  CONSTRAINT `fk_1_vtiger_parenttabrel` FOREIGN KEY (`tabid`) REFERENCES `vtiger_tab` (`tabid`) ON DELETE CASCADE,
  CONSTRAINT `fk_2_vtiger_parenttabrel` FOREIGN KEY (`parenttabid`) REFERENCES `vtiger_parenttab` (`parenttabid`) ON DELETE CASCADE
) ENGINE=InnoDB DEFAULT CHARSET=utf8;
/*!40101 SET character_set_client = @saved_cs_client */;

--
-- Dumping data for table `vtiger_parenttabrel`
--

LOCK TABLES `vtiger_parenttabrel` WRITE;
/*!40000 ALTER TABLE `vtiger_parenttabrel` DISABLE KEYS */;
INSERT INTO `vtiger_parenttabrel` VALUES (1,9,2),(1,28,4),(1,3,1),(3,7,1),(3,6,2),(3,4,3),(3,2,4),(3,20,5),(3,22,6),(3,23,7),(3,19,8),(3,8,9),(4,13,1),(4,15,2),(4,6,3),(4,4,4),(4,8,5),(5,1,2),(5,25,1),(6,14,1),(6,18,2),(6,19,3),(6,21,4),(6,22,5),(6,20,6),(6,23,7),(7,24,1),(7,27,2),(7,8,3),(2,26,1),(2,6,2),(2,4,3),(2,28,4),(4,28,7),(2,7,5),(2,9,6),(4,9,8),(2,8,8),(3,9,11),(7,30,4),(7,30,5),(6,34,8),(6,34,9),(7,35,6),(7,35,7),(4,37,9),(4,37,10),(6,38,10),(6,38,11),(3,39,12),(3,39,13),(7,40,8),(7,40,9),(4,42,11),(4,42,12),(4,43,13),(4,43,14),(4,44,15),(4,44,16),(7,45,10),(7,45,11),(8,49,1),(8,49,2),(7,24,12),(7,27,13),(7,40,14),(7,45,15),(8,50,3),(8,50,4),(4,52,17),(4,52,18),(4,53,19),(4,53,20),(7,54,16),(7,54,17),(7,55,18),(7,55,19);
/*!40000 ALTER TABLE `vtiger_parenttabrel` ENABLE KEYS */;
UNLOCK TABLES;

--
-- Table structure for table `vtiger_payment_duration`
--

DROP TABLE IF EXISTS `vtiger_payment_duration`;
/*!40101 SET @saved_cs_client     = @@character_set_client */;
/*!40101 SET character_set_client = utf8 */;
CREATE TABLE `vtiger_payment_duration` (
  `payment_duration_id` int(11) DEFAULT NULL,
  `payment_duration` varchar(200) DEFAULT NULL,
  `sortorderid` int(11) DEFAULT NULL,
  `presence` int(11) DEFAULT NULL,
  `color` varchar(10) DEFAULT NULL
) ENGINE=InnoDB DEFAULT CHARSET=utf8;
/*!40101 SET character_set_client = @saved_cs_client */;

--
-- Dumping data for table `vtiger_payment_duration`
--

LOCK TABLES `vtiger_payment_duration` WRITE;
/*!40000 ALTER TABLE `vtiger_payment_duration` DISABLE KEYS */;
INSERT INTO `vtiger_payment_duration` VALUES (1,'Net 30 days',0,1,NULL),(2,'Net 45 days',1,1,NULL),(3,'Net 60 days',2,1,NULL);
/*!40000 ALTER TABLE `vtiger_payment_duration` ENABLE KEYS */;
UNLOCK TABLES;

--
-- Table structure for table `vtiger_payment_duration_seq`
--

DROP TABLE IF EXISTS `vtiger_payment_duration_seq`;
/*!40101 SET @saved_cs_client     = @@character_set_client */;
/*!40101 SET character_set_client = utf8 */;
CREATE TABLE `vtiger_payment_duration_seq` (
  `id` int(11) NOT NULL
) ENGINE=InnoDB DEFAULT CHARSET=utf8;
/*!40101 SET character_set_client = @saved_cs_client */;

--
-- Dumping data for table `vtiger_payment_duration_seq`
--

LOCK TABLES `vtiger_payment_duration_seq` WRITE;
/*!40000 ALTER TABLE `vtiger_payment_duration_seq` DISABLE KEYS */;
INSERT INTO `vtiger_payment_duration_seq` VALUES (3);
/*!40000 ALTER TABLE `vtiger_payment_duration_seq` ENABLE KEYS */;
UNLOCK TABLES;

--
-- Table structure for table `vtiger_pbxmanager`
--

DROP TABLE IF EXISTS `vtiger_pbxmanager`;
/*!40101 SET @saved_cs_client     = @@character_set_client */;
/*!40101 SET character_set_client = utf8 */;
CREATE TABLE `vtiger_pbxmanager` (
  `pbxmanagerid` int(20) NOT NULL AUTO_INCREMENT,
  `direction` varchar(10) DEFAULT NULL,
  `callstatus` varchar(20) DEFAULT NULL,
  `starttime` datetime DEFAULT NULL,
  `endtime` datetime DEFAULT NULL,
  `totalduration` int(11) DEFAULT NULL,
  `billduration` int(11) DEFAULT NULL,
  `recordingurl` varchar(200) DEFAULT NULL,
  `sourceuuid` varchar(100) DEFAULT NULL,
  `gateway` varchar(20) DEFAULT NULL,
  `customer` varchar(100) DEFAULT NULL,
  `user` varchar(100) DEFAULT NULL,
  `customernumber` varchar(100) DEFAULT NULL,
  `customertype` varchar(100) DEFAULT NULL,
  `tags` varchar(1) DEFAULT NULL,
  PRIMARY KEY (`pbxmanagerid`),
  KEY `index_sourceuuid` (`sourceuuid`),
  KEY `index_pbxmanager_id` (`pbxmanagerid`),
  CONSTRAINT `fk_crmid_vtiger_pbxmanager` FOREIGN KEY (`pbxmanagerid`) REFERENCES `vtiger_crmentity` (`crmid`) ON DELETE CASCADE
) ENGINE=InnoDB AUTO_INCREMENT=22 DEFAULT CHARSET=utf8;
/*!40101 SET character_set_client = @saved_cs_client */;

--
-- Dumping data for table `vtiger_pbxmanager`
--

LOCK TABLES `vtiger_pbxmanager` WRITE;
/*!40000 ALTER TABLE `vtiger_pbxmanager` DISABLE KEYS */;
/*!40000 ALTER TABLE `vtiger_pbxmanager` ENABLE KEYS */;
UNLOCK TABLES;

--
-- Table structure for table `vtiger_pbxmanager_gateway`
--

DROP TABLE IF EXISTS `vtiger_pbxmanager_gateway`;
/*!40101 SET @saved_cs_client     = @@character_set_client */;
/*!40101 SET character_set_client = utf8 */;
CREATE TABLE `vtiger_pbxmanager_gateway` (
  `id` int(11) NOT NULL AUTO_INCREMENT,
  `gateway` varchar(20) DEFAULT NULL,
  `parameters` text DEFAULT NULL,
  PRIMARY KEY (`id`)
) ENGINE=InnoDB AUTO_INCREMENT=3 DEFAULT CHARSET=utf8;
/*!40101 SET character_set_client = @saved_cs_client */;

--
-- Dumping data for table `vtiger_pbxmanager_gateway`
--

LOCK TABLES `vtiger_pbxmanager_gateway` WRITE;
/*!40000 ALTER TABLE `vtiger_pbxmanager_gateway` DISABLE KEYS */;
/*!40000 ALTER TABLE `vtiger_pbxmanager_gateway` ENABLE KEYS */;
UNLOCK TABLES;

--
-- Table structure for table `vtiger_pbxmanager_phonelookup`
--

DROP TABLE IF EXISTS `vtiger_pbxmanager_phonelookup`;
/*!40101 SET @saved_cs_client     = @@character_set_client */;
/*!40101 SET character_set_client = utf8 */;
CREATE TABLE `vtiger_pbxmanager_phonelookup` (
  `crmid` int(20) DEFAULT NULL,
  `setype` varchar(30) DEFAULT NULL,
  `fnumber` varchar(100) DEFAULT NULL,
  `rnumber` varchar(100) DEFAULT NULL,
  `fieldname` varchar(50) DEFAULT NULL,
  UNIQUE KEY `unique_key` (`crmid`,`setype`,`fieldname`),
  KEY `index_phone_number` (`fnumber`,`rnumber`),
  CONSTRAINT `vtiger_pbxmanager_phonelookup_ibfk_1` FOREIGN KEY (`crmid`) REFERENCES `vtiger_crmentity` (`crmid`) ON DELETE CASCADE
) ENGINE=InnoDB DEFAULT CHARSET=utf8;
/*!40101 SET character_set_client = @saved_cs_client */;

--
-- Dumping data for table `vtiger_pbxmanager_phonelookup`
--

LOCK TABLES `vtiger_pbxmanager_phonelookup` WRITE;
/*!40000 ALTER TABLE `vtiger_pbxmanager_phonelookup` DISABLE KEYS */;
/*!40000 ALTER TABLE `vtiger_pbxmanager_phonelookup` ENABLE KEYS */;
UNLOCK TABLES;

--
-- Table structure for table `vtiger_pbxmanagercf`
--

DROP TABLE IF EXISTS `vtiger_pbxmanagercf`;
/*!40101 SET @saved_cs_client     = @@character_set_client */;
/*!40101 SET character_set_client = utf8 */;
CREATE TABLE `vtiger_pbxmanagercf` (
  `pbxmanagerid` int(11) NOT NULL,
  PRIMARY KEY (`pbxmanagerid`),
  CONSTRAINT `fk_pbxmanagerid_vtiger_pbxmanagercf` FOREIGN KEY (`pbxmanagerid`) REFERENCES `vtiger_pbxmanager` (`pbxmanagerid`) ON DELETE CASCADE
) ENGINE=InnoDB DEFAULT CHARSET=utf8;
/*!40101 SET character_set_client = @saved_cs_client */;

--
-- Dumping data for table `vtiger_pbxmanagercf`
--

LOCK TABLES `vtiger_pbxmanagercf` WRITE;
/*!40000 ALTER TABLE `vtiger_pbxmanagercf` DISABLE KEYS */;
/*!40000 ALTER TABLE `vtiger_pbxmanagercf` ENABLE KEYS */;
UNLOCK TABLES;

--
-- Table structure for table `vtiger_picklist`
--

DROP TABLE IF EXISTS `vtiger_picklist`;
/*!40101 SET @saved_cs_client     = @@character_set_client */;
/*!40101 SET character_set_client = utf8 */;
CREATE TABLE `vtiger_picklist` (
  `picklistid` int(11) NOT NULL AUTO_INCREMENT,
  `name` varchar(200) NOT NULL,
  PRIMARY KEY (`picklistid`),
  UNIQUE KEY `picklist_name_idx` (`name`)
) ENGINE=InnoDB AUTO_INCREMENT=68 DEFAULT CHARSET=utf8;
/*!40101 SET character_set_client = @saved_cs_client */;

--
-- Dumping data for table `vtiger_picklist`
--

LOCK TABLES `vtiger_picklist` WRITE;
/*!40000 ALTER TABLE `vtiger_picklist` DISABLE KEYS */;
INSERT INTO `vtiger_picklist` VALUES (66,'acciones_tks_accion'),(67,'acciones_tks_rolresponsable'),(1,'accounttype'),(2,'activitytype'),(59,'almsecc_tks_estado'),(57,'almsecc_tks_grado'),(56,'almsecc_tks_nivel'),(58,'almsecc_tks_seccion'),(50,'apdalm_tks_estado'),(51,'apdalm_tks_tipodevinculo'),(37,'assetstatus'),(3,'campaignstatus'),(4,'campaigntype'),(5,'carrier'),(49,'cf_852'),(52,'cf_870'),(53,'cf_874'),(54,'cf_876'),(55,'cf_878'),(60,'cf_900'),(61,'cf_906'),(62,'cf_910'),(35,'contract_priority'),(34,'contract_status'),(36,'contract_type'),(48,'defaultactivitytype'),(47,'defaulteventstatus'),(6,'eventstatus'),(7,'expectedresponse'),(8,'faqcategories'),(9,'faqstatus'),(10,'glacct'),(11,'industry'),(12,'invoicestatus'),(13,'leadsource'),(14,'leadstatus'),(15,'manufacturer'),(16,'opportunity_type'),(17,'postatus'),(18,'productcategory'),(45,'progress'),(38,'projectmilestonetype'),(44,'projectpriority'),(42,'projectstatus'),(40,'projecttaskpriority'),(41,'projecttaskprogress'),(46,'projecttaskstatus'),(39,'projecttasktype'),(43,'projecttype'),(19,'quotestage'),(20,'rating'),(21,'sales_stage'),(22,'salutationtype'),(32,'servicecategory'),(31,'service_usageunit'),(23,'sostatus'),(24,'taskpriority'),(25,'taskstatus'),(65,'temas_tks_rolresponsable'),(64,'temas_tks_subtema'),(63,'temas_tks_tema'),(26,'ticketcategories'),(27,'ticketpriorities'),(28,'ticketseverities'),(29,'ticketstatus'),(33,'tracking_unit'),(30,'usageunit');
/*!40000 ALTER TABLE `vtiger_picklist` ENABLE KEYS */;
UNLOCK TABLES;

--
-- Table structure for table `vtiger_picklist_dependency`
--

DROP TABLE IF EXISTS `vtiger_picklist_dependency`;
/*!40101 SET @saved_cs_client     = @@character_set_client */;
/*!40101 SET character_set_client = utf8 */;
CREATE TABLE `vtiger_picklist_dependency` (
  `id` int(11) NOT NULL,
  `tabid` int(19) NOT NULL,
  `sourcefield` varchar(255) DEFAULT NULL,
  `targetfield` varchar(255) DEFAULT NULL,
  `sourcevalue` varchar(100) DEFAULT NULL,
  `targetvalues` text DEFAULT NULL,
  `criteria` text DEFAULT NULL,
  PRIMARY KEY (`id`)
) ENGINE=InnoDB DEFAULT CHARSET=utf8;
/*!40101 SET character_set_client = @saved_cs_client */;

--
-- Dumping data for table `vtiger_picklist_dependency`
--

LOCK TABLES `vtiger_picklist_dependency` WRITE;
/*!40000 ALTER TABLE `vtiger_picklist_dependency` DISABLE KEYS */;
/*!40000 ALTER TABLE `vtiger_picklist_dependency` ENABLE KEYS */;
UNLOCK TABLES;

--
-- Table structure for table `vtiger_picklist_seq`
--

DROP TABLE IF EXISTS `vtiger_picklist_seq`;
/*!40101 SET @saved_cs_client     = @@character_set_client */;
/*!40101 SET character_set_client = utf8 */;
CREATE TABLE `vtiger_picklist_seq` (
  `id` int(11) NOT NULL
) ENGINE=InnoDB DEFAULT CHARSET=utf8;
/*!40101 SET character_set_client = @saved_cs_client */;

--
-- Dumping data for table `vtiger_picklist_seq`
--

LOCK TABLES `vtiger_picklist_seq` WRITE;
/*!40000 ALTER TABLE `vtiger_picklist_seq` DISABLE KEYS */;
INSERT INTO `vtiger_picklist_seq` VALUES (67);
/*!40000 ALTER TABLE `vtiger_picklist_seq` ENABLE KEYS */;
UNLOCK TABLES;

--
-- Table structure for table `vtiger_picklist_transitions`
--

DROP TABLE IF EXISTS `vtiger_picklist_transitions`;
/*!40101 SET @saved_cs_client     = @@character_set_client */;
/*!40101 SET character_set_client = utf8 */;
CREATE TABLE `vtiger_picklist_transitions` (
  `fieldname` varchar(255) NOT NULL,
  `module` varchar(100) NOT NULL,
  `transition_data` varchar(1000) NOT NULL,
  PRIMARY KEY (`fieldname`)
) ENGINE=InnoDB DEFAULT CHARSET=utf8;
/*!40101 SET character_set_client = @saved_cs_client */;

--
-- Dumping data for table `vtiger_picklist_transitions`
--

LOCK TABLES `vtiger_picklist_transitions` WRITE;
/*!40000 ALTER TABLE `vtiger_picklist_transitions` DISABLE KEYS */;
/*!40000 ALTER TABLE `vtiger_picklist_transitions` ENABLE KEYS */;
UNLOCK TABLES;

--
-- Table structure for table `vtiger_picklistvalues_seq`
--

DROP TABLE IF EXISTS `vtiger_picklistvalues_seq`;
/*!40101 SET @saved_cs_client     = @@character_set_client */;
/*!40101 SET character_set_client = utf8 */;
CREATE TABLE `vtiger_picklistvalues_seq` (
  `id` int(11) NOT NULL
) ENGINE=InnoDB DEFAULT CHARSET=utf8;
/*!40101 SET character_set_client = @saved_cs_client */;

--
-- Dumping data for table `vtiger_picklistvalues_seq`
--

LOCK TABLES `vtiger_picklistvalues_seq` WRITE;
/*!40000 ALTER TABLE `vtiger_picklistvalues_seq` DISABLE KEYS */;
INSERT INTO `vtiger_picklistvalues_seq` VALUES (415);
/*!40000 ALTER TABLE `vtiger_picklistvalues_seq` ENABLE KEYS */;
UNLOCK TABLES;

--
-- Table structure for table `vtiger_pobillads`
--

DROP TABLE IF EXISTS `vtiger_pobillads`;
/*!40101 SET @saved_cs_client     = @@character_set_client */;
/*!40101 SET character_set_client = utf8 */;
CREATE TABLE `vtiger_pobillads` (
  `pobilladdressid` int(19) NOT NULL DEFAULT 0,
  `bill_city` varchar(30) DEFAULT NULL,
  `bill_code` varchar(30) DEFAULT NULL,
  `bill_country` varchar(30) DEFAULT NULL,
  `bill_state` varchar(30) DEFAULT NULL,
  `bill_street` varchar(250) DEFAULT NULL,
  `bill_pobox` varchar(30) DEFAULT NULL,
  PRIMARY KEY (`pobilladdressid`),
  CONSTRAINT `fk_1_vtiger_pobillads` FOREIGN KEY (`pobilladdressid`) REFERENCES `vtiger_purchaseorder` (`purchaseorderid`) ON DELETE CASCADE
) ENGINE=InnoDB DEFAULT CHARSET=utf8;
/*!40101 SET character_set_client = @saved_cs_client */;

--
-- Dumping data for table `vtiger_pobillads`
--

LOCK TABLES `vtiger_pobillads` WRITE;
/*!40000 ALTER TABLE `vtiger_pobillads` DISABLE KEYS */;
/*!40000 ALTER TABLE `vtiger_pobillads` ENABLE KEYS */;
UNLOCK TABLES;

--
-- Table structure for table `vtiger_portal`
--

DROP TABLE IF EXISTS `vtiger_portal`;
/*!40101 SET @saved_cs_client     = @@character_set_client */;
/*!40101 SET character_set_client = utf8 */;
CREATE TABLE `vtiger_portal` (
  `portalid` int(19) NOT NULL,
  `portalname` varchar(200) NOT NULL,
  `portalurl` varchar(255) NOT NULL,
  `sequence` int(3) NOT NULL,
  `setdefault` int(3) NOT NULL DEFAULT 0,
  `createdtime` datetime DEFAULT NULL,
  PRIMARY KEY (`portalid`),
  KEY `portal_portalname_idx` (`portalname`)
) ENGINE=InnoDB DEFAULT CHARSET=utf8;
/*!40101 SET character_set_client = @saved_cs_client */;

--
-- Dumping data for table `vtiger_portal`
--

LOCK TABLES `vtiger_portal` WRITE;
/*!40000 ALTER TABLE `vtiger_portal` DISABLE KEYS */;
/*!40000 ALTER TABLE `vtiger_portal` ENABLE KEYS */;
UNLOCK TABLES;

--
-- Table structure for table `vtiger_portalinfo`
--

DROP TABLE IF EXISTS `vtiger_portalinfo`;
/*!40101 SET @saved_cs_client     = @@character_set_client */;
/*!40101 SET character_set_client = utf8 */;
CREATE TABLE `vtiger_portalinfo` (
  `id` int(11) NOT NULL,
  `user_name` varchar(50) DEFAULT NULL,
  `user_password` varchar(255) DEFAULT NULL,
  `type` varchar(5) DEFAULT NULL,
  `cryptmode` varchar(20) DEFAULT NULL,
  `last_login_time` datetime DEFAULT NULL,
  `login_time` datetime DEFAULT NULL,
  `logout_time` datetime DEFAULT NULL,
  `isactive` int(1) DEFAULT NULL,
  PRIMARY KEY (`id`),
  CONSTRAINT `fk_1_vtiger_portalinfo` FOREIGN KEY (`id`) REFERENCES `vtiger_contactdetails` (`contactid`) ON DELETE CASCADE
) ENGINE=InnoDB DEFAULT CHARSET=utf8;
/*!40101 SET character_set_client = @saved_cs_client */;

--
-- Dumping data for table `vtiger_portalinfo`
--

LOCK TABLES `vtiger_portalinfo` WRITE;
/*!40000 ALTER TABLE `vtiger_portalinfo` DISABLE KEYS */;
/*!40000 ALTER TABLE `vtiger_portalinfo` ENABLE KEYS */;
UNLOCK TABLES;

--
-- Table structure for table `vtiger_poshipads`
--

DROP TABLE IF EXISTS `vtiger_poshipads`;
/*!40101 SET @saved_cs_client     = @@character_set_client */;
/*!40101 SET character_set_client = utf8 */;
CREATE TABLE `vtiger_poshipads` (
  `poshipaddressid` int(19) NOT NULL DEFAULT 0,
  `ship_city` varchar(30) DEFAULT NULL,
  `ship_code` varchar(30) DEFAULT NULL,
  `ship_country` varchar(30) DEFAULT NULL,
  `ship_state` varchar(30) DEFAULT NULL,
  `ship_street` varchar(250) DEFAULT NULL,
  `ship_pobox` varchar(30) DEFAULT NULL,
  PRIMARY KEY (`poshipaddressid`),
  CONSTRAINT `fk_1_vtiger_poshipads` FOREIGN KEY (`poshipaddressid`) REFERENCES `vtiger_purchaseorder` (`purchaseorderid`) ON DELETE CASCADE
) ENGINE=InnoDB DEFAULT CHARSET=utf8;
/*!40101 SET character_set_client = @saved_cs_client */;

--
-- Dumping data for table `vtiger_poshipads`
--

LOCK TABLES `vtiger_poshipads` WRITE;
/*!40000 ALTER TABLE `vtiger_poshipads` DISABLE KEYS */;
/*!40000 ALTER TABLE `vtiger_poshipads` ENABLE KEYS */;
UNLOCK TABLES;

--
-- Table structure for table `vtiger_postatus`
--

DROP TABLE IF EXISTS `vtiger_postatus`;
/*!40101 SET @saved_cs_client     = @@character_set_client */;
/*!40101 SET character_set_client = utf8 */;
CREATE TABLE `vtiger_postatus` (
  `postatusid` int(19) NOT NULL AUTO_INCREMENT,
  `postatus` varchar(200) NOT NULL,
  `presence` int(1) NOT NULL DEFAULT 1,
  `picklist_valueid` int(19) NOT NULL DEFAULT 0,
  `sortorderid` int(11) DEFAULT NULL,
  `color` varchar(10) DEFAULT NULL,
  PRIMARY KEY (`postatusid`),
  UNIQUE KEY `postatus_postatus_idx` (`postatus`)
) ENGINE=InnoDB AUTO_INCREMENT=6 DEFAULT CHARSET=utf8;
/*!40101 SET character_set_client = @saved_cs_client */;

--
-- Dumping data for table `vtiger_postatus`
--

LOCK TABLES `vtiger_postatus` WRITE;
/*!40000 ALTER TABLE `vtiger_postatus` DISABLE KEYS */;
INSERT INTO `vtiger_postatus` VALUES (1,'Created',0,130,0,NULL),(2,'Approved',0,131,1,NULL),(3,'Delivered',0,132,2,NULL),(4,'Cancelled',0,133,3,NULL),(5,'Received Shipment',0,134,4,NULL);
/*!40000 ALTER TABLE `vtiger_postatus` ENABLE KEYS */;
UNLOCK TABLES;

--
-- Table structure for table `vtiger_postatus_seq`
--

DROP TABLE IF EXISTS `vtiger_postatus_seq`;
/*!40101 SET @saved_cs_client     = @@character_set_client */;
/*!40101 SET character_set_client = utf8 */;
CREATE TABLE `vtiger_postatus_seq` (
  `id` int(11) NOT NULL
) ENGINE=InnoDB DEFAULT CHARSET=utf8;
/*!40101 SET character_set_client = @saved_cs_client */;

--
-- Dumping data for table `vtiger_postatus_seq`
--

LOCK TABLES `vtiger_postatus_seq` WRITE;
/*!40000 ALTER TABLE `vtiger_postatus_seq` DISABLE KEYS */;
INSERT INTO `vtiger_postatus_seq` VALUES (5);
/*!40000 ALTER TABLE `vtiger_postatus_seq` ENABLE KEYS */;
UNLOCK TABLES;

--
-- Table structure for table `vtiger_postatushistory`
--

DROP TABLE IF EXISTS `vtiger_postatushistory`;
/*!40101 SET @saved_cs_client     = @@character_set_client */;
/*!40101 SET character_set_client = utf8 */;
CREATE TABLE `vtiger_postatushistory` (
  `historyid` int(19) NOT NULL AUTO_INCREMENT,
  `purchaseorderid` int(19) NOT NULL,
  `vendorname` varchar(100) DEFAULT NULL,
  `total` decimal(10,0) DEFAULT NULL,
  `postatus` varchar(200) DEFAULT NULL,
  `lastmodified` datetime DEFAULT NULL,
  PRIMARY KEY (`historyid`),
  KEY `postatushistory_purchaseorderid_idx` (`purchaseorderid`),
  CONSTRAINT `fk_1_vtiger_postatushistory` FOREIGN KEY (`purchaseorderid`) REFERENCES `vtiger_purchaseorder` (`purchaseorderid`) ON DELETE CASCADE
) ENGINE=InnoDB DEFAULT CHARSET=utf8;
/*!40101 SET character_set_client = @saved_cs_client */;

--
-- Dumping data for table `vtiger_postatushistory`
--

LOCK TABLES `vtiger_postatushistory` WRITE;
/*!40000 ALTER TABLE `vtiger_postatushistory` DISABLE KEYS */;
/*!40000 ALTER TABLE `vtiger_postatushistory` ENABLE KEYS */;
UNLOCK TABLES;

--
-- Table structure for table `vtiger_potential`
--

DROP TABLE IF EXISTS `vtiger_potential`;
/*!40101 SET @saved_cs_client     = @@character_set_client */;
/*!40101 SET character_set_client = utf8 */;
CREATE TABLE `vtiger_potential` (
  `potentialid` int(19) NOT NULL DEFAULT 0,
  `potential_no` varchar(100) NOT NULL,
  `related_to` int(19) DEFAULT NULL,
  `potentialname` varchar(120) NOT NULL,
  `amount` decimal(25,8) DEFAULT NULL,
  `currency` varchar(20) DEFAULT NULL,
  `closingdate` date DEFAULT NULL,
  `typeofrevenue` varchar(50) DEFAULT NULL,
  `nextstep` varchar(100) DEFAULT NULL,
  `private` int(1) DEFAULT 0,
  `probability` decimal(7,3) DEFAULT 0.000,
  `campaignid` int(19) DEFAULT NULL,
  `sales_stage` varchar(200) DEFAULT NULL,
  `potentialtype` varchar(200) DEFAULT NULL,
  `leadsource` varchar(200) DEFAULT NULL,
  `productid` int(50) DEFAULT NULL,
  `productversion` varchar(50) DEFAULT NULL,
  `quotationref` varchar(50) DEFAULT NULL,
  `partnercontact` varchar(50) DEFAULT NULL,
  `remarks` varchar(50) DEFAULT NULL,
  `runtimefee` int(19) DEFAULT 0,
  `followupdate` date DEFAULT NULL,
  `evaluationstatus` varchar(50) DEFAULT NULL,
  `description` text DEFAULT NULL,
  `forecastcategory` int(19) DEFAULT 0,
  `outcomeanalysis` int(19) DEFAULT 0,
  `forecast_amount` decimal(25,8) DEFAULT NULL,
  `isconvertedfromlead` varchar(3) DEFAULT '0',
  `contact_id` int(19) DEFAULT NULL,
  `tags` varchar(1) DEFAULT NULL,
  `converted` int(1) NOT NULL DEFAULT 0,
  PRIMARY KEY (`potentialid`),
  KEY `potential_relatedto_idx` (`related_to`),
  KEY `potentail_sales_stage_idx` (`sales_stage`),
  KEY `potentail_sales_stage_amount_idx` (`amount`,`sales_stage`),
  CONSTRAINT `fk_1_vtiger_potential` FOREIGN KEY (`potentialid`) REFERENCES `vtiger_crmentity` (`crmid`) ON DELETE CASCADE
) ENGINE=InnoDB DEFAULT CHARSET=utf8;
/*!40101 SET character_set_client = @saved_cs_client */;

--
-- Dumping data for table `vtiger_potential`
--

LOCK TABLES `vtiger_potential` WRITE;
/*!40000 ALTER TABLE `vtiger_potential` DISABLE KEYS */;
/*!40000 ALTER TABLE `vtiger_potential` ENABLE KEYS */;
UNLOCK TABLES;

--
-- Table structure for table `vtiger_potentialscf`
--

DROP TABLE IF EXISTS `vtiger_potentialscf`;
/*!40101 SET @saved_cs_client     = @@character_set_client */;
/*!40101 SET character_set_client = utf8 */;
CREATE TABLE `vtiger_potentialscf` (
  `potentialid` int(19) NOT NULL DEFAULT 0,
  PRIMARY KEY (`potentialid`),
  CONSTRAINT `fk_1_vtiger_potentialscf` FOREIGN KEY (`potentialid`) REFERENCES `vtiger_potential` (`potentialid`) ON DELETE CASCADE
) ENGINE=InnoDB DEFAULT CHARSET=utf8;
/*!40101 SET character_set_client = @saved_cs_client */;

--
-- Dumping data for table `vtiger_potentialscf`
--

LOCK TABLES `vtiger_potentialscf` WRITE;
/*!40000 ALTER TABLE `vtiger_potentialscf` DISABLE KEYS */;
/*!40000 ALTER TABLE `vtiger_potentialscf` ENABLE KEYS */;
UNLOCK TABLES;

--
-- Table structure for table `vtiger_potstagehistory`
--

DROP TABLE IF EXISTS `vtiger_potstagehistory`;
/*!40101 SET @saved_cs_client     = @@character_set_client */;
/*!40101 SET character_set_client = utf8 */;
CREATE TABLE `vtiger_potstagehistory` (
  `historyid` int(19) NOT NULL AUTO_INCREMENT,
  `potentialid` int(19) NOT NULL,
  `amount` decimal(10,0) DEFAULT NULL,
  `stage` varchar(100) DEFAULT NULL,
  `probability` decimal(7,3) DEFAULT NULL,
  `expectedrevenue` decimal(10,0) DEFAULT NULL,
  `closedate` date DEFAULT NULL,
  `lastmodified` datetime DEFAULT NULL,
  PRIMARY KEY (`historyid`),
  KEY `potstagehistory_potentialid_idx` (`potentialid`),
  CONSTRAINT `fk_1_vtiger_potstagehistory` FOREIGN KEY (`potentialid`) REFERENCES `vtiger_potential` (`potentialid`) ON DELETE CASCADE
) ENGINE=InnoDB DEFAULT CHARSET=utf8;
/*!40101 SET character_set_client = @saved_cs_client */;

--
-- Dumping data for table `vtiger_potstagehistory`
--

LOCK TABLES `vtiger_potstagehistory` WRITE;
/*!40000 ALTER TABLE `vtiger_potstagehistory` DISABLE KEYS */;
/*!40000 ALTER TABLE `vtiger_potstagehistory` ENABLE KEYS */;
UNLOCK TABLES;

--
-- Table structure for table `vtiger_pricebook`
--

DROP TABLE IF EXISTS `vtiger_pricebook`;
/*!40101 SET @saved_cs_client     = @@character_set_client */;
/*!40101 SET character_set_client = utf8 */;
CREATE TABLE `vtiger_pricebook` (
  `pricebookid` int(19) NOT NULL DEFAULT 0,
  `pricebook_no` varchar(100) NOT NULL,
  `bookname` varchar(100) DEFAULT NULL,
  `active` int(1) DEFAULT NULL,
  `currency_id` int(19) NOT NULL DEFAULT 1,
  `tags` varchar(1) DEFAULT NULL,
  PRIMARY KEY (`pricebookid`),
  CONSTRAINT `fk_1_vtiger_pricebook` FOREIGN KEY (`pricebookid`) REFERENCES `vtiger_crmentity` (`crmid`) ON DELETE CASCADE
) ENGINE=InnoDB DEFAULT CHARSET=utf8;
/*!40101 SET character_set_client = @saved_cs_client */;

--
-- Dumping data for table `vtiger_pricebook`
--

LOCK TABLES `vtiger_pricebook` WRITE;
/*!40000 ALTER TABLE `vtiger_pricebook` DISABLE KEYS */;
/*!40000 ALTER TABLE `vtiger_pricebook` ENABLE KEYS */;
UNLOCK TABLES;

--
-- Table structure for table `vtiger_pricebookcf`
--

DROP TABLE IF EXISTS `vtiger_pricebookcf`;
/*!40101 SET @saved_cs_client     = @@character_set_client */;
/*!40101 SET character_set_client = utf8 */;
CREATE TABLE `vtiger_pricebookcf` (
  `pricebookid` int(19) NOT NULL DEFAULT 0,
  PRIMARY KEY (`pricebookid`),
  CONSTRAINT `fk_1_vtiger_pricebookcf` FOREIGN KEY (`pricebookid`) REFERENCES `vtiger_pricebook` (`pricebookid`) ON DELETE CASCADE
) ENGINE=InnoDB DEFAULT CHARSET=utf8;
/*!40101 SET character_set_client = @saved_cs_client */;

--
-- Dumping data for table `vtiger_pricebookcf`
--

LOCK TABLES `vtiger_pricebookcf` WRITE;
/*!40000 ALTER TABLE `vtiger_pricebookcf` DISABLE KEYS */;
/*!40000 ALTER TABLE `vtiger_pricebookcf` ENABLE KEYS */;
UNLOCK TABLES;

--
-- Table structure for table `vtiger_pricebookproductrel`
--

DROP TABLE IF EXISTS `vtiger_pricebookproductrel`;
/*!40101 SET @saved_cs_client     = @@character_set_client */;
/*!40101 SET character_set_client = utf8 */;
CREATE TABLE `vtiger_pricebookproductrel` (
  `pricebookid` int(19) NOT NULL,
  `productid` int(19) NOT NULL,
  `listprice` decimal(27,8) DEFAULT NULL,
  `usedcurrency` int(11) NOT NULL DEFAULT 1,
  PRIMARY KEY (`pricebookid`,`productid`),
  KEY `pricebookproductrel_pricebookid_idx` (`pricebookid`),
  KEY `pricebookproductrel_productid_idx` (`productid`),
  CONSTRAINT `fk_1_vtiger_pricebookproductrel` FOREIGN KEY (`pricebookid`) REFERENCES `vtiger_pricebook` (`pricebookid`) ON DELETE CASCADE
) ENGINE=InnoDB DEFAULT CHARSET=utf8;
/*!40101 SET character_set_client = @saved_cs_client */;

--
-- Dumping data for table `vtiger_pricebookproductrel`
--

LOCK TABLES `vtiger_pricebookproductrel` WRITE;
/*!40000 ALTER TABLE `vtiger_pricebookproductrel` DISABLE KEYS */;
/*!40000 ALTER TABLE `vtiger_pricebookproductrel` ENABLE KEYS */;
UNLOCK TABLES;

--
-- Table structure for table `vtiger_priority`
--

DROP TABLE IF EXISTS `vtiger_priority`;
/*!40101 SET @saved_cs_client     = @@character_set_client */;
/*!40101 SET character_set_client = utf8 */;
CREATE TABLE `vtiger_priority` (
  `priorityid` int(19) NOT NULL AUTO_INCREMENT,
  `priority` varchar(200) NOT NULL,
  `sortorderid` int(19) NOT NULL DEFAULT 0,
  `presence` int(1) NOT NULL DEFAULT 1,
  PRIMARY KEY (`priorityid`),
  UNIQUE KEY `priority_priority_idx` (`priority`)
) ENGINE=InnoDB DEFAULT CHARSET=utf8;
/*!40101 SET character_set_client = @saved_cs_client */;

--
-- Dumping data for table `vtiger_priority`
--

LOCK TABLES `vtiger_priority` WRITE;
/*!40000 ALTER TABLE `vtiger_priority` DISABLE KEYS */;
/*!40000 ALTER TABLE `vtiger_priority` ENABLE KEYS */;
UNLOCK TABLES;

--
-- Table structure for table `vtiger_productcategory`
--

DROP TABLE IF EXISTS `vtiger_productcategory`;
/*!40101 SET @saved_cs_client     = @@character_set_client */;
/*!40101 SET character_set_client = utf8 */;
CREATE TABLE `vtiger_productcategory` (
  `productcategoryid` int(19) NOT NULL AUTO_INCREMENT,
  `productcategory` varchar(200) NOT NULL,
  `presence` int(1) NOT NULL DEFAULT 1,
  `picklist_valueid` int(19) NOT NULL DEFAULT 0,
  `sortorderid` int(11) DEFAULT NULL,
  `color` varchar(10) DEFAULT NULL,
  PRIMARY KEY (`productcategoryid`),
  UNIQUE KEY `productcategory_productcategory_idx` (`productcategory`)
) ENGINE=InnoDB AUTO_INCREMENT=10 DEFAULT CHARSET=utf8;
/*!40101 SET character_set_client = @saved_cs_client */;

--
-- Dumping data for table `vtiger_productcategory`
--

LOCK TABLES `vtiger_productcategory` WRITE;
/*!40000 ALTER TABLE `vtiger_productcategory` DISABLE KEYS */;
INSERT INTO `vtiger_productcategory` VALUES (5,'Inicial',1,324,4,''),(6,'Primaria',1,325,5,''),(7,'Secundaria',1,326,6,''),(8,'Diplomado',1,327,7,''),(9,'Todos',1,328,8,'');
/*!40000 ALTER TABLE `vtiger_productcategory` ENABLE KEYS */;
UNLOCK TABLES;

--
-- Table structure for table `vtiger_productcategory_seq`
--

DROP TABLE IF EXISTS `vtiger_productcategory_seq`;
/*!40101 SET @saved_cs_client     = @@character_set_client */;
/*!40101 SET character_set_client = utf8 */;
CREATE TABLE `vtiger_productcategory_seq` (
  `id` int(11) NOT NULL
) ENGINE=InnoDB DEFAULT CHARSET=utf8;
/*!40101 SET character_set_client = @saved_cs_client */;

--
-- Dumping data for table `vtiger_productcategory_seq`
--

LOCK TABLES `vtiger_productcategory_seq` WRITE;
/*!40000 ALTER TABLE `vtiger_productcategory_seq` DISABLE KEYS */;
INSERT INTO `vtiger_productcategory_seq` VALUES (9);
/*!40000 ALTER TABLE `vtiger_productcategory_seq` ENABLE KEYS */;
UNLOCK TABLES;

--
-- Table structure for table `vtiger_productcf`
--

DROP TABLE IF EXISTS `vtiger_productcf`;
/*!40101 SET @saved_cs_client     = @@character_set_client */;
/*!40101 SET character_set_client = utf8 */;
CREATE TABLE `vtiger_productcf` (
  `productid` int(19) NOT NULL DEFAULT 0,
  `cf_874` varchar(255) DEFAULT '',
  `cf_876` varchar(255) DEFAULT '',
  `cf_878` varchar(255) DEFAULT '',
  `cf_880` bigint(11) DEFAULT NULL,
  `cf_882` text DEFAULT NULL,
  PRIMARY KEY (`productid`),
  CONSTRAINT `fk_1_vtiger_productcf` FOREIGN KEY (`productid`) REFERENCES `vtiger_products` (`productid`) ON DELETE CASCADE
) ENGINE=InnoDB DEFAULT CHARSET=utf8;
/*!40101 SET character_set_client = @saved_cs_client */;

--
-- Dumping data for table `vtiger_productcf`
--

LOCK TABLES `vtiger_productcf` WRITE;
/*!40000 ALTER TABLE `vtiger_productcf` DISABLE KEYS */;
INSERT INTO `vtiger_productcf` VALUES (23,'1','1','Matemática',NULL,NULL),(24,'1','1','Comunicación',NULL,NULL),(25,'1','3','Comunicación',2019,NULL),(26,'Todos','Todos','Todos',2019,NULL),(27,'Todos','Todos','Todos',2019,'cosas'),(29,'2','2','Matemática',2019,''),(30,'2','1','Matemática',2019,'');
/*!40000 ALTER TABLE `vtiger_productcf` ENABLE KEYS */;
UNLOCK TABLES;

--
-- Table structure for table `vtiger_productcurrencyrel`
--

DROP TABLE IF EXISTS `vtiger_productcurrencyrel`;
/*!40101 SET @saved_cs_client     = @@character_set_client */;
/*!40101 SET character_set_client = utf8 */;
CREATE TABLE `vtiger_productcurrencyrel` (
  `productid` int(11) NOT NULL,
  `currencyid` int(11) NOT NULL,
  `converted_price` decimal(28,8) DEFAULT NULL,
  `actual_price` decimal(28,8) DEFAULT NULL
) ENGINE=InnoDB DEFAULT CHARSET=utf8;
/*!40101 SET character_set_client = @saved_cs_client */;

--
-- Dumping data for table `vtiger_productcurrencyrel`
--

LOCK TABLES `vtiger_productcurrencyrel` WRITE;
/*!40000 ALTER TABLE `vtiger_productcurrencyrel` DISABLE KEYS */;
/*!40000 ALTER TABLE `vtiger_productcurrencyrel` ENABLE KEYS */;
UNLOCK TABLES;

--
-- Table structure for table `vtiger_products`
--

DROP TABLE IF EXISTS `vtiger_products`;
/*!40101 SET @saved_cs_client     = @@character_set_client */;
/*!40101 SET character_set_client = utf8 */;
CREATE TABLE `vtiger_products` (
  `productid` int(11) NOT NULL,
  `product_no` varchar(100) NOT NULL,
  `productname` varchar(100) DEFAULT NULL,
  `productcode` varchar(40) DEFAULT NULL,
  `productcategory` varchar(200) DEFAULT NULL,
  `manufacturer` varchar(200) DEFAULT NULL,
  `qty_per_unit` decimal(11,2) DEFAULT 0.00,
  `unit_price` decimal(25,8) DEFAULT NULL,
  `weight` decimal(11,3) DEFAULT NULL,
  `pack_size` int(11) DEFAULT NULL,
  `sales_start_date` date DEFAULT NULL,
  `sales_end_date` date DEFAULT NULL,
  `start_date` date DEFAULT NULL,
  `expiry_date` date DEFAULT NULL,
  `cost_factor` int(11) DEFAULT NULL,
  `commissionrate` decimal(7,3) DEFAULT NULL,
  `commissionmethod` varchar(50) DEFAULT NULL,
  `discontinued` int(1) NOT NULL DEFAULT 0,
  `usageunit` varchar(200) DEFAULT NULL,
  `reorderlevel` int(11) DEFAULT NULL,
  `website` varchar(100) DEFAULT NULL,
  `taxclass` varchar(200) DEFAULT NULL,
  `mfr_part_no` varchar(200) DEFAULT NULL,
  `vendor_part_no` varchar(200) DEFAULT NULL,
  `serialno` varchar(200) DEFAULT NULL,
  `qtyinstock` decimal(25,3) DEFAULT NULL,
  `productsheet` varchar(200) DEFAULT NULL,
  `qtyindemand` int(11) DEFAULT NULL,
  `glacct` varchar(200) DEFAULT NULL,
  `vendor_id` int(11) DEFAULT NULL,
  `imagename` text DEFAULT NULL,
  `currency_id` int(19) NOT NULL DEFAULT 1,
  `is_subproducts_viewable` int(1) DEFAULT 1,
  `purchase_cost` decimal(27,8) DEFAULT NULL,
  `tags` varchar(1) DEFAULT NULL,
  PRIMARY KEY (`productid`),
  CONSTRAINT `fk_1_vtiger_products` FOREIGN KEY (`productid`) REFERENCES `vtiger_crmentity` (`crmid`) ON DELETE CASCADE
) ENGINE=InnoDB DEFAULT CHARSET=utf8;
/*!40101 SET character_set_client = @saved_cs_client */;

--
-- Dumping data for table `vtiger_products`
--

LOCK TABLES `vtiger_products` WRITE;
/*!40000 ALTER TABLE `vtiger_products` DISABLE KEYS */;
INSERT INTO `vtiger_products` VALUES (23,'PRO1','NIVEL: Inicial - GRADO: 1 - SECC: 1 - CURSO: Matemática','','Inicial',NULL,0.00,NULL,NULL,NULL,NULL,NULL,'2019-02-18','2019-02-21',NULL,NULL,NULL,1,NULL,NULL,NULL,NULL,NULL,NULL,NULL,NULL,NULL,NULL,NULL,NULL,NULL,1,1,NULL,''),(24,'PRO2','123 - NIVEL: Inicial - GRADO: 1 - SECC: 1 - CURSO: Comunicación','123','Inicial',NULL,0.00,NULL,NULL,NULL,NULL,NULL,'2019-02-18',NULL,NULL,NULL,NULL,1,NULL,NULL,NULL,NULL,NULL,NULL,NULL,NULL,NULL,NULL,NULL,NULL,NULL,1,1,NULL,''),(25,'PRO3','[12125] - AÑO: 2019 - NIVEL: Secundaria - GRADO: 1 - SECC: 3 - CURSO: Comunicación','12125','Secundaria',NULL,0.00,NULL,NULL,NULL,NULL,NULL,'2019-02-18',NULL,NULL,NULL,NULL,1,NULL,NULL,NULL,NULL,NULL,NULL,NULL,NULL,NULL,NULL,NULL,NULL,NULL,1,1,NULL,''),(26,'CP4','AÑO: 2019 - NIVEL: Primaria - GRADO: Todos - SECC: Todos - CURSO: Todos','','Primaria',NULL,0.00,NULL,NULL,NULL,NULL,NULL,'2019-01-01',NULL,NULL,NULL,NULL,1,NULL,NULL,NULL,NULL,NULL,NULL,NULL,NULL,NULL,NULL,NULL,NULL,NULL,1,1,NULL,''),(27,'CP5','AÑO: 2019 - NIVEL: Secundaria - GRADO: Todos - SECC: Todos - CURSO: Todos','','Secundaria',NULL,0.00,NULL,NULL,NULL,NULL,NULL,'2019-01-01','2019-02-28',NULL,NULL,NULL,0,NULL,NULL,NULL,NULL,NULL,NULL,NULL,NULL,NULL,NULL,NULL,NULL,NULL,1,1,NULL,''),(29,'CP6','[P22M2019] - AÑO: 2019 - NIVEL: Primaria - GRADO: 2 - SECC: 2 - CURSO: Matemática','P22M2019','Primaria',NULL,0.00,NULL,NULL,NULL,NULL,NULL,'2019-02-18',NULL,NULL,NULL,NULL,1,NULL,NULL,NULL,NULL,NULL,NULL,NULL,NULL,NULL,NULL,NULL,NULL,NULL,1,1,NULL,''),(30,'CP7','[P21M2019] - AÑO: 2019 - NIVEL: Primaria - GRADO: 2 - SECC: 1 - CURSO: Matemática','P21M2019','Primaria',NULL,0.00,NULL,NULL,NULL,NULL,NULL,'2019-02-18',NULL,NULL,NULL,NULL,1,NULL,NULL,NULL,NULL,NULL,NULL,NULL,NULL,NULL,NULL,NULL,NULL,NULL,1,1,NULL,'');
/*!40000 ALTER TABLE `vtiger_products` ENABLE KEYS */;
UNLOCK TABLES;

--
-- Table structure for table `vtiger_producttaxrel`
--

DROP TABLE IF EXISTS `vtiger_producttaxrel`;
/*!40101 SET @saved_cs_client     = @@character_set_client */;
/*!40101 SET character_set_client = utf8 */;
CREATE TABLE `vtiger_producttaxrel` (
  `productid` int(11) NOT NULL,
  `taxid` int(3) NOT NULL,
  `taxpercentage` decimal(7,3) DEFAULT NULL,
  `regions` text DEFAULT NULL,
  KEY `producttaxrel_productid_idx` (`productid`),
  KEY `producttaxrel_taxid_idx` (`taxid`),
  CONSTRAINT `fk_crmid_vtiger_producttaxrel` FOREIGN KEY (`productid`) REFERENCES `vtiger_crmentity` (`crmid`) ON DELETE CASCADE
) ENGINE=InnoDB DEFAULT CHARSET=utf8;
/*!40101 SET character_set_client = @saved_cs_client */;

--
-- Dumping data for table `vtiger_producttaxrel`
--

LOCK TABLES `vtiger_producttaxrel` WRITE;
/*!40000 ALTER TABLE `vtiger_producttaxrel` DISABLE KEYS */;
/*!40000 ALTER TABLE `vtiger_producttaxrel` ENABLE KEYS */;
UNLOCK TABLES;

--
-- Table structure for table `vtiger_profile`
--

DROP TABLE IF EXISTS `vtiger_profile`;
/*!40101 SET @saved_cs_client     = @@character_set_client */;
/*!40101 SET character_set_client = utf8 */;
CREATE TABLE `vtiger_profile` (
  `profileid` int(10) NOT NULL AUTO_INCREMENT,
  `profilename` varchar(50) NOT NULL,
  `description` text DEFAULT NULL,
  `directly_related_to_role` int(1) DEFAULT 0,
  PRIMARY KEY (`profileid`)
) ENGINE=InnoDB AUTO_INCREMENT=8 DEFAULT CHARSET=utf8;
/*!40101 SET character_set_client = @saved_cs_client */;

--
-- Dumping data for table `vtiger_profile`
--

LOCK TABLES `vtiger_profile` WRITE;
/*!40000 ALTER TABLE `vtiger_profile` DISABLE KEYS */;
INSERT INTO `vtiger_profile` VALUES (1,'Administrator','Admin Profile',0),(5,'Director','',0),(6,'Asistente','',0),(7,'Profesor','',0);
/*!40000 ALTER TABLE `vtiger_profile` ENABLE KEYS */;
UNLOCK TABLES;

--
-- Table structure for table `vtiger_profile2field`
--

DROP TABLE IF EXISTS `vtiger_profile2field`;
/*!40101 SET @saved_cs_client     = @@character_set_client */;
/*!40101 SET character_set_client = utf8 */;
CREATE TABLE `vtiger_profile2field` (
  `profileid` int(11) NOT NULL,
  `tabid` int(10) DEFAULT NULL,
  `fieldid` int(19) NOT NULL,
  `visible` int(19) DEFAULT NULL,
  `readonly` int(19) DEFAULT NULL,
  PRIMARY KEY (`profileid`,`fieldid`),
  KEY `profile2field_profileid_tabid_fieldname_idx` (`profileid`,`tabid`),
  KEY `profile2field_tabid_profileid_idx` (`tabid`,`profileid`),
  KEY `profile2field_visible_profileid_idx` (`visible`,`profileid`)
) ENGINE=InnoDB DEFAULT CHARSET=utf8;
/*!40101 SET character_set_client = @saved_cs_client */;

--
-- Dumping data for table `vtiger_profile2field`
--

LOCK TABLES `vtiger_profile2field` WRITE;
/*!40000 ALTER TABLE `vtiger_profile2field` DISABLE KEYS */;
INSERT INTO `vtiger_profile2field` VALUES (1,6,1,0,0),(1,6,2,0,0),(1,6,3,0,0),(1,6,4,0,0),(1,6,5,0,0),(1,6,6,0,0),(1,6,7,0,0),(1,6,8,0,0),(1,6,9,0,0),(1,6,10,0,0),(1,6,11,0,0),(1,6,12,0,0),(1,6,13,0,0),(1,6,14,0,0),(1,6,15,0,0),(1,6,16,0,0),(1,6,17,0,0),(1,6,18,0,0),(1,6,19,0,0),(1,6,20,0,0),(1,6,21,0,0),(1,6,22,0,0),(1,6,23,0,0),(1,6,24,0,0),(1,6,25,0,0),(1,6,26,0,0),(1,6,27,0,0),(1,6,28,0,0),(1,6,29,0,0),(1,6,30,0,0),(1,6,31,0,0),(1,6,32,0,0),(1,6,33,0,0),(1,6,34,0,0),(1,6,35,0,0),(1,6,36,0,0),(1,7,37,0,0),(1,7,38,0,0),(1,7,39,0,0),(1,7,40,0,0),(1,7,41,0,0),(1,7,42,0,0),(1,7,43,0,0),(1,7,44,0,0),(1,7,45,0,0),(1,7,46,0,0),(1,7,47,0,0),(1,7,48,0,0),(1,7,49,0,0),(1,7,50,0,0),(1,7,51,0,0),(1,7,52,0,0),(1,7,53,0,0),(1,7,54,0,0),(1,7,55,0,0),(1,7,56,0,0),(1,7,57,0,0),(1,7,58,0,0),(1,7,59,0,0),(1,7,60,0,0),(1,7,61,0,0),(1,7,62,0,0),(1,7,63,0,0),(1,7,64,0,0),(1,7,65,0,0),(1,4,66,0,0),(1,4,67,0,0),(1,4,68,0,0),(1,4,69,0,0),(1,4,70,0,0),(1,4,71,0,0),(1,4,72,1,0),(1,4,73,0,0),(1,4,74,0,0),(1,4,75,0,0),(1,4,76,0,0),(1,4,77,0,0),(1,4,78,0,0),(1,4,79,0,0),(1,4,80,0,0),(1,4,81,0,0),(1,4,82,0,0),(1,4,83,0,0),(1,4,84,0,0),(1,4,85,0,0),(1,4,86,0,0),(1,4,87,0,0),(1,4,88,0,0),(1,4,89,0,0),(1,4,90,0,1),(1,4,91,0,1),(1,4,92,0,0),(1,4,93,0,0),(1,4,94,0,0),(1,4,95,0,0),(1,4,96,0,0),(1,4,97,0,0),(1,4,98,0,0),(1,4,99,0,0),(1,4,100,0,0),(1,4,101,0,0),(1,4,102,0,0),(1,4,103,0,0),(1,4,104,0,0),(1,4,105,0,0),(1,4,106,0,0),(1,4,107,0,0),(1,4,108,0,0),(1,4,109,0,0),(1,2,110,0,0),(1,2,111,0,0),(1,2,112,0,0),(1,2,113,0,0),(1,2,114,0,0),(1,2,115,0,0),(1,2,116,0,0),(1,2,117,0,0),(1,2,118,0,0),(1,2,119,0,0),(1,2,120,0,0),(1,2,121,0,0),(1,2,122,0,0),(1,2,123,0,0),(1,2,124,0,0),(1,2,125,0,0),(1,26,126,0,0),(1,26,127,0,0),(1,26,128,0,0),(1,26,129,0,0),(1,26,130,0,0),(1,26,131,0,0),(1,26,132,0,0),(1,26,133,0,0),(1,26,134,0,0),(1,26,135,0,0),(1,26,136,0,0),(1,26,137,0,0),(1,26,138,0,0),(1,26,139,0,0),(1,26,140,0,0),(1,26,141,0,0),(1,26,142,0,0),(1,26,143,0,0),(1,26,144,0,0),(1,26,145,0,0),(1,26,146,0,0),(1,26,147,0,0),(1,26,148,0,0),(1,26,149,0,0),(1,26,150,0,0),(1,4,151,0,0),(1,6,152,0,0),(1,7,153,0,0),(1,26,154,0,0),(1,13,155,0,0),(1,13,156,0,0),(1,13,157,1,0),(1,13,158,0,0),(1,13,159,0,0),(1,13,160,0,0),(1,13,161,0,0),(1,13,162,0,0),(1,13,163,0,0),(1,13,164,0,0),(1,13,165,0,0),(1,13,166,0,1),(1,13,167,0,1),(1,13,168,0,0),(1,13,169,0,0),(1,13,170,0,0),(1,13,171,0,0),(1,13,172,0,0),(1,13,173,0,0),(1,14,174,0,0),(1,14,175,0,0),(1,14,176,0,0),(1,14,177,0,0),(1,14,178,0,0),(1,14,179,0,0),(1,14,180,0,0),(1,14,181,0,0),(1,14,182,0,0),(1,14,183,0,0),(1,14,184,0,0),(1,14,185,0,0),(1,14,186,0,0),(1,14,187,0,0),(1,14,188,0,0),(1,14,189,0,0),(1,14,190,0,0),(1,14,191,0,0),(1,14,192,0,0),(1,14,193,0,0),(1,14,194,0,0),(1,14,195,0,0),(1,14,196,0,0),(1,14,197,0,0),(1,14,198,0,0),(1,14,199,0,0),(1,14,200,0,0),(1,14,201,0,0),(1,14,202,0,0),(1,14,203,0,0),(1,14,204,0,0),(1,8,205,0,0),(1,8,206,0,1),(1,8,207,0,1),(1,8,208,0,0),(1,8,209,0,0),(1,8,210,0,0),(1,8,211,0,1),(1,8,212,0,1),(1,8,213,0,0),(1,8,214,0,0),(1,8,215,0,0),(1,8,216,0,1),(1,8,217,0,0),(1,8,218,0,0),(1,8,219,0,0),(1,10,220,0,0),(1,10,221,0,0),(1,10,222,0,0),(1,10,223,0,0),(1,10,224,0,0),(1,10,225,0,0),(1,10,226,0,0),(1,10,227,0,0),(1,10,228,0,0),(1,10,229,0,1),(1,10,230,0,0),(1,10,231,0,0),(1,9,232,0,0),(1,9,233,0,0),(1,9,234,0,0),(1,9,235,0,0),(1,9,236,0,0),(1,9,237,0,0),(1,9,238,0,0),(1,9,239,0,0),(1,9,240,0,0),(1,9,241,0,0),(1,9,242,0,0),(1,9,243,0,0),(1,9,244,0,1),(1,9,245,0,1),(1,9,246,0,0),(1,9,247,0,0),(1,9,248,0,0),(1,9,249,0,0),(1,9,250,0,0),(1,9,251,0,0),(1,9,252,0,0),(1,9,253,0,0),(1,9,254,0,0),(1,9,255,0,0),(1,16,256,0,0),(1,16,257,0,0),(1,16,258,0,0),(1,16,259,0,0),(1,16,260,0,0),(1,16,261,0,0),(1,16,262,0,0),(1,16,263,0,0),(1,16,264,0,0),(1,16,265,0,0),(1,16,266,0,0),(1,16,267,0,0),(1,16,268,0,0),(1,16,269,0,0),(1,16,270,0,1),(1,16,271,0,1),(1,16,272,0,0),(1,16,273,0,0),(1,16,274,0,0),(1,16,275,0,0),(1,16,276,0,0),(1,16,277,0,0),(1,16,278,0,0),(1,15,279,0,0),(1,15,280,0,0),(1,15,281,0,0),(1,15,282,0,0),(1,15,283,0,0),(1,15,284,0,0),(1,15,285,0,0),(1,15,286,0,0),(1,15,287,0,0),(1,15,288,0,0),(1,18,289,0,0),(1,18,290,0,0),(1,18,291,0,0),(1,18,292,0,0),(1,18,293,0,0),(1,18,294,0,0),(1,18,295,0,0),(1,18,296,0,0),(1,18,297,0,0),(1,18,298,0,0),(1,18,299,0,0),(1,18,300,0,0),(1,18,301,0,0),(1,18,302,0,0),(1,18,303,0,0),(1,18,304,0,0),(1,18,305,0,0),(1,19,306,0,0),(1,19,307,0,0),(1,19,308,0,0),(1,19,309,0,0),(1,19,310,0,0),(1,19,311,0,0),(1,19,312,0,0),(1,19,313,0,0),(1,20,314,0,0),(1,20,315,0,0),(1,20,316,0,0),(1,20,317,0,0),(1,20,318,0,0),(1,20,319,0,0),(1,20,320,0,0),(1,20,321,0,0),(1,20,322,0,0),(1,20,323,0,0),(1,20,324,0,0),(1,20,325,0,0),(1,20,326,0,0),(1,20,327,0,0),(1,20,328,0,0),(1,20,329,0,0),(1,20,330,0,0),(1,20,331,0,0),(1,20,332,0,0),(1,20,333,0,0),(1,20,334,0,0),(1,20,335,0,0),(1,20,336,0,0),(1,20,337,0,0),(1,20,338,0,0),(1,20,339,0,0),(1,20,340,0,0),(1,20,341,0,0),(1,20,342,0,0),(1,20,343,0,0),(1,20,344,0,0),(1,20,345,0,0),(1,20,346,0,0),(1,20,347,0,0),(1,20,348,0,0),(1,20,349,0,0),(1,20,350,0,0),(1,21,351,0,0),(1,21,352,0,0),(1,21,353,0,0),(1,21,354,0,0),(1,21,355,0,0),(1,21,356,0,0),(1,21,357,0,0),(1,21,358,0,0),(1,21,359,0,0),(1,21,360,0,0),(1,21,361,0,0),(1,21,362,0,0),(1,21,363,0,0),(1,21,364,0,0),(1,21,365,0,0),(1,21,366,0,0),(1,21,367,0,0),(1,21,368,0,0),(1,21,369,0,0),(1,21,370,0,0),(1,21,371,0,0),(1,21,372,0,0),(1,21,373,0,0),(1,21,374,0,0),(1,21,375,0,0),(1,21,376,0,0),(1,21,377,0,0),(1,21,378,0,0),(1,21,379,0,0),(1,21,380,0,0),(1,21,381,0,0),(1,21,382,0,0),(1,21,383,0,0),(1,21,384,0,0),(1,21,385,0,0),(1,21,386,0,0),(1,21,387,0,0),(1,21,388,0,0),(1,22,389,0,0),(1,22,390,0,0),(1,22,391,0,0),(1,22,392,0,0),(1,22,393,0,0),(1,22,394,0,0),(1,22,395,0,0),(1,22,396,0,0),(1,22,397,0,0),(1,22,398,0,0),(1,22,399,0,0),(1,22,400,0,0),(1,22,401,0,0),(1,22,402,0,0),(1,22,403,0,0),(1,22,404,0,0),(1,22,405,0,0),(1,22,406,0,0),(1,22,407,0,0),(1,22,408,0,0),(1,22,409,0,0),(1,22,410,0,0),(1,22,411,0,0),(1,22,412,0,0),(1,22,413,0,0),(1,22,414,0,0),(1,22,415,0,0),(1,22,416,0,0),(1,22,417,0,0),(1,22,418,0,0),(1,22,419,0,0),(1,22,420,0,0),(1,22,421,0,0),(1,22,422,0,0),(1,22,423,0,0),(1,22,424,0,0),(1,22,425,0,0),(1,22,426,0,0),(1,22,427,0,0),(1,22,428,0,0),(1,22,429,0,0),(1,22,430,0,0),(1,22,431,0,0),(1,22,432,0,0),(1,22,433,0,0),(1,22,434,0,0),(1,22,435,0,0),(1,23,436,0,0),(1,23,437,0,0),(1,23,438,0,0),(1,23,439,0,0),(1,23,440,0,0),(1,23,441,0,0),(1,23,442,0,0),(1,23,443,0,0),(1,23,444,0,0),(1,23,445,0,0),(1,23,446,0,0),(1,23,447,0,0),(1,23,448,0,0),(1,23,449,0,0),(1,23,450,0,0),(1,23,451,0,0),(1,23,452,0,0),(1,23,453,0,0),(1,23,454,0,0),(1,23,455,0,0),(1,23,456,0,0),(1,23,457,0,0),(1,23,458,0,0),(1,23,459,0,0),(1,23,460,0,0),(1,23,461,0,0),(1,23,462,0,0),(1,23,463,0,0),(1,23,464,0,0),(1,23,465,0,0),(1,23,466,0,0),(1,23,467,0,0),(1,23,468,0,0),(1,23,469,0,0),(1,23,470,0,0),(1,23,471,0,0),(1,23,472,0,0),(1,23,473,0,0),(1,23,474,0,0),(1,29,475,0,0),(1,29,479,0,0),(1,29,480,0,0),(1,29,482,0,0),(1,29,489,0,0),(1,29,490,0,0),(1,29,491,0,0),(1,29,492,0,0),(1,29,493,0,0),(1,29,495,0,0),(1,29,496,0,0),(1,29,497,0,0),(1,29,498,0,0),(1,29,499,0,0),(1,29,504,0,0),(1,29,505,0,0),(1,29,506,0,0),(1,29,507,0,0),(1,29,515,0,0),(1,10,520,0,0),(1,10,521,0,0),(1,10,522,0,0),(1,10,523,0,0),(1,10,524,0,0),(1,10,525,0,0),(1,34,526,0,0),(1,34,527,0,0),(1,34,528,0,0),(1,34,529,0,0),(1,34,530,0,0),(1,34,531,0,0),(1,34,532,0,0),(1,34,533,0,0),(1,34,534,0,0),(1,34,535,0,0),(1,34,536,0,0),(1,34,537,0,0),(1,34,538,0,0),(1,34,539,0,0),(1,34,540,0,0),(1,34,541,0,0),(1,34,542,0,0),(1,34,543,0,0),(1,34,544,0,0),(1,34,545,0,0),(1,34,546,0,0),(1,34,547,0,0),(1,35,548,0,0),(1,35,549,0,0),(1,35,550,0,0),(1,35,551,0,0),(1,35,552,0,0),(1,35,553,0,0),(1,35,554,0,0),(1,35,555,0,0),(1,35,556,0,0),(1,35,557,0,0),(1,35,558,0,0),(1,35,559,0,0),(1,35,560,0,0),(1,35,561,0,0),(1,35,562,0,0),(1,35,563,0,0),(1,35,564,0,0),(1,29,565,0,0),(1,37,566,0,0),(1,37,567,0,0),(1,37,568,0,0),(1,37,569,0,0),(1,37,570,0,0),(1,37,571,0,0),(1,37,572,0,0),(1,37,573,0,0),(1,37,574,0,0),(1,37,575,0,0),(1,37,576,0,0),(1,37,577,0,0),(1,37,578,0,0),(1,37,579,0,0),(1,37,580,0,0),(1,37,581,0,0),(1,37,582,0,0),(1,37,583,0,0),(1,37,584,0,0),(1,37,585,0,0),(1,37,586,0,0),(1,37,587,0,0),(1,38,588,0,0),(1,38,589,0,0),(1,38,590,0,0),(1,38,591,0,0),(1,38,592,0,0),(1,38,593,0,0),(1,38,594,0,0),(1,38,595,0,0),(1,38,596,0,0),(1,38,597,0,0),(1,38,598,0,0),(1,38,599,0,0),(1,38,600,0,0),(1,38,601,0,0),(1,38,602,0,0),(1,38,603,0,0),(1,38,604,0,0),(1,38,605,0,0),(1,38,606,0,0),(1,38,607,0,0),(1,38,608,0,0),(1,39,609,0,0),(1,39,610,0,0),(1,39,611,0,0),(1,39,612,0,0),(1,39,613,0,0),(1,39,614,0,0),(1,41,615,0,0),(1,41,616,0,0),(1,41,617,0,1),(1,41,618,0,1),(1,41,619,0,0),(1,41,620,0,1),(1,41,621,0,0),(1,41,622,0,1),(1,42,623,0,0),(1,42,624,0,0),(1,42,625,0,0),(1,42,626,0,0),(1,42,627,0,0),(1,42,628,0,0),(1,42,629,0,0),(1,42,630,0,0),(1,42,631,0,0),(1,42,632,0,0),(1,42,633,0,0),(1,42,634,0,0),(1,42,635,0,0),(1,43,636,0,0),(1,43,637,0,0),(1,43,638,0,0),(1,43,639,0,0),(1,43,640,0,0),(1,43,641,0,0),(1,43,642,0,0),(1,43,643,0,0),(1,43,644,0,0),(1,43,645,0,0),(1,43,646,0,0),(1,43,647,0,0),(1,43,648,0,0),(1,43,649,0,0),(1,43,650,0,0),(1,43,651,0,0),(1,43,652,0,0),(1,43,653,0,0),(1,44,654,0,0),(1,44,655,0,0),(1,44,656,0,0),(1,44,657,0,0),(1,44,658,0,0),(1,44,659,0,0),(1,44,660,0,0),(1,44,661,0,0),(1,44,662,0,0),(1,44,663,0,0),(1,44,664,0,0),(1,44,665,0,0),(1,44,666,0,0),(1,44,667,0,0),(1,44,668,0,0),(1,44,669,0,0),(1,44,670,0,0),(1,44,671,0,0),(1,44,672,0,0),(1,44,673,0,0),(1,2,674,0,0),(1,29,675,0,0),(1,23,676,0,0),(1,23,677,0,0),(1,23,678,0,0),(1,23,679,0,0),(1,23,680,0,0),(1,23,681,0,0),(1,23,682,0,0),(1,23,683,0,0),(1,23,684,0,0),(1,22,685,0,0),(1,22,686,0,0),(1,22,687,0,0),(1,22,688,0,0),(1,22,689,0,0),(1,22,690,0,0),(1,22,691,0,0),(1,22,692,0,0),(1,22,693,0,0),(1,21,694,0,0),(1,21,695,0,0),(1,21,696,0,0),(1,21,697,0,0),(1,21,698,0,0),(1,21,699,0,0),(1,21,700,0,0),(1,21,701,0,0),(1,21,702,0,0),(1,20,703,0,0),(1,20,704,0,0),(1,20,705,0,0),(1,20,706,0,0),(1,20,707,0,0),(1,20,708,0,0),(1,20,709,0,0),(1,20,710,0,0),(1,20,711,0,0),(1,29,712,0,0),(1,43,713,0,0),(1,41,714,0,0),(1,29,715,0,0),(1,29,716,0,0),(1,29,717,0,0),(1,23,718,0,0),(1,22,719,0,0),(1,21,720,0,0),(1,20,721,0,0),(1,29,722,0,0),(1,6,723,0,0),(1,4,724,0,1),(1,2,725,0,0),(1,29,726,0,0),(1,23,727,0,0),(1,23,728,0,0),(1,21,729,0,0),(1,21,730,0,0),(1,18,731,0,0),(1,7,732,0,0),(1,41,733,0,0),(1,41,734,0,0),(1,23,735,0,0),(1,20,736,0,0),(1,21,737,0,0),(1,22,738,0,0),(1,29,739,0,0),(1,2,740,0,0),(1,13,741,0,0),(1,29,742,0,0),(1,29,743,0,0),(1,29,744,0,0),(1,29,745,0,0),(1,14,772,0,0),(1,34,773,0,0),(1,23,774,0,0),(1,29,775,0,0),(1,23,776,0,0),(1,23,777,0,0),(1,23,778,0,0),(1,20,779,0,0),(1,20,780,0,0),(1,20,781,0,0),(1,21,782,0,0),(1,22,783,0,0),(1,22,784,0,0),(1,22,785,0,0),(1,41,786,0,0),(1,41,787,0,0),(1,41,788,0,0),(1,2,789,0,0),(1,4,790,0,1),(1,6,791,0,0),(1,7,792,0,0),(1,8,793,0,1),(1,9,794,0,1),(1,10,795,0,1),(1,13,796,0,1),(1,14,797,0,0),(1,15,798,0,0),(1,16,799,0,1),(1,18,800,0,0),(1,19,801,0,0),(1,20,802,0,0),(1,21,803,0,0),(1,22,804,0,0),(1,23,805,0,0),(1,26,806,0,0),(1,10,807,0,0),(1,2,808,0,0),(1,4,809,0,0),(1,6,810,0,0),(1,7,811,0,0),(1,8,812,0,0),(1,9,813,0,0),(1,10,814,0,0),(1,13,815,0,0),(1,14,816,0,0),(1,15,817,0,0),(1,16,818,0,1),(1,18,819,0,0),(1,19,820,0,0),(1,20,821,0,0),(1,21,822,0,0),(1,22,823,0,0),(1,23,824,0,0),(1,26,825,0,0),(1,35,826,0,0),(1,2,827,0,0),(1,4,828,0,0),(1,6,829,0,0),(1,7,830,0,0),(1,8,831,0,0),(1,9,832,0,0),(1,10,833,0,0),(1,13,834,0,0),(1,14,835,0,0),(1,15,836,0,0),(1,16,837,0,1),(1,18,838,0,0),(1,19,839,0,0),(1,20,840,0,0),(1,21,841,0,0),(1,22,842,0,0),(1,23,843,0,0),(1,26,844,0,0),(1,35,845,0,0),(1,20,846,0,0),(1,21,847,0,0),(1,22,848,0,0),(1,23,849,0,0),(1,44,850,0,0),(1,44,851,0,0),(1,13,853,0,0),(1,13,855,0,0),(1,52,856,0,0),(1,52,857,0,0),(1,52,858,0,0),(1,52,859,0,0),(1,52,860,0,0),(1,52,861,0,0),(1,52,862,0,0),(1,52,863,0,0),(1,52,864,0,0),(1,52,865,0,0),(1,52,866,0,0),(1,52,867,0,0),(1,52,868,0,0),(1,52,869,0,0),(1,6,871,0,0),(1,4,873,0,0),(1,14,875,0,0),(1,14,877,0,0),(1,14,879,0,0),(1,14,881,0,0),(1,14,883,0,0),(1,53,884,0,0),(1,53,885,0,0),(1,53,886,0,0),(1,53,887,0,0),(1,53,888,0,0),(1,53,889,0,0),(1,53,890,0,0),(1,53,891,0,0),(1,53,892,0,0),(1,53,893,0,0),(1,53,894,0,0),(1,53,895,0,0),(1,53,896,0,0),(1,53,897,0,0),(1,13,899,0,0),(1,13,901,0,0),(1,16,903,0,0),(1,16,907,0,0),(1,4,909,0,0),(1,4,911,0,0),(1,4,913,0,0),(1,6,915,0,0),(1,6,917,0,0),(1,6,919,0,0),(1,54,920,0,0),(1,54,921,0,0),(1,54,922,0,0),(1,54,923,0,0),(1,54,924,0,0),(1,54,925,0,0),(1,54,926,0,0),(1,54,927,0,0),(1,54,928,0,0),(1,54,929,0,0),(1,54,930,0,0),(1,55,931,0,0),(1,55,932,0,0),(1,55,933,0,0),(1,55,934,0,0),(1,55,935,0,0),(1,55,936,0,0),(1,55,937,0,0),(1,55,938,0,0),(1,55,939,0,0),(1,55,940,0,0),(1,13,943,0,0),(5,6,1,0,0),(5,6,2,0,0),(5,6,3,0,0),(5,6,7,0,0),(5,6,9,0,0),(5,6,11,0,0),(5,6,15,0,0),(5,6,18,0,0),(5,6,20,0,0),(5,6,21,0,1),(5,6,22,0,1),(5,6,23,0,0),(5,6,25,0,0),(5,6,27,0,0),(5,6,29,0,0),(5,6,35,0,0),(5,6,36,0,0),(5,4,66,0,0),(5,4,67,0,0),(5,4,68,0,0),(5,4,70,0,0),(5,4,71,0,0),(5,4,72,0,0),(5,4,73,0,0),(5,4,75,0,0),(5,4,80,0,0),(5,4,81,0,0),(5,4,83,0,0),(5,4,85,0,0),(5,4,86,0,0),(5,4,87,0,0),(5,4,90,0,1),(5,4,91,0,1),(5,4,92,0,0),(5,4,97,0,0),(5,4,99,0,0),(5,4,101,0,0),(5,4,107,0,0),(5,13,155,0,0),(5,13,156,0,0),(5,13,157,0,0),(5,13,158,0,0),(5,13,161,0,0),(5,13,162,0,0),(5,13,165,0,0),(5,13,166,0,1),(5,13,167,0,1),(5,13,168,0,0),(5,13,169,0,0),(5,13,170,0,0),(5,13,171,0,0),(5,13,172,0,0),(5,14,174,0,0),(5,14,175,0,0),(5,14,176,0,0),(5,14,177,0,0),(5,14,179,0,0),(5,14,182,0,0),(5,14,183,0,0),(5,14,191,0,1),(5,14,192,0,1),(5,14,193,0,0),(5,14,201,0,0),(5,14,204,0,0),(5,8,205,0,0),(5,8,206,0,1),(5,8,207,0,1),(5,8,208,0,0),(5,8,209,0,0),(5,8,210,0,0),(5,8,211,0,1),(5,8,212,0,1),(5,8,213,0,0),(5,8,214,0,0),(5,8,215,0,0),(5,8,216,0,1),(5,8,217,0,0),(5,8,218,0,0),(5,8,219,0,0),(5,10,220,0,0),(5,10,221,0,0),(5,10,222,0,0),(5,10,223,0,0),(5,10,224,0,0),(5,10,225,0,0),(5,10,226,0,0),(5,10,227,0,0),(5,10,228,0,0),(5,10,229,0,1),(5,10,230,0,0),(5,10,231,0,0),(5,9,232,0,0),(5,9,233,0,0),(5,9,234,0,0),(5,9,235,0,0),(5,9,236,0,0),(5,9,237,0,0),(5,9,238,0,0),(5,9,239,0,0),(5,9,240,0,0),(5,9,241,0,0),(5,9,242,0,0),(5,9,243,0,0),(5,9,244,0,1),(5,9,245,0,1),(5,9,246,0,0),(5,9,247,0,0),(5,9,248,0,0),(5,9,249,0,0),(5,9,250,0,0),(5,9,251,0,0),(5,9,252,0,0),(5,9,253,0,0),(5,9,254,0,0),(5,9,255,0,0),(5,16,256,0,0),(5,16,257,0,0),(5,16,258,0,0),(5,16,259,0,0),(5,16,260,0,0),(5,16,261,0,0),(5,16,262,0,0),(5,16,263,0,0),(5,16,264,0,0),(5,16,265,0,0),(5,16,266,0,0),(5,16,267,0,0),(5,16,268,0,0),(5,16,269,0,0),(5,16,270,0,1),(5,16,271,0,1),(5,16,272,0,0),(5,16,273,0,0),(5,16,274,0,0),(5,16,275,0,0),(5,16,276,0,0),(5,16,277,0,0),(5,16,278,0,0),(5,29,475,0,0),(5,29,479,0,0),(5,29,480,0,0),(5,29,481,0,0),(5,29,482,0,0),(5,29,489,0,0),(5,29,490,0,0),(5,29,491,0,0),(5,29,492,0,0),(5,29,493,0,0),(5,29,494,0,0),(5,29,495,0,0),(5,29,496,0,0),(5,29,497,0,0),(5,29,498,0,0),(5,29,499,0,0),(5,29,504,0,0),(5,29,505,0,0),(5,29,506,0,0),(5,29,507,0,0),(5,29,510,0,0),(5,10,520,0,0),(5,10,521,0,0),(5,10,522,0,0),(5,10,523,0,0),(5,10,524,0,0),(5,10,525,0,0),(5,29,565,0,0),(5,41,615,0,0),(5,41,616,0,0),(5,41,617,0,1),(5,41,618,0,1),(5,41,619,0,0),(5,41,620,0,1),(5,41,621,0,0),(5,41,622,0,1),(5,41,714,0,0),(5,6,723,0,1),(5,4,724,0,1),(5,41,733,0,0),(5,41,734,0,0),(5,13,741,0,0),(5,41,786,0,0),(5,41,787,0,0),(5,41,788,0,0),(5,4,790,0,1),(5,6,791,0,1),(5,8,793,0,1),(5,9,794,0,1),(5,10,795,0,1),(5,13,796,0,1),(5,14,797,0,1),(5,16,799,0,1),(5,10,807,0,0),(5,4,809,0,0),(5,6,810,0,0),(5,8,812,0,0),(5,9,813,0,0),(5,10,814,0,0),(5,13,815,0,0),(5,14,816,0,0),(5,16,818,0,1),(5,4,828,0,0),(5,6,829,0,0),(5,8,831,0,0),(5,9,832,0,0),(5,10,833,0,0),(5,13,834,0,0),(5,14,835,0,0),(5,16,837,0,1),(5,13,853,0,0),(5,13,855,0,0),(5,52,856,0,0),(5,52,857,0,0),(5,52,858,0,0),(5,52,859,0,0),(5,52,860,0,0),(5,52,861,0,0),(5,52,862,0,0),(5,52,863,0,0),(5,52,864,0,0),(5,52,865,0,1),(5,52,866,0,1),(5,52,867,0,1),(5,52,868,0,0),(5,52,869,0,0),(5,6,871,0,0),(5,4,873,0,0),(5,14,875,0,0),(5,14,877,0,0),(5,14,879,0,0),(5,14,881,0,0),(5,14,883,0,0),(5,53,884,0,0),(5,53,885,0,0),(5,53,886,0,0),(5,53,887,0,0),(5,53,888,0,0),(5,53,889,0,0),(5,53,890,0,0),(5,53,891,0,0),(5,53,892,0,0),(5,53,893,0,1),(5,53,894,0,1),(5,53,895,0,1),(5,53,896,0,0),(5,53,897,0,0),(5,13,899,0,0),(5,13,901,0,0),(5,16,903,0,0),(5,16,907,0,0),(5,4,909,0,0),(5,4,911,0,0),(5,4,913,0,0),(5,6,915,0,0),(5,6,917,0,0),(5,6,919,0,0),(5,54,920,0,0),(5,54,921,0,0),(5,54,922,0,0),(5,54,923,0,0),(5,54,924,0,0),(5,54,925,0,0),(5,54,926,0,0),(5,54,927,0,0),(5,54,928,0,0),(5,54,929,0,0),(5,54,930,0,0),(5,55,931,0,0),(5,55,932,0,0),(5,55,933,0,0),(5,55,934,0,0),(5,55,935,0,0),(5,55,936,0,0),(5,55,937,0,0),(5,55,938,0,0),(5,55,939,0,0),(5,55,940,0,0),(5,13,943,0,0),(6,6,1,0,0),(6,6,2,0,0),(6,6,3,0,0),(6,6,7,0,0),(6,6,9,0,0),(6,6,11,0,0),(6,6,15,0,0),(6,6,18,0,0),(6,6,20,0,0),(6,6,21,0,1),(6,6,22,0,1),(6,6,23,0,0),(6,6,25,0,0),(6,6,27,0,0),(6,6,29,0,0),(6,6,35,0,0),(6,6,36,0,0),(6,4,66,0,0),(6,4,67,0,0),(6,4,68,0,0),(6,4,70,0,0),(6,4,71,0,0),(6,4,72,0,0),(6,4,73,0,0),(6,4,75,0,0),(6,4,80,0,0),(6,4,81,0,0),(6,4,83,0,0),(6,4,85,0,0),(6,4,86,0,0),(6,4,87,0,0),(6,4,90,0,1),(6,4,91,0,1),(6,4,92,0,0),(6,4,97,0,0),(6,4,99,0,0),(6,4,101,0,0),(6,4,107,0,0),(6,13,155,0,0),(6,13,156,0,0),(6,13,157,0,0),(6,13,158,0,0),(6,13,161,0,0),(6,13,162,0,0),(6,13,165,0,0),(6,13,166,0,1),(6,13,167,0,1),(6,13,168,0,0),(6,13,169,0,0),(6,13,170,0,0),(6,13,171,0,0),(6,13,172,0,0),(6,14,174,0,0),(6,14,175,0,0),(6,14,176,0,0),(6,14,177,0,0),(6,14,179,0,0),(6,14,182,0,0),(6,14,183,0,0),(6,14,191,0,1),(6,14,192,0,1),(6,14,193,0,0),(6,14,201,0,0),(6,14,204,0,0),(6,8,205,0,0),(6,8,206,0,1),(6,8,207,0,1),(6,8,208,0,0),(6,8,209,0,0),(6,8,210,0,0),(6,8,211,0,1),(6,8,212,0,1),(6,8,213,0,0),(6,8,214,0,0),(6,8,215,0,0),(6,8,216,0,1),(6,8,217,0,0),(6,8,218,0,0),(6,8,219,0,0),(6,10,220,0,0),(6,10,221,0,0),(6,10,222,0,0),(6,10,223,0,0),(6,10,224,0,0),(6,10,225,0,0),(6,10,226,0,0),(6,10,227,0,0),(6,10,228,0,0),(6,10,229,0,1),(6,10,230,0,0),(6,10,231,0,0),(6,9,232,0,0),(6,9,233,0,0),(6,9,234,0,0),(6,9,235,0,0),(6,9,236,0,0),(6,9,237,0,0),(6,9,238,0,0),(6,9,239,0,0),(6,9,240,0,0),(6,9,241,0,0),(6,9,242,0,0),(6,9,243,0,0),(6,9,244,0,1),(6,9,245,0,1),(6,9,246,0,0),(6,9,247,0,0),(6,9,248,0,0),(6,9,249,0,0),(6,9,250,0,0),(6,9,251,0,0),(6,9,252,0,0),(6,9,253,0,0),(6,9,254,0,0),(6,9,255,0,0),(6,16,256,0,0),(6,16,257,0,0),(6,16,258,0,0),(6,16,259,0,0),(6,16,260,0,0),(6,16,261,0,0),(6,16,262,0,0),(6,16,263,0,0),(6,16,264,0,0),(6,16,265,0,0),(6,16,266,0,0),(6,16,267,0,0),(6,16,268,0,0),(6,16,269,0,0),(6,16,270,0,1),(6,16,271,0,1),(6,16,272,0,0),(6,16,273,0,0),(6,16,274,0,0),(6,16,275,0,0),(6,16,276,0,0),(6,16,277,0,0),(6,16,278,0,0),(6,29,475,0,0),(6,29,479,0,0),(6,29,480,0,0),(6,29,481,0,0),(6,29,482,0,0),(6,29,489,0,0),(6,29,490,0,0),(6,29,491,0,0),(6,29,492,0,0),(6,29,493,0,0),(6,29,494,0,0),(6,29,495,0,0),(6,29,496,0,0),(6,29,497,0,0),(6,29,498,0,0),(6,29,499,0,0),(6,29,504,0,0),(6,29,505,0,0),(6,29,506,0,0),(6,29,507,0,0),(6,29,510,0,0),(6,10,520,0,0),(6,10,521,0,0),(6,10,522,0,0),(6,10,523,0,0),(6,10,524,0,0),(6,10,525,0,0),(6,29,565,0,0),(6,41,615,0,0),(6,41,616,0,0),(6,41,617,0,1),(6,41,618,0,1),(6,41,619,0,0),(6,41,620,0,1),(6,41,621,0,0),(6,41,622,0,1),(6,41,714,0,0),(6,6,723,0,1),(6,4,724,0,1),(6,41,733,0,0),(6,41,734,0,0),(6,13,741,0,0),(6,41,786,0,0),(6,41,787,0,0),(6,41,788,0,0),(6,4,790,0,1),(6,6,791,0,1),(6,8,793,0,1),(6,9,794,0,1),(6,10,795,0,1),(6,13,796,0,1),(6,14,797,0,1),(6,16,799,0,1),(6,10,807,0,0),(6,4,809,0,0),(6,6,810,0,0),(6,8,812,0,0),(6,9,813,0,0),(6,10,814,0,0),(6,13,815,0,0),(6,14,816,0,0),(6,16,818,0,1),(6,4,828,0,0),(6,6,829,0,0),(6,8,831,0,0),(6,9,832,0,0),(6,10,833,0,0),(6,13,834,0,0),(6,14,835,0,0),(6,16,837,0,1),(6,13,853,0,0),(6,13,855,0,0),(6,52,856,0,0),(6,52,857,0,0),(6,52,858,0,0),(6,52,859,0,0),(6,52,860,0,0),(6,52,861,0,0),(6,52,862,0,0),(6,52,863,0,0),(6,52,864,0,0),(6,52,865,0,1),(6,52,866,0,1),(6,52,867,0,1),(6,52,868,0,0),(6,52,869,0,0),(6,6,871,0,0),(6,4,873,0,0),(6,14,875,0,0),(6,14,877,0,0),(6,14,879,0,0),(6,14,881,0,0),(6,14,883,0,0),(6,53,884,0,0),(6,53,885,0,0),(6,53,886,0,0),(6,53,887,0,0),(6,53,888,0,0),(6,53,889,0,0),(6,53,890,0,0),(6,53,891,0,0),(6,53,892,0,0),(6,53,893,0,1),(6,53,894,0,1),(6,53,895,0,1),(6,53,896,0,0),(6,53,897,0,0),(6,13,899,0,0),(6,13,901,0,0),(6,16,903,0,0),(6,16,907,0,0),(6,4,909,0,0),(6,4,911,0,0),(6,4,913,0,0),(6,6,915,0,0),(6,6,917,0,0),(6,6,919,0,0),(6,54,920,0,0),(6,54,921,0,0),(6,54,922,0,0),(6,54,923,0,0),(6,54,924,0,0),(6,54,925,0,0),(6,54,926,0,0),(6,54,927,0,0),(6,54,928,0,0),(6,54,929,0,0),(6,54,930,0,0),(6,55,931,0,0),(6,55,932,0,0),(6,55,933,0,0),(6,55,934,0,0),(6,55,935,0,0),(6,55,936,0,0),(6,55,937,0,0),(6,55,938,0,0),(6,55,939,0,0),(6,55,940,0,0),(6,13,943,0,0),(7,6,1,0,0),(7,6,2,0,0),(7,6,3,0,0),(7,6,7,0,0),(7,6,9,0,0),(7,6,11,0,0),(7,6,15,0,0),(7,6,18,0,0),(7,6,20,0,0),(7,6,21,0,1),(7,6,22,0,1),(7,6,23,0,0),(7,6,25,0,0),(7,6,27,0,0),(7,6,29,0,0),(7,6,35,0,0),(7,6,36,0,0),(7,4,66,0,0),(7,4,67,0,0),(7,4,68,0,0),(7,4,70,0,0),(7,4,71,0,0),(7,4,72,0,0),(7,4,73,0,0),(7,4,75,0,0),(7,4,80,0,0),(7,4,81,0,0),(7,4,83,0,0),(7,4,85,0,0),(7,4,86,0,0),(7,4,87,0,0),(7,4,90,0,1),(7,4,91,0,1),(7,4,92,0,0),(7,4,97,0,0),(7,4,99,0,0),(7,4,101,0,0),(7,4,107,0,0),(7,13,155,0,0),(7,13,156,0,0),(7,13,157,0,0),(7,13,158,0,0),(7,13,161,0,0),(7,13,162,0,0),(7,13,165,0,0),(7,13,166,0,1),(7,13,167,0,1),(7,13,168,0,0),(7,13,169,0,0),(7,13,170,0,0),(7,13,171,0,0),(7,13,172,0,0),(7,14,174,0,0),(7,14,175,0,0),(7,14,176,0,0),(7,14,177,0,0),(7,14,179,0,0),(7,14,182,0,0),(7,14,183,0,0),(7,14,191,0,1),(7,14,192,0,1),(7,14,193,0,0),(7,14,201,0,0),(7,14,204,0,0),(7,8,205,0,0),(7,8,206,0,1),(7,8,207,0,1),(7,8,208,0,0),(7,8,209,0,0),(7,8,210,0,0),(7,8,211,0,1),(7,8,212,0,1),(7,8,213,0,0),(7,8,214,0,0),(7,8,215,0,0),(7,8,216,0,1),(7,8,217,0,0),(7,8,218,0,0),(7,8,219,0,0),(7,10,220,0,0),(7,10,221,0,0),(7,10,222,0,0),(7,10,223,0,0),(7,10,224,0,0),(7,10,225,0,0),(7,10,226,0,0),(7,10,227,0,0),(7,10,228,0,0),(7,10,229,0,1),(7,10,230,0,0),(7,10,231,0,0),(7,9,232,0,0),(7,9,233,0,0),(7,9,234,0,0),(7,9,235,0,0),(7,9,236,0,0),(7,9,237,0,0),(7,9,238,0,0),(7,9,239,0,0),(7,9,240,0,0),(7,9,241,0,0),(7,9,242,0,0),(7,9,243,0,0),(7,9,244,0,1),(7,9,245,0,1),(7,9,246,0,0),(7,9,247,0,0),(7,9,248,0,0),(7,9,249,0,0),(7,9,250,0,0),(7,9,251,0,0),(7,9,252,0,0),(7,9,253,0,0),(7,9,254,0,0),(7,9,255,0,0),(7,16,256,0,0),(7,16,257,0,0),(7,16,258,0,0),(7,16,259,0,0),(7,16,260,0,0),(7,16,261,0,0),(7,16,262,0,0),(7,16,263,0,0),(7,16,264,0,0),(7,16,265,0,0),(7,16,266,0,0),(7,16,267,0,0),(7,16,268,0,0),(7,16,269,0,0),(7,16,270,0,1),(7,16,271,0,1),(7,16,272,0,0),(7,16,273,0,0),(7,16,274,0,0),(7,16,275,0,0),(7,16,276,0,0),(7,16,277,0,0),(7,16,278,0,0),(7,29,475,0,0),(7,29,479,0,0),(7,29,480,0,0),(7,29,481,0,0),(7,29,482,0,0),(7,29,489,0,0),(7,29,490,0,0),(7,29,491,0,0),(7,29,492,0,0),(7,29,493,0,0),(7,29,494,0,0),(7,29,495,0,0),(7,29,496,0,0),(7,29,497,0,0),(7,29,498,0,0),(7,29,499,0,0),(7,29,504,0,0),(7,29,505,0,0),(7,29,506,0,0),(7,29,507,0,0),(7,29,510,0,0),(7,10,520,0,0),(7,10,521,0,0),(7,10,522,0,0),(7,10,523,0,0),(7,10,524,0,0),(7,10,525,0,0),(7,29,565,0,0),(7,41,615,0,0),(7,41,616,0,0),(7,41,617,0,1),(7,41,618,0,1),(7,41,619,0,0),(7,41,620,0,1),(7,41,621,0,0),(7,41,622,0,1),(7,41,714,0,0),(7,6,723,0,1),(7,4,724,0,1),(7,41,733,0,0),(7,41,734,0,0),(7,13,741,0,0),(7,41,786,0,0),(7,41,787,0,0),(7,41,788,0,0),(7,4,790,0,1),(7,6,791,0,1),(7,8,793,0,1),(7,9,794,0,1),(7,10,795,0,1),(7,13,796,0,1),(7,14,797,0,1),(7,16,799,0,1),(7,10,807,0,0),(7,4,809,0,0),(7,6,810,0,0),(7,8,812,0,0),(7,9,813,0,0),(7,10,814,0,0),(7,13,815,0,0),(7,14,816,0,0),(7,16,818,0,1),(7,4,828,0,0),(7,6,829,0,0),(7,8,831,0,0),(7,9,832,0,0),(7,10,833,0,0),(7,13,834,0,0),(7,14,835,0,0),(7,16,837,0,1),(7,13,853,0,0),(7,13,855,0,0),(7,52,856,0,0),(7,52,857,0,0),(7,52,858,0,0),(7,52,859,0,0),(7,52,860,0,0),(7,52,861,0,0),(7,52,862,0,0),(7,52,863,0,0),(7,52,864,0,0),(7,52,865,0,1),(7,52,866,0,1),(7,52,867,0,1),(7,52,868,0,0),(7,52,869,0,0),(7,6,871,0,0),(7,4,873,0,0),(7,14,875,0,0),(7,14,877,0,0),(7,14,879,0,0),(7,14,881,0,0),(7,14,883,0,0),(7,53,884,0,0),(7,53,885,0,0),(7,53,886,0,0),(7,53,887,0,0),(7,53,888,0,0),(7,53,889,0,0),(7,53,890,0,0),(7,53,891,0,0),(7,53,892,0,0),(7,53,893,0,1),(7,53,894,0,1),(7,53,895,0,1),(7,53,896,0,0),(7,53,897,0,0),(7,13,899,0,0),(7,13,901,0,0),(7,16,903,0,0),(7,16,907,0,0),(7,4,909,0,0),(7,4,911,0,0),(7,4,913,0,0),(7,6,915,0,0),(7,6,917,0,0),(7,6,919,0,0),(7,54,920,0,0),(7,54,921,0,0),(7,54,922,0,0),(7,54,923,0,0),(7,54,924,0,0),(7,54,925,0,0),(7,54,926,0,0),(7,54,927,0,0),(7,54,928,0,0),(7,54,929,0,0),(7,54,930,0,0),(7,55,931,0,0),(7,55,932,0,0),(7,55,933,0,0),(7,55,934,0,0),(7,55,935,0,0),(7,55,936,0,0),(7,55,937,0,0),(7,55,938,0,0),(7,55,939,0,0),(7,55,940,0,0),(7,13,943,0,0);
/*!40000 ALTER TABLE `vtiger_profile2field` ENABLE KEYS */;
UNLOCK TABLES;

--
-- Table structure for table `vtiger_profile2globalpermissions`
--

DROP TABLE IF EXISTS `vtiger_profile2globalpermissions`;
/*!40101 SET @saved_cs_client     = @@character_set_client */;
/*!40101 SET character_set_client = utf8 */;
CREATE TABLE `vtiger_profile2globalpermissions` (
  `profileid` int(19) NOT NULL,
  `globalactionid` int(19) NOT NULL,
  `globalactionpermission` int(19) DEFAULT NULL,
  PRIMARY KEY (`profileid`,`globalactionid`),
  KEY `idx_profile2globalpermissions` (`profileid`,`globalactionid`),
  CONSTRAINT `fk_1_vtiger_profile2globalpermissions` FOREIGN KEY (`profileid`) REFERENCES `vtiger_profile` (`profileid`) ON DELETE CASCADE
) ENGINE=InnoDB DEFAULT CHARSET=utf8;
/*!40101 SET character_set_client = @saved_cs_client */;

--
-- Dumping data for table `vtiger_profile2globalpermissions`
--

LOCK TABLES `vtiger_profile2globalpermissions` WRITE;
/*!40000 ALTER TABLE `vtiger_profile2globalpermissions` DISABLE KEYS */;
INSERT INTO `vtiger_profile2globalpermissions` VALUES (1,1,0),(1,2,0),(5,1,1),(5,2,1),(6,1,1),(6,2,1),(7,1,1),(7,2,1);
/*!40000 ALTER TABLE `vtiger_profile2globalpermissions` ENABLE KEYS */;
UNLOCK TABLES;

--
-- Table structure for table `vtiger_profile2standardpermissions`
--

DROP TABLE IF EXISTS `vtiger_profile2standardpermissions`;
/*!40101 SET @saved_cs_client     = @@character_set_client */;
/*!40101 SET character_set_client = utf8 */;
CREATE TABLE `vtiger_profile2standardpermissions` (
  `profileid` int(11) NOT NULL,
  `tabid` int(10) NOT NULL,
  `operation` int(10) NOT NULL,
  `permissions` int(1) DEFAULT NULL,
  PRIMARY KEY (`profileid`,`tabid`,`operation`),
  KEY `profile2standardpermissions_profileid_tabid_operation_idx` (`profileid`,`tabid`,`operation`)
) ENGINE=InnoDB DEFAULT CHARSET=utf8;
/*!40101 SET character_set_client = @saved_cs_client */;

--
-- Dumping data for table `vtiger_profile2standardpermissions`
--

LOCK TABLES `vtiger_profile2standardpermissions` WRITE;
/*!40000 ALTER TABLE `vtiger_profile2standardpermissions` DISABLE KEYS */;
INSERT INTO `vtiger_profile2standardpermissions` VALUES (1,2,0,0),(1,2,1,0),(1,2,2,0),(1,2,3,0),(1,2,4,0),(1,2,7,0),(1,4,0,0),(1,4,1,0),(1,4,2,0),(1,4,3,0),(1,4,4,0),(1,4,7,0),(1,6,0,0),(1,6,1,0),(1,6,2,0),(1,6,3,0),(1,6,4,0),(1,6,7,0),(1,7,0,0),(1,7,1,0),(1,7,2,0),(1,7,3,0),(1,7,4,0),(1,7,7,0),(1,8,0,0),(1,8,1,0),(1,8,2,0),(1,8,3,0),(1,8,4,0),(1,8,7,0),(1,9,0,0),(1,9,1,0),(1,9,2,0),(1,9,3,0),(1,9,4,0),(1,9,7,0),(1,13,0,0),(1,13,1,0),(1,13,2,0),(1,13,3,0),(1,13,4,0),(1,13,7,0),(1,14,0,0),(1,14,1,0),(1,14,2,0),(1,14,3,0),(1,14,4,0),(1,14,7,0),(1,15,0,0),(1,15,1,0),(1,15,2,0),(1,15,3,0),(1,15,4,0),(1,15,7,0),(1,16,0,0),(1,16,1,0),(1,16,2,0),(1,16,3,0),(1,16,4,0),(1,16,7,0),(1,18,0,0),(1,18,1,0),(1,18,2,0),(1,18,3,0),(1,18,4,0),(1,18,7,0),(1,19,0,0),(1,19,1,0),(1,19,2,0),(1,19,3,0),(1,19,4,0),(1,19,7,0),(1,20,0,0),(1,20,1,0),(1,20,2,0),(1,20,3,0),(1,20,4,0),(1,20,7,0),(1,21,0,0),(1,21,1,0),(1,21,2,0),(1,21,3,0),(1,21,4,0),(1,21,7,0),(1,22,0,0),(1,22,1,0),(1,22,2,0),(1,22,3,0),(1,22,4,0),(1,22,7,0),(1,23,0,0),(1,23,1,0),(1,23,2,0),(1,23,3,0),(1,23,4,0),(1,23,7,0),(1,25,0,1),(1,25,1,0),(1,25,2,0),(1,25,3,0),(1,25,4,0),(1,25,7,0),(1,26,0,0),(1,26,1,0),(1,26,2,0),(1,26,3,0),(1,26,4,0),(1,26,7,0),(1,34,0,0),(1,34,1,0),(1,34,2,0),(1,34,3,0),(1,34,4,0),(1,34,7,0),(1,35,0,0),(1,35,1,0),(1,35,2,0),(1,35,3,0),(1,35,4,0),(1,35,7,0),(1,37,0,0),(1,37,1,0),(1,37,2,0),(1,37,3,0),(1,37,4,0),(1,37,7,0),(1,38,0,0),(1,38,1,0),(1,38,2,0),(1,38,3,0),(1,38,4,0),(1,38,7,0),(1,39,0,0),(1,39,1,0),(1,39,2,0),(1,39,3,0),(1,39,4,0),(1,39,7,0),(1,41,0,0),(1,41,1,0),(1,41,2,0),(1,41,3,0),(1,41,4,0),(1,41,7,0),(1,42,0,0),(1,42,1,0),(1,42,2,0),(1,42,3,0),(1,42,4,0),(1,42,7,0),(1,43,0,0),(1,43,1,0),(1,43,2,0),(1,43,3,0),(1,43,4,0),(1,43,7,0),(1,44,0,0),(1,44,1,0),(1,44,2,0),(1,44,3,0),(1,44,4,0),(1,44,7,0),(1,52,0,0),(1,52,1,0),(1,52,2,0),(1,52,3,0),(1,52,4,0),(1,52,7,0),(1,53,0,0),(1,53,1,0),(1,53,2,0),(1,53,3,0),(1,53,4,0),(1,53,7,0),(1,54,0,0),(1,54,1,0),(1,54,2,0),(1,54,3,0),(1,54,4,0),(1,54,7,0),(1,55,0,0),(1,55,1,0),(1,55,2,0),(1,55,3,0),(1,55,4,0),(1,55,7,0),(5,4,0,0),(5,4,1,0),(5,4,2,0),(5,4,4,0),(5,4,7,0),(5,6,0,0),(5,6,1,0),(5,6,2,0),(5,6,4,0),(5,6,7,0),(5,8,0,0),(5,8,1,0),(5,8,2,0),(5,8,4,0),(5,8,7,0),(5,9,0,0),(5,9,1,0),(5,9,2,0),(5,9,4,0),(5,9,7,0),(5,13,0,0),(5,13,1,0),(5,13,2,0),(5,13,4,0),(5,13,7,0),(5,14,0,0),(5,14,1,0),(5,14,2,0),(5,14,4,0),(5,14,7,0),(5,16,0,0),(5,16,1,0),(5,16,2,0),(5,16,4,0),(5,16,7,0),(5,25,0,1),(5,25,1,0),(5,25,2,0),(5,25,4,0),(5,25,7,0),(5,41,0,0),(5,41,1,0),(5,41,2,0),(5,41,4,0),(5,41,7,0),(5,52,0,0),(5,52,1,0),(5,52,2,0),(5,52,4,0),(5,52,7,0),(5,53,0,0),(5,53,1,0),(5,53,2,0),(5,53,4,0),(5,53,7,0),(5,54,0,0),(5,54,1,0),(5,54,2,0),(5,54,3,0),(5,54,4,0),(5,54,7,0),(5,55,0,0),(5,55,1,0),(5,55,2,0),(5,55,3,0),(5,55,4,0),(5,55,7,0),(6,4,0,0),(6,4,1,0),(6,4,2,1),(6,4,4,0),(6,4,7,0),(6,6,0,0),(6,6,1,0),(6,6,2,1),(6,6,4,0),(6,6,7,0),(6,8,0,0),(6,8,1,0),(6,8,2,1),(6,8,4,0),(6,8,7,0),(6,9,0,0),(6,9,1,0),(6,9,2,1),(6,9,4,0),(6,9,7,0),(6,13,0,0),(6,13,1,0),(6,13,2,1),(6,13,4,0),(6,13,7,0),(6,14,0,0),(6,14,1,0),(6,14,2,1),(6,14,4,0),(6,14,7,0),(6,16,0,0),(6,16,1,0),(6,16,2,1),(6,16,4,0),(6,16,7,0),(6,25,0,1),(6,25,1,0),(6,25,2,0),(6,25,4,0),(6,25,7,0),(6,41,0,0),(6,41,1,0),(6,41,2,1),(6,41,4,0),(6,41,7,0),(6,52,0,0),(6,52,1,0),(6,52,2,1),(6,52,4,0),(6,52,7,0),(6,53,0,0),(6,53,1,0),(6,53,2,1),(6,53,4,0),(6,53,7,0),(6,54,0,0),(6,54,1,0),(6,54,2,0),(6,54,3,0),(6,54,4,0),(6,54,7,0),(6,55,0,0),(6,55,1,0),(6,55,2,0),(6,55,3,0),(6,55,4,0),(6,55,7,0),(7,4,0,1),(7,4,1,1),(7,4,2,1),(7,4,4,0),(7,4,7,1),(7,6,0,1),(7,6,1,1),(7,6,2,1),(7,6,4,0),(7,6,7,1),(7,8,0,0),(7,8,1,0),(7,8,2,0),(7,8,4,0),(7,8,7,0),(7,9,0,0),(7,9,1,0),(7,9,2,0),(7,9,4,0),(7,9,7,0),(7,13,0,0),(7,13,1,0),(7,13,2,1),(7,13,4,0),(7,13,7,0),(7,14,0,1),(7,14,1,1),(7,14,2,1),(7,14,4,0),(7,14,7,1),(7,16,0,0),(7,16,1,0),(7,16,2,0),(7,16,4,0),(7,16,7,0),(7,25,0,1),(7,25,1,0),(7,25,2,0),(7,25,4,0),(7,25,7,0),(7,41,0,0),(7,41,1,0),(7,41,2,1),(7,41,4,0),(7,41,7,0),(7,52,0,1),(7,52,1,1),(7,52,2,1),(7,52,4,0),(7,52,7,1),(7,53,0,1),(7,53,1,1),(7,53,2,1),(7,53,4,0),(7,53,7,1),(7,54,0,0),(7,54,1,0),(7,54,2,0),(7,54,3,0),(7,54,4,0),(7,54,7,0),(7,55,0,0),(7,55,1,0),(7,55,2,0),(7,55,3,0),(7,55,4,0),(7,55,7,0);
/*!40000 ALTER TABLE `vtiger_profile2standardpermissions` ENABLE KEYS */;
UNLOCK TABLES;

--
-- Table structure for table `vtiger_profile2tab`
--

DROP TABLE IF EXISTS `vtiger_profile2tab`;
/*!40101 SET @saved_cs_client     = @@character_set_client */;
/*!40101 SET character_set_client = utf8 */;
CREATE TABLE `vtiger_profile2tab` (
  `profileid` int(11) DEFAULT NULL,
  `tabid` int(10) DEFAULT NULL,
  `permissions` int(10) NOT NULL DEFAULT 0,
  KEY `profile2tab_profileid_tabid_idx` (`profileid`,`tabid`)
) ENGINE=InnoDB DEFAULT CHARSET=utf8;
/*!40101 SET character_set_client = @saved_cs_client */;

--
-- Dumping data for table `vtiger_profile2tab`
--

LOCK TABLES `vtiger_profile2tab` WRITE;
/*!40000 ALTER TABLE `vtiger_profile2tab` DISABLE KEYS */;
INSERT INTO `vtiger_profile2tab` VALUES (1,2,0),(1,3,0),(1,6,0),(1,7,0),(1,14,0),(1,15,0),(1,18,0),(1,19,0),(1,20,0),(1,21,0),(1,22,0),(1,23,0),(1,24,0),(1,26,0),(1,27,0),(1,30,0),(1,31,0),(1,32,0),(1,33,0),(1,34,0),(1,35,0),(1,36,0),(1,37,0),(1,38,0),(1,39,0),(1,42,0),(1,43,0),(1,44,0),(1,47,0),(1,49,0),(1,1,0),(1,4,0),(1,8,0),(1,9,0),(1,10,0),(1,13,0),(1,25,0),(1,40,0),(1,41,0),(1,45,0),(1,46,0),(1,48,0),(1,50,0),(1,51,0),(1,16,0),(1,52,0),(1,53,0),(5,1,0),(5,4,0),(5,6,0),(5,8,0),(5,9,0),(5,10,0),(5,13,0),(5,14,0),(5,25,0),(5,40,0),(5,41,0),(5,45,0),(5,46,0),(5,48,0),(5,50,0),(5,51,0),(5,52,0),(5,53,0),(5,16,0),(6,1,0),(6,4,0),(6,6,0),(6,8,0),(6,9,0),(6,10,0),(6,13,0),(6,14,0),(6,25,0),(6,40,0),(6,41,0),(6,45,0),(6,46,0),(6,48,0),(6,50,0),(6,51,0),(6,52,0),(6,53,0),(6,16,0),(7,1,0),(7,4,0),(7,6,0),(7,8,0),(7,9,0),(7,10,0),(7,13,0),(7,14,0),(7,25,0),(7,40,0),(7,41,0),(7,45,0),(7,46,0),(7,48,0),(7,50,0),(7,51,0),(7,52,0),(7,53,0),(7,16,0),(1,54,0),(5,54,0),(6,54,0),(7,54,0),(1,55,0),(5,55,0),(6,55,0),(7,55,0);
/*!40000 ALTER TABLE `vtiger_profile2tab` ENABLE KEYS */;
UNLOCK TABLES;

--
-- Table structure for table `vtiger_profile2utility`
--

DROP TABLE IF EXISTS `vtiger_profile2utility`;
/*!40101 SET @saved_cs_client     = @@character_set_client */;
/*!40101 SET character_set_client = utf8 */;
CREATE TABLE `vtiger_profile2utility` (
  `profileid` int(11) NOT NULL,
  `tabid` int(11) NOT NULL,
  `activityid` int(11) NOT NULL,
  `permission` int(1) DEFAULT NULL,
  PRIMARY KEY (`profileid`,`tabid`,`activityid`),
  KEY `profile2utility_profileid_tabid_activityid_idx` (`profileid`,`tabid`,`activityid`)
) ENGINE=InnoDB DEFAULT CHARSET=utf8;
/*!40101 SET character_set_client = @saved_cs_client */;

--
-- Dumping data for table `vtiger_profile2utility`
--

LOCK TABLES `vtiger_profile2utility` WRITE;
/*!40000 ALTER TABLE `vtiger_profile2utility` DISABLE KEYS */;
INSERT INTO `vtiger_profile2utility` VALUES (1,2,5,0),(1,2,6,0),(1,2,10,0),(1,4,5,0),(1,4,6,0),(1,4,8,0),(1,4,10,0),(1,6,5,0),(1,6,6,0),(1,6,8,0),(1,6,10,0),(1,7,5,0),(1,7,6,0),(1,7,8,0),(1,7,9,0),(1,7,10,0),(1,8,6,0),(1,9,5,0),(1,9,6,0),(1,13,5,0),(1,13,6,0),(1,13,8,0),(1,13,10,0),(1,14,5,0),(1,14,6,0),(1,14,10,0),(1,18,5,0),(1,18,6,0),(1,18,10,0),(1,19,5,1),(1,19,6,1),(1,19,10,1),(1,20,5,0),(1,20,6,0),(1,21,5,0),(1,21,6,0),(1,22,5,0),(1,22,6,0),(1,23,5,0),(1,23,6,0),(1,25,6,0),(1,25,13,0),(1,34,5,0),(1,34,6,0),(1,34,10,0),(1,35,11,1),(1,35,12,1),(1,37,5,0),(1,37,6,0),(1,37,10,0),(1,42,5,1),(1,42,6,1),(1,42,10,1),(1,43,5,0),(1,43,6,0),(1,43,10,0),(1,44,5,0),(1,44,6,0),(1,44,10,0),(1,52,5,0),(1,52,6,0),(1,52,8,0),(1,53,5,0),(1,53,6,0),(1,53,8,0),(1,54,5,0),(1,54,6,0),(1,54,8,0),(1,55,5,0),(1,55,6,0),(1,55,8,0),(5,4,5,0),(5,4,6,0),(5,4,8,0),(5,4,10,0),(5,6,5,0),(5,6,6,0),(5,6,8,0),(5,6,10,0),(5,8,6,0),(5,9,5,0),(5,9,6,0),(5,13,5,0),(5,13,6,0),(5,13,8,0),(5,13,10,0),(5,14,5,0),(5,14,6,0),(5,14,10,0),(5,16,5,0),(5,16,6,0),(5,25,6,0),(5,25,13,0),(5,52,5,0),(5,52,6,0),(5,52,8,0),(5,52,10,1),(5,53,5,0),(5,53,6,0),(5,53,8,0),(5,53,10,1),(5,54,5,0),(5,54,6,0),(5,54,8,0),(5,55,5,0),(5,55,6,0),(5,55,8,0),(6,4,5,0),(6,4,6,0),(6,4,8,0),(6,4,10,0),(6,6,5,0),(6,6,6,0),(6,6,8,0),(6,6,10,0),(6,8,6,0),(6,9,5,0),(6,9,6,0),(6,13,5,0),(6,13,6,0),(6,13,8,0),(6,13,10,0),(6,14,5,0),(6,14,6,0),(6,14,10,0),(6,16,5,0),(6,16,6,0),(6,25,6,0),(6,25,13,0),(6,52,5,0),(6,52,6,0),(6,52,8,0),(6,52,10,1),(6,53,5,0),(6,53,6,0),(6,53,8,0),(6,53,10,1),(6,54,5,0),(6,54,6,0),(6,54,8,0),(6,55,5,0),(6,55,6,0),(6,55,8,0),(7,4,5,0),(7,4,6,0),(7,4,8,0),(7,4,10,0),(7,6,5,0),(7,6,6,0),(7,6,8,0),(7,6,10,0),(7,8,6,0),(7,9,5,0),(7,9,6,0),(7,13,5,0),(7,13,6,0),(7,13,8,0),(7,13,10,0),(7,14,5,0),(7,14,6,0),(7,14,10,0),(7,16,5,0),(7,16,6,0),(7,25,6,0),(7,25,13,0),(7,52,5,0),(7,52,6,0),(7,52,8,0),(7,52,10,1),(7,53,5,0),(7,53,6,0),(7,53,8,0),(7,53,10,1),(7,54,5,0),(7,54,6,0),(7,54,8,0),(7,55,5,0),(7,55,6,0),(7,55,8,0);
/*!40000 ALTER TABLE `vtiger_profile2utility` ENABLE KEYS */;
UNLOCK TABLES;

--
-- Table structure for table `vtiger_profile_seq`
--

DROP TABLE IF EXISTS `vtiger_profile_seq`;
/*!40101 SET @saved_cs_client     = @@character_set_client */;
/*!40101 SET character_set_client = utf8 */;
CREATE TABLE `vtiger_profile_seq` (
  `id` int(11) NOT NULL
) ENGINE=InnoDB DEFAULT CHARSET=utf8;
/*!40101 SET character_set_client = @saved_cs_client */;

--
-- Dumping data for table `vtiger_profile_seq`
--

LOCK TABLES `vtiger_profile_seq` WRITE;
/*!40000 ALTER TABLE `vtiger_profile_seq` DISABLE KEYS */;
INSERT INTO `vtiger_profile_seq` VALUES (7);
/*!40000 ALTER TABLE `vtiger_profile_seq` ENABLE KEYS */;
UNLOCK TABLES;

--
-- Table structure for table `vtiger_progress`
--

DROP TABLE IF EXISTS `vtiger_progress`;
/*!40101 SET @saved_cs_client     = @@character_set_client */;
/*!40101 SET character_set_client = utf8 */;
CREATE TABLE `vtiger_progress` (
  `progressid` int(11) NOT NULL AUTO_INCREMENT,
  `progress` varchar(200) NOT NULL,
  `presence` int(1) NOT NULL DEFAULT 1,
  `picklist_valueid` int(11) NOT NULL DEFAULT 0,
  `sortorderid` int(11) DEFAULT 0,
  `color` varchar(10) DEFAULT NULL,
  PRIMARY KEY (`progressid`)
) ENGINE=InnoDB AUTO_INCREMENT=12 DEFAULT CHARSET=utf8;
/*!40101 SET character_set_client = @saved_cs_client */;

--
-- Dumping data for table `vtiger_progress`
--

LOCK TABLES `vtiger_progress` WRITE;
/*!40000 ALTER TABLE `vtiger_progress` DISABLE KEYS */;
INSERT INTO `vtiger_progress` VALUES (2,'10%',1,278,2,NULL),(3,'20%',1,279,3,NULL),(4,'30%',1,280,4,NULL),(5,'40%',1,281,5,NULL),(6,'50%',1,282,6,NULL),(7,'60%',1,283,7,NULL),(8,'70%',1,284,8,NULL),(9,'80%',1,285,9,NULL),(10,'90%',1,286,10,NULL),(11,'100%',1,287,11,NULL);
/*!40000 ALTER TABLE `vtiger_progress` ENABLE KEYS */;
UNLOCK TABLES;

--
-- Table structure for table `vtiger_progress_seq`
--

DROP TABLE IF EXISTS `vtiger_progress_seq`;
/*!40101 SET @saved_cs_client     = @@character_set_client */;
/*!40101 SET character_set_client = utf8 */;
CREATE TABLE `vtiger_progress_seq` (
  `id` int(11) NOT NULL
) ENGINE=InnoDB DEFAULT CHARSET=utf8;
/*!40101 SET character_set_client = @saved_cs_client */;

--
-- Dumping data for table `vtiger_progress_seq`
--

LOCK TABLES `vtiger_progress_seq` WRITE;
/*!40000 ALTER TABLE `vtiger_progress_seq` DISABLE KEYS */;
INSERT INTO `vtiger_progress_seq` VALUES (11);
/*!40000 ALTER TABLE `vtiger_progress_seq` ENABLE KEYS */;
UNLOCK TABLES;

--
-- Table structure for table `vtiger_project`
--

DROP TABLE IF EXISTS `vtiger_project`;
/*!40101 SET @saved_cs_client     = @@character_set_client */;
/*!40101 SET character_set_client = utf8 */;
CREATE TABLE `vtiger_project` (
  `projectid` int(19) NOT NULL,
  `projectname` varchar(255) DEFAULT NULL,
  `project_no` varchar(100) DEFAULT NULL,
  `startdate` date DEFAULT NULL,
  `targetenddate` date DEFAULT NULL,
  `actualenddate` date DEFAULT NULL,
  `targetbudget` varchar(255) DEFAULT NULL,
  `projecturl` varchar(255) DEFAULT NULL,
  `projectstatus` varchar(100) DEFAULT NULL,
  `projectpriority` varchar(100) DEFAULT NULL,
  `projecttype` varchar(100) DEFAULT NULL,
  `progress` varchar(100) DEFAULT NULL,
  `linktoaccountscontacts` varchar(100) DEFAULT NULL,
  `tags` varchar(1) DEFAULT NULL,
  `isconvertedfrompotential` int(1) NOT NULL DEFAULT 0,
  `potentialid` varchar(100) DEFAULT NULL,
  PRIMARY KEY (`projectid`),
  CONSTRAINT `fk_crmid_vtiger_project` FOREIGN KEY (`projectid`) REFERENCES `vtiger_crmentity` (`crmid`) ON DELETE CASCADE
) ENGINE=InnoDB DEFAULT CHARSET=utf8;
/*!40101 SET character_set_client = @saved_cs_client */;

--
-- Dumping data for table `vtiger_project`
--

LOCK TABLES `vtiger_project` WRITE;
/*!40000 ALTER TABLE `vtiger_project` DISABLE KEYS */;
/*!40000 ALTER TABLE `vtiger_project` ENABLE KEYS */;
UNLOCK TABLES;

--
-- Table structure for table `vtiger_projectcf`
--

DROP TABLE IF EXISTS `vtiger_projectcf`;
/*!40101 SET @saved_cs_client     = @@character_set_client */;
/*!40101 SET character_set_client = utf8 */;
CREATE TABLE `vtiger_projectcf` (
  `projectid` int(11) NOT NULL,
  PRIMARY KEY (`projectid`),
  CONSTRAINT `fk_projectid_vtiger_projectcf` FOREIGN KEY (`projectid`) REFERENCES `vtiger_project` (`projectid`) ON DELETE CASCADE
) ENGINE=InnoDB DEFAULT CHARSET=utf8;
/*!40101 SET character_set_client = @saved_cs_client */;

--
-- Dumping data for table `vtiger_projectcf`
--

LOCK TABLES `vtiger_projectcf` WRITE;
/*!40000 ALTER TABLE `vtiger_projectcf` DISABLE KEYS */;
/*!40000 ALTER TABLE `vtiger_projectcf` ENABLE KEYS */;
UNLOCK TABLES;

--
-- Table structure for table `vtiger_projectmilestone`
--

DROP TABLE IF EXISTS `vtiger_projectmilestone`;
/*!40101 SET @saved_cs_client     = @@character_set_client */;
/*!40101 SET character_set_client = utf8 */;
CREATE TABLE `vtiger_projectmilestone` (
  `projectmilestoneid` int(11) NOT NULL,
  `projectmilestonename` varchar(255) DEFAULT NULL,
  `projectmilestone_no` varchar(100) DEFAULT NULL,
  `projectmilestonedate` varchar(255) DEFAULT NULL,
  `projectid` varchar(100) DEFAULT NULL,
  `projectmilestonetype` varchar(100) DEFAULT NULL,
  `tags` varchar(1) DEFAULT NULL,
  PRIMARY KEY (`projectmilestoneid`),
  CONSTRAINT `fk_crmid_vtiger_projectmilestone` FOREIGN KEY (`projectmilestoneid`) REFERENCES `vtiger_crmentity` (`crmid`) ON DELETE CASCADE
) ENGINE=InnoDB DEFAULT CHARSET=utf8;
/*!40101 SET character_set_client = @saved_cs_client */;

--
-- Dumping data for table `vtiger_projectmilestone`
--

LOCK TABLES `vtiger_projectmilestone` WRITE;
/*!40000 ALTER TABLE `vtiger_projectmilestone` DISABLE KEYS */;
/*!40000 ALTER TABLE `vtiger_projectmilestone` ENABLE KEYS */;
UNLOCK TABLES;

--
-- Table structure for table `vtiger_projectmilestonecf`
--

DROP TABLE IF EXISTS `vtiger_projectmilestonecf`;
/*!40101 SET @saved_cs_client     = @@character_set_client */;
/*!40101 SET character_set_client = utf8 */;
CREATE TABLE `vtiger_projectmilestonecf` (
  `projectmilestoneid` int(11) NOT NULL DEFAULT 0,
  PRIMARY KEY (`projectmilestoneid`),
  CONSTRAINT `fk_projectmilestoneid_vtiger_projectmilestonecf` FOREIGN KEY (`projectmilestoneid`) REFERENCES `vtiger_projectmilestone` (`projectmilestoneid`) ON DELETE CASCADE
) ENGINE=InnoDB DEFAULT CHARSET=utf8;
/*!40101 SET character_set_client = @saved_cs_client */;

--
-- Dumping data for table `vtiger_projectmilestonecf`
--

LOCK TABLES `vtiger_projectmilestonecf` WRITE;
/*!40000 ALTER TABLE `vtiger_projectmilestonecf` DISABLE KEYS */;
/*!40000 ALTER TABLE `vtiger_projectmilestonecf` ENABLE KEYS */;
UNLOCK TABLES;

--
-- Table structure for table `vtiger_projectmilestonetype`
--

DROP TABLE IF EXISTS `vtiger_projectmilestonetype`;
/*!40101 SET @saved_cs_client     = @@character_set_client */;
/*!40101 SET character_set_client = utf8 */;
CREATE TABLE `vtiger_projectmilestonetype` (
  `projectmilestonetypeid` int(11) NOT NULL AUTO_INCREMENT,
  `projectmilestonetype` varchar(200) NOT NULL,
  `presence` int(1) NOT NULL DEFAULT 1,
  `picklist_valueid` int(11) NOT NULL DEFAULT 0,
  `sortorderid` int(11) DEFAULT 0,
  `color` varchar(10) DEFAULT NULL,
  PRIMARY KEY (`projectmilestonetypeid`)
) ENGINE=InnoDB AUTO_INCREMENT=5 DEFAULT CHARSET=utf8;
/*!40101 SET character_set_client = @saved_cs_client */;

--
-- Dumping data for table `vtiger_projectmilestonetype`
--

LOCK TABLES `vtiger_projectmilestonetype` WRITE;
/*!40000 ALTER TABLE `vtiger_projectmilestonetype` DISABLE KEYS */;
INSERT INTO `vtiger_projectmilestonetype` VALUES (2,'administrative',1,238,2,NULL),(3,'operative',1,239,3,NULL),(4,'other',1,240,4,NULL);
/*!40000 ALTER TABLE `vtiger_projectmilestonetype` ENABLE KEYS */;
UNLOCK TABLES;

--
-- Table structure for table `vtiger_projectmilestonetype_seq`
--

DROP TABLE IF EXISTS `vtiger_projectmilestonetype_seq`;
/*!40101 SET @saved_cs_client     = @@character_set_client */;
/*!40101 SET character_set_client = utf8 */;
CREATE TABLE `vtiger_projectmilestonetype_seq` (
  `id` int(11) NOT NULL
) ENGINE=InnoDB DEFAULT CHARSET=utf8;
/*!40101 SET character_set_client = @saved_cs_client */;

--
-- Dumping data for table `vtiger_projectmilestonetype_seq`
--

LOCK TABLES `vtiger_projectmilestonetype_seq` WRITE;
/*!40000 ALTER TABLE `vtiger_projectmilestonetype_seq` DISABLE KEYS */;
INSERT INTO `vtiger_projectmilestonetype_seq` VALUES (4);
/*!40000 ALTER TABLE `vtiger_projectmilestonetype_seq` ENABLE KEYS */;
UNLOCK TABLES;

--
-- Table structure for table `vtiger_projectpriority`
--

DROP TABLE IF EXISTS `vtiger_projectpriority`;
/*!40101 SET @saved_cs_client     = @@character_set_client */;
/*!40101 SET character_set_client = utf8 */;
CREATE TABLE `vtiger_projectpriority` (
  `projectpriorityid` int(11) NOT NULL AUTO_INCREMENT,
  `projectpriority` varchar(200) NOT NULL,
  `presence` int(1) NOT NULL DEFAULT 1,
  `picklist_valueid` int(11) NOT NULL DEFAULT 0,
  `sortorderid` int(11) DEFAULT 0,
  `color` varchar(10) DEFAULT NULL,
  PRIMARY KEY (`projectpriorityid`)
) ENGINE=InnoDB AUTO_INCREMENT=5 DEFAULT CHARSET=utf8;
/*!40101 SET character_set_client = @saved_cs_client */;

--
-- Dumping data for table `vtiger_projectpriority`
--

LOCK TABLES `vtiger_projectpriority` WRITE;
/*!40000 ALTER TABLE `vtiger_projectpriority` DISABLE KEYS */;
INSERT INTO `vtiger_projectpriority` VALUES (2,'low',1,274,2,NULL),(3,'normal',1,275,3,NULL),(4,'high',1,276,4,NULL);
/*!40000 ALTER TABLE `vtiger_projectpriority` ENABLE KEYS */;
UNLOCK TABLES;

--
-- Table structure for table `vtiger_projectpriority_seq`
--

DROP TABLE IF EXISTS `vtiger_projectpriority_seq`;
/*!40101 SET @saved_cs_client     = @@character_set_client */;
/*!40101 SET character_set_client = utf8 */;
CREATE TABLE `vtiger_projectpriority_seq` (
  `id` int(11) NOT NULL
) ENGINE=InnoDB DEFAULT CHARSET=utf8;
/*!40101 SET character_set_client = @saved_cs_client */;

--
-- Dumping data for table `vtiger_projectpriority_seq`
--

LOCK TABLES `vtiger_projectpriority_seq` WRITE;
/*!40000 ALTER TABLE `vtiger_projectpriority_seq` DISABLE KEYS */;
INSERT INTO `vtiger_projectpriority_seq` VALUES (4);
/*!40000 ALTER TABLE `vtiger_projectpriority_seq` ENABLE KEYS */;
UNLOCK TABLES;

--
-- Table structure for table `vtiger_projectstatus`
--

DROP TABLE IF EXISTS `vtiger_projectstatus`;
/*!40101 SET @saved_cs_client     = @@character_set_client */;
/*!40101 SET character_set_client = utf8 */;
CREATE TABLE `vtiger_projectstatus` (
  `projectstatusid` int(11) NOT NULL AUTO_INCREMENT,
  `projectstatus` varchar(200) NOT NULL,
  `presence` int(1) NOT NULL DEFAULT 1,
  `picklist_valueid` int(11) NOT NULL DEFAULT 0,
  `sortorderid` int(11) DEFAULT 0,
  `color` varchar(10) DEFAULT NULL,
  PRIMARY KEY (`projectstatusid`)
) ENGINE=InnoDB AUTO_INCREMENT=10 DEFAULT CHARSET=utf8;
/*!40101 SET character_set_client = @saved_cs_client */;

--
-- Dumping data for table `vtiger_projectstatus`
--

LOCK TABLES `vtiger_projectstatus` WRITE;
/*!40000 ALTER TABLE `vtiger_projectstatus` DISABLE KEYS */;
INSERT INTO `vtiger_projectstatus` VALUES (2,'prospecting',1,261,2,NULL),(3,'initiated',1,262,3,NULL),(4,'in progress',1,263,4,NULL),(5,'waiting for feedback',1,264,5,NULL),(6,'on hold',1,265,6,NULL),(7,'completed',1,266,7,NULL),(8,'delivered',1,267,8,NULL),(9,'archived',1,268,9,NULL);
/*!40000 ALTER TABLE `vtiger_projectstatus` ENABLE KEYS */;
UNLOCK TABLES;

--
-- Table structure for table `vtiger_projectstatus_seq`
--

DROP TABLE IF EXISTS `vtiger_projectstatus_seq`;
/*!40101 SET @saved_cs_client     = @@character_set_client */;
/*!40101 SET character_set_client = utf8 */;
CREATE TABLE `vtiger_projectstatus_seq` (
  `id` int(11) NOT NULL
) ENGINE=InnoDB DEFAULT CHARSET=utf8;
/*!40101 SET character_set_client = @saved_cs_client */;

--
-- Dumping data for table `vtiger_projectstatus_seq`
--

LOCK TABLES `vtiger_projectstatus_seq` WRITE;
/*!40000 ALTER TABLE `vtiger_projectstatus_seq` DISABLE KEYS */;
INSERT INTO `vtiger_projectstatus_seq` VALUES (9);
/*!40000 ALTER TABLE `vtiger_projectstatus_seq` ENABLE KEYS */;
UNLOCK TABLES;

--
-- Table structure for table `vtiger_projecttask`
--

DROP TABLE IF EXISTS `vtiger_projecttask`;
/*!40101 SET @saved_cs_client     = @@character_set_client */;
/*!40101 SET character_set_client = utf8 */;
CREATE TABLE `vtiger_projecttask` (
  `projecttaskid` int(11) NOT NULL,
  `projecttaskname` varchar(255) DEFAULT NULL,
  `projecttask_no` varchar(100) DEFAULT NULL,
  `projecttasktype` varchar(100) DEFAULT NULL,
  `projecttaskpriority` varchar(100) DEFAULT NULL,
  `projecttaskprogress` varchar(100) DEFAULT NULL,
  `projecttaskhours` varchar(255) DEFAULT NULL,
  `startdate` date DEFAULT NULL,
  `enddate` date DEFAULT NULL,
  `projectid` varchar(100) DEFAULT NULL,
  `projecttasknumber` int(11) DEFAULT NULL,
  `tags` varchar(1) DEFAULT NULL,
  `projecttaskstatus` varchar(100) DEFAULT NULL,
  PRIMARY KEY (`projecttaskid`),
  CONSTRAINT `fk_crmid_vtiger_projecttask` FOREIGN KEY (`projecttaskid`) REFERENCES `vtiger_crmentity` (`crmid`) ON DELETE CASCADE
) ENGINE=InnoDB DEFAULT CHARSET=utf8;
/*!40101 SET character_set_client = @saved_cs_client */;

--
-- Dumping data for table `vtiger_projecttask`
--

LOCK TABLES `vtiger_projecttask` WRITE;
/*!40000 ALTER TABLE `vtiger_projecttask` DISABLE KEYS */;
/*!40000 ALTER TABLE `vtiger_projecttask` ENABLE KEYS */;
UNLOCK TABLES;

--
-- Table structure for table `vtiger_projecttask_status_color`
--

DROP TABLE IF EXISTS `vtiger_projecttask_status_color`;
/*!40101 SET @saved_cs_client     = @@character_set_client */;
/*!40101 SET character_set_client = utf8 */;
CREATE TABLE `vtiger_projecttask_status_color` (
  `status` varchar(255) DEFAULT NULL,
  `defaultcolor` varchar(50) DEFAULT NULL,
  `color` varchar(50) DEFAULT NULL,
  UNIQUE KEY `status` (`status`)
) ENGINE=InnoDB DEFAULT CHARSET=utf8;
/*!40101 SET character_set_client = @saved_cs_client */;

--
-- Dumping data for table `vtiger_projecttask_status_color`
--

LOCK TABLES `vtiger_projecttask_status_color` WRITE;
/*!40000 ALTER TABLE `vtiger_projecttask_status_color` DISABLE KEYS */;
INSERT INTO `vtiger_projecttask_status_color` VALUES ('Open','#0099ff',NULL),('In Progress','#fdff00',NULL),('Completed','#3BBF67',NULL),('Deferred','#fbb11e',NULL),('Canceled','#660066',NULL);
/*!40000 ALTER TABLE `vtiger_projecttask_status_color` ENABLE KEYS */;
UNLOCK TABLES;

--
-- Table structure for table `vtiger_projecttaskcf`
--

DROP TABLE IF EXISTS `vtiger_projecttaskcf`;
/*!40101 SET @saved_cs_client     = @@character_set_client */;
/*!40101 SET character_set_client = utf8 */;
CREATE TABLE `vtiger_projecttaskcf` (
  `projecttaskid` int(11) NOT NULL DEFAULT 0,
  PRIMARY KEY (`projecttaskid`),
  CONSTRAINT `fk_projecttaskid_vtiger_projecttaskcf` FOREIGN KEY (`projecttaskid`) REFERENCES `vtiger_projecttask` (`projecttaskid`) ON DELETE CASCADE
) ENGINE=InnoDB DEFAULT CHARSET=utf8;
/*!40101 SET character_set_client = @saved_cs_client */;

--
-- Dumping data for table `vtiger_projecttaskcf`
--

LOCK TABLES `vtiger_projecttaskcf` WRITE;
/*!40000 ALTER TABLE `vtiger_projecttaskcf` DISABLE KEYS */;
/*!40000 ALTER TABLE `vtiger_projecttaskcf` ENABLE KEYS */;
UNLOCK TABLES;

--
-- Table structure for table `vtiger_projecttaskpriority`
--

DROP TABLE IF EXISTS `vtiger_projecttaskpriority`;
/*!40101 SET @saved_cs_client     = @@character_set_client */;
/*!40101 SET character_set_client = utf8 */;
CREATE TABLE `vtiger_projecttaskpriority` (
  `projecttaskpriorityid` int(11) NOT NULL AUTO_INCREMENT,
  `projecttaskpriority` varchar(200) NOT NULL,
  `presence` int(1) NOT NULL DEFAULT 1,
  `picklist_valueid` int(11) NOT NULL DEFAULT 0,
  `sortorderid` int(11) DEFAULT 0,
  `color` varchar(10) DEFAULT NULL,
  PRIMARY KEY (`projecttaskpriorityid`)
) ENGINE=InnoDB AUTO_INCREMENT=5 DEFAULT CHARSET=utf8;
/*!40101 SET character_set_client = @saved_cs_client */;

--
-- Dumping data for table `vtiger_projecttaskpriority`
--

LOCK TABLES `vtiger_projecttaskpriority` WRITE;
/*!40000 ALTER TABLE `vtiger_projecttaskpriority` DISABLE KEYS */;
INSERT INTO `vtiger_projecttaskpriority` VALUES (2,'low',1,246,2,NULL),(3,'normal',1,247,3,NULL),(4,'high',1,248,4,NULL);
/*!40000 ALTER TABLE `vtiger_projecttaskpriority` ENABLE KEYS */;
UNLOCK TABLES;

--
-- Table structure for table `vtiger_projecttaskpriority_seq`
--

DROP TABLE IF EXISTS `vtiger_projecttaskpriority_seq`;
/*!40101 SET @saved_cs_client     = @@character_set_client */;
/*!40101 SET character_set_client = utf8 */;
CREATE TABLE `vtiger_projecttaskpriority_seq` (
  `id` int(11) NOT NULL
) ENGINE=InnoDB DEFAULT CHARSET=utf8;
/*!40101 SET character_set_client = @saved_cs_client */;

--
-- Dumping data for table `vtiger_projecttaskpriority_seq`
--

LOCK TABLES `vtiger_projecttaskpriority_seq` WRITE;
/*!40000 ALTER TABLE `vtiger_projecttaskpriority_seq` DISABLE KEYS */;
INSERT INTO `vtiger_projecttaskpriority_seq` VALUES (4);
/*!40000 ALTER TABLE `vtiger_projecttaskpriority_seq` ENABLE KEYS */;
UNLOCK TABLES;

--
-- Table structure for table `vtiger_projecttaskprogress`
--

DROP TABLE IF EXISTS `vtiger_projecttaskprogress`;
/*!40101 SET @saved_cs_client     = @@character_set_client */;
/*!40101 SET character_set_client = utf8 */;
CREATE TABLE `vtiger_projecttaskprogress` (
  `projecttaskprogressid` int(11) NOT NULL AUTO_INCREMENT,
  `projecttaskprogress` varchar(200) NOT NULL,
  `presence` int(1) NOT NULL DEFAULT 1,
  `picklist_valueid` int(11) NOT NULL DEFAULT 0,
  `sortorderid` int(11) DEFAULT 0,
  `color` varchar(10) DEFAULT NULL,
  PRIMARY KEY (`projecttaskprogressid`)
) ENGINE=InnoDB AUTO_INCREMENT=12 DEFAULT CHARSET=utf8;
/*!40101 SET character_set_client = @saved_cs_client */;

--
-- Dumping data for table `vtiger_projecttaskprogress`
--

LOCK TABLES `vtiger_projecttaskprogress` WRITE;
/*!40000 ALTER TABLE `vtiger_projecttaskprogress` DISABLE KEYS */;
INSERT INTO `vtiger_projecttaskprogress` VALUES (2,'10%',1,250,2,NULL),(3,'20%',1,251,3,NULL),(4,'30%',1,252,4,NULL),(5,'40%',1,253,5,NULL),(6,'50%',1,254,6,NULL),(7,'60%',1,255,7,NULL),(8,'70%',1,256,8,NULL),(9,'80%',1,257,9,NULL),(10,'90%',1,258,10,NULL),(11,'100%',1,259,11,NULL);
/*!40000 ALTER TABLE `vtiger_projecttaskprogress` ENABLE KEYS */;
UNLOCK TABLES;

--
-- Table structure for table `vtiger_projecttaskprogress_seq`
--

DROP TABLE IF EXISTS `vtiger_projecttaskprogress_seq`;
/*!40101 SET @saved_cs_client     = @@character_set_client */;
/*!40101 SET character_set_client = utf8 */;
CREATE TABLE `vtiger_projecttaskprogress_seq` (
  `id` int(11) NOT NULL
) ENGINE=InnoDB DEFAULT CHARSET=utf8;
/*!40101 SET character_set_client = @saved_cs_client */;

--
-- Dumping data for table `vtiger_projecttaskprogress_seq`
--

LOCK TABLES `vtiger_projecttaskprogress_seq` WRITE;
/*!40000 ALTER TABLE `vtiger_projecttaskprogress_seq` DISABLE KEYS */;
INSERT INTO `vtiger_projecttaskprogress_seq` VALUES (11);
/*!40000 ALTER TABLE `vtiger_projecttaskprogress_seq` ENABLE KEYS */;
UNLOCK TABLES;

--
-- Table structure for table `vtiger_projecttaskstatus`
--

DROP TABLE IF EXISTS `vtiger_projecttaskstatus`;
/*!40101 SET @saved_cs_client     = @@character_set_client */;
/*!40101 SET character_set_client = utf8 */;
CREATE TABLE `vtiger_projecttaskstatus` (
  `projecttaskstatusid` int(11) NOT NULL AUTO_INCREMENT,
  `projecttaskstatus` varchar(200) NOT NULL,
  `presence` int(1) NOT NULL DEFAULT 1,
  `picklist_valueid` int(11) NOT NULL DEFAULT 0,
  `sortorderid` int(11) DEFAULT 0,
  `color` varchar(10) DEFAULT NULL,
  PRIMARY KEY (`projecttaskstatusid`)
) ENGINE=InnoDB AUTO_INCREMENT=7 DEFAULT CHARSET=utf8;
/*!40101 SET character_set_client = @saved_cs_client */;

--
-- Dumping data for table `vtiger_projecttaskstatus`
--

LOCK TABLES `vtiger_projecttaskstatus` WRITE;
/*!40000 ALTER TABLE `vtiger_projecttaskstatus` DISABLE KEYS */;
INSERT INTO `vtiger_projecttaskstatus` VALUES (2,'Open',0,290,2,NULL),(3,'In Progress',0,291,3,NULL),(4,'Completed',0,292,4,NULL),(5,'Deferred',0,293,5,NULL),(6,'Canceled ',0,294,6,NULL);
/*!40000 ALTER TABLE `vtiger_projecttaskstatus` ENABLE KEYS */;
UNLOCK TABLES;

--
-- Table structure for table `vtiger_projecttaskstatus_seq`
--

DROP TABLE IF EXISTS `vtiger_projecttaskstatus_seq`;
/*!40101 SET @saved_cs_client     = @@character_set_client */;
/*!40101 SET character_set_client = utf8 */;
CREATE TABLE `vtiger_projecttaskstatus_seq` (
  `id` int(11) NOT NULL
) ENGINE=InnoDB DEFAULT CHARSET=utf8;
/*!40101 SET character_set_client = @saved_cs_client */;

--
-- Dumping data for table `vtiger_projecttaskstatus_seq`
--

LOCK TABLES `vtiger_projecttaskstatus_seq` WRITE;
/*!40000 ALTER TABLE `vtiger_projecttaskstatus_seq` DISABLE KEYS */;
INSERT INTO `vtiger_projecttaskstatus_seq` VALUES (6);
/*!40000 ALTER TABLE `vtiger_projecttaskstatus_seq` ENABLE KEYS */;
UNLOCK TABLES;

--
-- Table structure for table `vtiger_projecttasktype`
--

DROP TABLE IF EXISTS `vtiger_projecttasktype`;
/*!40101 SET @saved_cs_client     = @@character_set_client */;
/*!40101 SET character_set_client = utf8 */;
CREATE TABLE `vtiger_projecttasktype` (
  `projecttasktypeid` int(11) NOT NULL AUTO_INCREMENT,
  `projecttasktype` varchar(200) NOT NULL,
  `presence` int(1) NOT NULL DEFAULT 1,
  `picklist_valueid` int(11) NOT NULL DEFAULT 0,
  `sortorderid` int(11) DEFAULT 0,
  `color` varchar(10) DEFAULT NULL,
  PRIMARY KEY (`projecttasktypeid`)
) ENGINE=InnoDB AUTO_INCREMENT=5 DEFAULT CHARSET=utf8;
/*!40101 SET character_set_client = @saved_cs_client */;

--
-- Dumping data for table `vtiger_projecttasktype`
--

LOCK TABLES `vtiger_projecttasktype` WRITE;
/*!40000 ALTER TABLE `vtiger_projecttasktype` DISABLE KEYS */;
INSERT INTO `vtiger_projecttasktype` VALUES (2,'administrative',1,242,2,NULL),(3,'operative',1,243,3,NULL),(4,'other',1,244,4,NULL);
/*!40000 ALTER TABLE `vtiger_projecttasktype` ENABLE KEYS */;
UNLOCK TABLES;

--
-- Table structure for table `vtiger_projecttasktype_seq`
--

DROP TABLE IF EXISTS `vtiger_projecttasktype_seq`;
/*!40101 SET @saved_cs_client     = @@character_set_client */;
/*!40101 SET character_set_client = utf8 */;
CREATE TABLE `vtiger_projecttasktype_seq` (
  `id` int(11) NOT NULL
) ENGINE=InnoDB DEFAULT CHARSET=utf8;
/*!40101 SET character_set_client = @saved_cs_client */;

--
-- Dumping data for table `vtiger_projecttasktype_seq`
--

LOCK TABLES `vtiger_projecttasktype_seq` WRITE;
/*!40000 ALTER TABLE `vtiger_projecttasktype_seq` DISABLE KEYS */;
INSERT INTO `vtiger_projecttasktype_seq` VALUES (4);
/*!40000 ALTER TABLE `vtiger_projecttasktype_seq` ENABLE KEYS */;
UNLOCK TABLES;

--
-- Table structure for table `vtiger_projecttype`
--

DROP TABLE IF EXISTS `vtiger_projecttype`;
/*!40101 SET @saved_cs_client     = @@character_set_client */;
/*!40101 SET character_set_client = utf8 */;
CREATE TABLE `vtiger_projecttype` (
  `projecttypeid` int(11) NOT NULL AUTO_INCREMENT,
  `projecttype` varchar(200) NOT NULL,
  `presence` int(1) NOT NULL DEFAULT 1,
  `picklist_valueid` int(11) NOT NULL DEFAULT 0,
  `sortorderid` int(11) DEFAULT 0,
  `color` varchar(10) DEFAULT NULL,
  PRIMARY KEY (`projecttypeid`)
) ENGINE=InnoDB AUTO_INCREMENT=5 DEFAULT CHARSET=utf8;
/*!40101 SET character_set_client = @saved_cs_client */;

--
-- Dumping data for table `vtiger_projecttype`
--

LOCK TABLES `vtiger_projecttype` WRITE;
/*!40000 ALTER TABLE `vtiger_projecttype` DISABLE KEYS */;
INSERT INTO `vtiger_projecttype` VALUES (2,'administrative',1,270,2,NULL),(3,'operative',1,271,3,NULL),(4,'other',1,272,4,NULL);
/*!40000 ALTER TABLE `vtiger_projecttype` ENABLE KEYS */;
UNLOCK TABLES;

--
-- Table structure for table `vtiger_projecttype_seq`
--

DROP TABLE IF EXISTS `vtiger_projecttype_seq`;
/*!40101 SET @saved_cs_client     = @@character_set_client */;
/*!40101 SET character_set_client = utf8 */;
CREATE TABLE `vtiger_projecttype_seq` (
  `id` int(11) NOT NULL
) ENGINE=InnoDB DEFAULT CHARSET=utf8;
/*!40101 SET character_set_client = @saved_cs_client */;

--
-- Dumping data for table `vtiger_projecttype_seq`
--

LOCK TABLES `vtiger_projecttype_seq` WRITE;
/*!40000 ALTER TABLE `vtiger_projecttype_seq` DISABLE KEYS */;
INSERT INTO `vtiger_projecttype_seq` VALUES (4);
/*!40000 ALTER TABLE `vtiger_projecttype_seq` ENABLE KEYS */;
UNLOCK TABLES;

--
-- Table structure for table `vtiger_purchaseorder`
--

DROP TABLE IF EXISTS `vtiger_purchaseorder`;
/*!40101 SET @saved_cs_client     = @@character_set_client */;
/*!40101 SET character_set_client = utf8 */;
CREATE TABLE `vtiger_purchaseorder` (
  `purchaseorderid` int(19) NOT NULL DEFAULT 0,
  `subject` varchar(100) DEFAULT NULL,
  `quoteid` int(19) DEFAULT NULL,
  `vendorid` int(19) DEFAULT NULL,
  `requisition_no` varchar(100) DEFAULT NULL,
  `purchaseorder_no` varchar(100) DEFAULT NULL,
  `tracking_no` varchar(100) DEFAULT NULL,
  `contactid` int(19) DEFAULT NULL,
  `duedate` date DEFAULT NULL,
  `carrier` varchar(200) DEFAULT NULL,
  `type` varchar(100) DEFAULT NULL,
  `adjustment` decimal(25,8) DEFAULT NULL,
  `salescommission` decimal(25,3) DEFAULT NULL,
  `exciseduty` decimal(25,3) DEFAULT NULL,
  `total` decimal(25,8) DEFAULT NULL,
  `subtotal` decimal(25,8) DEFAULT NULL,
  `taxtype` varchar(25) DEFAULT NULL,
  `discount_percent` decimal(25,3) DEFAULT NULL,
  `discount_amount` decimal(25,8) DEFAULT NULL,
  `s_h_amount` decimal(25,8) DEFAULT NULL,
  `terms_conditions` text DEFAULT NULL,
  `postatus` varchar(200) DEFAULT NULL,
  `currency_id` int(19) NOT NULL DEFAULT 1,
  `conversion_rate` decimal(10,3) NOT NULL DEFAULT 1.000,
  `compound_taxes_info` text DEFAULT NULL,
  `pre_tax_total` decimal(25,8) DEFAULT NULL,
  `paid` decimal(25,8) DEFAULT NULL,
  `balance` decimal(25,8) DEFAULT NULL,
  `s_h_percent` int(11) DEFAULT NULL,
  `tags` varchar(1) DEFAULT NULL,
  `region_id` int(19) DEFAULT NULL,
  PRIMARY KEY (`purchaseorderid`),
  KEY `purchaseorder_vendorid_idx` (`vendorid`),
  KEY `purchaseorder_quoteid_idx` (`quoteid`),
  KEY `purchaseorder_contactid_idx` (`contactid`),
  CONSTRAINT `fk_4_vtiger_purchaseorder` FOREIGN KEY (`vendorid`) REFERENCES `vtiger_vendor` (`vendorid`) ON DELETE CASCADE,
  CONSTRAINT `fk_crmid_vtiger_purchaseorder` FOREIGN KEY (`purchaseorderid`) REFERENCES `vtiger_crmentity` (`crmid`) ON DELETE CASCADE
) ENGINE=InnoDB DEFAULT CHARSET=utf8;
/*!40101 SET character_set_client = @saved_cs_client */;

--
-- Dumping data for table `vtiger_purchaseorder`
--

LOCK TABLES `vtiger_purchaseorder` WRITE;
/*!40000 ALTER TABLE `vtiger_purchaseorder` DISABLE KEYS */;
/*!40000 ALTER TABLE `vtiger_purchaseorder` ENABLE KEYS */;
UNLOCK TABLES;

--
-- Table structure for table `vtiger_purchaseordercf`
--

DROP TABLE IF EXISTS `vtiger_purchaseordercf`;
/*!40101 SET @saved_cs_client     = @@character_set_client */;
/*!40101 SET character_set_client = utf8 */;
CREATE TABLE `vtiger_purchaseordercf` (
  `purchaseorderid` int(19) NOT NULL DEFAULT 0,
  PRIMARY KEY (`purchaseorderid`),
  CONSTRAINT `fk_1_vtiger_purchaseordercf` FOREIGN KEY (`purchaseorderid`) REFERENCES `vtiger_purchaseorder` (`purchaseorderid`) ON DELETE CASCADE
) ENGINE=InnoDB DEFAULT CHARSET=utf8;
/*!40101 SET character_set_client = @saved_cs_client */;

--
-- Dumping data for table `vtiger_purchaseordercf`
--

LOCK TABLES `vtiger_purchaseordercf` WRITE;
/*!40000 ALTER TABLE `vtiger_purchaseordercf` DISABLE KEYS */;
/*!40000 ALTER TABLE `vtiger_purchaseordercf` ENABLE KEYS */;
UNLOCK TABLES;

--
-- Table structure for table `vtiger_quotes`
--

DROP TABLE IF EXISTS `vtiger_quotes`;
/*!40101 SET @saved_cs_client     = @@character_set_client */;
/*!40101 SET character_set_client = utf8 */;
CREATE TABLE `vtiger_quotes` (
  `quoteid` int(19) NOT NULL DEFAULT 0,
  `subject` varchar(100) DEFAULT NULL,
  `potentialid` int(19) DEFAULT NULL,
  `quotestage` varchar(200) DEFAULT NULL,
  `validtill` date DEFAULT NULL,
  `contactid` int(19) DEFAULT NULL,
  `quote_no` varchar(100) DEFAULT NULL,
  `subtotal` decimal(25,8) DEFAULT NULL,
  `carrier` varchar(200) DEFAULT NULL,
  `shipping` varchar(100) DEFAULT NULL,
  `inventorymanager` int(19) DEFAULT NULL,
  `type` varchar(100) DEFAULT NULL,
  `adjustment` decimal(25,8) DEFAULT NULL,
  `total` decimal(25,8) DEFAULT NULL,
  `taxtype` varchar(25) DEFAULT NULL,
  `discount_percent` decimal(25,3) DEFAULT NULL,
  `discount_amount` decimal(25,8) DEFAULT NULL,
  `s_h_amount` decimal(25,8) DEFAULT NULL,
  `accountid` int(19) DEFAULT NULL,
  `terms_conditions` text DEFAULT NULL,
  `currency_id` int(19) NOT NULL DEFAULT 1,
  `conversion_rate` decimal(10,3) NOT NULL DEFAULT 1.000,
  `compound_taxes_info` text DEFAULT NULL,
  `pre_tax_total` decimal(25,8) DEFAULT NULL,
  `s_h_percent` int(11) DEFAULT NULL,
  `tags` varchar(1) DEFAULT NULL,
  `region_id` int(19) DEFAULT NULL,
  PRIMARY KEY (`quoteid`),
  KEY `quote_quotestage_idx` (`quotestage`),
  KEY `quotes_potentialid_idx` (`potentialid`),
  KEY `quotes_contactid_idx` (`contactid`),
  CONSTRAINT `fk_3_vtiger_quotes` FOREIGN KEY (`potentialid`) REFERENCES `vtiger_potential` (`potentialid`) ON DELETE CASCADE,
  CONSTRAINT `fk_crmid_vtiger_quotes` FOREIGN KEY (`quoteid`) REFERENCES `vtiger_crmentity` (`crmid`) ON DELETE CASCADE
) ENGINE=InnoDB DEFAULT CHARSET=utf8;
/*!40101 SET character_set_client = @saved_cs_client */;

--
-- Dumping data for table `vtiger_quotes`
--

LOCK TABLES `vtiger_quotes` WRITE;
/*!40000 ALTER TABLE `vtiger_quotes` DISABLE KEYS */;
/*!40000 ALTER TABLE `vtiger_quotes` ENABLE KEYS */;
UNLOCK TABLES;

--
-- Table structure for table `vtiger_quotesbillads`
--

DROP TABLE IF EXISTS `vtiger_quotesbillads`;
/*!40101 SET @saved_cs_client     = @@character_set_client */;
/*!40101 SET character_set_client = utf8 */;
CREATE TABLE `vtiger_quotesbillads` (
  `quotebilladdressid` int(19) NOT NULL DEFAULT 0,
  `bill_city` varchar(30) DEFAULT NULL,
  `bill_code` varchar(30) DEFAULT NULL,
  `bill_country` varchar(30) DEFAULT NULL,
  `bill_state` varchar(30) DEFAULT NULL,
  `bill_street` varchar(250) DEFAULT NULL,
  `bill_pobox` varchar(30) DEFAULT NULL,
  PRIMARY KEY (`quotebilladdressid`),
  CONSTRAINT `fk_1_vtiger_quotesbillads` FOREIGN KEY (`quotebilladdressid`) REFERENCES `vtiger_quotes` (`quoteid`) ON DELETE CASCADE
) ENGINE=InnoDB DEFAULT CHARSET=utf8;
/*!40101 SET character_set_client = @saved_cs_client */;

--
-- Dumping data for table `vtiger_quotesbillads`
--

LOCK TABLES `vtiger_quotesbillads` WRITE;
/*!40000 ALTER TABLE `vtiger_quotesbillads` DISABLE KEYS */;
/*!40000 ALTER TABLE `vtiger_quotesbillads` ENABLE KEYS */;
UNLOCK TABLES;

--
-- Table structure for table `vtiger_quotescf`
--

DROP TABLE IF EXISTS `vtiger_quotescf`;
/*!40101 SET @saved_cs_client     = @@character_set_client */;
/*!40101 SET character_set_client = utf8 */;
CREATE TABLE `vtiger_quotescf` (
  `quoteid` int(19) NOT NULL DEFAULT 0,
  PRIMARY KEY (`quoteid`),
  CONSTRAINT `fk_1_vtiger_quotescf` FOREIGN KEY (`quoteid`) REFERENCES `vtiger_quotes` (`quoteid`) ON DELETE CASCADE
) ENGINE=InnoDB DEFAULT CHARSET=utf8;
/*!40101 SET character_set_client = @saved_cs_client */;

--
-- Dumping data for table `vtiger_quotescf`
--

LOCK TABLES `vtiger_quotescf` WRITE;
/*!40000 ALTER TABLE `vtiger_quotescf` DISABLE KEYS */;
/*!40000 ALTER TABLE `vtiger_quotescf` ENABLE KEYS */;
UNLOCK TABLES;

--
-- Table structure for table `vtiger_quotesshipads`
--

DROP TABLE IF EXISTS `vtiger_quotesshipads`;
/*!40101 SET @saved_cs_client     = @@character_set_client */;
/*!40101 SET character_set_client = utf8 */;
CREATE TABLE `vtiger_quotesshipads` (
  `quoteshipaddressid` int(19) NOT NULL DEFAULT 0,
  `ship_city` varchar(30) DEFAULT NULL,
  `ship_code` varchar(30) DEFAULT NULL,
  `ship_country` varchar(30) DEFAULT NULL,
  `ship_state` varchar(30) DEFAULT NULL,
  `ship_street` varchar(250) DEFAULT NULL,
  `ship_pobox` varchar(30) DEFAULT NULL,
  PRIMARY KEY (`quoteshipaddressid`),
  CONSTRAINT `fk_1_vtiger_quotesshipads` FOREIGN KEY (`quoteshipaddressid`) REFERENCES `vtiger_quotes` (`quoteid`) ON DELETE CASCADE
) ENGINE=InnoDB DEFAULT CHARSET=utf8;
/*!40101 SET character_set_client = @saved_cs_client */;

--
-- Dumping data for table `vtiger_quotesshipads`
--

LOCK TABLES `vtiger_quotesshipads` WRITE;
/*!40000 ALTER TABLE `vtiger_quotesshipads` DISABLE KEYS */;
/*!40000 ALTER TABLE `vtiger_quotesshipads` ENABLE KEYS */;
UNLOCK TABLES;

--
-- Table structure for table `vtiger_quotestage`
--

DROP TABLE IF EXISTS `vtiger_quotestage`;
/*!40101 SET @saved_cs_client     = @@character_set_client */;
/*!40101 SET character_set_client = utf8 */;
CREATE TABLE `vtiger_quotestage` (
  `quotestageid` int(19) NOT NULL AUTO_INCREMENT,
  `quotestage` varchar(200) NOT NULL,
  `presence` int(1) NOT NULL DEFAULT 1,
  `picklist_valueid` int(19) NOT NULL DEFAULT 0,
  `sortorderid` int(11) DEFAULT NULL,
  `color` varchar(10) DEFAULT NULL,
  PRIMARY KEY (`quotestageid`),
  UNIQUE KEY `quotestage_quotestage_idx` (`quotestage`)
) ENGINE=InnoDB AUTO_INCREMENT=6 DEFAULT CHARSET=utf8;
/*!40101 SET character_set_client = @saved_cs_client */;

--
-- Dumping data for table `vtiger_quotestage`
--

LOCK TABLES `vtiger_quotestage` WRITE;
/*!40000 ALTER TABLE `vtiger_quotestage` DISABLE KEYS */;
INSERT INTO `vtiger_quotestage` VALUES (1,'Created',0,139,0,NULL),(2,'Delivered',0,140,1,NULL),(3,'Reviewed',0,141,2,NULL),(4,'Accepted',0,142,3,NULL),(5,'Rejected',0,143,4,NULL);
/*!40000 ALTER TABLE `vtiger_quotestage` ENABLE KEYS */;
UNLOCK TABLES;

--
-- Table structure for table `vtiger_quotestage_seq`
--

DROP TABLE IF EXISTS `vtiger_quotestage_seq`;
/*!40101 SET @saved_cs_client     = @@character_set_client */;
/*!40101 SET character_set_client = utf8 */;
CREATE TABLE `vtiger_quotestage_seq` (
  `id` int(11) NOT NULL
) ENGINE=InnoDB DEFAULT CHARSET=utf8;
/*!40101 SET character_set_client = @saved_cs_client */;

--
-- Dumping data for table `vtiger_quotestage_seq`
--

LOCK TABLES `vtiger_quotestage_seq` WRITE;
/*!40000 ALTER TABLE `vtiger_quotestage_seq` DISABLE KEYS */;
INSERT INTO `vtiger_quotestage_seq` VALUES (5);
/*!40000 ALTER TABLE `vtiger_quotestage_seq` ENABLE KEYS */;
UNLOCK TABLES;

--
-- Table structure for table `vtiger_quotestagehistory`
--

DROP TABLE IF EXISTS `vtiger_quotestagehistory`;
/*!40101 SET @saved_cs_client     = @@character_set_client */;
/*!40101 SET character_set_client = utf8 */;
CREATE TABLE `vtiger_quotestagehistory` (
  `historyid` int(19) NOT NULL AUTO_INCREMENT,
  `quoteid` int(19) NOT NULL,
  `accountname` varchar(100) DEFAULT NULL,
  `total` decimal(10,0) DEFAULT NULL,
  `quotestage` varchar(200) DEFAULT NULL,
  `lastmodified` datetime DEFAULT NULL,
  PRIMARY KEY (`historyid`),
  KEY `quotestagehistory_quoteid_idx` (`quoteid`),
  CONSTRAINT `fk_1_vtiger_quotestagehistory` FOREIGN KEY (`quoteid`) REFERENCES `vtiger_quotes` (`quoteid`) ON DELETE CASCADE
) ENGINE=InnoDB DEFAULT CHARSET=utf8;
/*!40101 SET character_set_client = @saved_cs_client */;

--
-- Dumping data for table `vtiger_quotestagehistory`
--

LOCK TABLES `vtiger_quotestagehistory` WRITE;
/*!40000 ALTER TABLE `vtiger_quotestagehistory` DISABLE KEYS */;
/*!40000 ALTER TABLE `vtiger_quotestagehistory` ENABLE KEYS */;
UNLOCK TABLES;

--
-- Table structure for table `vtiger_rating`
--

DROP TABLE IF EXISTS `vtiger_rating`;
/*!40101 SET @saved_cs_client     = @@character_set_client */;
/*!40101 SET character_set_client = utf8 */;
CREATE TABLE `vtiger_rating` (
  `rating_id` int(19) NOT NULL AUTO_INCREMENT,
  `rating` varchar(200) DEFAULT NULL,
  `presence` int(1) NOT NULL DEFAULT 1,
  `picklist_valueid` int(19) NOT NULL DEFAULT 0,
  `sortorderid` int(11) DEFAULT NULL,
  `color` varchar(10) DEFAULT NULL,
  PRIMARY KEY (`rating_id`)
) ENGINE=InnoDB AUTO_INCREMENT=7 DEFAULT CHARSET=utf8;
/*!40101 SET character_set_client = @saved_cs_client */;

--
-- Dumping data for table `vtiger_rating`
--

LOCK TABLES `vtiger_rating` WRITE;
/*!40000 ALTER TABLE `vtiger_rating` DISABLE KEYS */;
INSERT INTO `vtiger_rating` VALUES (2,'Acquired',1,145,1,NULL),(3,'Active',1,146,2,NULL),(4,'Market Failed',1,147,3,NULL),(5,'Project Cancelled',1,148,4,NULL),(6,'Shutdown',1,149,5,NULL);
/*!40000 ALTER TABLE `vtiger_rating` ENABLE KEYS */;
UNLOCK TABLES;

--
-- Table structure for table `vtiger_rating_seq`
--

DROP TABLE IF EXISTS `vtiger_rating_seq`;
/*!40101 SET @saved_cs_client     = @@character_set_client */;
/*!40101 SET character_set_client = utf8 */;
CREATE TABLE `vtiger_rating_seq` (
  `id` int(11) NOT NULL
) ENGINE=InnoDB DEFAULT CHARSET=utf8;
/*!40101 SET character_set_client = @saved_cs_client */;

--
-- Dumping data for table `vtiger_rating_seq`
--

LOCK TABLES `vtiger_rating_seq` WRITE;
/*!40000 ALTER TABLE `vtiger_rating_seq` DISABLE KEYS */;
INSERT INTO `vtiger_rating_seq` VALUES (6);
/*!40000 ALTER TABLE `vtiger_rating_seq` ENABLE KEYS */;
UNLOCK TABLES;

--
-- Table structure for table `vtiger_recurring_frequency`
--

DROP TABLE IF EXISTS `vtiger_recurring_frequency`;
/*!40101 SET @saved_cs_client     = @@character_set_client */;
/*!40101 SET character_set_client = utf8 */;
CREATE TABLE `vtiger_recurring_frequency` (
  `recurring_frequency_id` int(11) DEFAULT NULL,
  `recurring_frequency` varchar(200) DEFAULT NULL,
  `sortorderid` int(11) DEFAULT NULL,
  `presence` int(11) DEFAULT NULL,
  `color` varchar(10) DEFAULT NULL
) ENGINE=InnoDB DEFAULT CHARSET=utf8;
/*!40101 SET character_set_client = @saved_cs_client */;

--
-- Dumping data for table `vtiger_recurring_frequency`
--

LOCK TABLES `vtiger_recurring_frequency` WRITE;
/*!40000 ALTER TABLE `vtiger_recurring_frequency` DISABLE KEYS */;
INSERT INTO `vtiger_recurring_frequency` VALUES (2,'Daily',1,1,NULL),(3,'Weekly',2,1,NULL),(4,'Monthly',3,1,NULL),(5,'Quarterly',4,1,NULL),(6,'Yearly',5,1,NULL);
/*!40000 ALTER TABLE `vtiger_recurring_frequency` ENABLE KEYS */;
UNLOCK TABLES;

--
-- Table structure for table `vtiger_recurring_frequency_seq`
--

DROP TABLE IF EXISTS `vtiger_recurring_frequency_seq`;
/*!40101 SET @saved_cs_client     = @@character_set_client */;
/*!40101 SET character_set_client = utf8 */;
CREATE TABLE `vtiger_recurring_frequency_seq` (
  `id` int(11) NOT NULL
) ENGINE=InnoDB DEFAULT CHARSET=utf8;
/*!40101 SET character_set_client = @saved_cs_client */;

--
-- Dumping data for table `vtiger_recurring_frequency_seq`
--

LOCK TABLES `vtiger_recurring_frequency_seq` WRITE;
/*!40000 ALTER TABLE `vtiger_recurring_frequency_seq` DISABLE KEYS */;
INSERT INTO `vtiger_recurring_frequency_seq` VALUES (6);
/*!40000 ALTER TABLE `vtiger_recurring_frequency_seq` ENABLE KEYS */;
UNLOCK TABLES;

--
-- Table structure for table `vtiger_recurringevents`
--

DROP TABLE IF EXISTS `vtiger_recurringevents`;
/*!40101 SET @saved_cs_client     = @@character_set_client */;
/*!40101 SET character_set_client = utf8 */;
CREATE TABLE `vtiger_recurringevents` (
  `recurringid` int(19) NOT NULL AUTO_INCREMENT,
  `activityid` int(19) NOT NULL,
  `recurringdate` date DEFAULT NULL,
  `recurringtype` varchar(30) DEFAULT NULL,
  `recurringfreq` int(19) DEFAULT NULL,
  `recurringinfo` varchar(50) DEFAULT NULL,
  `recurringenddate` date DEFAULT NULL,
  PRIMARY KEY (`recurringid`),
  KEY `fk_1_vtiger_recurringevents` (`activityid`),
  CONSTRAINT `fk_1_vtiger_recurringevents` FOREIGN KEY (`activityid`) REFERENCES `vtiger_activity` (`activityid`) ON DELETE CASCADE
) ENGINE=InnoDB DEFAULT CHARSET=utf8;
/*!40101 SET character_set_client = @saved_cs_client */;

--
-- Dumping data for table `vtiger_recurringevents`
--

LOCK TABLES `vtiger_recurringevents` WRITE;
/*!40000 ALTER TABLE `vtiger_recurringevents` DISABLE KEYS */;
/*!40000 ALTER TABLE `vtiger_recurringevents` ENABLE KEYS */;
UNLOCK TABLES;

--
-- Table structure for table `vtiger_recurringtype`
--

DROP TABLE IF EXISTS `vtiger_recurringtype`;
/*!40101 SET @saved_cs_client     = @@character_set_client */;
/*!40101 SET character_set_client = utf8 */;
CREATE TABLE `vtiger_recurringtype` (
  `recurringeventid` int(19) NOT NULL AUTO_INCREMENT,
  `recurringtype` varchar(200) NOT NULL,
  `sortorderid` int(19) NOT NULL DEFAULT 0,
  `presence` int(1) NOT NULL DEFAULT 1,
  `color` varchar(10) DEFAULT NULL,
  PRIMARY KEY (`recurringeventid`),
  UNIQUE KEY `recurringtype_status_idx` (`recurringtype`)
) ENGINE=InnoDB AUTO_INCREMENT=6 DEFAULT CHARSET=utf8;
/*!40101 SET character_set_client = @saved_cs_client */;

--
-- Dumping data for table `vtiger_recurringtype`
--

LOCK TABLES `vtiger_recurringtype` WRITE;
/*!40000 ALTER TABLE `vtiger_recurringtype` DISABLE KEYS */;
INSERT INTO `vtiger_recurringtype` VALUES (2,'Daily',1,1,NULL),(3,'Weekly',2,1,NULL),(4,'Monthly',3,1,NULL),(5,'Yearly',4,1,NULL);
/*!40000 ALTER TABLE `vtiger_recurringtype` ENABLE KEYS */;
UNLOCK TABLES;

--
-- Table structure for table `vtiger_recurringtype_seq`
--

DROP TABLE IF EXISTS `vtiger_recurringtype_seq`;
/*!40101 SET @saved_cs_client     = @@character_set_client */;
/*!40101 SET character_set_client = utf8 */;
CREATE TABLE `vtiger_recurringtype_seq` (
  `id` int(11) NOT NULL
) ENGINE=InnoDB DEFAULT CHARSET=utf8;
/*!40101 SET character_set_client = @saved_cs_client */;

--
-- Dumping data for table `vtiger_recurringtype_seq`
--

LOCK TABLES `vtiger_recurringtype_seq` WRITE;
/*!40000 ALTER TABLE `vtiger_recurringtype_seq` DISABLE KEYS */;
INSERT INTO `vtiger_recurringtype_seq` VALUES (5);
/*!40000 ALTER TABLE `vtiger_recurringtype_seq` ENABLE KEYS */;
UNLOCK TABLES;

--
-- Table structure for table `vtiger_relatedlists`
--

DROP TABLE IF EXISTS `vtiger_relatedlists`;
/*!40101 SET @saved_cs_client     = @@character_set_client */;
/*!40101 SET character_set_client = utf8 */;
CREATE TABLE `vtiger_relatedlists` (
  `relation_id` int(19) NOT NULL,
  `tabid` int(10) DEFAULT NULL,
  `related_tabid` int(10) DEFAULT NULL,
  `name` varchar(100) DEFAULT NULL,
  `sequence` int(10) DEFAULT NULL,
  `label` varchar(100) DEFAULT NULL,
  `presence` int(10) NOT NULL DEFAULT 0,
  `actions` varchar(50) NOT NULL DEFAULT '',
  `relationfieldid` int(19) DEFAULT NULL,
  `source` varchar(25) DEFAULT NULL,
  `relationtype` varchar(10) DEFAULT NULL,
  PRIMARY KEY (`relation_id`),
  KEY `relatedlists_relation_id_idx` (`relation_id`)
) ENGINE=InnoDB DEFAULT CHARSET=utf8;
/*!40101 SET character_set_client = @saved_cs_client */;

--
-- Dumping data for table `vtiger_relatedlists`
--

LOCK TABLES `vtiger_relatedlists` WRITE;
/*!40000 ALTER TABLE `vtiger_relatedlists` DISABLE KEYS */;
INSERT INTO `vtiger_relatedlists` VALUES (1,6,4,'get_contacts',2,'Contacts',0,'add',72,'','1:N'),(2,6,2,'get_opportunities',3,'Potentials',0,'add',113,'','1:N'),(3,6,20,'get_quotes',4,'Quotes',0,'add',330,'','1:N'),(4,6,22,'get_salesorder',5,'Sales Order',0,'add',409,'','1:N'),(5,6,23,'get_invoices',6,'Invoice',0,'add',452,'','1:N'),(6,6,9,'get_activities',7,'Activities',0,'add',238,'','1:N'),(7,6,10,'get_emails',8,'Emails',0,'add',0,'','1:N'),(8,6,9,'get_history',9,'Activity History',0,'add',238,'','1:N'),(9,6,8,'get_attachments',10,'Documents',0,'add,select',0,'','1:N'),(10,6,13,'get_tickets',11,'HelpDesk',0,'add',157,'','1:N'),(11,6,14,'get_products',12,'Products',0,'select',0,'','1:N'),(12,7,9,'get_activities',2,'Activities',0,'add',238,'','1:N'),(13,7,10,'get_emails',3,'Emails',0,'add',0,'','1:N'),(14,7,9,'get_history',4,'Activity History',0,'add',238,'','1:N'),(15,7,8,'get_attachments',5,'Documents',0,'add,select',0,'','1:N'),(16,7,14,'get_products',6,'Products',0,'select',0,'','1:N'),(17,7,26,'get_campaigns',7,'Campaigns',0,'select',0,'','1:N'),(18,4,2,'get_opportunities',2,'Potentials',0,'add',740,'','1:N'),(19,4,9,'get_activities',4,'Activities',0,'add',239,'','1:N'),(20,4,10,'get_emails',11,'Emails',0,'add',0,'','1:N'),(21,4,13,'get_tickets',3,'HelpDesk',0,'add',741,'','1:N'),(22,4,20,'get_quotes',6,'Quotes',0,'add',319,'','1:N'),(23,4,21,'get_purchase_orders',7,'Purchase Order',0,'add',356,'','1:N'),(24,4,22,'get_salesorder',8,'Sales Order',0,'add',395,'','1:N'),(25,4,14,'get_products',9,'Products',0,'select',0,'','1:N'),(26,4,9,'get_history',10,'Activity History',0,'add',239,'','1:N'),(27,4,8,'get_attachments',5,'Documents',0,'add,select',0,'','1:N'),(28,4,26,'get_campaigns',12,'Campaigns',0,'select',0,'','1:N'),(29,4,23,'get_invoices',13,'Invoice',0,'add',439,'','1:N'),(30,2,9,'get_activities',2,'Activities',0,'add',238,'','1:N'),(31,2,4,'get_contacts',3,'Contacts',0,'select',0,'','1:N'),(32,2,14,'get_products',4,'Products',0,'select',0,'','1:N'),(33,2,0,'get_stage_history',5,'Sales Stage History',0,'',0,'','1:N'),(34,2,8,'get_attachments',6,'Documents',0,'add,select',0,'','1:N'),(35,2,20,'get_Quotes',7,'Quotes',0,'add',316,'','1:N'),(36,2,22,'get_salesorder',8,'Sales Order',0,'add',391,'','1:N'),(37,2,9,'get_history',9,'Activity History',0,'',238,'','1:N'),(38,14,13,'get_tickets',1,'HelpDesk',0,'add',159,'','1:N'),(39,14,8,'get_attachments',3,'Documents',0,'add,select',0,'','1:N'),(40,14,20,'get_quotes',4,'Quotes',0,'add',703,'','1:N'),(41,14,21,'get_purchase_orders',5,'Purchase Order',0,'add',694,'','1:N'),(42,14,22,'get_salesorder',6,'Sales Order',0,'add',685,'','1:N'),(43,14,23,'get_invoices',7,'Invoice',0,'add',676,'','1:N'),(44,14,19,'get_product_pricebooks',8,'PriceBooks',0,'ADD,SELECT',0,'','1:N'),(45,14,7,'get_leads',9,'Leads',0,'select',0,'','1:N'),(46,14,6,'get_accounts',10,'Accounts',0,'select',0,'','1:N'),(47,14,4,'get_contacts',11,'Contacts',0,'select',0,'','1:N'),(48,14,2,'get_opportunities',12,'Potentials',0,'select',0,'','1:N'),(49,14,14,'get_products',13,'Product Bundles',0,'add,select',0,'','1:N'),(50,14,14,'get_parent_products',14,'Parent Product',0,'',0,'','1:N'),(51,10,4,'get_contacts',1,'Contacts',0,'select,bulkmail',0,'','1:N'),(52,10,0,'get_users',2,'Users',0,'',0,'','1:N'),(53,10,8,'get_attachments',3,'Documents',0,'add,select',0,'','1:N'),(54,13,9,'get_activities',3,'Activities',0,'add',238,'','1:N'),(55,13,8,'get_attachments',9,'Documents',0,'add,select',0,'','1:N'),(56,13,0,'get_ticket_history',4,'Ticket History',0,'',0,'','1:N'),(57,13,9,'get_history',5,'Activity History',0,'add',238,'','1:N'),(58,19,14,'get_pricebook_products',2,'Products',0,'select',0,'','1:N'),(59,18,14,'get_products',1,'Products',0,'add,select',185,'','1:N'),(60,18,21,'get_purchase_orders',2,'Purchase Order',0,'add',353,'','1:N'),(61,18,4,'get_contacts',3,'Contacts',0,'select',0,'','1:N'),(62,18,10,'get_emails',4,'Emails',0,'add',0,'','1:N'),(63,20,22,'get_salesorder',1,'Sales Order',0,'',393,'','1:N'),(64,20,9,'get_activities',2,'Activities',0,'add',0,'','1:N'),(65,20,8,'get_attachments',3,'Documents',0,'add,select',0,'','1:N'),(66,20,9,'get_history',4,'Activity History',0,'',0,'','1:N'),(67,20,0,'get_quotestagehistory',5,'Quote Stage History',0,'',0,'','1:N'),(68,21,9,'get_activities',1,'Activities',0,'add',0,'','1:N'),(69,21,8,'get_attachments',2,'Documents',0,'add,select',0,'','1:N'),(70,21,9,'get_history',3,'Activity History',0,'',0,'','1:N'),(71,21,0,'get_postatushistory',4,'PurchaseOrder Status History',0,'',0,'','1:N'),(72,22,9,'get_activities',1,'Activities',0,'add',0,'','1:N'),(73,22,8,'get_attachments',2,'Documents',0,'add,select',0,'','1:N'),(74,22,23,'get_invoices',3,'Invoice',0,'',437,'','1:N'),(75,22,9,'get_history',4,'Activity History',0,'',0,'','1:N'),(76,22,0,'get_sostatushistory',5,'SalesOrder Status History',0,'',0,'','1:N'),(77,23,9,'get_activities',1,'Activities',0,'add',0,'','1:N'),(78,23,8,'get_attachments',2,'Documents',0,'add,select',0,'','1:N'),(79,23,9,'get_history',3,'Activity History',0,'',0,'','1:N'),(80,23,0,'get_invoicestatushistory',4,'Invoice Status History',0,'',0,'','1:N'),(81,9,0,'get_users',1,'Users',0,'',0,'','1:N'),(82,9,4,'get_contacts',2,'Contacts',0,'',0,'','1:N'),(83,26,4,'get_contacts',1,'Contacts',0,'add,select',0,'','1:N'),(84,26,7,'get_leads',2,'Leads',0,'add,select',0,'','1:N'),(85,26,2,'get_opportunities',3,'Potentials',0,'add',121,'','1:N'),(86,26,9,'get_activities',4,'Activities',0,'add',238,'','1:N'),(87,6,26,'get_campaigns',14,'Campaigns',0,'select',0,'','1:N'),(88,26,6,'get_accounts',5,'Accounts',0,'add,select',0,'','1:N'),(89,15,8,'get_attachments',2,'Documents',0,'add,select',0,'','1:N'),(90,34,13,'get_related_list',1,'HelpDesk',0,'ADD,SELECT',NULL,NULL,'N:N'),(91,34,20,'get_quotes',2,'Quotes',0,'ADD',703,NULL,'1:N'),(92,34,21,'get_purchase_orders',3,'Purchase Order',0,'ADD',694,NULL,'1:N'),(93,34,22,'get_salesorder',4,'Sales Order',0,'ADD',685,NULL,'1:N'),(94,34,23,'get_invoices',5,'Invoice',0,'ADD',676,NULL,'1:N'),(95,34,19,'get_service_pricebooks',6,'PriceBooks',0,'ADD',NULL,NULL,'N:N'),(96,34,7,'get_related_list',7,'Leads',0,'SELECT',NULL,NULL,'N:N'),(97,34,6,'get_related_list',8,'Accounts',0,'SELECT',NULL,NULL,'N:N'),(98,34,4,'get_related_list',9,'Contacts',0,'SELECT',NULL,NULL,'N:N'),(99,34,2,'get_related_list',10,'Potentials',0,'SELECT',NULL,NULL,'N:N'),(100,34,8,'get_attachments',11,'Documents',0,'ADD,SELECT',NULL,NULL,'N:N'),(101,13,34,'get_related_list',6,'Services',0,'SELECT',NULL,NULL,'N:N'),(102,7,34,'get_related_list',8,'Services',0,'SELECT',NULL,NULL,'N:N'),(103,6,34,'get_related_list',15,'Services',0,'SELECT',NULL,NULL,'N:N'),(104,4,34,'get_related_list',14,'Services',0,'SELECT',NULL,NULL,'N:N'),(105,2,34,'get_related_list',10,'Services',0,'SELECT',NULL,NULL,'N:N'),(106,19,34,'get_pricebook_services',3,'Services',0,'SELECT',NULL,NULL,'N:N'),(109,6,35,'get_merged_list',16,'PBXManager',0,'',557,NULL,'1:N'),(110,37,13,'get_related_list',1,'Service Requests',0,'ADD,SELECT',NULL,NULL,'N:N'),(111,37,8,'get_attachments',2,'Documents',0,'ADD,SELECT',NULL,NULL,'N:N'),(112,6,37,'get_merged_list',17,'Service Contracts',0,'ADD',571,NULL,'1:N'),(113,4,37,'get_dependents_list',16,'Service Contracts',0,'ADD',571,NULL,'1:N'),(114,13,37,'get_related_list',7,'Service Contracts',0,'ADD,SELECT',NULL,NULL,'N:N'),(115,38,13,'get_related_list',1,'HelpDesk',0,'ADD,SELECT',NULL,NULL,'N:N'),(116,38,8,'get_attachments',2,'Documents',0,'ADD,SELECT',NULL,NULL,'N:N'),(117,6,38,'get_merged_list',18,'Assets',0,'ADD',600,NULL,'1:N'),(118,14,38,'get_dependents_list',15,'Assets',0,'ADD',589,NULL,'1:N'),(119,23,38,'get_dependents_list',5,'Assets',0,'ADD',595,NULL,'1:N'),(120,39,6,'get_related_list',1,'Accounts',0,' ',NULL,NULL,'N:N'),(121,39,4,'get_related_list',2,'Contacts',0,' ',NULL,NULL,'N:N'),(122,39,7,'get_related_list',3,'Leads',0,' ',NULL,NULL,'N:N'),(123,7,41,'get_comments',10,'ModComments',0,'',619,NULL,'1:N'),(124,4,41,'get_comments',17,'ModComments',1,'',619,NULL,'1:N'),(125,6,41,'get_comments',19,'ModComments',0,'',619,NULL,'1:N'),(126,2,41,'get_comments',11,'ModComments',0,'',619,NULL,'1:N'),(134,6,44,'get_merged_list',20,'Projects',0,'add',660,NULL,'1:N'),(135,4,44,'get_dependents_list',18,'Projects',0,'add',660,NULL,'1:N'),(136,13,44,'get_related_list',8,'Projects',0,'SELECT',NULL,NULL,'N:N'),(138,43,8,'get_attachments',2,'Documents',0,'ADD,SELECT',NULL,NULL,'N:N'),(139,43,41,'get_comments',3,'ModComments',0,'',619,NULL,'1:N'),(140,44,43,'get_dependents_list',2,'Project Tasks',0,'ADD',639,NULL,'1:N'),(141,44,42,'get_dependents_list',3,'Project Milestones',0,'ADD',625,NULL,'1:N'),(142,44,8,'get_attachments',4,'Documents',0,'ADD,SELECT',NULL,NULL,'N:N'),(143,44,13,'get_related_list',5,'HelpDesk',0,'ADD,SELECT',NULL,NULL,'N:N'),(144,44,0,'get_gantt_chart',6,'Charts',0,'',NULL,NULL,'N:N'),(145,44,41,'get_comments',7,'ModComments',0,'',619,NULL,'1:N'),(146,13,41,'get_comments',2,'ModComments',0,'',619,NULL,'1:N'),(147,15,41,'get_comments',3,'ModComments',0,'',619,NULL,'1:N'),(148,4,38,'get_dependents_list',19,'Assets',0,'ADD',601,NULL,'1:N'),(149,4,18,'get_vendors',20,'Vendors',0,'SELECT',0,'','1:N'),(150,2,23,'get_dependents_list',12,'Invoice',0,'ADD',774,NULL,'1:N'),(151,8,4,'get_related_list',1,'Contacts',0,'1',NULL,NULL,'N:N'),(152,8,6,'get_related_list',2,'Accounts',0,'1',NULL,NULL,'N:N'),(153,8,2,'get_related_list',3,'Potentials',0,'1',NULL,NULL,'N:N'),(154,8,7,'get_related_list',4,'Leads',0,'1',NULL,NULL,'N:N'),(155,8,14,'get_related_list',5,'Products',0,'1',NULL,NULL,'N:N'),(156,8,34,'get_related_list',6,'Services',0,'1',NULL,NULL,'N:N'),(157,8,44,'get_related_list',7,'Project',0,'1',NULL,NULL,'N:N'),(158,8,38,'get_related_list',8,'Assets',0,'1',NULL,NULL,'N:N'),(159,8,37,'get_related_list',9,'ServiceContracts',0,'1',NULL,NULL,'N:N'),(160,8,20,'get_related_list',10,'Quotes',0,'1',NULL,NULL,'N:N'),(161,8,23,'get_related_list',11,'Invoice',0,'1',NULL,NULL,'N:N'),(162,8,22,'get_related_list',12,'SalesOrder',0,'1',NULL,NULL,'N:N'),(163,8,21,'get_related_list',13,'PurchaseOrder',0,'1',NULL,NULL,'N:N'),(164,8,13,'get_related_list',14,'HelpDesk',0,'1',NULL,NULL,'N:N'),(165,8,15,'get_related_list',15,'Faq',0,'1',NULL,NULL,'N:N'),(166,44,10,'get_emails',8,'Emails',0,'ADD',NULL,NULL,'N:N'),(167,43,10,'get_emails',4,'Emails',0,'ADD',NULL,NULL,'N:N'),(168,44,9,'get_related_list',9,'Activities',0,'ADD',NULL,NULL,NULL),(169,44,20,'get_related_list',10,'Quotes',0,'SELECT',NULL,NULL,NULL),(170,14,21,'get_purchase_orders',16,'PurchaseOrder',0,'ADD',NULL,NULL,NULL),(171,54,55,'get_related_list',4,'Acciones',0,'ADD',932,NULL,'1:N');
/*!40000 ALTER TABLE `vtiger_relatedlists` ENABLE KEYS */;
UNLOCK TABLES;

--
-- Table structure for table `vtiger_relatedlists_rb`
--

DROP TABLE IF EXISTS `vtiger_relatedlists_rb`;
/*!40101 SET @saved_cs_client     = @@character_set_client */;
/*!40101 SET character_set_client = utf8 */;
CREATE TABLE `vtiger_relatedlists_rb` (
  `entityid` int(19) DEFAULT NULL,
  `action` varchar(50) DEFAULT NULL,
  `rel_table` varchar(200) DEFAULT NULL,
  `rel_column` varchar(200) DEFAULT NULL,
  `ref_column` varchar(200) DEFAULT NULL,
  `related_crm_ids` text DEFAULT NULL
) ENGINE=InnoDB DEFAULT CHARSET=utf8;
/*!40101 SET character_set_client = @saved_cs_client */;

--
-- Dumping data for table `vtiger_relatedlists_rb`
--

LOCK TABLES `vtiger_relatedlists_rb` WRITE;
/*!40000 ALTER TABLE `vtiger_relatedlists_rb` DISABLE KEYS */;
INSERT INTO `vtiger_relatedlists_rb` VALUES (33,'update','vtiger_ticketcf','cf_898','ticketid','32'),(56,'update','vtiger_acciones','acciones_tks_tema','accionesid','57'),(59,'update','vtiger_acciones','acciones_tks_tema','accionesid','60');
/*!40000 ALTER TABLE `vtiger_relatedlists_rb` ENABLE KEYS */;
UNLOCK TABLES;

--
-- Table structure for table `vtiger_relatedlists_seq`
--

DROP TABLE IF EXISTS `vtiger_relatedlists_seq`;
/*!40101 SET @saved_cs_client     = @@character_set_client */;
/*!40101 SET character_set_client = utf8 */;
CREATE TABLE `vtiger_relatedlists_seq` (
  `id` int(11) NOT NULL
) ENGINE=InnoDB DEFAULT CHARSET=utf8;
/*!40101 SET character_set_client = @saved_cs_client */;

--
-- Dumping data for table `vtiger_relatedlists_seq`
--

LOCK TABLES `vtiger_relatedlists_seq` WRITE;
/*!40000 ALTER TABLE `vtiger_relatedlists_seq` DISABLE KEYS */;
INSERT INTO `vtiger_relatedlists_seq` VALUES (171);
/*!40000 ALTER TABLE `vtiger_relatedlists_seq` ENABLE KEYS */;
UNLOCK TABLES;

--
-- Table structure for table `vtiger_relcriteria`
--

DROP TABLE IF EXISTS `vtiger_relcriteria`;
/*!40101 SET @saved_cs_client     = @@character_set_client */;
/*!40101 SET character_set_client = utf8 */;
CREATE TABLE `vtiger_relcriteria` (
  `queryid` int(19) NOT NULL,
  `columnindex` int(11) NOT NULL,
  `columnname` varchar(250) DEFAULT '',
  `comparator` varchar(20) DEFAULT NULL,
  `value` varchar(512) DEFAULT NULL,
  `groupid` int(11) DEFAULT 1,
  `column_condition` varchar(256) DEFAULT 'and',
  PRIMARY KEY (`queryid`,`columnindex`),
  KEY `relcriteria_queryid_idx` (`queryid`),
  CONSTRAINT `fk_1_vtiger_relcriteria` FOREIGN KEY (`queryid`) REFERENCES `vtiger_selectquery` (`queryid`) ON DELETE CASCADE
) ENGINE=InnoDB DEFAULT CHARSET=utf8;
/*!40101 SET character_set_client = @saved_cs_client */;

--
-- Dumping data for table `vtiger_relcriteria`
--

LOCK TABLES `vtiger_relcriteria` WRITE;
/*!40000 ALTER TABLE `vtiger_relcriteria` DISABLE KEYS */;
INSERT INTO `vtiger_relcriteria` VALUES (1,0,'vtiger_contactdetails:accountid:Contacts_Account_Name:account_id:V','n','',1,'and'),(2,0,'vtiger_contactdetails:accountid:Contacts_Account_Name:account_id:V','e','',1,'and'),(3,0,'vtiger_potential:potentialname:Potentials_Potential_Name:potentialname:V','n','',1,'and'),(7,0,'vtiger_potential:sales_stage:Potentials_Sales_Stage:sales_stage:V','e','Closed Won',1,'and'),(12,0,'vtiger_troubletickets:status:HelpDesk_Status:ticketstatus:V','n','Closed',1,'and'),(15,0,'vtiger_quotes:quotestage:Quotes_Quote_Stage:quotestage:V','n','Accepted',1,'and'),(15,1,'vtiger_quotes:quotestage:Quotes_Quote_Stage:quotestage:V','n','Rejected',1,'and'),(22,0,'vtiger_email_track:access_count:Emails_Access_Count:access_count:V','n','',1,'and'),(23,0,'vtiger_email_track:access_count:Emails_Access_Count:access_count:V','n','',1,'and'),(24,0,'vtiger_email_track:access_count:Emails_Access_Count:access_count:V','n','',1,'and'),(25,0,'vtiger_email_track:access_count:Emails_Access_Count:access_count:V','n','',1,'and');
/*!40000 ALTER TABLE `vtiger_relcriteria` ENABLE KEYS */;
UNLOCK TABLES;

--
-- Table structure for table `vtiger_relcriteria_grouping`
--

DROP TABLE IF EXISTS `vtiger_relcriteria_grouping`;
/*!40101 SET @saved_cs_client     = @@character_set_client */;
/*!40101 SET character_set_client = utf8 */;
CREATE TABLE `vtiger_relcriteria_grouping` (
  `groupid` int(11) NOT NULL,
  `queryid` int(19) NOT NULL,
  `group_condition` varchar(256) DEFAULT NULL,
  `condition_expression` text DEFAULT NULL,
  PRIMARY KEY (`groupid`,`queryid`)
) ENGINE=InnoDB DEFAULT CHARSET=utf8;
/*!40101 SET character_set_client = @saved_cs_client */;

--
-- Dumping data for table `vtiger_relcriteria_grouping`
--

LOCK TABLES `vtiger_relcriteria_grouping` WRITE;
/*!40000 ALTER TABLE `vtiger_relcriteria_grouping` DISABLE KEYS */;
INSERT INTO `vtiger_relcriteria_grouping` VALUES (1,1,'','0'),(1,2,'','0'),(1,3,'','0'),(1,7,'','0'),(1,12,'','0'),(1,15,'','0 and 1'),(1,22,'','0'),(1,23,'','0'),(1,24,'','0'),(1,25,'','0');
/*!40000 ALTER TABLE `vtiger_relcriteria_grouping` ENABLE KEYS */;
UNLOCK TABLES;

--
-- Table structure for table `vtiger_reminder_interval`
--

DROP TABLE IF EXISTS `vtiger_reminder_interval`;
/*!40101 SET @saved_cs_client     = @@character_set_client */;
/*!40101 SET character_set_client = utf8 */;
CREATE TABLE `vtiger_reminder_interval` (
  `reminder_intervalid` int(19) NOT NULL AUTO_INCREMENT,
  `reminder_interval` varchar(200) NOT NULL,
  `sortorderid` int(19) NOT NULL,
  `presence` int(1) NOT NULL,
  PRIMARY KEY (`reminder_intervalid`)
) ENGINE=InnoDB AUTO_INCREMENT=9 DEFAULT CHARSET=utf8;
/*!40101 SET character_set_client = @saved_cs_client */;

--
-- Dumping data for table `vtiger_reminder_interval`
--

LOCK TABLES `vtiger_reminder_interval` WRITE;
/*!40000 ALTER TABLE `vtiger_reminder_interval` DISABLE KEYS */;
INSERT INTO `vtiger_reminder_interval` VALUES (2,'1 Minute',1,1),(3,'5 Minutes',2,1),(4,'15 Minutes',3,1),(5,'30 Minutes',4,1),(6,'45 Minutes',5,1),(7,'1 Hour',6,1),(8,'1 Day',7,1);
/*!40000 ALTER TABLE `vtiger_reminder_interval` ENABLE KEYS */;
UNLOCK TABLES;

--
-- Table structure for table `vtiger_reminder_interval_seq`
--

DROP TABLE IF EXISTS `vtiger_reminder_interval_seq`;
/*!40101 SET @saved_cs_client     = @@character_set_client */;
/*!40101 SET character_set_client = utf8 */;
CREATE TABLE `vtiger_reminder_interval_seq` (
  `id` int(11) NOT NULL
) ENGINE=InnoDB DEFAULT CHARSET=utf8;
/*!40101 SET character_set_client = @saved_cs_client */;

--
-- Dumping data for table `vtiger_reminder_interval_seq`
--

LOCK TABLES `vtiger_reminder_interval_seq` WRITE;
/*!40000 ALTER TABLE `vtiger_reminder_interval_seq` DISABLE KEYS */;
INSERT INTO `vtiger_reminder_interval_seq` VALUES (8);
/*!40000 ALTER TABLE `vtiger_reminder_interval_seq` ENABLE KEYS */;
UNLOCK TABLES;

--
-- Table structure for table `vtiger_report`
--

DROP TABLE IF EXISTS `vtiger_report`;
/*!40101 SET @saved_cs_client     = @@character_set_client */;
/*!40101 SET character_set_client = utf8 */;
CREATE TABLE `vtiger_report` (
  `reportid` int(19) NOT NULL,
  `folderid` int(19) NOT NULL,
  `reportname` varchar(100) DEFAULT '',
  `description` varchar(250) DEFAULT '',
  `reporttype` varchar(50) DEFAULT '',
  `queryid` int(19) NOT NULL DEFAULT 0,
  `state` varchar(50) DEFAULT 'SAVED',
  `customizable` int(1) DEFAULT 1,
  `category` int(11) DEFAULT 1,
  `owner` int(11) DEFAULT 1,
  `sharingtype` varchar(200) DEFAULT 'Private',
  PRIMARY KEY (`reportid`),
  KEY `report_queryid_idx` (`queryid`),
  KEY `report_folderid_idx` (`folderid`),
  CONSTRAINT `fk_2_vtiger_report` FOREIGN KEY (`queryid`) REFERENCES `vtiger_selectquery` (`queryid`) ON DELETE CASCADE
) ENGINE=InnoDB DEFAULT CHARSET=utf8;
/*!40101 SET character_set_client = @saved_cs_client */;

--
-- Dumping data for table `vtiger_report`
--

LOCK TABLES `vtiger_report` WRITE;
/*!40000 ALTER TABLE `vtiger_report` DISABLE KEYS */;
INSERT INTO `vtiger_report` VALUES (1,1,'Contacts by Accounts','Contacts related to Accounts','tabular',1,'CUSTOM',1,1,1,'Public'),(2,1,'Contacts without Accounts','Contacts not related to Accounts','tabular',2,'CUSTOM',1,1,1,'Public'),(3,1,'Contacts by Potentials','Contacts related to Potentials','tabular',3,'CUSTOM',1,1,1,'Public'),(4,2,'Lead by Source','Lead by Source','summary',4,'CUSTOM',1,1,1,'Public'),(5,2,'Lead Status Report','Lead Status Report','summary',5,'CUSTOM',1,1,1,'Public'),(6,3,'Potential Pipeline','Potential Pipeline','summary',6,'CUSTOM',1,1,1,'Public'),(7,3,'Closed Potentials','Potential that have Won','tabular',7,'CUSTOM',1,1,1,'Public'),(8,4,'Last Month Activities','Last Month Activities','tabular',8,'CUSTOM',1,1,1,'Public'),(9,4,'This Month Activities','This Month Activities','tabular',9,'CUSTOM',1,1,1,'Public'),(10,5,'Tickets by Products','Tickets related to Products','tabular',10,'CUSTOM',1,1,1,'Public'),(11,5,'Tickets by Priority','Tickets by Priority','summary',11,'CUSTOM',1,1,1,'Public'),(12,5,'Open Tickets','Tickets that are Open','tabular',12,'CUSTOM',1,1,1,'Public'),(13,6,'Product Details','Product Detailed Report','tabular',13,'CUSTOM',1,1,1,'Public'),(14,6,'Products by Contacts','Products related to Contacts','tabular',14,'CUSTOM',1,1,1,'Public'),(15,7,'Open Quotes','Quotes that are Open','tabular',15,'CUSTOM',1,1,1,'Public'),(16,7,'Quotes Detailed Report','Quotes Detailed Report','tabular',16,'CUSTOM',1,1,1,'Public'),(17,8,'PurchaseOrder by Contacts','PurchaseOrder related to Contacts','tabular',17,'CUSTOM',1,1,1,'Public'),(18,8,'PurchaseOrder Detailed Report','PurchaseOrder Detailed Report','tabular',18,'CUSTOM',1,1,1,'Public'),(19,9,'Invoice Detailed Report','Invoice Detailed Report','tabular',19,'CUSTOM',1,1,1,'Public'),(20,10,'SalesOrder Detailed Report','SalesOrder Detailed Report','tabular',20,'CUSTOM',1,1,1,'Public'),(21,11,'Campaign Expectations and Actuals','Campaign Expectations and Actuals','tabular',21,'CUSTOM',1,1,1,'Public'),(22,12,'Contacts Email Report','Emails sent to Contacts','tabular',22,'CUSTOM',1,1,1,'Public'),(23,12,'Accounts Email Report','Emails sent to Organizations','tabular',23,'CUSTOM',1,1,1,'Public'),(24,12,'Leads Email Report','Emails sent to Leads','tabular',24,'CUSTOM',1,1,1,'Public'),(25,12,'Vendors Email Report','Emails sent to Vendors','tabular',25,'CUSTOM',1,1,1,'Public');
/*!40000 ALTER TABLE `vtiger_report` ENABLE KEYS */;
UNLOCK TABLES;

--
-- Table structure for table `vtiger_report_sharegroups`
--

DROP TABLE IF EXISTS `vtiger_report_sharegroups`;
/*!40101 SET @saved_cs_client     = @@character_set_client */;
/*!40101 SET character_set_client = utf8 */;
CREATE TABLE `vtiger_report_sharegroups` (
  `reportid` int(25) NOT NULL,
  `groupid` int(25) NOT NULL,
  KEY `vtiger_report_sharegroups_ibfk_1` (`reportid`),
  KEY `vtiger_groups_groupid_ibfk_1` (`groupid`),
  CONSTRAINT `vtiger_groups_groupid_ibfk_1` FOREIGN KEY (`groupid`) REFERENCES `vtiger_groups` (`groupid`) ON DELETE CASCADE,
  CONSTRAINT `vtiger_report_reportid_ibfk_2` FOREIGN KEY (`reportid`) REFERENCES `vtiger_report` (`reportid`) ON DELETE CASCADE
) ENGINE=InnoDB DEFAULT CHARSET=utf8;
/*!40101 SET character_set_client = @saved_cs_client */;

--
-- Dumping data for table `vtiger_report_sharegroups`
--

LOCK TABLES `vtiger_report_sharegroups` WRITE;
/*!40000 ALTER TABLE `vtiger_report_sharegroups` DISABLE KEYS */;
/*!40000 ALTER TABLE `vtiger_report_sharegroups` ENABLE KEYS */;
UNLOCK TABLES;

--
-- Table structure for table `vtiger_report_sharerole`
--

DROP TABLE IF EXISTS `vtiger_report_sharerole`;
/*!40101 SET @saved_cs_client     = @@character_set_client */;
/*!40101 SET character_set_client = utf8 */;
CREATE TABLE `vtiger_report_sharerole` (
  `reportid` int(25) NOT NULL,
  `roleid` varchar(255) NOT NULL,
  KEY `vtiger_report_sharerole_ibfk_1` (`reportid`),
  KEY `vtiger_role_roleid_ibfk_1` (`roleid`),
  CONSTRAINT `vtiger_report_reportid_ibfk_3` FOREIGN KEY (`reportid`) REFERENCES `vtiger_report` (`reportid`) ON DELETE CASCADE,
  CONSTRAINT `vtiger_role_roleid_ibfk_1` FOREIGN KEY (`roleid`) REFERENCES `vtiger_role` (`roleid`) ON DELETE CASCADE
) ENGINE=InnoDB DEFAULT CHARSET=utf8;
/*!40101 SET character_set_client = @saved_cs_client */;

--
-- Dumping data for table `vtiger_report_sharerole`
--

LOCK TABLES `vtiger_report_sharerole` WRITE;
/*!40000 ALTER TABLE `vtiger_report_sharerole` DISABLE KEYS */;
/*!40000 ALTER TABLE `vtiger_report_sharerole` ENABLE KEYS */;
UNLOCK TABLES;

--
-- Table structure for table `vtiger_report_sharers`
--

DROP TABLE IF EXISTS `vtiger_report_sharers`;
/*!40101 SET @saved_cs_client     = @@character_set_client */;
/*!40101 SET character_set_client = utf8 */;
CREATE TABLE `vtiger_report_sharers` (
  `reportid` int(25) NOT NULL,
  `rsid` varchar(255) NOT NULL,
  KEY `vtiger_report_sharers_ibfk_1` (`reportid`),
  KEY `vtiger_rolesd_rsid_ibfk_1` (`rsid`),
  CONSTRAINT `vtiger_report_reportid_ibfk_4` FOREIGN KEY (`reportid`) REFERENCES `vtiger_report` (`reportid`) ON DELETE CASCADE,
  CONSTRAINT `vtiger_rolesd_rsid_ibfk_1` FOREIGN KEY (`rsid`) REFERENCES `vtiger_role` (`roleid`) ON DELETE CASCADE
) ENGINE=InnoDB DEFAULT CHARSET=utf8;
/*!40101 SET character_set_client = @saved_cs_client */;

--
-- Dumping data for table `vtiger_report_sharers`
--

LOCK TABLES `vtiger_report_sharers` WRITE;
/*!40000 ALTER TABLE `vtiger_report_sharers` DISABLE KEYS */;
/*!40000 ALTER TABLE `vtiger_report_sharers` ENABLE KEYS */;
UNLOCK TABLES;

--
-- Table structure for table `vtiger_report_shareusers`
--

DROP TABLE IF EXISTS `vtiger_report_shareusers`;
/*!40101 SET @saved_cs_client     = @@character_set_client */;
/*!40101 SET character_set_client = utf8 */;
CREATE TABLE `vtiger_report_shareusers` (
  `reportid` int(25) NOT NULL,
  `userid` int(25) NOT NULL,
  KEY `vtiger_report_shareusers_ibfk_1` (`reportid`),
  KEY `vtiger_users_userid_ibfk_1` (`userid`),
  CONSTRAINT `vtiger_reports_reportid_ibfk_1` FOREIGN KEY (`reportid`) REFERENCES `vtiger_report` (`reportid`) ON DELETE CASCADE,
  CONSTRAINT `vtiger_users_userid_ibfk_1` FOREIGN KEY (`userid`) REFERENCES `vtiger_users` (`id`) ON DELETE CASCADE
) ENGINE=InnoDB DEFAULT CHARSET=utf8;
/*!40101 SET character_set_client = @saved_cs_client */;

--
-- Dumping data for table `vtiger_report_shareusers`
--

LOCK TABLES `vtiger_report_shareusers` WRITE;
/*!40000 ALTER TABLE `vtiger_report_shareusers` DISABLE KEYS */;
/*!40000 ALTER TABLE `vtiger_report_shareusers` ENABLE KEYS */;
UNLOCK TABLES;

--
-- Table structure for table `vtiger_reportdatefilter`
--

DROP TABLE IF EXISTS `vtiger_reportdatefilter`;
/*!40101 SET @saved_cs_client     = @@character_set_client */;
/*!40101 SET character_set_client = utf8 */;
CREATE TABLE `vtiger_reportdatefilter` (
  `datefilterid` int(19) NOT NULL,
  `datecolumnname` varchar(250) DEFAULT '',
  `datefilter` varchar(250) DEFAULT '',
  `startdate` date DEFAULT NULL,
  `enddate` date DEFAULT NULL,
  PRIMARY KEY (`datefilterid`),
  KEY `reportdatefilter_datefilterid_idx` (`datefilterid`),
  CONSTRAINT `fk_1_vtiger_reportdatefilter` FOREIGN KEY (`datefilterid`) REFERENCES `vtiger_report` (`reportid`) ON DELETE CASCADE
) ENGINE=InnoDB DEFAULT CHARSET=utf8;
/*!40101 SET character_set_client = @saved_cs_client */;

--
-- Dumping data for table `vtiger_reportdatefilter`
--

LOCK TABLES `vtiger_reportdatefilter` WRITE;
/*!40000 ALTER TABLE `vtiger_reportdatefilter` DISABLE KEYS */;
INSERT INTO `vtiger_reportdatefilter` VALUES (8,'vtiger_crmentity:modifiedtime:modifiedtime:Calendar_Modified_Time','lastmonth','2005-05-01','2005-05-31'),(9,'vtiger_crmentity:modifiedtime:modifiedtime:Calendar_Modified_Time','thismonth','2005-06-01','2005-06-30');
/*!40000 ALTER TABLE `vtiger_reportdatefilter` ENABLE KEYS */;
UNLOCK TABLES;

--
-- Table structure for table `vtiger_reportfilters`
--

DROP TABLE IF EXISTS `vtiger_reportfilters`;
/*!40101 SET @saved_cs_client     = @@character_set_client */;
/*!40101 SET character_set_client = utf8 */;
CREATE TABLE `vtiger_reportfilters` (
  `filterid` int(19) NOT NULL,
  `name` varchar(200) NOT NULL
) ENGINE=InnoDB DEFAULT CHARSET=utf8;
/*!40101 SET character_set_client = @saved_cs_client */;

--
-- Dumping data for table `vtiger_reportfilters`
--

LOCK TABLES `vtiger_reportfilters` WRITE;
/*!40000 ALTER TABLE `vtiger_reportfilters` DISABLE KEYS */;
INSERT INTO `vtiger_reportfilters` VALUES (1,'Private'),(2,'Public'),(3,'Shared');
/*!40000 ALTER TABLE `vtiger_reportfilters` ENABLE KEYS */;
UNLOCK TABLES;

--
-- Table structure for table `vtiger_reportfolder`
--

DROP TABLE IF EXISTS `vtiger_reportfolder`;
/*!40101 SET @saved_cs_client     = @@character_set_client */;
/*!40101 SET character_set_client = utf8 */;
CREATE TABLE `vtiger_reportfolder` (
  `folderid` int(19) NOT NULL AUTO_INCREMENT,
  `foldername` varchar(100) NOT NULL DEFAULT '',
  `description` varchar(250) DEFAULT '',
  `state` varchar(50) DEFAULT 'SAVED',
  PRIMARY KEY (`folderid`)
) ENGINE=InnoDB AUTO_INCREMENT=13 DEFAULT CHARSET=utf8;
/*!40101 SET character_set_client = @saved_cs_client */;

--
-- Dumping data for table `vtiger_reportfolder`
--

LOCK TABLES `vtiger_reportfolder` WRITE;
/*!40000 ALTER TABLE `vtiger_reportfolder` DISABLE KEYS */;
INSERT INTO `vtiger_reportfolder` VALUES (1,'Organization and Contact Reports','Account and Contact Reports','SAVED'),(2,'Lead Reports','Lead Reports','SAVED'),(3,'Opportunity Reports','Potential Reports','SAVED'),(4,'Activity Reports','Activity Reports','SAVED'),(5,'Tickets Reports','HelpDesk Reports','SAVED'),(6,'Product Reports','Product Reports','SAVED'),(7,'Quote Reports','Quote Reports','SAVED'),(8,'Purchase Order Reports','PurchaseOrder Reports','SAVED'),(9,'Invoice Reports','Invoice Reports','SAVED'),(10,'Sales Order Reports','SalesOrder Reports','SAVED'),(11,'Campaign Reports','Campaign Reports','SAVED'),(12,'Email Reports','Email Reports','SAVED');
/*!40000 ALTER TABLE `vtiger_reportfolder` ENABLE KEYS */;
UNLOCK TABLES;

--
-- Table structure for table `vtiger_reportgroupbycolumn`
--

DROP TABLE IF EXISTS `vtiger_reportgroupbycolumn`;
/*!40101 SET @saved_cs_client     = @@character_set_client */;
/*!40101 SET character_set_client = utf8 */;
CREATE TABLE `vtiger_reportgroupbycolumn` (
  `reportid` int(19) DEFAULT NULL,
  `sortid` int(19) DEFAULT NULL,
  `sortcolname` varchar(250) DEFAULT NULL,
  `dategroupbycriteria` varchar(250) DEFAULT NULL,
  KEY `fk_1_vtiger_reportgroupbycolumn` (`reportid`),
  CONSTRAINT `fk_1_vtiger_reportgroupbycolumn` FOREIGN KEY (`reportid`) REFERENCES `vtiger_report` (`reportid`) ON DELETE CASCADE
) ENGINE=InnoDB DEFAULT CHARSET=utf8;
/*!40101 SET character_set_client = @saved_cs_client */;

--
-- Dumping data for table `vtiger_reportgroupbycolumn`
--

LOCK TABLES `vtiger_reportgroupbycolumn` WRITE;
/*!40000 ALTER TABLE `vtiger_reportgroupbycolumn` DISABLE KEYS */;
/*!40000 ALTER TABLE `vtiger_reportgroupbycolumn` ENABLE KEYS */;
UNLOCK TABLES;

--
-- Table structure for table `vtiger_reportmodules`
--

DROP TABLE IF EXISTS `vtiger_reportmodules`;
/*!40101 SET @saved_cs_client     = @@character_set_client */;
/*!40101 SET character_set_client = utf8 */;
CREATE TABLE `vtiger_reportmodules` (
  `reportmodulesid` int(19) NOT NULL,
  `primarymodule` varchar(100) DEFAULT NULL,
  `secondarymodules` varchar(250) DEFAULT '',
  PRIMARY KEY (`reportmodulesid`),
  CONSTRAINT `fk_1_vtiger_reportmodules` FOREIGN KEY (`reportmodulesid`) REFERENCES `vtiger_report` (`reportid`) ON DELETE CASCADE
) ENGINE=InnoDB DEFAULT CHARSET=utf8;
/*!40101 SET character_set_client = @saved_cs_client */;

--
-- Dumping data for table `vtiger_reportmodules`
--

LOCK TABLES `vtiger_reportmodules` WRITE;
/*!40000 ALTER TABLE `vtiger_reportmodules` DISABLE KEYS */;
INSERT INTO `vtiger_reportmodules` VALUES (1,'Contacts','Accounts'),(2,'Contacts','Accounts'),(3,'Contacts','Potentials'),(4,'Leads',''),(5,'Leads',''),(6,'Potentials',''),(7,'Potentials',''),(8,'Calendar',''),(9,'Calendar',''),(10,'HelpDesk','Products'),(11,'HelpDesk',''),(12,'HelpDesk',''),(13,'Products',''),(14,'Products','Contacts'),(15,'Quotes',''),(16,'Quotes',''),(17,'PurchaseOrder','Contacts'),(18,'PurchaseOrder',''),(19,'Invoice',''),(20,'SalesOrder',''),(21,'Campaigns',''),(22,'Contacts','Emails'),(23,'Accounts','Emails'),(24,'Leads','Emails'),(25,'Vendors','Emails');
/*!40000 ALTER TABLE `vtiger_reportmodules` ENABLE KEYS */;
UNLOCK TABLES;

--
-- Table structure for table `vtiger_reportsharing`
--

DROP TABLE IF EXISTS `vtiger_reportsharing`;
/*!40101 SET @saved_cs_client     = @@character_set_client */;
/*!40101 SET character_set_client = utf8 */;
CREATE TABLE `vtiger_reportsharing` (
  `reportid` int(19) NOT NULL,
  `shareid` int(19) NOT NULL,
  `setype` varchar(200) NOT NULL
) ENGINE=InnoDB DEFAULT CHARSET=utf8;
/*!40101 SET character_set_client = @saved_cs_client */;

--
-- Dumping data for table `vtiger_reportsharing`
--

LOCK TABLES `vtiger_reportsharing` WRITE;
/*!40000 ALTER TABLE `vtiger_reportsharing` DISABLE KEYS */;
/*!40000 ALTER TABLE `vtiger_reportsharing` ENABLE KEYS */;
UNLOCK TABLES;

--
-- Table structure for table `vtiger_reportsortcol`
--

DROP TABLE IF EXISTS `vtiger_reportsortcol`;
/*!40101 SET @saved_cs_client     = @@character_set_client */;
/*!40101 SET character_set_client = utf8 */;
CREATE TABLE `vtiger_reportsortcol` (
  `sortcolid` int(19) NOT NULL,
  `reportid` int(19) NOT NULL,
  `columnname` varchar(250) DEFAULT '',
  `sortorder` varchar(250) DEFAULT 'Asc',
  PRIMARY KEY (`sortcolid`,`reportid`),
  KEY `fk_1_vtiger_reportsortcol` (`reportid`),
  CONSTRAINT `fk_1_vtiger_reportsortcol` FOREIGN KEY (`reportid`) REFERENCES `vtiger_report` (`reportid`) ON DELETE CASCADE
) ENGINE=InnoDB DEFAULT CHARSET=utf8;
/*!40101 SET character_set_client = @saved_cs_client */;

--
-- Dumping data for table `vtiger_reportsortcol`
--

LOCK TABLES `vtiger_reportsortcol` WRITE;
/*!40000 ALTER TABLE `vtiger_reportsortcol` DISABLE KEYS */;
INSERT INTO `vtiger_reportsortcol` VALUES (1,4,'vtiger_leaddetails:leadsource:Leads_Lead_Source:leadsource:V','Ascending'),(1,5,'vtiger_leaddetails:leadstatus:Leads_Lead_Status:leadstatus:V','Ascending'),(1,6,'vtiger_potential:sales_stage:Potentials_Sales_Stage:sales_stage:V','Ascending'),(1,11,'vtiger_troubletickets:priority:HelpDesk_Priority:ticketpriorities:V','Ascending');
/*!40000 ALTER TABLE `vtiger_reportsortcol` ENABLE KEYS */;
UNLOCK TABLES;

--
-- Table structure for table `vtiger_reportsummary`
--

DROP TABLE IF EXISTS `vtiger_reportsummary`;
/*!40101 SET @saved_cs_client     = @@character_set_client */;
/*!40101 SET character_set_client = utf8 */;
CREATE TABLE `vtiger_reportsummary` (
  `reportsummaryid` int(19) NOT NULL,
  `summarytype` int(19) NOT NULL,
  `columnname` varchar(250) NOT NULL DEFAULT '',
  PRIMARY KEY (`reportsummaryid`,`summarytype`,`columnname`),
  KEY `reportsummary_reportsummaryid_idx` (`reportsummaryid`),
  CONSTRAINT `fk_1_vtiger_reportsummary` FOREIGN KEY (`reportsummaryid`) REFERENCES `vtiger_report` (`reportid`) ON DELETE CASCADE
) ENGINE=InnoDB DEFAULT CHARSET=utf8;
/*!40101 SET character_set_client = @saved_cs_client */;

--
-- Dumping data for table `vtiger_reportsummary`
--

LOCK TABLES `vtiger_reportsummary` WRITE;
/*!40000 ALTER TABLE `vtiger_reportsummary` DISABLE KEYS */;
/*!40000 ALTER TABLE `vtiger_reportsummary` ENABLE KEYS */;
UNLOCK TABLES;

--
-- Table structure for table `vtiger_reporttype`
--

DROP TABLE IF EXISTS `vtiger_reporttype`;
/*!40101 SET @saved_cs_client     = @@character_set_client */;
/*!40101 SET character_set_client = utf8 */;
CREATE TABLE `vtiger_reporttype` (
  `reportid` int(10) NOT NULL,
  `data` text DEFAULT NULL,
  PRIMARY KEY (`reportid`),
  CONSTRAINT `fk_1_vtiger_reporttype` FOREIGN KEY (`reportid`) REFERENCES `vtiger_report` (`reportid`) ON DELETE CASCADE
) ENGINE=InnoDB DEFAULT CHARSET=utf8;
/*!40101 SET character_set_client = @saved_cs_client */;

--
-- Dumping data for table `vtiger_reporttype`
--

LOCK TABLES `vtiger_reporttype` WRITE;
/*!40000 ALTER TABLE `vtiger_reporttype` DISABLE KEYS */;
/*!40000 ALTER TABLE `vtiger_reporttype` ENABLE KEYS */;
UNLOCK TABLES;

--
-- Table structure for table `vtiger_role`
--

DROP TABLE IF EXISTS `vtiger_role`;
/*!40101 SET @saved_cs_client     = @@character_set_client */;
/*!40101 SET character_set_client = utf8 */;
CREATE TABLE `vtiger_role` (
  `roleid` varchar(255) NOT NULL,
  `rolename` varchar(200) DEFAULT NULL,
  `parentrole` varchar(255) DEFAULT NULL,
  `depth` int(19) DEFAULT NULL,
  `allowassignedrecordsto` int(2) NOT NULL DEFAULT 1,
  PRIMARY KEY (`roleid`)
) ENGINE=InnoDB DEFAULT CHARSET=utf8;
/*!40101 SET character_set_client = @saved_cs_client */;

--
-- Dumping data for table `vtiger_role`
--

LOCK TABLES `vtiger_role` WRITE;
/*!40000 ALTER TABLE `vtiger_role` DISABLE KEYS */;
INSERT INTO `vtiger_role` VALUES ('H1','Organization','H1',0,1),('H2','CEO','H1::H2',1,1),('H3','Director','H1::H2::H3',2,1),('H4','Subdirector','H1::H2::H3::H4',3,1),('H5','Asistente','H1::H2::H3::H4::H5',4,1),('H6','Profesor','H1::H2::H3::H4::H6',4,1);
/*!40000 ALTER TABLE `vtiger_role` ENABLE KEYS */;
UNLOCK TABLES;

--
-- Table structure for table `vtiger_role2picklist`
--

DROP TABLE IF EXISTS `vtiger_role2picklist`;
/*!40101 SET @saved_cs_client     = @@character_set_client */;
/*!40101 SET character_set_client = utf8 */;
CREATE TABLE `vtiger_role2picklist` (
  `roleid` varchar(255) NOT NULL,
  `picklistvalueid` int(11) NOT NULL,
  `picklistid` int(11) NOT NULL,
  `sortid` int(11) DEFAULT NULL,
  PRIMARY KEY (`roleid`,`picklistvalueid`,`picklistid`),
  KEY `role2picklist_roleid_picklistid_idx` (`roleid`,`picklistid`,`picklistvalueid`),
  KEY `fk_2_vtiger_role2picklist` (`picklistid`),
  CONSTRAINT `fk_1_vtiger_role2picklist` FOREIGN KEY (`roleid`) REFERENCES `vtiger_role` (`roleid`) ON DELETE CASCADE,
  CONSTRAINT `fk_2_vtiger_role2picklist` FOREIGN KEY (`picklistid`) REFERENCES `vtiger_picklist` (`picklistid`) ON DELETE CASCADE
) ENGINE=InnoDB DEFAULT CHARSET=utf8;
/*!40101 SET character_set_client = @saved_cs_client */;

--
-- Dumping data for table `vtiger_role2picklist`
--

LOCK TABLES `vtiger_role2picklist` WRITE;
/*!40000 ALTER TABLE `vtiger_role2picklist` DISABLE KEYS */;
INSERT INTO `vtiger_role2picklist` VALUES ('H1',1,1,0),('H1',2,1,1),('H1',3,1,2),('H1',4,1,3),('H1',5,1,4),('H1',6,1,5),('H1',7,1,6),('H1',8,1,7),('H1',9,1,8),('H1',10,1,9),('H1',11,1,10),('H1',12,2,0),('H1',13,2,1),('H1',14,3,0),('H1',15,3,1),('H1',16,3,2),('H1',17,3,3),('H1',18,3,4),('H1',19,3,5),('H1',20,4,0),('H1',21,4,1),('H1',22,4,2),('H1',23,4,3),('H1',24,4,4),('H1',25,4,5),('H1',26,4,6),('H1',27,4,7),('H1',28,4,8),('H1',29,4,9),('H1',30,4,10),('H1',31,4,11),('H1',32,4,12),('H1',33,5,0),('H1',34,5,1),('H1',35,5,2),('H1',36,5,3),('H1',37,5,4),('H1',38,6,0),('H1',39,6,1),('H1',40,6,2),('H1',41,7,0),('H1',42,7,1),('H1',43,7,2),('H1',44,7,3),('H1',45,7,4),('H1',46,8,0),('H1',47,9,0),('H1',48,9,1),('H1',49,9,2),('H1',50,9,3),('H1',51,10,0),('H1',52,10,1),('H1',53,10,2),('H1',54,10,3),('H1',55,10,4),('H1',56,10,5),('H1',57,10,6),('H1',58,10,7),('H1',59,10,8),('H1',60,11,0),('H1',61,11,1),('H1',62,11,2),('H1',63,11,3),('H1',64,11,4),('H1',65,11,5),('H1',66,11,6),('H1',67,11,7),('H1',68,11,8),('H1',69,11,9),('H1',70,11,10),('H1',71,11,11),('H1',72,11,12),('H1',73,11,13),('H1',74,11,14),('H1',75,11,15),('H1',76,11,16),('H1',77,11,17),('H1',78,11,18),('H1',79,11,19),('H1',80,11,20),('H1',81,11,21),('H1',82,11,22),('H1',83,11,23),('H1',84,11,24),('H1',85,11,25),('H1',86,11,26),('H1',87,11,27),('H1',88,11,28),('H1',89,11,29),('H1',90,11,30),('H1',91,11,31),('H1',92,12,0),('H1',93,12,1),('H1',94,12,2),('H1',95,12,3),('H1',96,12,4),('H1',97,12,5),('H1',98,13,0),('H1',99,13,1),('H1',100,13,2),('H1',101,13,3),('H1',102,13,4),('H1',103,13,5),('H1',104,13,6),('H1',105,13,7),('H1',106,13,8),('H1',107,13,9),('H1',108,13,10),('H1',109,13,11),('H1',110,13,12),('H1',111,14,0),('H1',112,14,1),('H1',113,14,2),('H1',114,14,3),('H1',115,14,4),('H1',116,14,5),('H1',117,14,6),('H1',118,14,7),('H1',119,14,8),('H1',120,14,9),('H1',121,14,10),('H1',122,14,11),('H1',123,15,0),('H1',124,15,1),('H1',125,15,2),('H1',126,15,3),('H1',127,16,0),('H1',128,16,1),('H1',129,16,2),('H1',130,17,0),('H1',131,17,1),('H1',132,17,2),('H1',133,17,3),('H1',134,17,4),('H1',135,18,0),('H1',139,19,0),('H1',140,19,1),('H1',141,19,2),('H1',142,19,3),('H1',143,19,4),('H1',144,20,0),('H1',145,20,1),('H1',146,20,2),('H1',147,20,3),('H1',148,20,4),('H1',149,20,5),('H1',150,21,0),('H1',151,21,1),('H1',152,21,2),('H1',153,21,3),('H1',154,21,4),('H1',155,21,5),('H1',156,21,6),('H1',157,21,7),('H1',158,21,8),('H1',159,21,9),('H1',160,22,0),('H1',161,22,1),('H1',162,22,2),('H1',163,22,3),('H1',164,22,4),('H1',165,22,5),('H1',166,23,0),('H1',167,23,1),('H1',168,23,2),('H1',169,23,3),('H1',170,24,0),('H1',171,24,1),('H1',172,24,2),('H1',173,25,0),('H1',174,25,1),('H1',175,25,2),('H1',176,25,3),('H1',177,25,4),('H1',178,25,5),('H1',182,27,0),('H1',183,27,1),('H1',184,27,2),('H1',186,28,0),('H1',187,28,1),('H1',188,28,2),('H1',189,28,3),('H1',190,29,0),('H1',191,29,1),('H1',192,29,2),('H1',193,29,3),('H1',194,30,0),('H1',195,30,1),('H1',196,30,2),('H1',197,30,3),('H1',198,30,4),('H1',199,30,5),('H1',200,30,6),('H1',201,30,7),('H1',202,30,8),('H1',203,30,9),('H1',204,30,10),('H1',205,30,11),('H1',206,30,12),('H1',207,30,13),('H1',208,30,14),('H1',209,30,15),('H1',210,31,1),('H1',211,31,2),('H1',212,31,3),('H1',213,32,1),('H1',214,32,2),('H1',215,32,3),('H1',216,32,4),('H1',217,32,5),('H1',218,32,6),('H1',219,33,1),('H1',220,33,2),('H1',221,33,3),('H1',222,33,4),('H1',223,34,1),('H1',224,34,2),('H1',225,34,3),('H1',226,34,4),('H1',227,34,5),('H1',228,34,6),('H1',229,35,1),('H1',230,35,2),('H1',231,35,3),('H1',232,36,1),('H1',233,36,2),('H1',234,36,3),('H1',235,37,1),('H1',236,37,2),('H1',237,38,1),('H1',238,38,2),('H1',239,38,3),('H1',240,38,4),('H1',241,39,1),('H1',242,39,2),('H1',243,39,3),('H1',244,39,4),('H1',245,40,1),('H1',246,40,2),('H1',247,40,3),('H1',248,40,4),('H1',249,41,1),('H1',250,41,2),('H1',251,41,3),('H1',252,41,4),('H1',253,41,5),('H1',254,41,6),('H1',255,41,7),('H1',256,41,8),('H1',257,41,9),('H1',258,41,10),('H1',259,41,11),('H1',260,42,1),('H1',261,42,2),('H1',262,42,3),('H1',263,42,4),('H1',264,42,5),('H1',265,42,6),('H1',266,42,7),('H1',267,42,8),('H1',268,42,9),('H1',269,43,1),('H1',270,43,2),('H1',271,43,3),('H1',272,43,4),('H1',273,44,1),('H1',274,44,2),('H1',275,44,3),('H1',276,44,4),('H1',277,45,1),('H1',278,45,2),('H1',279,45,3),('H1',280,45,4),('H1',281,45,5),('H1',282,45,6),('H1',283,45,7),('H1',284,45,8),('H1',285,45,9),('H1',286,45,10),('H1',287,45,11),('H1',288,12,1),('H1',289,46,1),('H1',290,46,2),('H1',291,46,3),('H1',292,46,4),('H1',293,46,5),('H1',294,46,6),('H1',295,2,1),('H1',296,47,1),('H1',297,47,2),('H1',298,47,3),('H1',299,48,1),('H1',300,48,2),('H1',315,50,1),('H1',316,50,2),('H1',317,51,1),('H1',318,51,2),('H1',319,51,3),('H1',320,51,4),('H1',321,52,1),('H1',322,52,2),('H1',323,52,3),('H1',329,53,1),('H1',330,53,2),('H1',331,53,3),('H1',332,53,4),('H1',333,53,5),('H1',334,53,6),('H1',335,53,7),('H1',336,54,1),('H1',337,54,2),('H1',338,54,3),('H1',339,54,4),('H1',340,54,5),('H1',341,54,6),('H1',342,54,7),('H1',343,54,8),('H1',344,55,1),('H1',345,55,2),('H1',346,55,3),('H1',347,55,4),('H1',348,56,1),('H1',349,56,2),('H1',350,56,3),('H1',351,56,4),('H1',352,57,1),('H1',353,57,2),('H1',354,57,3),('H1',355,57,4),('H1',356,57,5),('H1',357,57,6),('H1',358,58,1),('H1',359,58,2),('H1',360,58,3),('H1',361,58,4),('H1',362,58,5),('H1',363,59,1),('H1',364,59,2),('H1',366,60,1),('H1',367,60,2),('H1',368,60,3),('H1',369,60,4),('H1',370,60,5),('H1',371,61,1),('H1',372,61,2),('H1',373,62,1),('H1',374,62,2),('H1',375,62,3),('H1',377,63,1),('H1',378,63,2),('H1',379,64,1),('H1',380,64,2),('H1',381,65,1),('H1',382,65,2),('H1',383,66,1),('H1',384,66,2),('H1',385,66,3),('H1',386,67,1),('H1',387,67,2),('H2',1,1,0),('H2',2,1,1),('H2',3,1,2),('H2',4,1,3),('H2',5,1,4),('H2',6,1,5),('H2',7,1,6),('H2',8,1,7),('H2',9,1,8),('H2',10,1,9),('H2',11,1,10),('H2',12,2,0),('H2',13,2,1),('H2',14,3,0),('H2',15,3,1),('H2',16,3,2),('H2',17,3,3),('H2',18,3,4),('H2',19,3,5),('H2',20,4,0),('H2',21,4,1),('H2',22,4,2),('H2',23,4,3),('H2',24,4,4),('H2',25,4,5),('H2',26,4,6),('H2',27,4,7),('H2',28,4,8),('H2',29,4,9),('H2',30,4,10),('H2',31,4,11),('H2',32,4,12),('H2',33,5,0),('H2',34,5,1),('H2',35,5,2),('H2',36,5,3),('H2',37,5,4),('H2',38,6,0),('H2',39,6,1),('H2',40,6,2),('H2',41,7,0),('H2',42,7,1),('H2',43,7,2),('H2',44,7,3),('H2',45,7,4),('H2',46,8,0),('H2',47,9,0),('H2',48,9,1),('H2',49,9,2),('H2',50,9,3),('H2',51,10,0),('H2',52,10,1),('H2',53,10,2),('H2',54,10,3),('H2',55,10,4),('H2',56,10,5),('H2',57,10,6),('H2',58,10,7),('H2',59,10,8),('H2',60,11,0),('H2',61,11,1),('H2',62,11,2),('H2',63,11,3),('H2',64,11,4),('H2',65,11,5),('H2',66,11,6),('H2',67,11,7),('H2',68,11,8),('H2',69,11,9),('H2',70,11,10),('H2',71,11,11),('H2',72,11,12),('H2',73,11,13),('H2',74,11,14),('H2',75,11,15),('H2',76,11,16),('H2',77,11,17),('H2',78,11,18),('H2',79,11,19),('H2',80,11,20),('H2',81,11,21),('H2',82,11,22),('H2',83,11,23),('H2',84,11,24),('H2',85,11,25),('H2',86,11,26),('H2',87,11,27),('H2',88,11,28),('H2',89,11,29),('H2',90,11,30),('H2',91,11,31),('H2',92,12,0),('H2',93,12,1),('H2',94,12,2),('H2',95,12,3),('H2',96,12,4),('H2',97,12,5),('H2',98,13,0),('H2',99,13,1),('H2',100,13,2),('H2',101,13,3),('H2',102,13,4),('H2',103,13,5),('H2',104,13,6),('H2',105,13,7),('H2',106,13,8),('H2',107,13,9),('H2',108,13,10),('H2',109,13,11),('H2',110,13,12),('H2',111,14,0),('H2',112,14,1),('H2',113,14,2),('H2',114,14,3),('H2',115,14,4),('H2',116,14,5),('H2',117,14,6),('H2',118,14,7),('H2',119,14,8),('H2',120,14,9),('H2',121,14,10),('H2',122,14,11),('H2',123,15,0),('H2',124,15,1),('H2',125,15,2),('H2',126,15,3),('H2',127,16,0),('H2',128,16,1),('H2',129,16,2),('H2',130,17,0),('H2',131,17,1),('H2',132,17,2),('H2',133,17,3),('H2',134,17,4),('H2',135,18,0),('H2',139,19,0),('H2',140,19,1),('H2',141,19,2),('H2',142,19,3),('H2',143,19,4),('H2',144,20,0),('H2',145,20,1),('H2',146,20,2),('H2',147,20,3),('H2',148,20,4),('H2',149,20,5),('H2',150,21,0),('H2',151,21,1),('H2',152,21,2),('H2',153,21,3),('H2',154,21,4),('H2',155,21,5),('H2',156,21,6),('H2',157,21,7),('H2',158,21,8),('H2',159,21,9),('H2',160,22,0),('H2',161,22,1),('H2',162,22,2),('H2',163,22,3),('H2',164,22,4),('H2',165,22,5),('H2',166,23,0),('H2',167,23,1),('H2',168,23,2),('H2',169,23,3),('H2',170,24,0),('H2',171,24,1),('H2',172,24,2),('H2',173,25,0),('H2',174,25,1),('H2',175,25,2),('H2',176,25,3),('H2',177,25,4),('H2',178,25,5),('H2',182,27,0),('H2',183,27,1),('H2',184,27,2),('H2',186,28,0),('H2',187,28,1),('H2',188,28,2),('H2',189,28,3),('H2',190,29,0),('H2',191,29,1),('H2',192,29,2),('H2',193,29,3),('H2',194,30,0),('H2',195,30,1),('H2',196,30,2),('H2',197,30,3),('H2',198,30,4),('H2',199,30,5),('H2',200,30,6),('H2',201,30,7),('H2',202,30,8),('H2',203,30,9),('H2',204,30,10),('H2',205,30,11),('H2',206,30,12),('H2',207,30,13),('H2',208,30,14),('H2',209,30,15),('H2',210,31,1),('H2',211,31,2),('H2',212,31,3),('H2',213,32,1),('H2',214,32,2),('H2',215,32,3),('H2',216,32,4),('H2',217,32,5),('H2',218,32,6),('H2',219,33,1),('H2',220,33,2),('H2',221,33,3),('H2',222,33,4),('H2',223,34,1),('H2',224,34,2),('H2',225,34,3),('H2',226,34,4),('H2',227,34,5),('H2',228,34,6),('H2',229,35,1),('H2',230,35,2),('H2',231,35,3),('H2',232,36,1),('H2',233,36,2),('H2',234,36,3),('H2',235,37,1),('H2',236,37,2),('H2',237,38,1),('H2',238,38,2),('H2',239,38,3),('H2',240,38,4),('H2',241,39,1),('H2',242,39,2),('H2',243,39,3),('H2',244,39,4),('H2',245,40,1),('H2',246,40,2),('H2',247,40,3),('H2',248,40,4),('H2',249,41,1),('H2',250,41,2),('H2',251,41,3),('H2',252,41,4),('H2',253,41,5),('H2',254,41,6),('H2',255,41,7),('H2',256,41,8),('H2',257,41,9),('H2',258,41,10),('H2',259,41,11),('H2',260,42,1),('H2',261,42,2),('H2',262,42,3),('H2',263,42,4),('H2',264,42,5),('H2',265,42,6),('H2',266,42,7),('H2',267,42,8),('H2',268,42,9),('H2',269,43,1),('H2',270,43,2),('H2',271,43,3),('H2',272,43,4),('H2',273,44,1),('H2',274,44,2),('H2',275,44,3),('H2',276,44,4),('H2',277,45,1),('H2',278,45,2),('H2',279,45,3),('H2',280,45,4),('H2',281,45,5),('H2',282,45,6),('H2',283,45,7),('H2',284,45,8),('H2',285,45,9),('H2',286,45,10),('H2',287,45,11),('H2',288,12,1),('H2',289,46,1),('H2',290,46,2),('H2',291,46,3),('H2',292,46,4),('H2',293,46,5),('H2',294,46,6),('H2',295,2,1),('H2',296,47,1),('H2',297,47,2),('H2',298,47,3),('H2',299,48,1),('H2',300,48,2),('H2',315,50,1),('H2',316,50,2),('H2',317,51,1),('H2',318,51,2),('H2',319,51,3),('H2',320,51,4),('H2',321,52,1),('H2',322,52,2),('H2',323,52,3),('H2',324,18,4),('H2',325,18,5),('H2',326,18,6),('H2',327,18,7),('H2',328,18,8),('H2',329,53,1),('H2',330,53,2),('H2',331,53,3),('H2',332,53,4),('H2',333,53,5),('H2',334,53,6),('H2',335,53,7),('H2',336,54,1),('H2',337,54,2),('H2',338,54,3),('H2',339,54,4),('H2',340,54,5),('H2',341,54,6),('H2',342,54,7),('H2',343,54,8),('H2',344,55,1),('H2',345,55,2),('H2',346,55,3),('H2',347,55,4),('H2',348,56,1),('H2',349,56,2),('H2',350,56,3),('H2',351,56,4),('H2',352,57,1),('H2',353,57,2),('H2',354,57,3),('H2',355,57,4),('H2',356,57,5),('H2',357,57,6),('H2',358,58,1),('H2',359,58,2),('H2',360,58,3),('H2',361,58,4),('H2',362,58,5),('H2',363,59,1),('H2',364,59,2),('H2',365,6,3),('H2',366,60,1),('H2',367,60,2),('H2',368,60,3),('H2',369,60,4),('H2',370,60,5),('H2',371,61,1),('H2',372,61,2),('H2',373,62,1),('H2',374,62,2),('H2',375,62,3),('H2',376,60,6),('H2',377,63,1),('H2',378,63,2),('H2',379,64,1),('H2',380,64,2),('H2',381,65,1),('H2',382,65,2),('H2',383,66,1),('H2',384,66,2),('H2',385,66,3),('H2',386,67,1),('H2',387,67,2),('H2',388,26,5),('H2',389,26,6),('H2',390,26,7),('H2',391,26,8),('H2',392,26,9),('H2',393,26,10),('H2',394,26,11),('H2',395,26,12),('H2',396,26,13),('H2',397,26,14),('H2',398,26,15),('H2',399,26,16),('H2',400,26,17),('H2',401,26,18),('H2',402,26,19),('H2',403,26,20),('H2',404,26,21),('H2',405,26,22),('H2',406,49,9),('H2',407,49,10),('H2',408,49,11),('H2',409,49,12),('H2',410,49,13),('H2',411,49,14),('H2',412,49,15),('H2',413,49,16),('H2',414,49,17),('H2',415,49,18),('H3',1,1,0),('H3',2,1,1),('H3',3,1,2),('H3',4,1,3),('H3',5,1,4),('H3',6,1,5),('H3',7,1,6),('H3',8,1,7),('H3',9,1,8),('H3',10,1,9),('H3',11,1,10),('H3',12,2,0),('H3',13,2,1),('H3',14,3,0),('H3',15,3,1),('H3',16,3,2),('H3',17,3,3),('H3',18,3,4),('H3',19,3,5),('H3',20,4,0),('H3',21,4,1),('H3',22,4,2),('H3',23,4,3),('H3',24,4,4),('H3',25,4,5),('H3',26,4,6),('H3',27,4,7),('H3',28,4,8),('H3',29,4,9),('H3',30,4,10),('H3',31,4,11),('H3',32,4,12),('H3',33,5,0),('H3',34,5,1),('H3',35,5,2),('H3',36,5,3),('H3',37,5,4),('H3',38,6,0),('H3',39,6,1),('H3',40,6,2),('H3',41,7,0),('H3',42,7,1),('H3',43,7,2),('H3',44,7,3),('H3',45,7,4),('H3',46,8,0),('H3',47,9,0),('H3',48,9,1),('H3',49,9,2),('H3',50,9,3),('H3',51,10,0),('H3',52,10,1),('H3',53,10,2),('H3',54,10,3),('H3',55,10,4),('H3',56,10,5),('H3',57,10,6),('H3',58,10,7),('H3',59,10,8),('H3',60,11,0),('H3',61,11,1),('H3',62,11,2),('H3',63,11,3),('H3',64,11,4),('H3',65,11,5),('H3',66,11,6),('H3',67,11,7),('H3',68,11,8),('H3',69,11,9),('H3',70,11,10),('H3',71,11,11),('H3',72,11,12),('H3',73,11,13),('H3',74,11,14),('H3',75,11,15),('H3',76,11,16),('H3',77,11,17),('H3',78,11,18),('H3',79,11,19),('H3',80,11,20),('H3',81,11,21),('H3',82,11,22),('H3',83,11,23),('H3',84,11,24),('H3',85,11,25),('H3',86,11,26),('H3',87,11,27),('H3',88,11,28),('H3',89,11,29),('H3',90,11,30),('H3',91,11,31),('H3',92,12,0),('H3',93,12,1),('H3',94,12,2),('H3',95,12,3),('H3',96,12,4),('H3',97,12,5),('H3',98,13,0),('H3',99,13,1),('H3',100,13,2),('H3',101,13,3),('H3',102,13,4),('H3',103,13,5),('H3',104,13,6),('H3',105,13,7),('H3',106,13,8),('H3',107,13,9),('H3',108,13,10),('H3',109,13,11),('H3',110,13,12),('H3',111,14,0),('H3',112,14,1),('H3',113,14,2),('H3',114,14,3),('H3',115,14,4),('H3',116,14,5),('H3',117,14,6),('H3',118,14,7),('H3',119,14,8),('H3',120,14,9),('H3',121,14,10),('H3',122,14,11),('H3',123,15,0),('H3',124,15,1),('H3',125,15,2),('H3',126,15,3),('H3',127,16,0),('H3',128,16,1),('H3',129,16,2),('H3',130,17,0),('H3',131,17,1),('H3',132,17,2),('H3',133,17,3),('H3',134,17,4),('H3',135,18,0),('H3',139,19,0),('H3',140,19,1),('H3',141,19,2),('H3',142,19,3),('H3',143,19,4),('H3',144,20,0),('H3',145,20,1),('H3',146,20,2),('H3',147,20,3),('H3',148,20,4),('H3',149,20,5),('H3',150,21,0),('H3',151,21,1),('H3',152,21,2),('H3',153,21,3),('H3',154,21,4),('H3',155,21,5),('H3',156,21,6),('H3',157,21,7),('H3',158,21,8),('H3',159,21,9),('H3',160,22,0),('H3',161,22,1),('H3',162,22,2),('H3',163,22,3),('H3',164,22,4),('H3',165,22,5),('H3',166,23,0),('H3',167,23,1),('H3',168,23,2),('H3',169,23,3),('H3',170,24,0),('H3',171,24,1),('H3',172,24,2),('H3',173,25,0),('H3',174,25,1),('H3',175,25,2),('H3',176,25,3),('H3',177,25,4),('H3',178,25,5),('H3',182,27,0),('H3',183,27,1),('H3',184,27,2),('H3',186,28,0),('H3',187,28,1),('H3',188,28,2),('H3',189,28,3),('H3',190,29,0),('H3',191,29,1),('H3',192,29,2),('H3',193,29,3),('H3',194,30,0),('H3',195,30,1),('H3',196,30,2),('H3',197,30,3),('H3',198,30,4),('H3',199,30,5),('H3',200,30,6),('H3',201,30,7),('H3',202,30,8),('H3',203,30,9),('H3',204,30,10),('H3',205,30,11),('H3',206,30,12),('H3',207,30,13),('H3',208,30,14),('H3',209,30,15),('H3',210,31,1),('H3',211,31,2),('H3',212,31,3),('H3',213,32,1),('H3',214,32,2),('H3',215,32,3),('H3',216,32,4),('H3',217,32,5),('H3',218,32,6),('H3',219,33,1),('H3',220,33,2),('H3',221,33,3),('H3',222,33,4),('H3',223,34,1),('H3',224,34,2),('H3',225,34,3),('H3',226,34,4),('H3',227,34,5),('H3',228,34,6),('H3',229,35,1),('H3',230,35,2),('H3',231,35,3),('H3',232,36,1),('H3',233,36,2),('H3',234,36,3),('H3',235,37,1),('H3',236,37,2),('H3',237,38,1),('H3',238,38,2),('H3',239,38,3),('H3',240,38,4),('H3',241,39,1),('H3',242,39,2),('H3',243,39,3),('H3',244,39,4),('H3',245,40,1),('H3',246,40,2),('H3',247,40,3),('H3',248,40,4),('H3',249,41,1),('H3',250,41,2),('H3',251,41,3),('H3',252,41,4),('H3',253,41,5),('H3',254,41,6),('H3',255,41,7),('H3',256,41,8),('H3',257,41,9),('H3',258,41,10),('H3',259,41,11),('H3',260,42,1),('H3',261,42,2),('H3',262,42,3),('H3',263,42,4),('H3',264,42,5),('H3',265,42,6),('H3',266,42,7),('H3',267,42,8),('H3',268,42,9),('H3',269,43,1),('H3',270,43,2),('H3',271,43,3),('H3',272,43,4),('H3',273,44,1),('H3',274,44,2),('H3',275,44,3),('H3',276,44,4),('H3',277,45,1),('H3',278,45,2),('H3',279,45,3),('H3',280,45,4),('H3',281,45,5),('H3',282,45,6),('H3',283,45,7),('H3',284,45,8),('H3',285,45,9),('H3',286,45,10),('H3',287,45,11),('H3',288,12,1),('H3',289,46,1),('H3',290,46,2),('H3',291,46,3),('H3',292,46,4),('H3',293,46,5),('H3',294,46,6),('H3',295,2,1),('H3',296,47,1),('H3',297,47,2),('H3',298,47,3),('H3',299,48,1),('H3',300,48,2),('H3',315,50,1),('H3',316,50,2),('H3',317,51,1),('H3',318,51,2),('H3',319,51,3),('H3',320,51,4),('H3',321,52,1),('H3',322,52,2),('H3',323,52,3),('H3',324,18,4),('H3',325,18,5),('H3',326,18,6),('H3',327,18,7),('H3',328,18,8),('H3',329,53,1),('H3',330,53,2),('H3',331,53,3),('H3',332,53,4),('H3',333,53,5),('H3',334,53,6),('H3',335,53,7),('H3',336,54,1),('H3',337,54,2),('H3',338,54,3),('H3',339,54,4),('H3',340,54,5),('H3',341,54,6),('H3',342,54,7),('H3',343,54,8),('H3',344,55,1),('H3',345,55,2),('H3',346,55,3),('H3',347,55,4),('H3',348,56,1),('H3',349,56,2),('H3',350,56,3),('H3',351,56,4),('H3',352,57,1),('H3',353,57,2),('H3',354,57,3),('H3',355,57,4),('H3',356,57,5),('H3',357,57,6),('H3',358,58,1),('H3',359,58,2),('H3',360,58,3),('H3',361,58,4),('H3',362,58,5),('H3',363,59,1),('H3',364,59,2),('H3',365,6,3),('H3',366,60,1),('H3',367,60,2),('H3',368,60,3),('H3',369,60,4),('H3',370,60,5),('H3',371,61,1),('H3',372,61,2),('H3',373,62,1),('H3',374,62,2),('H3',375,62,3),('H3',376,60,6),('H3',377,63,1),('H3',378,63,2),('H3',379,64,1),('H3',380,64,2),('H3',381,65,1),('H3',382,65,2),('H3',383,66,1),('H3',384,66,2),('H3',385,66,3),('H3',386,67,1),('H3',387,67,2),('H3',388,26,5),('H3',389,26,6),('H3',390,26,7),('H3',391,26,8),('H3',392,26,9),('H3',393,26,10),('H3',394,26,11),('H3',395,26,12),('H3',396,26,13),('H3',397,26,14),('H3',398,26,15),('H3',399,26,16),('H3',400,26,17),('H3',401,26,18),('H3',402,26,19),('H3',403,26,20),('H3',404,26,21),('H3',405,26,22),('H3',406,49,9),('H3',407,49,10),('H3',408,49,11),('H3',409,49,12),('H3',410,49,13),('H3',411,49,14),('H3',412,49,15),('H3',413,49,16),('H3',414,49,17),('H3',415,49,18),('H4',1,1,0),('H4',2,1,1),('H4',3,1,2),('H4',4,1,3),('H4',5,1,4),('H4',6,1,5),('H4',7,1,6),('H4',8,1,7),('H4',9,1,8),('H4',10,1,9),('H4',11,1,10),('H4',12,2,0),('H4',13,2,1),('H4',14,3,0),('H4',15,3,1),('H4',16,3,2),('H4',17,3,3),('H4',18,3,4),('H4',19,3,5),('H4',20,4,0),('H4',21,4,1),('H4',22,4,2),('H4',23,4,3),('H4',24,4,4),('H4',25,4,5),('H4',26,4,6),('H4',27,4,7),('H4',28,4,8),('H4',29,4,9),('H4',30,4,10),('H4',31,4,11),('H4',32,4,12),('H4',33,5,0),('H4',34,5,1),('H4',35,5,2),('H4',36,5,3),('H4',37,5,4),('H4',38,6,0),('H4',39,6,1),('H4',40,6,2),('H4',41,7,0),('H4',42,7,1),('H4',43,7,2),('H4',44,7,3),('H4',45,7,4),('H4',46,8,0),('H4',47,9,0),('H4',48,9,1),('H4',49,9,2),('H4',50,9,3),('H4',51,10,0),('H4',52,10,1),('H4',53,10,2),('H4',54,10,3),('H4',55,10,4),('H4',56,10,5),('H4',57,10,6),('H4',58,10,7),('H4',59,10,8),('H4',60,11,0),('H4',61,11,1),('H4',62,11,2),('H4',63,11,3),('H4',64,11,4),('H4',65,11,5),('H4',66,11,6),('H4',67,11,7),('H4',68,11,8),('H4',69,11,9),('H4',70,11,10),('H4',71,11,11),('H4',72,11,12),('H4',73,11,13),('H4',74,11,14),('H4',75,11,15),('H4',76,11,16),('H4',77,11,17),('H4',78,11,18),('H4',79,11,19),('H4',80,11,20),('H4',81,11,21),('H4',82,11,22),('H4',83,11,23),('H4',84,11,24),('H4',85,11,25),('H4',86,11,26),('H4',87,11,27),('H4',88,11,28),('H4',89,11,29),('H4',90,11,30),('H4',91,11,31),('H4',92,12,0),('H4',93,12,1),('H4',94,12,2),('H4',95,12,3),('H4',96,12,4),('H4',97,12,5),('H4',98,13,0),('H4',99,13,1),('H4',100,13,2),('H4',101,13,3),('H4',102,13,4),('H4',103,13,5),('H4',104,13,6),('H4',105,13,7),('H4',106,13,8),('H4',107,13,9),('H4',108,13,10),('H4',109,13,11),('H4',110,13,12),('H4',111,14,0),('H4',112,14,1),('H4',113,14,2),('H4',114,14,3),('H4',115,14,4),('H4',116,14,5),('H4',117,14,6),('H4',118,14,7),('H4',119,14,8),('H4',120,14,9),('H4',121,14,10),('H4',122,14,11),('H4',123,15,0),('H4',124,15,1),('H4',125,15,2),('H4',126,15,3),('H4',127,16,0),('H4',128,16,1),('H4',129,16,2),('H4',130,17,0),('H4',131,17,1),('H4',132,17,2),('H4',133,17,3),('H4',134,17,4),('H4',135,18,0),('H4',139,19,0),('H4',140,19,1),('H4',141,19,2),('H4',142,19,3),('H4',143,19,4),('H4',144,20,0),('H4',145,20,1),('H4',146,20,2),('H4',147,20,3),('H4',148,20,4),('H4',149,20,5),('H4',150,21,0),('H4',151,21,1),('H4',152,21,2),('H4',153,21,3),('H4',154,21,4),('H4',155,21,5),('H4',156,21,6),('H4',157,21,7),('H4',158,21,8),('H4',159,21,9),('H4',160,22,0),('H4',161,22,1),('H4',162,22,2),('H4',163,22,3),('H4',164,22,4),('H4',165,22,5),('H4',166,23,0),('H4',167,23,1),('H4',168,23,2),('H4',169,23,3),('H4',170,24,0),('H4',171,24,1),('H4',172,24,2),('H4',173,25,0),('H4',174,25,1),('H4',175,25,2),('H4',176,25,3),('H4',177,25,4),('H4',178,25,5),('H4',182,27,0),('H4',183,27,1),('H4',184,27,2),('H4',186,28,0),('H4',187,28,1),('H4',188,28,2),('H4',189,28,3),('H4',190,29,0),('H4',191,29,1),('H4',192,29,2),('H4',193,29,3),('H4',194,30,0),('H4',195,30,1),('H4',196,30,2),('H4',197,30,3),('H4',198,30,4),('H4',199,30,5),('H4',200,30,6),('H4',201,30,7),('H4',202,30,8),('H4',203,30,9),('H4',204,30,10),('H4',205,30,11),('H4',206,30,12),('H4',207,30,13),('H4',208,30,14),('H4',209,30,15),('H4',210,31,1),('H4',211,31,2),('H4',212,31,3),('H4',213,32,1),('H4',214,32,2),('H4',215,32,3),('H4',216,32,4),('H4',217,32,5),('H4',218,32,6),('H4',219,33,1),('H4',220,33,2),('H4',221,33,3),('H4',222,33,4),('H4',223,34,1),('H4',224,34,2),('H4',225,34,3),('H4',226,34,4),('H4',227,34,5),('H4',228,34,6),('H4',229,35,1),('H4',230,35,2),('H4',231,35,3),('H4',232,36,1),('H4',233,36,2),('H4',234,36,3),('H4',235,37,1),('H4',236,37,2),('H4',237,38,1),('H4',238,38,2),('H4',239,38,3),('H4',240,38,4),('H4',241,39,1),('H4',242,39,2),('H4',243,39,3),('H4',244,39,4),('H4',245,40,1),('H4',246,40,2),('H4',247,40,3),('H4',248,40,4),('H4',249,41,1),('H4',250,41,2),('H4',251,41,3),('H4',252,41,4),('H4',253,41,5),('H4',254,41,6),('H4',255,41,7),('H4',256,41,8),('H4',257,41,9),('H4',258,41,10),('H4',259,41,11),('H4',260,42,1),('H4',261,42,2),('H4',262,42,3),('H4',263,42,4),('H4',264,42,5),('H4',265,42,6),('H4',266,42,7),('H4',267,42,8),('H4',268,42,9),('H4',269,43,1),('H4',270,43,2),('H4',271,43,3),('H4',272,43,4),('H4',273,44,1),('H4',274,44,2),('H4',275,44,3),('H4',276,44,4),('H4',277,45,1),('H4',278,45,2),('H4',279,45,3),('H4',280,45,4),('H4',281,45,5),('H4',282,45,6),('H4',283,45,7),('H4',284,45,8),('H4',285,45,9),('H4',286,45,10),('H4',287,45,11),('H4',288,12,1),('H4',289,46,1),('H4',290,46,2),('H4',291,46,3),('H4',292,46,4),('H4',293,46,5),('H4',294,46,6),('H4',295,2,1),('H4',296,47,1),('H4',297,47,2),('H4',298,47,3),('H4',299,48,1),('H4',300,48,2),('H4',315,50,1),('H4',316,50,2),('H4',317,51,1),('H4',318,51,2),('H4',319,51,3),('H4',320,51,4),('H4',321,52,1),('H4',322,52,2),('H4',323,52,3),('H4',324,18,4),('H4',325,18,5),('H4',326,18,6),('H4',327,18,7),('H4',328,18,8),('H4',329,53,1),('H4',330,53,2),('H4',331,53,3),('H4',332,53,4),('H4',333,53,5),('H4',334,53,6),('H4',335,53,7),('H4',336,54,1),('H4',337,54,2),('H4',338,54,3),('H4',339,54,4),('H4',340,54,5),('H4',341,54,6),('H4',342,54,7),('H4',343,54,8),('H4',344,55,1),('H4',345,55,2),('H4',346,55,3),('H4',347,55,4),('H4',348,56,1),('H4',349,56,2),('H4',350,56,3),('H4',351,56,4),('H4',352,57,1),('H4',353,57,2),('H4',354,57,3),('H4',355,57,4),('H4',356,57,5),('H4',357,57,6),('H4',358,58,1),('H4',359,58,2),('H4',360,58,3),('H4',361,58,4),('H4',362,58,5),('H4',363,59,1),('H4',364,59,2),('H4',365,6,3),('H4',366,60,1),('H4',367,60,2),('H4',368,60,3),('H4',369,60,4),('H4',370,60,5),('H4',371,61,1),('H4',372,61,2),('H4',373,62,1),('H4',374,62,2),('H4',375,62,3),('H4',376,60,6),('H4',377,63,1),('H4',378,63,2),('H4',379,64,1),('H4',380,64,2),('H4',381,65,1),('H4',382,65,2),('H4',383,66,1),('H4',384,66,2),('H4',385,66,3),('H4',386,67,1),('H4',387,67,2),('H4',388,26,5),('H4',389,26,6),('H4',390,26,7),('H4',391,26,8),('H4',392,26,9),('H4',393,26,10),('H4',394,26,11),('H4',395,26,12),('H4',396,26,13),('H4',397,26,14),('H4',398,26,15),('H4',399,26,16),('H4',400,26,17),('H4',401,26,18),('H4',402,26,19),('H4',403,26,20),('H4',404,26,21),('H4',405,26,22),('H4',406,49,9),('H4',407,49,10),('H4',408,49,11),('H4',409,49,12),('H4',410,49,13),('H4',411,49,14),('H4',412,49,15),('H4',413,49,16),('H4',414,49,17),('H4',415,49,18),('H5',1,1,0),('H5',2,1,1),('H5',3,1,2),('H5',4,1,3),('H5',5,1,4),('H5',6,1,5),('H5',7,1,6),('H5',8,1,7),('H5',9,1,8),('H5',10,1,9),('H5',11,1,10),('H5',12,2,0),('H5',13,2,1),('H5',14,3,0),('H5',15,3,1),('H5',16,3,2),('H5',17,3,3),('H5',18,3,4),('H5',19,3,5),('H5',20,4,0),('H5',21,4,1),('H5',22,4,2),('H5',23,4,3),('H5',24,4,4),('H5',25,4,5),('H5',26,4,6),('H5',27,4,7),('H5',28,4,8),('H5',29,4,9),('H5',30,4,10),('H5',31,4,11),('H5',32,4,12),('H5',33,5,0),('H5',34,5,1),('H5',35,5,2),('H5',36,5,3),('H5',37,5,4),('H5',38,6,0),('H5',39,6,1),('H5',40,6,2),('H5',41,7,0),('H5',42,7,1),('H5',43,7,2),('H5',44,7,3),('H5',45,7,4),('H5',46,8,0),('H5',47,9,0),('H5',48,9,1),('H5',49,9,2),('H5',50,9,3),('H5',51,10,0),('H5',52,10,1),('H5',53,10,2),('H5',54,10,3),('H5',55,10,4),('H5',56,10,5),('H5',57,10,6),('H5',58,10,7),('H5',59,10,8),('H5',60,11,0),('H5',61,11,1),('H5',62,11,2),('H5',63,11,3),('H5',64,11,4),('H5',65,11,5),('H5',66,11,6),('H5',67,11,7),('H5',68,11,8),('H5',69,11,9),('H5',70,11,10),('H5',71,11,11),('H5',72,11,12),('H5',73,11,13),('H5',74,11,14),('H5',75,11,15),('H5',76,11,16),('H5',77,11,17),('H5',78,11,18),('H5',79,11,19),('H5',80,11,20),('H5',81,11,21),('H5',82,11,22),('H5',83,11,23),('H5',84,11,24),('H5',85,11,25),('H5',86,11,26),('H5',87,11,27),('H5',88,11,28),('H5',89,11,29),('H5',90,11,30),('H5',91,11,31),('H5',92,12,0),('H5',93,12,1),('H5',94,12,2),('H5',95,12,3),('H5',96,12,4),('H5',97,12,5),('H5',98,13,0),('H5',99,13,1),('H5',100,13,2),('H5',101,13,3),('H5',102,13,4),('H5',103,13,5),('H5',104,13,6),('H5',105,13,7),('H5',106,13,8),('H5',107,13,9),('H5',108,13,10),('H5',109,13,11),('H5',110,13,12),('H5',111,14,0),('H5',112,14,1),('H5',113,14,2),('H5',114,14,3),('H5',115,14,4),('H5',116,14,5),('H5',117,14,6),('H5',118,14,7),('H5',119,14,8),('H5',120,14,9),('H5',121,14,10),('H5',122,14,11),('H5',123,15,0),('H5',124,15,1),('H5',125,15,2),('H5',126,15,3),('H5',127,16,0),('H5',128,16,1),('H5',129,16,2),('H5',130,17,0),('H5',131,17,1),('H5',132,17,2),('H5',133,17,3),('H5',134,17,4),('H5',135,18,0),('H5',139,19,0),('H5',140,19,1),('H5',141,19,2),('H5',142,19,3),('H5',143,19,4),('H5',144,20,0),('H5',145,20,1),('H5',146,20,2),('H5',147,20,3),('H5',148,20,4),('H5',149,20,5),('H5',150,21,0),('H5',151,21,1),('H5',152,21,2),('H5',153,21,3),('H5',154,21,4),('H5',155,21,5),('H5',156,21,6),('H5',157,21,7),('H5',158,21,8),('H5',159,21,9),('H5',160,22,0),('H5',161,22,1),('H5',162,22,2),('H5',163,22,3),('H5',164,22,4),('H5',165,22,5),('H5',166,23,0),('H5',167,23,1),('H5',168,23,2),('H5',169,23,3),('H5',170,24,0),('H5',171,24,1),('H5',172,24,2),('H5',173,25,0),('H5',174,25,1),('H5',175,25,2),('H5',176,25,3),('H5',177,25,4),('H5',178,25,5),('H5',182,27,0),('H5',183,27,1),('H5',184,27,2),('H5',186,28,0),('H5',187,28,1),('H5',188,28,2),('H5',189,28,3),('H5',190,29,0),('H5',191,29,1),('H5',192,29,2),('H5',193,29,3),('H5',194,30,0),('H5',195,30,1),('H5',196,30,2),('H5',197,30,3),('H5',198,30,4),('H5',199,30,5),('H5',200,30,6),('H5',201,30,7),('H5',202,30,8),('H5',203,30,9),('H5',204,30,10),('H5',205,30,11),('H5',206,30,12),('H5',207,30,13),('H5',208,30,14),('H5',209,30,15),('H5',210,31,1),('H5',211,31,2),('H5',212,31,3),('H5',213,32,1),('H5',214,32,2),('H5',215,32,3),('H5',216,32,4),('H5',217,32,5),('H5',218,32,6),('H5',219,33,1),('H5',220,33,2),('H5',221,33,3),('H5',222,33,4),('H5',223,34,1),('H5',224,34,2),('H5',225,34,3),('H5',226,34,4),('H5',227,34,5),('H5',228,34,6),('H5',229,35,1),('H5',230,35,2),('H5',231,35,3),('H5',232,36,1),('H5',233,36,2),('H5',234,36,3),('H5',235,37,1),('H5',236,37,2),('H5',237,38,1),('H5',238,38,2),('H5',239,38,3),('H5',240,38,4),('H5',241,39,1),('H5',242,39,2),('H5',243,39,3),('H5',244,39,4),('H5',245,40,1),('H5',246,40,2),('H5',247,40,3),('H5',248,40,4),('H5',249,41,1),('H5',250,41,2),('H5',251,41,3),('H5',252,41,4),('H5',253,41,5),('H5',254,41,6),('H5',255,41,7),('H5',256,41,8),('H5',257,41,9),('H5',258,41,10),('H5',259,41,11),('H5',260,42,1),('H5',261,42,2),('H5',262,42,3),('H5',263,42,4),('H5',264,42,5),('H5',265,42,6),('H5',266,42,7),('H5',267,42,8),('H5',268,42,9),('H5',269,43,1),('H5',270,43,2),('H5',271,43,3),('H5',272,43,4),('H5',273,44,1),('H5',274,44,2),('H5',275,44,3),('H5',276,44,4),('H5',277,45,1),('H5',278,45,2),('H5',279,45,3),('H5',280,45,4),('H5',281,45,5),('H5',282,45,6),('H5',283,45,7),('H5',284,45,8),('H5',285,45,9),('H5',286,45,10),('H5',287,45,11),('H5',288,12,1),('H5',289,46,1),('H5',290,46,2),('H5',291,46,3),('H5',292,46,4),('H5',293,46,5),('H5',294,46,6),('H5',295,2,1),('H5',296,47,1),('H5',297,47,2),('H5',298,47,3),('H5',299,48,1),('H5',300,48,2),('H5',315,50,1),('H5',316,50,2),('H5',317,51,1),('H5',318,51,2),('H5',319,51,3),('H5',320,51,4),('H5',321,52,1),('H5',322,52,2),('H5',323,52,3),('H5',324,18,4),('H5',325,18,5),('H5',326,18,6),('H5',327,18,7),('H5',328,18,8),('H5',329,53,1),('H5',330,53,2),('H5',331,53,3),('H5',332,53,4),('H5',333,53,5),('H5',334,53,6),('H5',335,53,7),('H5',336,54,1),('H5',337,54,2),('H5',338,54,3),('H5',339,54,4),('H5',340,54,5),('H5',341,54,6),('H5',342,54,7),('H5',343,54,8),('H5',344,55,1),('H5',345,55,2),('H5',346,55,3),('H5',347,55,4),('H5',348,56,1),('H5',349,56,2),('H5',350,56,3),('H5',351,56,4),('H5',352,57,1),('H5',353,57,2),('H5',354,57,3),('H5',355,57,4),('H5',356,57,5),('H5',357,57,6),('H5',358,58,1),('H5',359,58,2),('H5',360,58,3),('H5',361,58,4),('H5',362,58,5),('H5',363,59,1),('H5',364,59,2),('H5',365,6,3),('H5',366,60,1),('H5',367,60,2),('H5',368,60,3),('H5',369,60,4),('H5',370,60,5),('H5',371,61,1),('H5',372,61,2),('H5',373,62,1),('H5',374,62,2),('H5',375,62,3),('H5',376,60,6),('H5',377,63,1),('H5',378,63,2),('H5',379,64,1),('H5',380,64,2),('H5',381,65,1),('H5',382,65,2),('H5',383,66,1),('H5',384,66,2),('H5',385,66,3),('H5',386,67,1),('H5',387,67,2),('H5',388,26,5),('H5',389,26,6),('H5',390,26,7),('H5',391,26,8),('H5',392,26,9),('H5',393,26,10),('H5',394,26,11),('H5',395,26,12),('H5',396,26,13),('H5',397,26,14),('H5',398,26,15),('H5',399,26,16),('H5',400,26,17),('H5',401,26,18),('H5',402,26,19),('H5',403,26,20),('H5',404,26,21),('H5',405,26,22),('H5',406,49,9),('H5',407,49,10),('H5',408,49,11),('H5',409,49,12),('H5',410,49,13),('H5',411,49,14),('H5',412,49,15),('H5',413,49,16),('H5',414,49,17),('H5',415,49,18),('H6',1,1,0),('H6',2,1,1),('H6',3,1,2),('H6',4,1,3),('H6',5,1,4),('H6',6,1,5),('H6',7,1,6),('H6',8,1,7),('H6',9,1,8),('H6',10,1,9),('H6',11,1,10),('H6',12,2,0),('H6',13,2,1),('H6',14,3,0),('H6',15,3,1),('H6',16,3,2),('H6',17,3,3),('H6',18,3,4),('H6',19,3,5),('H6',20,4,0),('H6',21,4,1),('H6',22,4,2),('H6',23,4,3),('H6',24,4,4),('H6',25,4,5),('H6',26,4,6),('H6',27,4,7),('H6',28,4,8),('H6',29,4,9),('H6',30,4,10),('H6',31,4,11),('H6',32,4,12),('H6',33,5,0),('H6',34,5,1),('H6',35,5,2),('H6',36,5,3),('H6',37,5,4),('H6',38,6,0),('H6',39,6,1),('H6',40,6,2),('H6',41,7,0),('H6',42,7,1),('H6',43,7,2),('H6',44,7,3),('H6',45,7,4),('H6',46,8,0),('H6',47,9,0),('H6',48,9,1),('H6',49,9,2),('H6',50,9,3),('H6',51,10,0),('H6',52,10,1),('H6',53,10,2),('H6',54,10,3),('H6',55,10,4),('H6',56,10,5),('H6',57,10,6),('H6',58,10,7),('H6',59,10,8),('H6',60,11,0),('H6',61,11,1),('H6',62,11,2),('H6',63,11,3),('H6',64,11,4),('H6',65,11,5),('H6',66,11,6),('H6',67,11,7),('H6',68,11,8),('H6',69,11,9),('H6',70,11,10),('H6',71,11,11),('H6',72,11,12),('H6',73,11,13),('H6',74,11,14),('H6',75,11,15),('H6',76,11,16),('H6',77,11,17),('H6',78,11,18),('H6',79,11,19),('H6',80,11,20),('H6',81,11,21),('H6',82,11,22),('H6',83,11,23),('H6',84,11,24),('H6',85,11,25),('H6',86,11,26),('H6',87,11,27),('H6',88,11,28),('H6',89,11,29),('H6',90,11,30),('H6',91,11,31),('H6',92,12,0),('H6',93,12,1),('H6',94,12,2),('H6',95,12,3),('H6',96,12,4),('H6',97,12,5),('H6',98,13,0),('H6',99,13,1),('H6',100,13,2),('H6',101,13,3),('H6',102,13,4),('H6',103,13,5),('H6',104,13,6),('H6',105,13,7),('H6',106,13,8),('H6',107,13,9),('H6',108,13,10),('H6',109,13,11),('H6',110,13,12),('H6',111,14,0),('H6',112,14,1),('H6',113,14,2),('H6',114,14,3),('H6',115,14,4),('H6',116,14,5),('H6',117,14,6),('H6',118,14,7),('H6',119,14,8),('H6',120,14,9),('H6',121,14,10),('H6',122,14,11),('H6',123,15,0),('H6',124,15,1),('H6',125,15,2),('H6',126,15,3),('H6',127,16,0),('H6',128,16,1),('H6',129,16,2),('H6',130,17,0),('H6',131,17,1),('H6',132,17,2),('H6',133,17,3),('H6',134,17,4),('H6',135,18,0),('H6',139,19,0),('H6',140,19,1),('H6',141,19,2),('H6',142,19,3),('H6',143,19,4),('H6',144,20,0),('H6',145,20,1),('H6',146,20,2),('H6',147,20,3),('H6',148,20,4),('H6',149,20,5),('H6',150,21,0),('H6',151,21,1),('H6',152,21,2),('H6',153,21,3),('H6',154,21,4),('H6',155,21,5),('H6',156,21,6),('H6',157,21,7),('H6',158,21,8),('H6',159,21,9),('H6',160,22,0),('H6',161,22,1),('H6',162,22,2),('H6',163,22,3),('H6',164,22,4),('H6',165,22,5),('H6',166,23,0),('H6',167,23,1),('H6',168,23,2),('H6',169,23,3),('H6',170,24,0),('H6',171,24,1),('H6',172,24,2),('H6',173,25,0),('H6',174,25,1),('H6',175,25,2),('H6',176,25,3),('H6',177,25,4),('H6',178,25,5),('H6',182,27,0),('H6',183,27,1),('H6',184,27,2),('H6',186,28,0),('H6',187,28,1),('H6',188,28,2),('H6',189,28,3),('H6',190,29,0),('H6',191,29,1),('H6',192,29,2),('H6',193,29,3),('H6',194,30,0),('H6',195,30,1),('H6',196,30,2),('H6',197,30,3),('H6',198,30,4),('H6',199,30,5),('H6',200,30,6),('H6',201,30,7),('H6',202,30,8),('H6',203,30,9),('H6',204,30,10),('H6',205,30,11),('H6',206,30,12),('H6',207,30,13),('H6',208,30,14),('H6',209,30,15),('H6',210,31,1),('H6',211,31,2),('H6',212,31,3),('H6',213,32,1),('H6',214,32,2),('H6',215,32,3),('H6',216,32,4),('H6',217,32,5),('H6',218,32,6),('H6',219,33,1),('H6',220,33,2),('H6',221,33,3),('H6',222,33,4),('H6',223,34,1),('H6',224,34,2),('H6',225,34,3),('H6',226,34,4),('H6',227,34,5),('H6',228,34,6),('H6',229,35,1),('H6',230,35,2),('H6',231,35,3),('H6',232,36,1),('H6',233,36,2),('H6',234,36,3),('H6',235,37,1),('H6',236,37,2),('H6',237,38,1),('H6',238,38,2),('H6',239,38,3),('H6',240,38,4),('H6',241,39,1),('H6',242,39,2),('H6',243,39,3),('H6',244,39,4),('H6',245,40,1),('H6',246,40,2),('H6',247,40,3),('H6',248,40,4),('H6',249,41,1),('H6',250,41,2),('H6',251,41,3),('H6',252,41,4),('H6',253,41,5),('H6',254,41,6),('H6',255,41,7),('H6',256,41,8),('H6',257,41,9),('H6',258,41,10),('H6',259,41,11),('H6',260,42,1),('H6',261,42,2),('H6',262,42,3),('H6',263,42,4),('H6',264,42,5),('H6',265,42,6),('H6',266,42,7),('H6',267,42,8),('H6',268,42,9),('H6',269,43,1),('H6',270,43,2),('H6',271,43,3),('H6',272,43,4),('H6',273,44,1),('H6',274,44,2),('H6',275,44,3),('H6',276,44,4),('H6',277,45,1),('H6',278,45,2),('H6',279,45,3),('H6',280,45,4),('H6',281,45,5),('H6',282,45,6),('H6',283,45,7),('H6',284,45,8),('H6',285,45,9),('H6',286,45,10),('H6',287,45,11),('H6',288,12,1),('H6',289,46,1),('H6',290,46,2),('H6',291,46,3),('H6',292,46,4),('H6',293,46,5),('H6',294,46,6),('H6',295,2,1),('H6',296,47,1),('H6',297,47,2),('H6',298,47,3),('H6',299,48,1),('H6',300,48,2),('H6',315,50,1),('H6',316,50,2),('H6',317,51,1),('H6',318,51,2),('H6',319,51,3),('H6',320,51,4),('H6',321,52,1),('H6',322,52,2),('H6',323,52,3),('H6',324,18,4),('H6',325,18,5),('H6',326,18,6),('H6',327,18,7),('H6',328,18,8),('H6',329,53,1),('H6',330,53,2),('H6',331,53,3),('H6',332,53,4),('H6',333,53,5),('H6',334,53,6),('H6',335,53,7),('H6',336,54,1),('H6',337,54,2),('H6',338,54,3),('H6',339,54,4),('H6',340,54,5),('H6',341,54,6),('H6',342,54,7),('H6',343,54,8),('H6',344,55,1),('H6',345,55,2),('H6',346,55,3),('H6',347,55,4),('H6',348,56,1),('H6',349,56,2),('H6',350,56,3),('H6',351,56,4),('H6',352,57,1),('H6',353,57,2),('H6',354,57,3),('H6',355,57,4),('H6',356,57,5),('H6',357,57,6),('H6',358,58,1),('H6',359,58,2),('H6',360,58,3),('H6',361,58,4),('H6',362,58,5),('H6',363,59,1),('H6',364,59,2),('H6',365,6,3),('H6',366,60,1),('H6',367,60,2),('H6',368,60,3),('H6',369,60,4),('H6',370,60,5),('H6',371,61,1),('H6',372,61,2),('H6',373,62,1),('H6',374,62,2),('H6',375,62,3),('H6',376,60,6),('H6',377,63,1),('H6',378,63,2),('H6',379,64,1),('H6',380,64,2),('H6',381,65,1),('H6',382,65,2),('H6',383,66,1),('H6',384,66,2),('H6',385,66,3),('H6',386,67,1),('H6',387,67,2),('H6',388,26,5),('H6',389,26,6),('H6',390,26,7),('H6',391,26,8),('H6',392,26,9),('H6',393,26,10),('H6',394,26,11),('H6',395,26,12),('H6',396,26,13),('H6',397,26,14),('H6',398,26,15),('H6',399,26,16),('H6',400,26,17),('H6',401,26,18),('H6',402,26,19),('H6',403,26,20),('H6',404,26,21),('H6',405,26,22),('H6',406,49,9),('H6',407,49,10),('H6',408,49,11),('H6',409,49,12),('H6',410,49,13),('H6',411,49,14),('H6',412,49,15),('H6',413,49,16),('H6',414,49,17),('H6',415,49,18);
/*!40000 ALTER TABLE `vtiger_role2picklist` ENABLE KEYS */;
UNLOCK TABLES;

--
-- Table structure for table `vtiger_role2profile`
--

DROP TABLE IF EXISTS `vtiger_role2profile`;
/*!40101 SET @saved_cs_client     = @@character_set_client */;
/*!40101 SET character_set_client = utf8 */;
CREATE TABLE `vtiger_role2profile` (
  `roleid` varchar(255) NOT NULL,
  `profileid` int(11) NOT NULL,
  PRIMARY KEY (`roleid`,`profileid`),
  KEY `role2profile_roleid_profileid_idx` (`roleid`,`profileid`)
) ENGINE=InnoDB DEFAULT CHARSET=utf8;
/*!40101 SET character_set_client = @saved_cs_client */;

--
-- Dumping data for table `vtiger_role2profile`
--

LOCK TABLES `vtiger_role2profile` WRITE;
/*!40000 ALTER TABLE `vtiger_role2profile` DISABLE KEYS */;
INSERT INTO `vtiger_role2profile` VALUES ('H2',1),('H3',5),('H4',5),('H5',6),('H6',7);
/*!40000 ALTER TABLE `vtiger_role2profile` ENABLE KEYS */;
UNLOCK TABLES;

--
-- Table structure for table `vtiger_role_seq`
--

DROP TABLE IF EXISTS `vtiger_role_seq`;
/*!40101 SET @saved_cs_client     = @@character_set_client */;
/*!40101 SET character_set_client = utf8 */;
CREATE TABLE `vtiger_role_seq` (
  `id` int(11) NOT NULL
) ENGINE=InnoDB DEFAULT CHARSET=utf8;
/*!40101 SET character_set_client = @saved_cs_client */;

--
-- Dumping data for table `vtiger_role_seq`
--

LOCK TABLES `vtiger_role_seq` WRITE;
/*!40000 ALTER TABLE `vtiger_role_seq` DISABLE KEYS */;
INSERT INTO `vtiger_role_seq` VALUES (6);
/*!40000 ALTER TABLE `vtiger_role_seq` ENABLE KEYS */;
UNLOCK TABLES;

--
-- Table structure for table `vtiger_rollupcomments_settings`
--

DROP TABLE IF EXISTS `vtiger_rollupcomments_settings`;
/*!40101 SET @saved_cs_client     = @@character_set_client */;
/*!40101 SET character_set_client = utf8 */;
CREATE TABLE `vtiger_rollupcomments_settings` (
  `rollupid` int(19) NOT NULL AUTO_INCREMENT,
  `userid` int(19) NOT NULL,
  `tabid` int(19) NOT NULL,
  `rollup_status` int(2) NOT NULL DEFAULT 0,
  PRIMARY KEY (`rollupid`)
) ENGINE=InnoDB DEFAULT CHARSET=utf8;
/*!40101 SET character_set_client = @saved_cs_client */;

--
-- Dumping data for table `vtiger_rollupcomments_settings`
--

LOCK TABLES `vtiger_rollupcomments_settings` WRITE;
/*!40000 ALTER TABLE `vtiger_rollupcomments_settings` DISABLE KEYS */;
/*!40000 ALTER TABLE `vtiger_rollupcomments_settings` ENABLE KEYS */;
UNLOCK TABLES;

--
-- Table structure for table `vtiger_rowheight`
--

DROP TABLE IF EXISTS `vtiger_rowheight`;
/*!40101 SET @saved_cs_client     = @@character_set_client */;
/*!40101 SET character_set_client = utf8 */;
CREATE TABLE `vtiger_rowheight` (
  `rowheightid` int(11) NOT NULL AUTO_INCREMENT,
  `rowheight` varchar(200) NOT NULL,
  `sortorderid` int(11) DEFAULT NULL,
  `presence` int(11) NOT NULL DEFAULT 1,
  PRIMARY KEY (`rowheightid`)
) ENGINE=InnoDB AUTO_INCREMENT=4 DEFAULT CHARSET=utf8;
/*!40101 SET character_set_client = @saved_cs_client */;

--
-- Dumping data for table `vtiger_rowheight`
--

LOCK TABLES `vtiger_rowheight` WRITE;
/*!40000 ALTER TABLE `vtiger_rowheight` DISABLE KEYS */;
INSERT INTO `vtiger_rowheight` VALUES (1,'wide',0,1),(2,'medium',1,1),(3,'narrow',2,1);
/*!40000 ALTER TABLE `vtiger_rowheight` ENABLE KEYS */;
UNLOCK TABLES;

--
-- Table structure for table `vtiger_rowheight_seq`
--

DROP TABLE IF EXISTS `vtiger_rowheight_seq`;
/*!40101 SET @saved_cs_client     = @@character_set_client */;
/*!40101 SET character_set_client = utf8 */;
CREATE TABLE `vtiger_rowheight_seq` (
  `id` int(11) NOT NULL
) ENGINE=InnoDB DEFAULT CHARSET=utf8;
/*!40101 SET character_set_client = @saved_cs_client */;

--
-- Dumping data for table `vtiger_rowheight_seq`
--

LOCK TABLES `vtiger_rowheight_seq` WRITE;
/*!40000 ALTER TABLE `vtiger_rowheight_seq` DISABLE KEYS */;
INSERT INTO `vtiger_rowheight_seq` VALUES (3);
/*!40000 ALTER TABLE `vtiger_rowheight_seq` ENABLE KEYS */;
UNLOCK TABLES;

--
-- Table structure for table `vtiger_rss`
--

DROP TABLE IF EXISTS `vtiger_rss`;
/*!40101 SET @saved_cs_client     = @@character_set_client */;
/*!40101 SET character_set_client = utf8 */;
CREATE TABLE `vtiger_rss` (
  `rssid` int(19) NOT NULL,
  `rssurl` varchar(200) NOT NULL DEFAULT '',
  `rsstitle` varchar(200) DEFAULT NULL,
  `rsstype` int(10) DEFAULT 0,
  `starred` int(1) DEFAULT 0,
  PRIMARY KEY (`rssid`)
) ENGINE=InnoDB DEFAULT CHARSET=utf8;
/*!40101 SET character_set_client = @saved_cs_client */;

--
-- Dumping data for table `vtiger_rss`
--

LOCK TABLES `vtiger_rss` WRITE;
/*!40000 ALTER TABLE `vtiger_rss` DISABLE KEYS */;
/*!40000 ALTER TABLE `vtiger_rss` ENABLE KEYS */;
UNLOCK TABLES;

--
-- Table structure for table `vtiger_sales_stage`
--

DROP TABLE IF EXISTS `vtiger_sales_stage`;
/*!40101 SET @saved_cs_client     = @@character_set_client */;
/*!40101 SET character_set_client = utf8 */;
CREATE TABLE `vtiger_sales_stage` (
  `sales_stage_id` int(19) NOT NULL AUTO_INCREMENT,
  `sales_stage` varchar(200) DEFAULT NULL,
  `presence` int(1) NOT NULL DEFAULT 1,
  `picklist_valueid` int(19) NOT NULL DEFAULT 0,
  `sortorderid` int(11) DEFAULT NULL,
  `color` varchar(10) DEFAULT NULL,
  PRIMARY KEY (`sales_stage_id`)
) ENGINE=InnoDB AUTO_INCREMENT=11 DEFAULT CHARSET=utf8;
/*!40101 SET character_set_client = @saved_cs_client */;

--
-- Dumping data for table `vtiger_sales_stage`
--

LOCK TABLES `vtiger_sales_stage` WRITE;
/*!40000 ALTER TABLE `vtiger_sales_stage` DISABLE KEYS */;
INSERT INTO `vtiger_sales_stage` VALUES (1,'Prospecting',1,150,0,NULL),(2,'Qualification',1,151,1,NULL),(3,'Needs Analysis',1,152,2,NULL),(4,'Value Proposition',1,153,3,NULL),(5,'Id. Decision Makers',1,154,4,NULL),(6,'Perception Analysis',1,155,5,NULL),(7,'Proposal or Price Quote',1,156,6,NULL),(8,'Negotiation or Review',1,157,7,NULL),(9,'Closed Won',0,158,8,NULL),(10,'Closed Lost',0,159,9,NULL);
/*!40000 ALTER TABLE `vtiger_sales_stage` ENABLE KEYS */;
UNLOCK TABLES;

--
-- Table structure for table `vtiger_sales_stage_seq`
--

DROP TABLE IF EXISTS `vtiger_sales_stage_seq`;
/*!40101 SET @saved_cs_client     = @@character_set_client */;
/*!40101 SET character_set_client = utf8 */;
CREATE TABLE `vtiger_sales_stage_seq` (
  `id` int(11) NOT NULL
) ENGINE=InnoDB DEFAULT CHARSET=utf8;
/*!40101 SET character_set_client = @saved_cs_client */;

--
-- Dumping data for table `vtiger_sales_stage_seq`
--

LOCK TABLES `vtiger_sales_stage_seq` WRITE;
/*!40000 ALTER TABLE `vtiger_sales_stage_seq` DISABLE KEYS */;
INSERT INTO `vtiger_sales_stage_seq` VALUES (10);
/*!40000 ALTER TABLE `vtiger_sales_stage_seq` ENABLE KEYS */;
UNLOCK TABLES;

--
-- Table structure for table `vtiger_salesmanactivityrel`
--

DROP TABLE IF EXISTS `vtiger_salesmanactivityrel`;
/*!40101 SET @saved_cs_client     = @@character_set_client */;
/*!40101 SET character_set_client = utf8 */;
CREATE TABLE `vtiger_salesmanactivityrel` (
  `smid` int(19) NOT NULL DEFAULT 0,
  `activityid` int(19) NOT NULL DEFAULT 0,
  PRIMARY KEY (`smid`,`activityid`),
  KEY `salesmanactivityrel_activityid_idx` (`activityid`),
  KEY `salesmanactivityrel_smid_idx` (`smid`),
  CONSTRAINT `fk_2_vtiger_salesmanactivityrel` FOREIGN KEY (`smid`) REFERENCES `vtiger_users` (`id`) ON DELETE CASCADE
) ENGINE=InnoDB DEFAULT CHARSET=utf8;
/*!40101 SET character_set_client = @saved_cs_client */;

--
-- Dumping data for table `vtiger_salesmanactivityrel`
--

LOCK TABLES `vtiger_salesmanactivityrel` WRITE;
/*!40000 ALTER TABLE `vtiger_salesmanactivityrel` DISABLE KEYS */;
INSERT INTO `vtiger_salesmanactivityrel` VALUES (1,36),(6,33),(6,34),(6,35),(6,39),(6,44),(7,37),(7,38);
/*!40000 ALTER TABLE `vtiger_salesmanactivityrel` ENABLE KEYS */;
UNLOCK TABLES;

--
-- Table structure for table `vtiger_salesmanattachmentsrel`
--

DROP TABLE IF EXISTS `vtiger_salesmanattachmentsrel`;
/*!40101 SET @saved_cs_client     = @@character_set_client */;
/*!40101 SET character_set_client = utf8 */;
CREATE TABLE `vtiger_salesmanattachmentsrel` (
  `smid` int(19) NOT NULL DEFAULT 0,
  `attachmentsid` int(19) NOT NULL DEFAULT 0,
  PRIMARY KEY (`smid`,`attachmentsid`),
  KEY `salesmanattachmentsrel_smid_idx` (`smid`),
  KEY `salesmanattachmentsrel_attachmentsid_idx` (`attachmentsid`),
  CONSTRAINT `fk_2_vtiger_salesmanattachmentsrel` FOREIGN KEY (`attachmentsid`) REFERENCES `vtiger_attachments` (`attachmentsid`) ON DELETE CASCADE
) ENGINE=InnoDB DEFAULT CHARSET=utf8;
/*!40101 SET character_set_client = @saved_cs_client */;

--
-- Dumping data for table `vtiger_salesmanattachmentsrel`
--

LOCK TABLES `vtiger_salesmanattachmentsrel` WRITE;
/*!40000 ALTER TABLE `vtiger_salesmanattachmentsrel` DISABLE KEYS */;
INSERT INTO `vtiger_salesmanattachmentsrel` VALUES (5,7);
/*!40000 ALTER TABLE `vtiger_salesmanattachmentsrel` ENABLE KEYS */;
UNLOCK TABLES;

--
-- Table structure for table `vtiger_salesmanticketrel`
--

DROP TABLE IF EXISTS `vtiger_salesmanticketrel`;
/*!40101 SET @saved_cs_client     = @@character_set_client */;
/*!40101 SET character_set_client = utf8 */;
CREATE TABLE `vtiger_salesmanticketrel` (
  `smid` int(19) NOT NULL DEFAULT 0,
  `id` int(19) NOT NULL DEFAULT 0,
  PRIMARY KEY (`smid`,`id`),
  KEY `salesmanticketrel_smid_idx` (`smid`),
  KEY `salesmanticketrel_id_idx` (`id`),
  CONSTRAINT `fk_2_vtiger_salesmanticketrel` FOREIGN KEY (`smid`) REFERENCES `vtiger_users` (`id`) ON DELETE CASCADE
) ENGINE=InnoDB DEFAULT CHARSET=utf8;
/*!40101 SET character_set_client = @saved_cs_client */;

--
-- Dumping data for table `vtiger_salesmanticketrel`
--

LOCK TABLES `vtiger_salesmanticketrel` WRITE;
/*!40000 ALTER TABLE `vtiger_salesmanticketrel` DISABLE KEYS */;
/*!40000 ALTER TABLE `vtiger_salesmanticketrel` ENABLE KEYS */;
UNLOCK TABLES;

--
-- Table structure for table `vtiger_salesorder`
--

DROP TABLE IF EXISTS `vtiger_salesorder`;
/*!40101 SET @saved_cs_client     = @@character_set_client */;
/*!40101 SET character_set_client = utf8 */;
CREATE TABLE `vtiger_salesorder` (
  `salesorderid` int(19) NOT NULL DEFAULT 0,
  `subject` varchar(100) DEFAULT NULL,
  `potentialid` int(19) DEFAULT NULL,
  `customerno` varchar(100) DEFAULT NULL,
  `salesorder_no` varchar(100) DEFAULT NULL,
  `quoteid` int(19) DEFAULT NULL,
  `vendorterms` varchar(100) DEFAULT NULL,
  `contactid` int(19) DEFAULT NULL,
  `vendorid` int(19) DEFAULT NULL,
  `duedate` date DEFAULT NULL,
  `carrier` varchar(200) DEFAULT NULL,
  `pending` varchar(200) DEFAULT NULL,
  `type` varchar(100) DEFAULT NULL,
  `adjustment` decimal(25,8) DEFAULT NULL,
  `salescommission` decimal(25,3) DEFAULT NULL,
  `exciseduty` decimal(25,3) DEFAULT NULL,
  `total` decimal(25,8) DEFAULT NULL,
  `subtotal` decimal(25,8) DEFAULT NULL,
  `taxtype` varchar(25) DEFAULT NULL,
  `discount_percent` decimal(25,3) DEFAULT NULL,
  `discount_amount` decimal(25,8) DEFAULT NULL,
  `s_h_amount` decimal(25,8) DEFAULT NULL,
  `accountid` int(19) DEFAULT NULL,
  `terms_conditions` text DEFAULT NULL,
  `purchaseorder` varchar(200) DEFAULT NULL,
  `sostatus` varchar(200) DEFAULT NULL,
  `currency_id` int(19) NOT NULL DEFAULT 1,
  `conversion_rate` decimal(10,3) NOT NULL DEFAULT 1.000,
  `enable_recurring` int(11) DEFAULT 0,
  `compound_taxes_info` text DEFAULT NULL,
  `pre_tax_total` decimal(25,8) DEFAULT NULL,
  `s_h_percent` int(11) DEFAULT NULL,
  `tags` varchar(1) DEFAULT NULL,
  `region_id` int(19) DEFAULT NULL,
  PRIMARY KEY (`salesorderid`),
  KEY `salesorder_vendorid_idx` (`vendorid`),
  KEY `salesorder_contactid_idx` (`contactid`),
  CONSTRAINT `fk_3_vtiger_salesorder` FOREIGN KEY (`vendorid`) REFERENCES `vtiger_vendor` (`vendorid`) ON DELETE CASCADE,
  CONSTRAINT `fk_crmid_vtiger_salesorder` FOREIGN KEY (`salesorderid`) REFERENCES `vtiger_crmentity` (`crmid`) ON DELETE CASCADE
) ENGINE=InnoDB DEFAULT CHARSET=utf8;
/*!40101 SET character_set_client = @saved_cs_client */;

--
-- Dumping data for table `vtiger_salesorder`
--

LOCK TABLES `vtiger_salesorder` WRITE;
/*!40000 ALTER TABLE `vtiger_salesorder` DISABLE KEYS */;
/*!40000 ALTER TABLE `vtiger_salesorder` ENABLE KEYS */;
UNLOCK TABLES;

--
-- Table structure for table `vtiger_salesordercf`
--

DROP TABLE IF EXISTS `vtiger_salesordercf`;
/*!40101 SET @saved_cs_client     = @@character_set_client */;
/*!40101 SET character_set_client = utf8 */;
CREATE TABLE `vtiger_salesordercf` (
  `salesorderid` int(19) NOT NULL DEFAULT 0,
  PRIMARY KEY (`salesorderid`),
  CONSTRAINT `fk_1_vtiger_salesordercf` FOREIGN KEY (`salesorderid`) REFERENCES `vtiger_salesorder` (`salesorderid`) ON DELETE CASCADE
) ENGINE=InnoDB DEFAULT CHARSET=utf8;
/*!40101 SET character_set_client = @saved_cs_client */;

--
-- Dumping data for table `vtiger_salesordercf`
--

LOCK TABLES `vtiger_salesordercf` WRITE;
/*!40000 ALTER TABLE `vtiger_salesordercf` DISABLE KEYS */;
/*!40000 ALTER TABLE `vtiger_salesordercf` ENABLE KEYS */;
UNLOCK TABLES;

--
-- Table structure for table `vtiger_salutationtype`
--

DROP TABLE IF EXISTS `vtiger_salutationtype`;
/*!40101 SET @saved_cs_client     = @@character_set_client */;
/*!40101 SET character_set_client = utf8 */;
CREATE TABLE `vtiger_salutationtype` (
  `salutationid` int(19) NOT NULL AUTO_INCREMENT,
  `salutationtype` varchar(200) NOT NULL,
  `presence` int(1) NOT NULL DEFAULT 1,
  `picklist_valueid` int(19) NOT NULL DEFAULT 0,
  `sortorderid` int(11) DEFAULT NULL,
  `color` varchar(10) DEFAULT NULL,
  PRIMARY KEY (`salutationid`)
) ENGINE=InnoDB AUTO_INCREMENT=7 DEFAULT CHARSET=utf8;
/*!40101 SET character_set_client = @saved_cs_client */;

--
-- Dumping data for table `vtiger_salutationtype`
--

LOCK TABLES `vtiger_salutationtype` WRITE;
/*!40000 ALTER TABLE `vtiger_salutationtype` DISABLE KEYS */;
INSERT INTO `vtiger_salutationtype` VALUES (2,'Mr.',1,161,1,NULL),(3,'Ms.',1,162,2,NULL),(4,'Mrs.',1,163,3,NULL),(5,'Dr.',1,164,4,NULL),(6,'Prof.',1,165,5,NULL);
/*!40000 ALTER TABLE `vtiger_salutationtype` ENABLE KEYS */;
UNLOCK TABLES;

--
-- Table structure for table `vtiger_salutationtype_seq`
--

DROP TABLE IF EXISTS `vtiger_salutationtype_seq`;
/*!40101 SET @saved_cs_client     = @@character_set_client */;
/*!40101 SET character_set_client = utf8 */;
CREATE TABLE `vtiger_salutationtype_seq` (
  `id` int(11) NOT NULL
) ENGINE=InnoDB DEFAULT CHARSET=utf8;
/*!40101 SET character_set_client = @saved_cs_client */;

--
-- Dumping data for table `vtiger_salutationtype_seq`
--

LOCK TABLES `vtiger_salutationtype_seq` WRITE;
/*!40000 ALTER TABLE `vtiger_salutationtype_seq` DISABLE KEYS */;
INSERT INTO `vtiger_salutationtype_seq` VALUES (6);
/*!40000 ALTER TABLE `vtiger_salutationtype_seq` ENABLE KEYS */;
UNLOCK TABLES;

--
-- Table structure for table `vtiger_scheduled_reports`
--

DROP TABLE IF EXISTS `vtiger_scheduled_reports`;
/*!40101 SET @saved_cs_client     = @@character_set_client */;
/*!40101 SET character_set_client = utf8 */;
CREATE TABLE `vtiger_scheduled_reports` (
  `reportid` int(11) NOT NULL,
  `recipients` text DEFAULT NULL,
  `schedule` text DEFAULT NULL,
  `format` varchar(10) DEFAULT NULL,
  `next_trigger_time` timestamp NOT NULL DEFAULT current_timestamp() ON UPDATE current_timestamp(),
  PRIMARY KEY (`reportid`)
) ENGINE=InnoDB DEFAULT CHARSET=utf8;
/*!40101 SET character_set_client = @saved_cs_client */;

--
-- Dumping data for table `vtiger_scheduled_reports`
--

LOCK TABLES `vtiger_scheduled_reports` WRITE;
/*!40000 ALTER TABLE `vtiger_scheduled_reports` DISABLE KEYS */;
/*!40000 ALTER TABLE `vtiger_scheduled_reports` ENABLE KEYS */;
UNLOCK TABLES;

--
-- Table structure for table `vtiger_schedulereports`
--

DROP TABLE IF EXISTS `vtiger_schedulereports`;
/*!40101 SET @saved_cs_client     = @@character_set_client */;
/*!40101 SET character_set_client = utf8 */;
CREATE TABLE `vtiger_schedulereports` (
  `reportid` int(10) DEFAULT NULL,
  `scheduleid` int(3) DEFAULT NULL,
  `recipients` text DEFAULT NULL,
  `schdate` varchar(20) DEFAULT NULL,
  `schtime` time DEFAULT NULL,
  `schdayoftheweek` varchar(100) DEFAULT NULL,
  `schdayofthemonth` varchar(100) DEFAULT NULL,
  `schannualdates` varchar(500) DEFAULT NULL,
  `specificemails` varchar(500) DEFAULT NULL,
  `next_trigger_time` timestamp NOT NULL DEFAULT current_timestamp(),
  `fileformat` varchar(10) DEFAULT 'CSV'
) ENGINE=InnoDB DEFAULT CHARSET=utf8;
/*!40101 SET character_set_client = @saved_cs_client */;

--
-- Dumping data for table `vtiger_schedulereports`
--

LOCK TABLES `vtiger_schedulereports` WRITE;
/*!40000 ALTER TABLE `vtiger_schedulereports` DISABLE KEYS */;
/*!40000 ALTER TABLE `vtiger_schedulereports` ENABLE KEYS */;
UNLOCK TABLES;

--
-- Table structure for table `vtiger_seactivityrel`
--

DROP TABLE IF EXISTS `vtiger_seactivityrel`;
/*!40101 SET @saved_cs_client     = @@character_set_client */;
/*!40101 SET character_set_client = utf8 */;
CREATE TABLE `vtiger_seactivityrel` (
  `crmid` int(19) NOT NULL,
  `activityid` int(19) NOT NULL,
  PRIMARY KEY (`crmid`,`activityid`),
  KEY `seactivityrel_activityid_idx` (`activityid`),
  KEY `seactivityrel_crmid_idx` (`crmid`),
  CONSTRAINT `fk_2_vtiger_seactivityrel` FOREIGN KEY (`crmid`) REFERENCES `vtiger_crmentity` (`crmid`) ON DELETE CASCADE
) ENGINE=InnoDB DEFAULT CHARSET=utf8;
/*!40101 SET character_set_client = @saved_cs_client */;

--
-- Dumping data for table `vtiger_seactivityrel`
--

LOCK TABLES `vtiger_seactivityrel` WRITE;
/*!40000 ALTER TABLE `vtiger_seactivityrel` DISABLE KEYS */;
INSERT INTO `vtiger_seactivityrel` VALUES (2,3),(4,5),(4,6),(8,9),(8,10),(8,11),(8,12),(8,13),(8,14),(15,17),(15,18),(16,19),(16,20),(32,33),(39,41),(39,42),(39,43),(40,39),(44,46),(45,44);
/*!40000 ALTER TABLE `vtiger_seactivityrel` ENABLE KEYS */;
UNLOCK TABLES;

--
-- Table structure for table `vtiger_seactivityrel_seq`
--

DROP TABLE IF EXISTS `vtiger_seactivityrel_seq`;
/*!40101 SET @saved_cs_client     = @@character_set_client */;
/*!40101 SET character_set_client = utf8 */;
CREATE TABLE `vtiger_seactivityrel_seq` (
  `id` int(11) NOT NULL
) ENGINE=InnoDB DEFAULT CHARSET=utf8;
/*!40101 SET character_set_client = @saved_cs_client */;

--
-- Dumping data for table `vtiger_seactivityrel_seq`
--

LOCK TABLES `vtiger_seactivityrel_seq` WRITE;
/*!40000 ALTER TABLE `vtiger_seactivityrel_seq` DISABLE KEYS */;
INSERT INTO `vtiger_seactivityrel_seq` VALUES (1);
/*!40000 ALTER TABLE `vtiger_seactivityrel_seq` ENABLE KEYS */;
UNLOCK TABLES;

--
-- Table structure for table `vtiger_seattachmentsrel`
--

DROP TABLE IF EXISTS `vtiger_seattachmentsrel`;
/*!40101 SET @saved_cs_client     = @@character_set_client */;
/*!40101 SET character_set_client = utf8 */;
CREATE TABLE `vtiger_seattachmentsrel` (
  `crmid` int(19) NOT NULL DEFAULT 0,
  `attachmentsid` int(19) NOT NULL DEFAULT 0,
  PRIMARY KEY (`crmid`,`attachmentsid`),
  KEY `seattachmentsrel_attachmentsid_idx` (`attachmentsid`),
  KEY `seattachmentsrel_crmid_idx` (`crmid`),
  KEY `seattachmentsrel_attachmentsid_crmid_idx` (`attachmentsid`,`crmid`),
  CONSTRAINT `fk_2_vtiger_seattachmentsrel` FOREIGN KEY (`crmid`) REFERENCES `vtiger_crmentity` (`crmid`) ON DELETE CASCADE
) ENGINE=InnoDB DEFAULT CHARSET=utf8;
/*!40101 SET character_set_client = @saved_cs_client */;

--
-- Dumping data for table `vtiger_seattachmentsrel`
--

LOCK TABLES `vtiger_seattachmentsrel` WRITE;
/*!40000 ALTER TABLE `vtiger_seattachmentsrel` DISABLE KEYS */;
/*!40000 ALTER TABLE `vtiger_seattachmentsrel` ENABLE KEYS */;
UNLOCK TABLES;

--
-- Table structure for table `vtiger_selectcolumn`
--

DROP TABLE IF EXISTS `vtiger_selectcolumn`;
/*!40101 SET @saved_cs_client     = @@character_set_client */;
/*!40101 SET character_set_client = utf8 */;
CREATE TABLE `vtiger_selectcolumn` (
  `queryid` int(19) NOT NULL,
  `columnindex` int(11) NOT NULL DEFAULT 0,
  `columnname` varchar(250) DEFAULT '',
  PRIMARY KEY (`queryid`,`columnindex`),
  KEY `selectcolumn_queryid_idx` (`queryid`),
  CONSTRAINT `fk_1_vtiger_selectcolumn` FOREIGN KEY (`queryid`) REFERENCES `vtiger_selectquery` (`queryid`) ON DELETE CASCADE
) ENGINE=InnoDB DEFAULT CHARSET=utf8;
/*!40101 SET character_set_client = @saved_cs_client */;

--
-- Dumping data for table `vtiger_selectcolumn`
--

LOCK TABLES `vtiger_selectcolumn` WRITE;
/*!40000 ALTER TABLE `vtiger_selectcolumn` DISABLE KEYS */;
INSERT INTO `vtiger_selectcolumn` VALUES (1,0,'vtiger_contactdetails:firstname:Contacts_First_Name:firstname:V'),(1,1,'vtiger_contactdetails:lastname:Contacts_Last_Name:lastname:V'),(1,2,'vtiger_contactsubdetails:leadsource:Contacts_Lead_Source:leadsource:V'),(1,3,'vtiger_contactdetails:accountid:Contacts_Account_Name:account_id:V'),(1,4,'vtiger_account:industry:Accounts_industry:industry:V'),(1,5,'vtiger_contactdetails:email:Contacts_Email:email:E'),(2,0,'vtiger_contactdetails:firstname:Contacts_First_Name:firstname:V'),(2,1,'vtiger_contactdetails:lastname:Contacts_Last_Name:lastname:V'),(2,2,'vtiger_contactsubdetails:leadsource:Contacts_Lead_Source:leadsource:V'),(2,3,'vtiger_contactdetails:accountid:Contacts_Account_Name:account_id:V'),(2,4,'vtiger_account:industry:Accounts_industry:industry:V'),(2,5,'vtiger_contactdetails:email:Contacts_Email:email:E'),(3,0,'vtiger_contactdetails:firstname:Contacts_First_Name:firstname:V'),(3,1,'vtiger_contactdetails:lastname:Contacts_Last_Name:lastname:V'),(3,2,'vtiger_contactdetails:accountid:Contacts_Account_Name:account_id:V'),(3,3,'vtiger_contactdetails:email:Contacts_Email:email:E'),(3,4,'vtiger_potential:potentialname:Potentials_Potential_Name:potentialname:V'),(3,5,'vtiger_potential:sales_stage:Potentials_Sales_Stage:sales_stage:V'),(4,0,'vtiger_leaddetails:firstname:Leads_First_Name:firstname:V'),(4,1,'vtiger_leaddetails:lastname:Leads_Last_Name:lastname:V'),(4,2,'vtiger_leaddetails:company:Leads_Company:company:V'),(4,3,'vtiger_leaddetails:email:Leads_Email:email:E'),(4,4,'vtiger_leaddetails:leadsource:Leads_Lead_Source:leadsource:V'),(5,0,'vtiger_leaddetails:firstname:Leads_First_Name:firstname:V'),(5,1,'vtiger_leaddetails:lastname:Leads_Last_Name:lastname:V'),(5,2,'vtiger_leaddetails:company:Leads_Company:company:V'),(5,3,'vtiger_leaddetails:email:Leads_Email:email:E'),(5,4,'vtiger_leaddetails:leadsource:Leads_Lead_Source:leadsource:V'),(5,5,'vtiger_leaddetails:leadstatus:Leads_Lead_Status:leadstatus:V'),(6,0,'vtiger_potential:potentialname:Potentials_Potential_Name:potentialname:V'),(6,1,'vtiger_potential:amount:Potentials_Amount:amount:N'),(6,2,'vtiger_potential:potentialtype:Potentials_Type:opportunity_type:V'),(6,3,'vtiger_potential:leadsource:Potentials_Lead_Source:leadsource:V'),(6,4,'vtiger_potential:sales_stage:Potentials_Sales_Stage:sales_stage:V'),(7,0,'vtiger_potential:potentialname:Potentials_Potential_Name:potentialname:V'),(7,1,'vtiger_potential:amount:Potentials_Amount:amount:N'),(7,2,'vtiger_potential:potentialtype:Potentials_Type:opportunity_type:V'),(7,3,'vtiger_potential:leadsource:Potentials_Lead_Source:leadsource:V'),(7,4,'vtiger_potential:sales_stage:Potentials_Sales_Stage:sales_stage:V'),(8,0,'vtiger_activity:subject:Calendar_Subject:subject:V'),(8,1,'vtiger_contactdetailsCalendar:lastname:Calendar_Contact_Name:contact_id:I'),(8,2,'vtiger_activity:status:Calendar_Status:taskstatus:V'),(8,3,'vtiger_activity:priority:Calendar_Priority:taskpriority:V'),(8,4,'vtiger_usersCalendar:user_name:Calendar_Assigned_To:assigned_user_id:V'),(9,0,'vtiger_activity:subject:Calendar_Subject:subject:V'),(9,1,'vtiger_contactdetailsCalendar:lastname:Calendar_Contact_Name:contact_id:I'),(9,2,'vtiger_activity:status:Calendar_Status:taskstatus:V'),(9,3,'vtiger_activity:priority:Calendar_Priority:taskpriority:V'),(9,4,'vtiger_usersCalendar:user_name:Calendar_Assigned_To:assigned_user_id:V'),(10,0,'vtiger_troubletickets:title:HelpDesk_Title:ticket_title:V'),(10,1,'vtiger_troubletickets:status:HelpDesk_Status:ticketstatus:V'),(10,2,'vtiger_products:productname:Products_Product_Name:productname:V'),(10,3,'vtiger_products:discontinued:Products_Product_Active:discontinued:V'),(10,4,'vtiger_products:productcategory:Products_Product_Category:productcategory:V'),(10,5,'vtiger_products:manufacturer:Products_Manufacturer:manufacturer:V'),(11,0,'vtiger_troubletickets:title:HelpDesk_Title:ticket_title:V'),(11,1,'vtiger_troubletickets:priority:HelpDesk_Priority:ticketpriorities:V'),(11,2,'vtiger_troubletickets:severity:HelpDesk_Severity:ticketseverities:V'),(11,3,'vtiger_troubletickets:status:HelpDesk_Status:ticketstatus:V'),(11,4,'vtiger_troubletickets:category:HelpDesk_Category:ticketcategories:V'),(11,5,'vtiger_usersHelpDesk:user_name:HelpDesk_Assigned_To:assigned_user_id:V'),(12,0,'vtiger_troubletickets:title:HelpDesk_Title:ticket_title:V'),(12,1,'vtiger_troubletickets:priority:HelpDesk_Priority:ticketpriorities:V'),(12,2,'vtiger_troubletickets:severity:HelpDesk_Severity:ticketseverities:V'),(12,3,'vtiger_troubletickets:status:HelpDesk_Status:ticketstatus:V'),(12,4,'vtiger_troubletickets:category:HelpDesk_Category:ticketcategories:V'),(12,5,'vtiger_usersHelpDesk:user_name:HelpDesk_Assigned_To:assigned_user_id:V'),(13,0,'vtiger_products:productname:Products_Product_Name:productname:V'),(13,1,'vtiger_products:productcode:Products_Product_Code:productcode:V'),(13,2,'vtiger_products:discontinued:Products_Product_Active:discontinued:V'),(13,3,'vtiger_products:productcategory:Products_Product_Category:productcategory:V'),(13,4,'vtiger_products:website:Products_Website:website:V'),(13,5,'vtiger_vendorRelProducts:vendorname:Products_Vendor_Name:vendor_id:I'),(13,6,'vtiger_products:mfr_part_no:Products_Mfr_PartNo:mfr_part_no:V'),(14,0,'vtiger_products:productname:Products_Product_Name:productname:V'),(14,1,'vtiger_products:manufacturer:Products_Manufacturer:manufacturer:V'),(14,2,'vtiger_products:productcategory:Products_Product_Category:productcategory:V'),(14,3,'vtiger_contactdetails:firstname:Contacts_First_Name:firstname:V'),(14,4,'vtiger_contactdetails:lastname:Contacts_Last_Name:lastname:V'),(14,5,'vtiger_contactsubdetails:leadsource:Contacts_Lead_Source:leadsource:V'),(15,0,'vtiger_quotes:subject:Quotes_Subject:subject:V'),(15,1,'vtiger_potentialRelQuotes:potentialname:Quotes_Potential_Name:potential_id:I'),(15,2,'vtiger_quotes:quotestage:Quotes_Quote_Stage:quotestage:V'),(15,3,'vtiger_quotes:contactid:Quotes_Contact_Name:contact_id:V'),(15,4,'vtiger_usersRel1:user_name:Quotes_Inventory_Manager:assigned_user_id1:I'),(15,5,'vtiger_accountQuotes:accountname:Quotes_Account_Name:account_id:I'),(16,0,'vtiger_quotes:subject:Quotes_Subject:subject:V'),(16,1,'vtiger_potentialRelQuotes:potentialname:Quotes_Potential_Name:potential_id:I'),(16,2,'vtiger_quotes:quotestage:Quotes_Quote_Stage:quotestage:V'),(16,3,'vtiger_quotes:contactid:Quotes_Contact_Name:contact_id:V'),(16,4,'vtiger_usersRel1:user_name:Quotes_Inventory_Manager:assigned_user_id1:I'),(16,5,'vtiger_accountQuotes:accountname:Quotes_Account_Name:account_id:I'),(16,6,'vtiger_quotes:carrier:Quotes_Carrier:carrier:V'),(16,7,'vtiger_quotes:shipping:Quotes_Shipping:shipping:V'),(17,0,'vtiger_purchaseorder:subject:PurchaseOrder_Subject:subject:V'),(17,1,'vtiger_vendorRelPurchaseOrder:vendorname:PurchaseOrder_Vendor_Name:vendor_id:I'),(17,2,'vtiger_purchaseorder:tracking_no:PurchaseOrder_Tracking_Number:tracking_no:V'),(17,3,'vtiger_contactdetails:firstname:Contacts_First_Name:firstname:V'),(17,4,'vtiger_contactdetails:lastname:Contacts_Last_Name:lastname:V'),(17,5,'vtiger_contactsubdetails:leadsource:Contacts_Lead_Source:leadsource:V'),(17,6,'vtiger_contactdetails:email:Contacts_Email:email:E'),(18,0,'vtiger_purchaseorder:subject:PurchaseOrder_Subject:subject:V'),(18,1,'vtiger_vendorRelPurchaseOrder:vendorname:PurchaseOrder_Vendor_Name:vendor_id:I'),(18,2,'vtiger_purchaseorder:requisition_no:PurchaseOrder_Requisition_No:requisition_no:V'),(18,3,'vtiger_purchaseorder:tracking_no:PurchaseOrder_Tracking_Number:tracking_no:V'),(18,4,'vtiger_contactdetailsPurchaseOrder:lastname:PurchaseOrder_Contact_Name:contact_id:I'),(18,5,'vtiger_purchaseorder:carrier:PurchaseOrder_Carrier:carrier:V'),(18,6,'vtiger_purchaseorder:salescommission:PurchaseOrder_Sales_Commission:salescommission:N'),(18,7,'vtiger_purchaseorder:exciseduty:PurchaseOrder_Excise_Duty:exciseduty:N'),(18,8,'vtiger_usersPurchaseOrder:user_name:PurchaseOrder_Assigned_To:assigned_user_id:V'),(19,0,'vtiger_invoice:subject:Invoice_Subject:subject:V'),(19,1,'vtiger_invoice:salesorderid:Invoice_Sales_Order:salesorder_id:I'),(19,2,'vtiger_invoice:customerno:Invoice_Customer_No:customerno:V'),(19,3,'vtiger_invoice:exciseduty:Invoice_Excise_Duty:exciseduty:N'),(19,4,'vtiger_invoice:salescommission:Invoice_Sales_Commission:salescommission:N'),(19,5,'vtiger_accountInvoice:accountname:Invoice_Account_Name:account_id:I'),(20,0,'vtiger_salesorder:subject:SalesOrder_Subject:subject:V'),(20,1,'vtiger_quotesSalesOrder:subject:SalesOrder_Quote_Name:quote_id:I'),(20,2,'vtiger_contactdetailsSalesOrder:lastname:SalesOrder_Contact_Name:contact_id:I'),(20,3,'vtiger_salesorder:duedate:SalesOrder_Due_Date:duedate:D'),(20,4,'vtiger_salesorder:carrier:SalesOrder_Carrier:carrier:V'),(20,5,'vtiger_salesorder:sostatus:SalesOrder_Status:sostatus:V'),(20,6,'vtiger_accountSalesOrder:accountname:SalesOrder_Account_Name:account_id:I'),(20,7,'vtiger_salesorder:salescommission:SalesOrder_Sales_Commission:salescommission:N'),(20,8,'vtiger_salesorder:exciseduty:SalesOrder_Excise_Duty:exciseduty:N'),(20,9,'vtiger_usersSalesOrder:user_name:SalesOrder_Assigned_To:assigned_user_id:V'),(21,0,'vtiger_campaign:campaignname:Campaigns_Campaign_Name:campaignname:V'),(21,1,'vtiger_campaign:campaigntype:Campaigns_Campaign_Type:campaigntype:V'),(21,2,'vtiger_campaign:targetaudience:Campaigns_Target_Audience:targetaudience:V'),(21,3,'vtiger_campaign:budgetcost:Campaigns_Budget_Cost:budgetcost:I'),(21,4,'vtiger_campaign:actualcost:Campaigns_Actual_Cost:actualcost:I'),(21,5,'vtiger_campaign:expectedrevenue:Campaigns_Expected_Revenue:expectedrevenue:I'),(21,6,'vtiger_campaign:expectedsalescount:Campaigns_Expected_Sales_Count:expectedsalescount:N'),(21,7,'vtiger_campaign:actualsalescount:Campaigns_Actual_Sales_Count:actualsalescount:N'),(21,8,'vtiger_usersCampaigns:user_name:Campaigns_Assigned_To:assigned_user_id:V'),(22,0,'vtiger_contactdetails:lastname:Contacts_Last_Name:lastname:V'),(22,1,'vtiger_contactdetails:email:Contacts_Email:email:E'),(22,2,'vtiger_activity:subject:Emails_Subject:subject:V'),(22,3,'vtiger_email_track:access_count:Emails_Access_Count:access_count:V'),(23,0,'vtiger_account:accountname:Accounts_Account_Name:accountname:V'),(23,1,'vtiger_account:phone:Accounts_Phone:phone:V'),(23,2,'vtiger_account:email1:Accounts_Email:email1:E'),(23,3,'vtiger_activity:subject:Emails_Subject:subject:V'),(23,4,'vtiger_email_track:access_count:Emails_Access_Count:access_count:V'),(24,0,'vtiger_leaddetails:lastname:Leads_Last_Name:lastname:V'),(24,1,'vtiger_leaddetails:company:Leads_Company:company:V'),(24,2,'vtiger_leaddetails:email:Leads_Email:email:E'),(24,3,'vtiger_activity:subject:Emails_Subject:subject:V'),(24,4,'vtiger_email_track:access_count:Emails_Access_Count:access_count:V'),(25,0,'vtiger_vendor:vendorname:Vendors_Vendor_Name:vendorname:V'),(25,1,'vtiger_vendor:glacct:Vendors_GL_Account:glacct:V'),(25,2,'vtiger_vendor:email:Vendors_Email:email:E'),(25,3,'vtiger_activity:subject:Emails_Subject:subject:V'),(25,4,'vtiger_email_track:access_count:Emails_Access_Count:access_count:V');
/*!40000 ALTER TABLE `vtiger_selectcolumn` ENABLE KEYS */;
UNLOCK TABLES;

--
-- Table structure for table `vtiger_selectquery`
--

DROP TABLE IF EXISTS `vtiger_selectquery`;
/*!40101 SET @saved_cs_client     = @@character_set_client */;
/*!40101 SET character_set_client = utf8 */;
CREATE TABLE `vtiger_selectquery` (
  `queryid` int(19) NOT NULL,
  `startindex` int(19) DEFAULT 0,
  `numofobjects` int(19) DEFAULT 0,
  PRIMARY KEY (`queryid`),
  KEY `selectquery_queryid_idx` (`queryid`)
) ENGINE=InnoDB DEFAULT CHARSET=utf8;
/*!40101 SET character_set_client = @saved_cs_client */;

--
-- Dumping data for table `vtiger_selectquery`
--

LOCK TABLES `vtiger_selectquery` WRITE;
/*!40000 ALTER TABLE `vtiger_selectquery` DISABLE KEYS */;
INSERT INTO `vtiger_selectquery` VALUES (1,0,0),(2,0,0),(3,0,0),(4,0,0),(5,0,0),(6,0,0),(7,0,0),(8,0,0),(9,0,0),(10,0,0),(11,0,0),(12,0,0),(13,0,0),(14,0,0),(15,0,0),(16,0,0),(17,0,0),(18,0,0),(19,0,0),(20,0,0),(21,0,0),(22,0,0),(23,0,0),(24,0,0),(25,0,0);
/*!40000 ALTER TABLE `vtiger_selectquery` ENABLE KEYS */;
UNLOCK TABLES;

--
-- Table structure for table `vtiger_selectquery_seq`
--

DROP TABLE IF EXISTS `vtiger_selectquery_seq`;
/*!40101 SET @saved_cs_client     = @@character_set_client */;
/*!40101 SET character_set_client = utf8 */;
CREATE TABLE `vtiger_selectquery_seq` (
  `id` int(11) NOT NULL
) ENGINE=InnoDB DEFAULT CHARSET=utf8;
/*!40101 SET character_set_client = @saved_cs_client */;

--
-- Dumping data for table `vtiger_selectquery_seq`
--

LOCK TABLES `vtiger_selectquery_seq` WRITE;
/*!40000 ALTER TABLE `vtiger_selectquery_seq` DISABLE KEYS */;
INSERT INTO `vtiger_selectquery_seq` VALUES (25);
/*!40000 ALTER TABLE `vtiger_selectquery_seq` ENABLE KEYS */;
UNLOCK TABLES;

--
-- Table structure for table `vtiger_senotesrel`
--

DROP TABLE IF EXISTS `vtiger_senotesrel`;
/*!40101 SET @saved_cs_client     = @@character_set_client */;
/*!40101 SET character_set_client = utf8 */;
CREATE TABLE `vtiger_senotesrel` (
  `crmid` int(19) NOT NULL DEFAULT 0,
  `notesid` int(19) NOT NULL DEFAULT 0,
  PRIMARY KEY (`crmid`,`notesid`),
  KEY `senotesrel_notesid_idx` (`notesid`),
  KEY `senotesrel_crmid_idx` (`crmid`),
  CONSTRAINT `fk1_crmid` FOREIGN KEY (`crmid`) REFERENCES `vtiger_crmentity` (`crmid`) ON DELETE CASCADE,
  CONSTRAINT `fk_2_vtiger_senotesrel` FOREIGN KEY (`notesid`) REFERENCES `vtiger_notes` (`notesid`) ON DELETE CASCADE
) ENGINE=InnoDB DEFAULT CHARSET=utf8;
/*!40101 SET character_set_client = @saved_cs_client */;

--
-- Dumping data for table `vtiger_senotesrel`
--

LOCK TABLES `vtiger_senotesrel` WRITE;
/*!40000 ALTER TABLE `vtiger_senotesrel` DISABLE KEYS */;
/*!40000 ALTER TABLE `vtiger_senotesrel` ENABLE KEYS */;
UNLOCK TABLES;

--
-- Table structure for table `vtiger_seproductsrel`
--

DROP TABLE IF EXISTS `vtiger_seproductsrel`;
/*!40101 SET @saved_cs_client     = @@character_set_client */;
/*!40101 SET character_set_client = utf8 */;
CREATE TABLE `vtiger_seproductsrel` (
  `crmid` int(19) NOT NULL DEFAULT 0,
  `productid` int(19) NOT NULL DEFAULT 0,
  `setype` varchar(30) NOT NULL,
  `quantity` int(19) DEFAULT 1,
  PRIMARY KEY (`crmid`,`productid`),
  KEY `seproductsrel_productid_idx` (`productid`),
  KEY `seproductrel_crmid_idx` (`crmid`),
  CONSTRAINT `fk_2_vtiger_seproductsrel` FOREIGN KEY (`productid`) REFERENCES `vtiger_products` (`productid`) ON DELETE CASCADE
) ENGINE=InnoDB DEFAULT CHARSET=utf8;
/*!40101 SET character_set_client = @saved_cs_client */;

--
-- Dumping data for table `vtiger_seproductsrel`
--

LOCK TABLES `vtiger_seproductsrel` WRITE;
/*!40000 ALTER TABLE `vtiger_seproductsrel` DISABLE KEYS */;
/*!40000 ALTER TABLE `vtiger_seproductsrel` ENABLE KEYS */;
UNLOCK TABLES;

--
-- Table structure for table `vtiger_service`
--

DROP TABLE IF EXISTS `vtiger_service`;
/*!40101 SET @saved_cs_client     = @@character_set_client */;
/*!40101 SET character_set_client = utf8 */;
CREATE TABLE `vtiger_service` (
  `serviceid` int(11) NOT NULL,
  `service_no` varchar(100) NOT NULL,
  `servicename` varchar(50) NOT NULL,
  `servicecategory` varchar(200) DEFAULT NULL,
  `qty_per_unit` decimal(11,2) DEFAULT 0.00,
  `unit_price` decimal(25,8) DEFAULT NULL,
  `sales_start_date` date DEFAULT NULL,
  `sales_end_date` date DEFAULT NULL,
  `start_date` date DEFAULT NULL,
  `expiry_date` date DEFAULT NULL,
  `discontinued` int(1) NOT NULL DEFAULT 0,
  `service_usageunit` varchar(200) DEFAULT NULL,
  `website` varchar(100) DEFAULT NULL,
  `taxclass` varchar(200) DEFAULT NULL,
  `currency_id` int(19) NOT NULL DEFAULT 1,
  `commissionrate` decimal(7,3) DEFAULT NULL,
  `tags` varchar(1) DEFAULT NULL,
  `purchase_cost` decimal(27,8) DEFAULT NULL,
  PRIMARY KEY (`serviceid`),
  CONSTRAINT `fk_1_vtiger_service` FOREIGN KEY (`serviceid`) REFERENCES `vtiger_crmentity` (`crmid`) ON DELETE CASCADE
) ENGINE=InnoDB DEFAULT CHARSET=utf8;
/*!40101 SET character_set_client = @saved_cs_client */;

--
-- Dumping data for table `vtiger_service`
--

LOCK TABLES `vtiger_service` WRITE;
/*!40000 ALTER TABLE `vtiger_service` DISABLE KEYS */;
/*!40000 ALTER TABLE `vtiger_service` ENABLE KEYS */;
UNLOCK TABLES;

--
-- Table structure for table `vtiger_service_usageunit`
--

DROP TABLE IF EXISTS `vtiger_service_usageunit`;
/*!40101 SET @saved_cs_client     = @@character_set_client */;
/*!40101 SET character_set_client = utf8 */;
CREATE TABLE `vtiger_service_usageunit` (
  `service_usageunitid` int(11) NOT NULL AUTO_INCREMENT,
  `service_usageunit` varchar(200) NOT NULL,
  `presence` int(1) NOT NULL DEFAULT 1,
  `picklist_valueid` int(11) NOT NULL DEFAULT 0,
  `sortorderid` int(11) DEFAULT 0,
  `color` varchar(10) DEFAULT NULL,
  PRIMARY KEY (`service_usageunitid`)
) ENGINE=InnoDB AUTO_INCREMENT=4 DEFAULT CHARSET=utf8;
/*!40101 SET character_set_client = @saved_cs_client */;

--
-- Dumping data for table `vtiger_service_usageunit`
--

LOCK TABLES `vtiger_service_usageunit` WRITE;
/*!40000 ALTER TABLE `vtiger_service_usageunit` DISABLE KEYS */;
INSERT INTO `vtiger_service_usageunit` VALUES (1,'Hours',1,210,1,NULL),(2,'Days',1,211,2,NULL),(3,'Incidents',1,212,3,NULL);
/*!40000 ALTER TABLE `vtiger_service_usageunit` ENABLE KEYS */;
UNLOCK TABLES;

--
-- Table structure for table `vtiger_service_usageunit_seq`
--

DROP TABLE IF EXISTS `vtiger_service_usageunit_seq`;
/*!40101 SET @saved_cs_client     = @@character_set_client */;
/*!40101 SET character_set_client = utf8 */;
CREATE TABLE `vtiger_service_usageunit_seq` (
  `id` int(11) NOT NULL
) ENGINE=InnoDB DEFAULT CHARSET=utf8;
/*!40101 SET character_set_client = @saved_cs_client */;

--
-- Dumping data for table `vtiger_service_usageunit_seq`
--

LOCK TABLES `vtiger_service_usageunit_seq` WRITE;
/*!40000 ALTER TABLE `vtiger_service_usageunit_seq` DISABLE KEYS */;
INSERT INTO `vtiger_service_usageunit_seq` VALUES (3);
/*!40000 ALTER TABLE `vtiger_service_usageunit_seq` ENABLE KEYS */;
UNLOCK TABLES;

--
-- Table structure for table `vtiger_servicecategory`
--

DROP TABLE IF EXISTS `vtiger_servicecategory`;
/*!40101 SET @saved_cs_client     = @@character_set_client */;
/*!40101 SET character_set_client = utf8 */;
CREATE TABLE `vtiger_servicecategory` (
  `servicecategoryid` int(11) NOT NULL AUTO_INCREMENT,
  `servicecategory` varchar(200) NOT NULL,
  `presence` int(1) NOT NULL DEFAULT 1,
  `picklist_valueid` int(11) NOT NULL DEFAULT 0,
  `sortorderid` int(11) DEFAULT 0,
  `color` varchar(10) DEFAULT NULL,
  PRIMARY KEY (`servicecategoryid`)
) ENGINE=InnoDB AUTO_INCREMENT=7 DEFAULT CHARSET=utf8;
/*!40101 SET character_set_client = @saved_cs_client */;

--
-- Dumping data for table `vtiger_servicecategory`
--

LOCK TABLES `vtiger_servicecategory` WRITE;
/*!40000 ALTER TABLE `vtiger_servicecategory` DISABLE KEYS */;
INSERT INTO `vtiger_servicecategory` VALUES (2,'Support',1,214,2,NULL),(3,'Installation',1,215,3,NULL),(4,'Migration',1,216,4,NULL),(5,'Customization',1,217,5,NULL),(6,'Training',1,218,6,NULL);
/*!40000 ALTER TABLE `vtiger_servicecategory` ENABLE KEYS */;
UNLOCK TABLES;

--
-- Table structure for table `vtiger_servicecategory_seq`
--

DROP TABLE IF EXISTS `vtiger_servicecategory_seq`;
/*!40101 SET @saved_cs_client     = @@character_set_client */;
/*!40101 SET character_set_client = utf8 */;
CREATE TABLE `vtiger_servicecategory_seq` (
  `id` int(11) NOT NULL
) ENGINE=InnoDB DEFAULT CHARSET=utf8;
/*!40101 SET character_set_client = @saved_cs_client */;

--
-- Dumping data for table `vtiger_servicecategory_seq`
--

LOCK TABLES `vtiger_servicecategory_seq` WRITE;
/*!40000 ALTER TABLE `vtiger_servicecategory_seq` DISABLE KEYS */;
INSERT INTO `vtiger_servicecategory_seq` VALUES (6);
/*!40000 ALTER TABLE `vtiger_servicecategory_seq` ENABLE KEYS */;
UNLOCK TABLES;

--
-- Table structure for table `vtiger_servicecf`
--

DROP TABLE IF EXISTS `vtiger_servicecf`;
/*!40101 SET @saved_cs_client     = @@character_set_client */;
/*!40101 SET character_set_client = utf8 */;
CREATE TABLE `vtiger_servicecf` (
  `serviceid` int(19) NOT NULL DEFAULT 0,
  PRIMARY KEY (`serviceid`),
  CONSTRAINT `fk_serviceid_vtiger_servicecf` FOREIGN KEY (`serviceid`) REFERENCES `vtiger_service` (`serviceid`) ON DELETE CASCADE
) ENGINE=InnoDB DEFAULT CHARSET=utf8;
/*!40101 SET character_set_client = @saved_cs_client */;

--
-- Dumping data for table `vtiger_servicecf`
--

LOCK TABLES `vtiger_servicecf` WRITE;
/*!40000 ALTER TABLE `vtiger_servicecf` DISABLE KEYS */;
/*!40000 ALTER TABLE `vtiger_servicecf` ENABLE KEYS */;
UNLOCK TABLES;

--
-- Table structure for table `vtiger_servicecontracts`
--

DROP TABLE IF EXISTS `vtiger_servicecontracts`;
/*!40101 SET @saved_cs_client     = @@character_set_client */;
/*!40101 SET character_set_client = utf8 */;
CREATE TABLE `vtiger_servicecontracts` (
  `servicecontractsid` int(11) DEFAULT NULL,
  `start_date` date DEFAULT NULL,
  `end_date` date DEFAULT NULL,
  `sc_related_to` int(11) DEFAULT NULL,
  `tracking_unit` varchar(100) DEFAULT NULL,
  `total_units` decimal(5,2) DEFAULT NULL,
  `used_units` decimal(5,2) DEFAULT NULL,
  `subject` varchar(100) DEFAULT NULL,
  `due_date` date DEFAULT NULL,
  `planned_duration` varchar(256) DEFAULT NULL,
  `actual_duration` varchar(256) DEFAULT NULL,
  `contract_status` varchar(200) DEFAULT NULL,
  `priority` varchar(200) DEFAULT NULL,
  `contract_type` varchar(200) DEFAULT NULL,
  `progress` decimal(5,2) DEFAULT NULL,
  `contract_no` varchar(100) DEFAULT NULL,
  `tags` varchar(1) DEFAULT NULL,
  KEY `fk_crmid_vtiger_servicecontracts` (`servicecontractsid`),
  CONSTRAINT `fk_crmid_vtiger_servicecontracts` FOREIGN KEY (`servicecontractsid`) REFERENCES `vtiger_crmentity` (`crmid`) ON DELETE CASCADE
) ENGINE=InnoDB DEFAULT CHARSET=utf8;
/*!40101 SET character_set_client = @saved_cs_client */;

--
-- Dumping data for table `vtiger_servicecontracts`
--

LOCK TABLES `vtiger_servicecontracts` WRITE;
/*!40000 ALTER TABLE `vtiger_servicecontracts` DISABLE KEYS */;
/*!40000 ALTER TABLE `vtiger_servicecontracts` ENABLE KEYS */;
UNLOCK TABLES;

--
-- Table structure for table `vtiger_servicecontractscf`
--

DROP TABLE IF EXISTS `vtiger_servicecontractscf`;
/*!40101 SET @saved_cs_client     = @@character_set_client */;
/*!40101 SET character_set_client = utf8 */;
CREATE TABLE `vtiger_servicecontractscf` (
  `servicecontractsid` int(11) NOT NULL,
  PRIMARY KEY (`servicecontractsid`),
  CONSTRAINT `fk_servicecontractsid_vtiger_servicecontractscf` FOREIGN KEY (`servicecontractsid`) REFERENCES `vtiger_servicecontracts` (`servicecontractsid`) ON DELETE CASCADE
) ENGINE=InnoDB DEFAULT CHARSET=utf8;
/*!40101 SET character_set_client = @saved_cs_client */;

--
-- Dumping data for table `vtiger_servicecontractscf`
--

LOCK TABLES `vtiger_servicecontractscf` WRITE;
/*!40000 ALTER TABLE `vtiger_servicecontractscf` DISABLE KEYS */;
/*!40000 ALTER TABLE `vtiger_servicecontractscf` ENABLE KEYS */;
UNLOCK TABLES;

--
-- Table structure for table `vtiger_seticketsrel`
--

DROP TABLE IF EXISTS `vtiger_seticketsrel`;
/*!40101 SET @saved_cs_client     = @@character_set_client */;
/*!40101 SET character_set_client = utf8 */;
CREATE TABLE `vtiger_seticketsrel` (
  `crmid` int(19) NOT NULL DEFAULT 0,
  `ticketid` int(19) NOT NULL DEFAULT 0,
  PRIMARY KEY (`crmid`,`ticketid`),
  KEY `seticketsrel_crmid_idx` (`crmid`),
  KEY `seticketsrel_ticketid_idx` (`ticketid`),
  CONSTRAINT `fk_2_vtiger_seticketsrel` FOREIGN KEY (`ticketid`) REFERENCES `vtiger_troubletickets` (`ticketid`) ON DELETE CASCADE
) ENGINE=InnoDB DEFAULT CHARSET=utf8;
/*!40101 SET character_set_client = @saved_cs_client */;

--
-- Dumping data for table `vtiger_seticketsrel`
--

LOCK TABLES `vtiger_seticketsrel` WRITE;
/*!40000 ALTER TABLE `vtiger_seticketsrel` DISABLE KEYS */;
/*!40000 ALTER TABLE `vtiger_seticketsrel` ENABLE KEYS */;
UNLOCK TABLES;

--
-- Table structure for table `vtiger_settings_blocks`
--

DROP TABLE IF EXISTS `vtiger_settings_blocks`;
/*!40101 SET @saved_cs_client     = @@character_set_client */;
/*!40101 SET character_set_client = utf8 */;
CREATE TABLE `vtiger_settings_blocks` (
  `blockid` int(19) NOT NULL,
  `label` varchar(250) DEFAULT NULL,
  `sequence` int(19) DEFAULT NULL,
  PRIMARY KEY (`blockid`)
) ENGINE=InnoDB DEFAULT CHARSET=utf8;
/*!40101 SET character_set_client = @saved_cs_client */;

--
-- Dumping data for table `vtiger_settings_blocks`
--

LOCK TABLES `vtiger_settings_blocks` WRITE;
/*!40000 ALTER TABLE `vtiger_settings_blocks` DISABLE KEYS */;
INSERT INTO `vtiger_settings_blocks` VALUES (1,'LBL_USER_MANAGEMENT',1),(4,'LBL_OTHER_SETTINGS',10),(5,'LBL_MODULE_MANAGER',2),(6,'LBL_INTEGRATION',8),(7,'LBL_AUTOMATION',3),(8,'LBL_CONFIGURATION',4),(9,'LBL_MARKETING_SALES',5),(10,'LBL_INVENTORY',6),(11,'LBL_MY_PREFERENCES',7),(12,'LBL_EXTENSIONS',9),(13,'LBL_CREANTIS',11);
/*!40000 ALTER TABLE `vtiger_settings_blocks` ENABLE KEYS */;
UNLOCK TABLES;

--
-- Table structure for table `vtiger_settings_blocks_seq`
--

DROP TABLE IF EXISTS `vtiger_settings_blocks_seq`;
/*!40101 SET @saved_cs_client     = @@character_set_client */;
/*!40101 SET character_set_client = utf8 */;
CREATE TABLE `vtiger_settings_blocks_seq` (
  `id` int(11) NOT NULL
) ENGINE=InnoDB DEFAULT CHARSET=utf8;
/*!40101 SET character_set_client = @saved_cs_client */;

--
-- Dumping data for table `vtiger_settings_blocks_seq`
--

LOCK TABLES `vtiger_settings_blocks_seq` WRITE;
/*!40000 ALTER TABLE `vtiger_settings_blocks_seq` DISABLE KEYS */;
INSERT INTO `vtiger_settings_blocks_seq` VALUES (13);
/*!40000 ALTER TABLE `vtiger_settings_blocks_seq` ENABLE KEYS */;
UNLOCK TABLES;

--
-- Table structure for table `vtiger_settings_field`
--

DROP TABLE IF EXISTS `vtiger_settings_field`;
/*!40101 SET @saved_cs_client     = @@character_set_client */;
/*!40101 SET character_set_client = utf8 */;
CREATE TABLE `vtiger_settings_field` (
  `fieldid` int(19) NOT NULL,
  `blockid` int(19) DEFAULT NULL,
  `name` varchar(250) DEFAULT NULL,
  `iconpath` varchar(300) DEFAULT NULL,
  `description` text DEFAULT NULL,
  `linkto` text DEFAULT NULL,
  `sequence` int(19) DEFAULT NULL,
  `active` int(19) DEFAULT 0,
  `pinned` int(1) DEFAULT 0,
  PRIMARY KEY (`fieldid`),
  KEY `fk_1_vtiger_settings_field` (`blockid`),
  CONSTRAINT `fk_1_vtiger_settings_field` FOREIGN KEY (`blockid`) REFERENCES `vtiger_settings_blocks` (`blockid`) ON DELETE CASCADE
) ENGINE=InnoDB DEFAULT CHARSET=utf8;
/*!40101 SET character_set_client = @saved_cs_client */;

--
-- Dumping data for table `vtiger_settings_field`
--

LOCK TABLES `vtiger_settings_field` WRITE;
/*!40000 ALTER TABLE `vtiger_settings_field` DISABLE KEYS */;
INSERT INTO `vtiger_settings_field` VALUES (1,1,'LBL_USERS','ico-users.gif','LBL_USER_DESCRIPTION','index.php?module=Users&parent=Settings&view=List',1,0,1),(2,1,'LBL_ROLES','ico-roles.gif','LBL_ROLE_DESCRIPTION','index.php?module=Roles&parent=Settings&view=Index',2,0,0),(3,1,'LBL_PROFILES','ico-profile.gif','LBL_PROFILE_DESCRIPTION','index.php?module=Profiles&parent=Settings&view=List',3,0,0),(4,1,'USERGROUPLIST','ico-groups.gif','LBL_GROUP_DESCRIPTION','index.php?module=Groups&parent=Settings&view=List',5,0,0),(5,1,'LBL_SHARING_ACCESS','shareaccess.gif','LBL_SHARING_ACCESS_DESCRIPTION','index.php?module=SharingAccess&parent=Settings&view=Index',4,0,0),(7,1,'LBL_LOGIN_HISTORY_DETAILS','set-IcoLoginHistory.gif','LBL_LOGIN_HISTORY_DESCRIPTION','index.php?module=LoginHistory&parent=Settings&view=List',6,0,0),(8,5,'VTLIB_LBL_MODULE_MANAGER','vtlib_modmng.gif','VTLIB_LBL_MODULE_MANAGER_DESCRIPTION','index.php?module=ModuleManager&parent=Settings&view=List',1,0,1),(9,8,'LBL_PICKLIST_EDITOR','picklist.gif','LBL_PICKLIST_DESCRIPTION','index.php?parent=Settings&module=Picklist&view=Index',6,0,1),(10,8,'LBL_PICKLIST_DEPENDENCY','picklistdependency.gif','LBL_PICKLIST_DEPENDENCY_DESCRIPTION','index.php?parent=Settings&module=PickListDependency&view=List',7,0,0),(11,8,'LBL_MENU_EDITOR','menueditor.png','LBL_MENU_DESC','index.php?module=MenuEditor&parent=Settings&view=Index',8,0,0),(14,8,'LBL_COMPANY_DETAILS','company.gif','LBL_COMPANY_DESCRIPTION','index.php?parent=Settings&module=Vtiger&view=CompanyDetails',1,0,0),(15,8,'LBL_MAIL_SERVER_SETTINGS','ogmailserver.gif','LBL_MAIL_SERVER_DESCRIPTION','index.php?parent=Settings&module=Vtiger&view=OutgoingServerDetail',4,0,0),(16,8,'LBL_CURRENCY_SETTINGS','currency.gif','LBL_CURRENCY_DESCRIPTION','index.php?parent=Settings&module=Currency&view=List',3,0,0),(17,10,'LBL_TAX_SETTINGS','taxConfiguration.gif','LBL_TAX_DESCRIPTION','index.php?module=Vtiger&parent=Settings&view=TaxIndex',1,0,0),(18,4,'LBL_SYSTEM_INFO','system.gif','LBL_SYSTEM_DESCRIPTION','index.php?module=Settings&submodule=Server&view=ProxyConfig',6,1,0),(20,4,'LBL_DEFAULT_MODULE_VIEW','set-IcoTwoTabConfig.gif','LBL_DEFAULT_MODULE_VIEW_DESC','index.php?module=Settings&action=DefModuleView&parenttab=Settings',2,0,0),(21,10,'INVENTORYTERMSANDCONDITIONS','terms.gif','LBL_INV_TANDC_DESCRIPTION','index.php?parent=Settings&module=Vtiger&view=TermsAndConditionsEdit',2,0,0),(22,5,'LBL_CUSTOMIZE_MODENT_NUMBER','settingsInvNumber.gif','LBL_CUSTOMIZE_MODENT_NUMBER_DESCRIPTION','index.php?module=Vtiger&parent=Settings&view=CustomRecordNumbering',4,0,0),(23,4,'LBL_MAIL_SCANNER','mailScanner.gif','LBL_MAIL_SCANNER_DESCRIPTION','index.php?parent=Settings&module=MailConverter&view=List',5,0,0),(24,7,'LBL_LIST_WORKFLOWS','settingsWorkflow.png','LBL_LIST_WORKFLOWS_DESCRIPTION','index.php?module=Workflows&parent=Settings&view=List',3,0,1),(25,8,'Configuration Editor','migrate.gif','LBL_CONFIG_EDITOR_DESCRIPTION','index.php?module=Vtiger&parent=Settings&view=ConfigEditorDetail',5,0,0),(26,7,'Scheduler','Cron.png','Allows you to Configure Cron Task','index.php?module=CronTasks&parent=Settings&view=List',2,0,0),(28,4,'ModTracker','set-IcoLoginHistory.gif','LBL_MODTRACKER_DESCRIPTION','index.php?module=ModTracker&action=BasicSettings&parenttab=Settings&formodule=ModTracker',9,0,0),(30,8,'LBL_CUSTOMER_PORTAL','portal_icon.png','PORTAL_EXTENSION_DESCRIPTION','index.php?module=CustomerPortal&parent=Settings&view=Index',2,0,0),(31,7,'Webforms','modules/Webforms/img/Webform.png','LBL_WEBFORMS_DESCRIPTION','index.php?module=Webforms&parent=Settings&view=List',1,0,0),(32,5,'LBL_EDIT_FIELDS','','LBL_LAYOUT_EDITOR_DESCRIPTION','index.php?module=LayoutEditor&parent=Settings&view=Index',2,0,0),(33,9,'LBL_LEAD_MAPPING','NULL','NULL','index.php?parent=Settings&module=Leads&view=MappingDetail',1,1,1),(34,9,'LBL_OPPORTUNITY_MAPPING','NULL','NULL','index.php?parent=Settings&module=Potentials&view=MappingDetail',2,1,1),(35,11,'My Preferences','NULL','NULL','index.php?module=Users&view=PreferenceDetail&parent=Settings&record=1',1,0,1),(36,11,'Calendar Settings','NULL','NULL','index.php?module=Users&parent=Settings&view=Calendar&record=1',2,0,1),(37,11,'LBL_MY_TAGS','NULL','NULL','index.php?module=Tags&parent=Settings&view=List&record=1',3,0,1),(38,12,'LBL_EXTENSION_STORE','NULL','NULL','index.php?module=ExtensionStore&parent=Settings&view=ExtensionStore',1,0,1),(39,12,'LBL_GOOGLE','NULL','NULL','index.php?module=Contacts&parent=Settings&view=Extension&extensionModule=Google&extensionView=Index&mode=settings',2,0,1),(40,4,'Gestione Dizionari','','Questo strumento consente di modificare e gestire le traduzioni in altre lingue all\'interno del sistema.','index.php?module=LangManagement&view=Index&parent=Settings',10,0,0);
/*!40000 ALTER TABLE `vtiger_settings_field` ENABLE KEYS */;
UNLOCK TABLES;

--
-- Table structure for table `vtiger_settings_field_seq`
--

DROP TABLE IF EXISTS `vtiger_settings_field_seq`;
/*!40101 SET @saved_cs_client     = @@character_set_client */;
/*!40101 SET character_set_client = utf8 */;
CREATE TABLE `vtiger_settings_field_seq` (
  `id` int(11) NOT NULL
) ENGINE=InnoDB DEFAULT CHARSET=utf8;
/*!40101 SET character_set_client = @saved_cs_client */;

--
-- Dumping data for table `vtiger_settings_field_seq`
--

LOCK TABLES `vtiger_settings_field_seq` WRITE;
/*!40000 ALTER TABLE `vtiger_settings_field_seq` DISABLE KEYS */;
INSERT INTO `vtiger_settings_field_seq` VALUES (40);
/*!40000 ALTER TABLE `vtiger_settings_field_seq` ENABLE KEYS */;
UNLOCK TABLES;

--
-- Table structure for table `vtiger_sharedcalendar`
--

DROP TABLE IF EXISTS `vtiger_sharedcalendar`;
/*!40101 SET @saved_cs_client     = @@character_set_client */;
/*!40101 SET character_set_client = utf8 */;
CREATE TABLE `vtiger_sharedcalendar` (
  `userid` int(19) NOT NULL,
  `sharedid` int(19) NOT NULL,
  PRIMARY KEY (`userid`,`sharedid`)
) ENGINE=InnoDB DEFAULT CHARSET=utf8;
/*!40101 SET character_set_client = @saved_cs_client */;

--
-- Dumping data for table `vtiger_sharedcalendar`
--

LOCK TABLES `vtiger_sharedcalendar` WRITE;
/*!40000 ALTER TABLE `vtiger_sharedcalendar` DISABLE KEYS */;
/*!40000 ALTER TABLE `vtiger_sharedcalendar` ENABLE KEYS */;
UNLOCK TABLES;

--
-- Table structure for table `vtiger_shareduserinfo`
--

DROP TABLE IF EXISTS `vtiger_shareduserinfo`;
/*!40101 SET @saved_cs_client     = @@character_set_client */;
/*!40101 SET character_set_client = utf8 */;
CREATE TABLE `vtiger_shareduserinfo` (
  `userid` int(19) NOT NULL DEFAULT 0,
  `shareduserid` int(19) NOT NULL DEFAULT 0,
  `color` varchar(50) DEFAULT NULL,
  `visible` int(19) DEFAULT 1
) ENGINE=InnoDB DEFAULT CHARSET=utf8;
/*!40101 SET character_set_client = @saved_cs_client */;

--
-- Dumping data for table `vtiger_shareduserinfo`
--

LOCK TABLES `vtiger_shareduserinfo` WRITE;
/*!40000 ALTER TABLE `vtiger_shareduserinfo` DISABLE KEYS */;
/*!40000 ALTER TABLE `vtiger_shareduserinfo` ENABLE KEYS */;
UNLOCK TABLES;

--
-- Table structure for table `vtiger_shippingtaxinfo`
--

DROP TABLE IF EXISTS `vtiger_shippingtaxinfo`;
/*!40101 SET @saved_cs_client     = @@character_set_client */;
/*!40101 SET character_set_client = utf8 */;
CREATE TABLE `vtiger_shippingtaxinfo` (
  `taxid` int(3) NOT NULL,
  `taxname` varchar(50) DEFAULT NULL,
  `taxlabel` varchar(50) DEFAULT NULL,
  `percentage` decimal(7,3) DEFAULT NULL,
  `deleted` int(1) DEFAULT NULL,
  `method` varchar(10) DEFAULT NULL,
  `type` varchar(10) DEFAULT NULL,
  `compoundon` varchar(400) DEFAULT NULL,
  `regions` text DEFAULT NULL,
  PRIMARY KEY (`taxid`),
  KEY `shippingtaxinfo_taxname_idx` (`taxname`)
) ENGINE=InnoDB DEFAULT CHARSET=utf8;
/*!40101 SET character_set_client = @saved_cs_client */;

--
-- Dumping data for table `vtiger_shippingtaxinfo`
--

LOCK TABLES `vtiger_shippingtaxinfo` WRITE;
/*!40000 ALTER TABLE `vtiger_shippingtaxinfo` DISABLE KEYS */;
INSERT INTO `vtiger_shippingtaxinfo` VALUES (1,'shtax1','VAT',4.500,0,'Simple','Fixed','[]','[]'),(2,'shtax2','Sales',10.000,0,'Simple','Fixed','[]','[]'),(3,'shtax3','Service',12.500,0,'Simple','Fixed','[]','[]');
/*!40000 ALTER TABLE `vtiger_shippingtaxinfo` ENABLE KEYS */;
UNLOCK TABLES;

--
-- Table structure for table `vtiger_shippingtaxinfo_seq`
--

DROP TABLE IF EXISTS `vtiger_shippingtaxinfo_seq`;
/*!40101 SET @saved_cs_client     = @@character_set_client */;
/*!40101 SET character_set_client = utf8 */;
CREATE TABLE `vtiger_shippingtaxinfo_seq` (
  `id` int(11) NOT NULL
) ENGINE=InnoDB DEFAULT CHARSET=utf8;
/*!40101 SET character_set_client = @saved_cs_client */;

--
-- Dumping data for table `vtiger_shippingtaxinfo_seq`
--

LOCK TABLES `vtiger_shippingtaxinfo_seq` WRITE;
/*!40000 ALTER TABLE `vtiger_shippingtaxinfo_seq` DISABLE KEYS */;
INSERT INTO `vtiger_shippingtaxinfo_seq` VALUES (3);
/*!40000 ALTER TABLE `vtiger_shippingtaxinfo_seq` ENABLE KEYS */;
UNLOCK TABLES;

--
-- Table structure for table `vtiger_shorturls`
--

DROP TABLE IF EXISTS `vtiger_shorturls`;
/*!40101 SET @saved_cs_client     = @@character_set_client */;
/*!40101 SET character_set_client = utf8 */;
CREATE TABLE `vtiger_shorturls` (
  `id` int(11) NOT NULL AUTO_INCREMENT,
  `uid` varchar(50) DEFAULT NULL,
  `handler_path` varchar(400) DEFAULT NULL,
  `handler_class` varchar(100) DEFAULT NULL,
  `handler_function` varchar(100) DEFAULT NULL,
  `handler_data` varchar(255) DEFAULT NULL,
  `onetime` int(5) DEFAULT NULL,
  PRIMARY KEY (`id`),
  KEY `uid` (`uid`)
) ENGINE=InnoDB AUTO_INCREMENT=3 DEFAULT CHARSET=utf8;
/*!40101 SET character_set_client = @saved_cs_client */;

--
-- Dumping data for table `vtiger_shorturls`
--

LOCK TABLES `vtiger_shorturls` WRITE;
/*!40000 ALTER TABLE `vtiger_shorturls` DISABLE KEYS */;
INSERT INTO `vtiger_shorturls` VALUES (1,'5c741fb83d09c4.89564352','modules/Emails/handlers/ViewInBrowser.php','Emails_ViewInBrowser_Handler','viewInBrowser','{\"emailId\":37,\"parentModule\":\"Users\"}',0),(2,'5c74201a127437.94874776','modules/Emails/handlers/ViewInBrowser.php','Emails_ViewInBrowser_Handler','viewInBrowser','{\"emailId\":38,\"parentModule\":\"Users\"}',0);
/*!40000 ALTER TABLE `vtiger_shorturls` ENABLE KEYS */;
UNLOCK TABLES;

--
-- Table structure for table `vtiger_smsnotifier`
--

DROP TABLE IF EXISTS `vtiger_smsnotifier`;
/*!40101 SET @saved_cs_client     = @@character_set_client */;
/*!40101 SET character_set_client = utf8 */;
CREATE TABLE `vtiger_smsnotifier` (
  `smsnotifierid` int(19) NOT NULL,
  `message` text DEFAULT NULL,
  `status` varchar(100) DEFAULT NULL,
  PRIMARY KEY (`smsnotifierid`),
  CONSTRAINT `fk_crmid_vtiger_smsnotifier` FOREIGN KEY (`smsnotifierid`) REFERENCES `vtiger_crmentity` (`crmid`) ON DELETE CASCADE
) ENGINE=InnoDB DEFAULT CHARSET=utf8;
/*!40101 SET character_set_client = @saved_cs_client */;

--
-- Dumping data for table `vtiger_smsnotifier`
--

LOCK TABLES `vtiger_smsnotifier` WRITE;
/*!40000 ALTER TABLE `vtiger_smsnotifier` DISABLE KEYS */;
/*!40000 ALTER TABLE `vtiger_smsnotifier` ENABLE KEYS */;
UNLOCK TABLES;

--
-- Table structure for table `vtiger_smsnotifier_servers`
--

DROP TABLE IF EXISTS `vtiger_smsnotifier_servers`;
/*!40101 SET @saved_cs_client     = @@character_set_client */;
/*!40101 SET character_set_client = utf8 */;
CREATE TABLE `vtiger_smsnotifier_servers` (
  `id` int(11) NOT NULL AUTO_INCREMENT,
  `password` varchar(255) DEFAULT NULL,
  `isactive` int(1) DEFAULT NULL,
  `providertype` varchar(50) DEFAULT NULL,
  `username` varchar(255) DEFAULT NULL,
  `parameters` text DEFAULT NULL,
  PRIMARY KEY (`id`)
) ENGINE=InnoDB DEFAULT CHARSET=utf8;
/*!40101 SET character_set_client = @saved_cs_client */;

--
-- Dumping data for table `vtiger_smsnotifier_servers`
--

LOCK TABLES `vtiger_smsnotifier_servers` WRITE;
/*!40000 ALTER TABLE `vtiger_smsnotifier_servers` DISABLE KEYS */;
/*!40000 ALTER TABLE `vtiger_smsnotifier_servers` ENABLE KEYS */;
UNLOCK TABLES;

--
-- Table structure for table `vtiger_smsnotifier_status`
--

DROP TABLE IF EXISTS `vtiger_smsnotifier_status`;
/*!40101 SET @saved_cs_client     = @@character_set_client */;
/*!40101 SET character_set_client = utf8 */;
CREATE TABLE `vtiger_smsnotifier_status` (
  `smsnotifierid` int(19) DEFAULT NULL,
  `tonumber` varchar(20) DEFAULT NULL,
  `status` varchar(10) DEFAULT NULL,
  `smsmessageid` varchar(50) DEFAULT NULL,
  `needlookup` int(1) DEFAULT 1,
  `statusid` int(11) NOT NULL AUTO_INCREMENT,
  `statusmessage` varchar(100) DEFAULT NULL,
  PRIMARY KEY (`statusid`)
) ENGINE=InnoDB DEFAULT CHARSET=utf8;
/*!40101 SET character_set_client = @saved_cs_client */;

--
-- Dumping data for table `vtiger_smsnotifier_status`
--

LOCK TABLES `vtiger_smsnotifier_status` WRITE;
/*!40000 ALTER TABLE `vtiger_smsnotifier_status` DISABLE KEYS */;
/*!40000 ALTER TABLE `vtiger_smsnotifier_status` ENABLE KEYS */;
UNLOCK TABLES;

--
-- Table structure for table `vtiger_smsnotifiercf`
--

DROP TABLE IF EXISTS `vtiger_smsnotifiercf`;
/*!40101 SET @saved_cs_client     = @@character_set_client */;
/*!40101 SET character_set_client = utf8 */;
CREATE TABLE `vtiger_smsnotifiercf` (
  `smsnotifierid` int(19) NOT NULL,
  PRIMARY KEY (`smsnotifierid`),
  CONSTRAINT `fk_smsnotifierid_vtiger_smsnotifiercf` FOREIGN KEY (`smsnotifierid`) REFERENCES `vtiger_smsnotifier` (`smsnotifierid`) ON DELETE CASCADE
) ENGINE=InnoDB DEFAULT CHARSET=utf8;
/*!40101 SET character_set_client = @saved_cs_client */;

--
-- Dumping data for table `vtiger_smsnotifiercf`
--

LOCK TABLES `vtiger_smsnotifiercf` WRITE;
/*!40000 ALTER TABLE `vtiger_smsnotifiercf` DISABLE KEYS */;
/*!40000 ALTER TABLE `vtiger_smsnotifiercf` ENABLE KEYS */;
UNLOCK TABLES;

--
-- Table structure for table `vtiger_soapservice`
--

DROP TABLE IF EXISTS `vtiger_soapservice`;
/*!40101 SET @saved_cs_client     = @@character_set_client */;
/*!40101 SET character_set_client = utf8 */;
CREATE TABLE `vtiger_soapservice` (
  `id` int(19) DEFAULT NULL,
  `type` varchar(25) DEFAULT NULL,
  `sessionid` varchar(100) DEFAULT NULL
) ENGINE=InnoDB DEFAULT CHARSET=utf8;
/*!40101 SET character_set_client = @saved_cs_client */;

--
-- Dumping data for table `vtiger_soapservice`
--

LOCK TABLES `vtiger_soapservice` WRITE;
/*!40000 ALTER TABLE `vtiger_soapservice` DISABLE KEYS */;
/*!40000 ALTER TABLE `vtiger_soapservice` ENABLE KEYS */;
UNLOCK TABLES;

--
-- Table structure for table `vtiger_sobillads`
--

DROP TABLE IF EXISTS `vtiger_sobillads`;
/*!40101 SET @saved_cs_client     = @@character_set_client */;
/*!40101 SET character_set_client = utf8 */;
CREATE TABLE `vtiger_sobillads` (
  `sobilladdressid` int(19) NOT NULL DEFAULT 0,
  `bill_city` varchar(30) DEFAULT NULL,
  `bill_code` varchar(30) DEFAULT NULL,
  `bill_country` varchar(30) DEFAULT NULL,
  `bill_state` varchar(30) DEFAULT NULL,
  `bill_street` varchar(250) DEFAULT NULL,
  `bill_pobox` varchar(30) DEFAULT NULL,
  PRIMARY KEY (`sobilladdressid`),
  CONSTRAINT `fk_1_vtiger_sobillads` FOREIGN KEY (`sobilladdressid`) REFERENCES `vtiger_salesorder` (`salesorderid`) ON DELETE CASCADE
) ENGINE=InnoDB DEFAULT CHARSET=utf8;
/*!40101 SET character_set_client = @saved_cs_client */;

--
-- Dumping data for table `vtiger_sobillads`
--

LOCK TABLES `vtiger_sobillads` WRITE;
/*!40000 ALTER TABLE `vtiger_sobillads` DISABLE KEYS */;
/*!40000 ALTER TABLE `vtiger_sobillads` ENABLE KEYS */;
UNLOCK TABLES;

--
-- Table structure for table `vtiger_soshipads`
--

DROP TABLE IF EXISTS `vtiger_soshipads`;
/*!40101 SET @saved_cs_client     = @@character_set_client */;
/*!40101 SET character_set_client = utf8 */;
CREATE TABLE `vtiger_soshipads` (
  `soshipaddressid` int(19) NOT NULL DEFAULT 0,
  `ship_city` varchar(30) DEFAULT NULL,
  `ship_code` varchar(30) DEFAULT NULL,
  `ship_country` varchar(30) DEFAULT NULL,
  `ship_state` varchar(30) DEFAULT NULL,
  `ship_street` varchar(250) DEFAULT NULL,
  `ship_pobox` varchar(30) DEFAULT NULL,
  PRIMARY KEY (`soshipaddressid`),
  CONSTRAINT `fk_1_vtiger_soshipads` FOREIGN KEY (`soshipaddressid`) REFERENCES `vtiger_salesorder` (`salesorderid`) ON DELETE CASCADE
) ENGINE=InnoDB DEFAULT CHARSET=utf8;
/*!40101 SET character_set_client = @saved_cs_client */;

--
-- Dumping data for table `vtiger_soshipads`
--

LOCK TABLES `vtiger_soshipads` WRITE;
/*!40000 ALTER TABLE `vtiger_soshipads` DISABLE KEYS */;
/*!40000 ALTER TABLE `vtiger_soshipads` ENABLE KEYS */;
UNLOCK TABLES;

--
-- Table structure for table `vtiger_sostatus`
--

DROP TABLE IF EXISTS `vtiger_sostatus`;
/*!40101 SET @saved_cs_client     = @@character_set_client */;
/*!40101 SET character_set_client = utf8 */;
CREATE TABLE `vtiger_sostatus` (
  `sostatusid` int(19) NOT NULL AUTO_INCREMENT,
  `sostatus` varchar(200) NOT NULL,
  `presence` int(1) NOT NULL DEFAULT 1,
  `picklist_valueid` int(19) NOT NULL DEFAULT 0,
  `sortorderid` int(11) DEFAULT NULL,
  `color` varchar(10) DEFAULT NULL,
  PRIMARY KEY (`sostatusid`),
  UNIQUE KEY `sostatus_sostatus_idx` (`sostatus`)
) ENGINE=InnoDB AUTO_INCREMENT=5 DEFAULT CHARSET=utf8;
/*!40101 SET character_set_client = @saved_cs_client */;

--
-- Dumping data for table `vtiger_sostatus`
--

LOCK TABLES `vtiger_sostatus` WRITE;
/*!40000 ALTER TABLE `vtiger_sostatus` DISABLE KEYS */;
INSERT INTO `vtiger_sostatus` VALUES (1,'Created',0,166,0,NULL),(2,'Approved',0,167,1,NULL),(3,'Delivered',0,168,2,NULL),(4,'Cancelled',0,169,3,NULL);
/*!40000 ALTER TABLE `vtiger_sostatus` ENABLE KEYS */;
UNLOCK TABLES;

--
-- Table structure for table `vtiger_sostatus_seq`
--

DROP TABLE IF EXISTS `vtiger_sostatus_seq`;
/*!40101 SET @saved_cs_client     = @@character_set_client */;
/*!40101 SET character_set_client = utf8 */;
CREATE TABLE `vtiger_sostatus_seq` (
  `id` int(11) NOT NULL
) ENGINE=InnoDB DEFAULT CHARSET=utf8;
/*!40101 SET character_set_client = @saved_cs_client */;

--
-- Dumping data for table `vtiger_sostatus_seq`
--

LOCK TABLES `vtiger_sostatus_seq` WRITE;
/*!40000 ALTER TABLE `vtiger_sostatus_seq` DISABLE KEYS */;
INSERT INTO `vtiger_sostatus_seq` VALUES (4);
/*!40000 ALTER TABLE `vtiger_sostatus_seq` ENABLE KEYS */;
UNLOCK TABLES;

--
-- Table structure for table `vtiger_sostatushistory`
--

DROP TABLE IF EXISTS `vtiger_sostatushistory`;
/*!40101 SET @saved_cs_client     = @@character_set_client */;
/*!40101 SET character_set_client = utf8 */;
CREATE TABLE `vtiger_sostatushistory` (
  `historyid` int(19) NOT NULL AUTO_INCREMENT,
  `salesorderid` int(19) NOT NULL,
  `accountname` varchar(100) DEFAULT NULL,
  `total` decimal(10,0) DEFAULT NULL,
  `sostatus` varchar(200) DEFAULT NULL,
  `lastmodified` datetime DEFAULT NULL,
  PRIMARY KEY (`historyid`),
  KEY `sostatushistory_salesorderid_idx` (`salesorderid`),
  CONSTRAINT `fk_1_vtiger_sostatushistory` FOREIGN KEY (`salesorderid`) REFERENCES `vtiger_salesorder` (`salesorderid`) ON DELETE CASCADE
) ENGINE=InnoDB DEFAULT CHARSET=utf8;
/*!40101 SET character_set_client = @saved_cs_client */;

--
-- Dumping data for table `vtiger_sostatushistory`
--

LOCK TABLES `vtiger_sostatushistory` WRITE;
/*!40000 ALTER TABLE `vtiger_sostatushistory` DISABLE KEYS */;
/*!40000 ALTER TABLE `vtiger_sostatushistory` ENABLE KEYS */;
UNLOCK TABLES;

--
-- Table structure for table `vtiger_sqltimelog`
--

DROP TABLE IF EXISTS `vtiger_sqltimelog`;
/*!40101 SET @saved_cs_client     = @@character_set_client */;
/*!40101 SET character_set_client = utf8 */;
CREATE TABLE `vtiger_sqltimelog` (
  `id` int(11) DEFAULT NULL,
  `type` varchar(10) DEFAULT NULL,
  `data` text DEFAULT NULL,
  `started` decimal(20,6) DEFAULT NULL,
  `ended` decimal(20,6) DEFAULT NULL,
  `loggedon` datetime DEFAULT NULL
) ENGINE=InnoDB DEFAULT CHARSET=utf8;
/*!40101 SET character_set_client = @saved_cs_client */;

--
-- Dumping data for table `vtiger_sqltimelog`
--

LOCK TABLES `vtiger_sqltimelog` WRITE;
/*!40000 ALTER TABLE `vtiger_sqltimelog` DISABLE KEYS */;
/*!40000 ALTER TABLE `vtiger_sqltimelog` ENABLE KEYS */;
UNLOCK TABLES;

--
-- Table structure for table `vtiger_start_hour`
--

DROP TABLE IF EXISTS `vtiger_start_hour`;
/*!40101 SET @saved_cs_client     = @@character_set_client */;
/*!40101 SET character_set_client = utf8 */;
CREATE TABLE `vtiger_start_hour` (
  `start_hourid` int(11) NOT NULL AUTO_INCREMENT,
  `start_hour` varchar(200) NOT NULL,
  `sortorderid` int(11) DEFAULT NULL,
  `presence` int(11) NOT NULL DEFAULT 1,
  PRIMARY KEY (`start_hourid`)
) ENGINE=InnoDB AUTO_INCREMENT=25 DEFAULT CHARSET=utf8;
/*!40101 SET character_set_client = @saved_cs_client */;

--
-- Dumping data for table `vtiger_start_hour`
--

LOCK TABLES `vtiger_start_hour` WRITE;
/*!40000 ALTER TABLE `vtiger_start_hour` DISABLE KEYS */;
INSERT INTO `vtiger_start_hour` VALUES (1,'00:00',0,1),(2,'01:00',1,1),(3,'02:00',2,1),(4,'03:00',3,1),(5,'04:00',4,1),(6,'05:00',5,1),(7,'06:00',6,1),(8,'07:00',7,1),(9,'08:00',8,1),(10,'09:00',9,1),(11,'10:00',10,1),(12,'11:00',11,1),(13,'12:00',12,1),(14,'13:00',13,1),(15,'14:00',14,1),(16,'15:00',15,1),(17,'16:00',16,1),(18,'17:00',17,1),(19,'18:00',18,1),(20,'19:00',19,1),(21,'20:00',20,1),(22,'21:00',21,1),(23,'22:00',22,1),(24,'23:00',23,1);
/*!40000 ALTER TABLE `vtiger_start_hour` ENABLE KEYS */;
UNLOCK TABLES;

--
-- Table structure for table `vtiger_start_hour_seq`
--

DROP TABLE IF EXISTS `vtiger_start_hour_seq`;
/*!40101 SET @saved_cs_client     = @@character_set_client */;
/*!40101 SET character_set_client = utf8 */;
CREATE TABLE `vtiger_start_hour_seq` (
  `id` int(11) NOT NULL
) ENGINE=InnoDB DEFAULT CHARSET=utf8;
/*!40101 SET character_set_client = @saved_cs_client */;

--
-- Dumping data for table `vtiger_start_hour_seq`
--

LOCK TABLES `vtiger_start_hour_seq` WRITE;
/*!40000 ALTER TABLE `vtiger_start_hour_seq` DISABLE KEYS */;
INSERT INTO `vtiger_start_hour_seq` VALUES (24);
/*!40000 ALTER TABLE `vtiger_start_hour_seq` ENABLE KEYS */;
UNLOCK TABLES;

--
-- Table structure for table `vtiger_status`
--

DROP TABLE IF EXISTS `vtiger_status`;
/*!40101 SET @saved_cs_client     = @@character_set_client */;
/*!40101 SET character_set_client = utf8 */;
CREATE TABLE `vtiger_status` (
  `statusid` int(19) NOT NULL AUTO_INCREMENT,
  `status` varchar(200) NOT NULL,
  `presence` int(1) NOT NULL DEFAULT 1,
  `picklist_valueid` int(19) NOT NULL DEFAULT 0,
  PRIMARY KEY (`statusid`)
) ENGINE=InnoDB AUTO_INCREMENT=3 DEFAULT CHARSET=utf8;
/*!40101 SET character_set_client = @saved_cs_client */;

--
-- Dumping data for table `vtiger_status`
--

LOCK TABLES `vtiger_status` WRITE;
/*!40000 ALTER TABLE `vtiger_status` DISABLE KEYS */;
INSERT INTO `vtiger_status` VALUES (1,'Active',0,1),(2,'Inactive',1,1);
/*!40000 ALTER TABLE `vtiger_status` ENABLE KEYS */;
UNLOCK TABLES;

--
-- Table structure for table `vtiger_status_seq`
--

DROP TABLE IF EXISTS `vtiger_status_seq`;
/*!40101 SET @saved_cs_client     = @@character_set_client */;
/*!40101 SET character_set_client = utf8 */;
CREATE TABLE `vtiger_status_seq` (
  `id` int(11) NOT NULL
) ENGINE=InnoDB DEFAULT CHARSET=utf8;
/*!40101 SET character_set_client = @saved_cs_client */;

--
-- Dumping data for table `vtiger_status_seq`
--

LOCK TABLES `vtiger_status_seq` WRITE;
/*!40000 ALTER TABLE `vtiger_status_seq` DISABLE KEYS */;
INSERT INTO `vtiger_status_seq` VALUES (2);
/*!40000 ALTER TABLE `vtiger_status_seq` ENABLE KEYS */;
UNLOCK TABLES;

--
-- Table structure for table `vtiger_systems`
--

DROP TABLE IF EXISTS `vtiger_systems`;
/*!40101 SET @saved_cs_client     = @@character_set_client */;
/*!40101 SET character_set_client = utf8 */;
CREATE TABLE `vtiger_systems` (
  `id` int(19) NOT NULL,
  `server` varchar(100) DEFAULT NULL,
  `server_port` int(19) DEFAULT NULL,
  `server_username` varchar(100) DEFAULT NULL,
  `server_password` varchar(100) DEFAULT NULL,
  `server_type` varchar(20) DEFAULT NULL,
  `smtp_auth` varchar(5) DEFAULT NULL,
  `server_path` varchar(256) DEFAULT NULL,
  `from_email_field` varchar(50) DEFAULT NULL,
  PRIMARY KEY (`id`)
) ENGINE=InnoDB DEFAULT CHARSET=utf8;
/*!40101 SET character_set_client = @saved_cs_client */;

--
-- Dumping data for table `vtiger_systems`
--

LOCK TABLES `vtiger_systems` WRITE;
/*!40000 ALTER TABLE `vtiger_systems` DISABLE KEYS */;
INSERT INTO `vtiger_systems` VALUES (1,'ssl://smtp.gmail.com:465',0,'creantisdevelopment@gmail.com','$.creantis123','email','1',NULL,'soporte@creantis.com');
/*!40000 ALTER TABLE `vtiger_systems` ENABLE KEYS */;
UNLOCK TABLES;

--
-- Table structure for table `vtiger_systems_seq`
--

DROP TABLE IF EXISTS `vtiger_systems_seq`;
/*!40101 SET @saved_cs_client     = @@character_set_client */;
/*!40101 SET character_set_client = utf8 */;
CREATE TABLE `vtiger_systems_seq` (
  `id` int(11) NOT NULL
) ENGINE=MyISAM DEFAULT CHARSET=utf8;
/*!40101 SET character_set_client = @saved_cs_client */;

--
-- Dumping data for table `vtiger_systems_seq`
--

LOCK TABLES `vtiger_systems_seq` WRITE;
/*!40000 ALTER TABLE `vtiger_systems_seq` DISABLE KEYS */;
INSERT INTO `vtiger_systems_seq` VALUES (1);
/*!40000 ALTER TABLE `vtiger_systems_seq` ENABLE KEYS */;
UNLOCK TABLES;

--
-- Table structure for table `vtiger_tab`
--

DROP TABLE IF EXISTS `vtiger_tab`;
/*!40101 SET @saved_cs_client     = @@character_set_client */;
/*!40101 SET character_set_client = utf8 */;
CREATE TABLE `vtiger_tab` (
  `tabid` int(19) NOT NULL DEFAULT 0,
  `name` varchar(25) NOT NULL,
  `presence` int(19) NOT NULL DEFAULT 1,
  `tabsequence` int(10) DEFAULT NULL,
  `tablabel` varchar(100) DEFAULT NULL,
  `modifiedby` int(19) DEFAULT NULL,
  `modifiedtime` int(19) DEFAULT NULL,
  `customized` int(19) DEFAULT NULL,
  `ownedby` int(19) DEFAULT NULL,
  `isentitytype` int(11) NOT NULL DEFAULT 1,
  `trial` int(1) NOT NULL DEFAULT 0,
  `version` varchar(10) DEFAULT NULL,
  `parent` varchar(30) DEFAULT NULL,
  `source` varchar(255) DEFAULT 'custom',
  `issyncable` tinyint(1) DEFAULT 0,
  `allowduplicates` tinyint(1) DEFAULT 1,
  `sync_action_for_duplicates` int(1) DEFAULT 1,
  PRIMARY KEY (`tabid`),
  UNIQUE KEY `tab_name_idx` (`name`),
  KEY `tab_modifiedby_idx` (`modifiedby`),
  KEY `tab_tabid_idx` (`tabid`)
) ENGINE=InnoDB DEFAULT CHARSET=utf8;
/*!40101 SET character_set_client = @saved_cs_client */;

--
-- Dumping data for table `vtiger_tab`
--

LOCK TABLES `vtiger_tab` WRITE;
/*!40000 ALTER TABLE `vtiger_tab` DISABLE KEYS */;
INSERT INTO `vtiger_tab` VALUES (1,'Dashboard',0,12,'Dashboards',NULL,NULL,0,1,0,0,NULL,'Analytics',NULL,1,1,1),(2,'Potentials',1,7,'Potentials',NULL,NULL,0,0,1,0,NULL,'Sales',NULL,1,1,1),(3,'Home',0,1,'Home',NULL,NULL,0,1,0,0,NULL,NULL,NULL,1,1,1),(4,'Contacts',0,6,'Contacts',NULL,NULL,0,0,1,0,NULL,'Sales',NULL,1,1,1),(6,'Accounts',0,5,'Accounts',NULL,NULL,0,0,1,0,NULL,'Sales',NULL,1,0,1),(7,'Leads',1,4,'Leads',NULL,NULL,0,0,1,0,NULL,'Sales',NULL,1,1,1),(8,'Documents',0,9,'Documents',NULL,NULL,0,0,1,0,NULL,'Tools',NULL,1,1,1),(9,'Calendar',0,3,'Calendar',NULL,NULL,0,0,1,0,NULL,'Tools',NULL,1,1,1),(10,'Emails',0,10,'Emails',NULL,NULL,0,1,1,0,NULL,'Tools',NULL,1,1,1),(13,'HelpDesk',0,11,'HelpDesk',NULL,NULL,0,0,1,0,NULL,'Support',NULL,1,1,1),(14,'Products',0,8,'Products',NULL,NULL,0,0,1,0,NULL,'Inventory',NULL,1,0,1),(15,'Faq',1,-1,'Faq',NULL,NULL,0,1,1,0,NULL,'Support',NULL,1,1,1),(16,'Events',2,-1,'Events',NULL,NULL,0,0,1,0,NULL,NULL,NULL,1,1,1),(18,'Vendors',1,-1,'Vendors',NULL,NULL,0,0,1,0,NULL,'Inventory',NULL,1,1,1),(19,'PriceBooks',1,-1,'PriceBooks',NULL,NULL,0,1,1,0,NULL,'Inventory',NULL,1,1,1),(20,'Quotes',1,-1,'Quotes',NULL,NULL,0,0,1,0,NULL,'Sales',NULL,1,1,1),(21,'PurchaseOrder',1,-1,'PurchaseOrder',NULL,NULL,0,0,1,0,NULL,'Inventory',NULL,1,1,1),(22,'SalesOrder',1,-1,'SalesOrder',NULL,NULL,0,0,1,0,NULL,'Sales',NULL,1,1,1),(23,'Invoice',1,-1,'Invoice',NULL,NULL,0,0,1,0,NULL,'Sales',NULL,1,1,1),(24,'Rss',1,-1,'Rss',NULL,NULL,0,1,0,0,NULL,'Tools',NULL,1,1,1),(25,'Reports',0,-1,'Reports',NULL,NULL,0,1,0,0,NULL,'Analytics',NULL,1,1,1),(26,'Campaigns',1,-1,'Campaigns',NULL,NULL,0,0,1,0,NULL,'Marketing',NULL,1,1,1),(27,'Portal',1,-1,'Portal',NULL,NULL,0,1,0,0,NULL,'Tools',NULL,1,1,1),(28,'Webmails',1,-1,'Webmails',NULL,NULL,0,1,1,0,NULL,NULL,NULL,1,1,1),(29,'Users',0,-1,'Users',NULL,NULL,0,1,0,0,NULL,NULL,NULL,1,1,1),(30,'MailManager',1,-1,'MailManager',NULL,NULL,1,0,0,0,'1.9','Tools',NULL,1,1,1),(31,'Mobile',0,-1,'Mobile',NULL,NULL,1,0,0,0,'2.0','',NULL,1,1,1),(32,'WSAPP',0,-1,'WSAPP',NULL,NULL,1,0,0,0,'3.4.4','',NULL,1,1,1),(33,'ModTracker',0,-1,'ModTracker',NULL,NULL,0,0,0,0,'1.2','',NULL,1,1,1),(34,'Services',1,-1,'Services',NULL,NULL,0,0,1,0,'2.6','Inventory',NULL,1,1,1),(35,'PBXManager',1,-1,'PBXManager',NULL,NULL,1,0,1,0,'2.2','Tools',NULL,1,1,1),(36,'Import',0,-1,'Import',NULL,NULL,1,0,0,0,'1.7','',NULL,1,1,1),(37,'ServiceContracts',1,-1,'Service Contracts',NULL,NULL,0,0,1,0,'2.4','Support',NULL,1,1,1),(38,'Assets',1,-1,'Assets',NULL,NULL,0,0,1,0,'2.0','Inventory',NULL,1,1,1),(39,'SMSNotifier',1,-1,'SMSNotifier',NULL,NULL,0,0,1,0,'2.1','Sales',NULL,1,1,1),(40,'EmailTemplates',0,-1,'Email Templates',NULL,NULL,1,0,0,0,'1.0','Tools',NULL,1,1,1),(41,'ModComments',0,-1,'Comments',NULL,NULL,0,0,1,0,'2.1','',NULL,1,1,1),(42,'ProjectMilestone',1,-1,'ProjectMilestone',NULL,NULL,0,0,1,0,'3.0','Support',NULL,1,1,1),(43,'ProjectTask',1,-1,'ProjectTask',NULL,NULL,0,0,1,0,'3.1','Support',NULL,1,1,1),(44,'Project',1,-1,'Project',NULL,NULL,0,0,1,0,'3.3','Support',NULL,1,1,1),(45,'RecycleBin',0,-1,'Recycle Bin',NULL,NULL,0,0,0,0,'1.5','Tools',NULL,1,1,1),(46,'Google',0,-1,'Google',NULL,NULL,0,0,0,0,'1.5','',NULL,1,1,1),(47,'CustomerPortal',0,-1,'CustomerPortal',NULL,NULL,0,0,0,0,'1.4','',NULL,1,1,1),(48,'Webforms',0,-1,'Webforms',NULL,NULL,0,0,0,0,'1.6','',NULL,1,1,1),(49,'ExtensionStore',0,-1,'Extension Store',NULL,NULL,1,0,0,0,'1.2',NULL,NULL,1,1,1),(50,'Parche',0,-1,'Parche',NULL,NULL,1,0,0,0,'1.0','Settings','custom',0,1,1),(51,'LangManagement',0,-1,'Gestione Dizionari',NULL,NULL,1,0,0,0,'2.1.2','','custom',0,1,1),(52,'Apdalm',0,-1,'Apoderados Alumnos',NULL,NULL,1,0,1,0,'0','Support','custom',0,1,1),(53,'Almsecc',0,-1,'Alumno Seccion',NULL,NULL,1,0,1,0,'0','Support','custom',0,1,1),(54,'Temas',0,-1,'Temas',NULL,NULL,1,0,1,0,'0','Tools','custom',0,0,1),(55,'Acciones',0,-1,'Acciones',NULL,NULL,1,0,1,0,'0','Tools','custom',0,0,1);
/*!40000 ALTER TABLE `vtiger_tab` ENABLE KEYS */;
UNLOCK TABLES;

--
-- Table structure for table `vtiger_tab_info`
--

DROP TABLE IF EXISTS `vtiger_tab_info`;
/*!40101 SET @saved_cs_client     = @@character_set_client */;
/*!40101 SET character_set_client = utf8 */;
CREATE TABLE `vtiger_tab_info` (
  `tabid` int(19) DEFAULT NULL,
  `prefname` varchar(256) DEFAULT NULL,
  `prefvalue` varchar(256) DEFAULT NULL,
  KEY `fk_1_vtiger_tab_info` (`tabid`),
  CONSTRAINT `fk_1_vtiger_tab_info` FOREIGN KEY (`tabid`) REFERENCES `vtiger_tab` (`tabid`) ON DELETE CASCADE ON UPDATE CASCADE
) ENGINE=InnoDB DEFAULT CHARSET=utf8;
/*!40101 SET character_set_client = @saved_cs_client */;

--
-- Dumping data for table `vtiger_tab_info`
--

LOCK TABLES `vtiger_tab_info` WRITE;
/*!40000 ALTER TABLE `vtiger_tab_info` DISABLE KEYS */;
INSERT INTO `vtiger_tab_info` VALUES (30,'vtiger_min_version','6.0.0RC'),(31,'vtiger_min_version','6.0.0rc'),(32,'vtiger_min_version','6.0.0rc'),(33,'vtiger_min_version','6.0.0rc'),(34,'vtiger_min_version','6.0.0rc'),(34,'vtiger_max_version','7.*'),(35,'vtiger_min_version','6.0.0'),(35,'vtiger_max_version','7.*'),(36,'vtiger_min_version','6.0.0rc'),(36,'vtiger_max_version','7.*'),(37,'vtiger_min_version','6.0.0rc'),(38,'vtiger_min_version','6.0.0rc'),(38,'vtiger_max_version','7.*'),(39,'vtiger_min_version','6.0.0'),(39,'vtiger_max_version','7.*'),(40,'vtiger_min_version','6.0.0rc'),(40,'vtiger_max_version','7.*'),(41,'vtiger_min_version','6.0.0rc'),(41,'vtiger_max_version','7.*'),(42,'vtiger_min_version','6.0.0rc'),(42,'vtiger_max_version','7.*'),(43,'vtiger_min_version','6.0.0rc'),(44,'vtiger_min_version','6.0.0rc'),(45,'vtiger_min_version','6.0.0rc'),(45,'vtiger_max_version','7.*'),(46,'vtiger_min_version','6.0.0rc'),(46,'vtiger_max_version','7.*'),(47,'vtiger_min_version','6.0.0rc'),(47,'vtiger_max_version','7.*'),(48,'vtiger_min_version','6.0.0rc'),(48,'vtiger_max_version','7.*'),(49,'vtiger_min_version','6.0.0'),(49,'vtiger_max_version','6.*'),(50,'vtiger_min_version','7.1.0'),(51,'vtiger_min_version','7.0.0'),(52,'vtiger_min_version','7.1.0'),(53,'vtiger_min_version','7.1.0'),(54,'vtiger_min_version','7.1.0'),(55,'vtiger_min_version','7.1.0');
/*!40000 ALTER TABLE `vtiger_tab_info` ENABLE KEYS */;
UNLOCK TABLES;

--
-- Table structure for table `vtiger_taskpriority`
--

DROP TABLE IF EXISTS `vtiger_taskpriority`;
/*!40101 SET @saved_cs_client     = @@character_set_client */;
/*!40101 SET character_set_client = utf8 */;
CREATE TABLE `vtiger_taskpriority` (
  `taskpriorityid` int(19) NOT NULL AUTO_INCREMENT,
  `taskpriority` varchar(200) DEFAULT NULL,
  `presence` int(1) NOT NULL DEFAULT 1,
  `picklist_valueid` int(19) NOT NULL DEFAULT 0,
  `sortorderid` int(11) DEFAULT NULL,
  `color` varchar(10) DEFAULT NULL,
  PRIMARY KEY (`taskpriorityid`)
) ENGINE=InnoDB AUTO_INCREMENT=4 DEFAULT CHARSET=utf8;
/*!40101 SET character_set_client = @saved_cs_client */;

--
-- Dumping data for table `vtiger_taskpriority`
--

LOCK TABLES `vtiger_taskpriority` WRITE;
/*!40000 ALTER TABLE `vtiger_taskpriority` DISABLE KEYS */;
INSERT INTO `vtiger_taskpriority` VALUES (1,'High',1,170,0,NULL),(2,'Medium',1,171,1,NULL),(3,'Low',1,172,2,NULL);
/*!40000 ALTER TABLE `vtiger_taskpriority` ENABLE KEYS */;
UNLOCK TABLES;

--
-- Table structure for table `vtiger_taskpriority_seq`
--

DROP TABLE IF EXISTS `vtiger_taskpriority_seq`;
/*!40101 SET @saved_cs_client     = @@character_set_client */;
/*!40101 SET character_set_client = utf8 */;
CREATE TABLE `vtiger_taskpriority_seq` (
  `id` int(11) NOT NULL
) ENGINE=InnoDB DEFAULT CHARSET=utf8;
/*!40101 SET character_set_client = @saved_cs_client */;

--
-- Dumping data for table `vtiger_taskpriority_seq`
--

LOCK TABLES `vtiger_taskpriority_seq` WRITE;
/*!40000 ALTER TABLE `vtiger_taskpriority_seq` DISABLE KEYS */;
INSERT INTO `vtiger_taskpriority_seq` VALUES (3);
/*!40000 ALTER TABLE `vtiger_taskpriority_seq` ENABLE KEYS */;
UNLOCK TABLES;

--
-- Table structure for table `vtiger_taskstatus`
--

DROP TABLE IF EXISTS `vtiger_taskstatus`;
/*!40101 SET @saved_cs_client     = @@character_set_client */;
/*!40101 SET character_set_client = utf8 */;
CREATE TABLE `vtiger_taskstatus` (
  `taskstatusid` int(19) NOT NULL AUTO_INCREMENT,
  `taskstatus` varchar(200) DEFAULT NULL,
  `presence` int(1) NOT NULL DEFAULT 1,
  `picklist_valueid` int(19) NOT NULL DEFAULT 0,
  `sortorderid` int(11) DEFAULT NULL,
  `color` varchar(10) DEFAULT NULL,
  PRIMARY KEY (`taskstatusid`)
) ENGINE=InnoDB AUTO_INCREMENT=7 DEFAULT CHARSET=utf8;
/*!40101 SET character_set_client = @saved_cs_client */;

--
-- Dumping data for table `vtiger_taskstatus`
--

LOCK TABLES `vtiger_taskstatus` WRITE;
/*!40000 ALTER TABLE `vtiger_taskstatus` DISABLE KEYS */;
INSERT INTO `vtiger_taskstatus` VALUES (1,'Not Started',0,173,0,NULL),(2,'In Progress',0,174,1,NULL),(3,'Completed',0,175,2,NULL),(4,'Pending Input',0,176,3,NULL),(5,'Deferred',0,177,4,NULL),(6,'Planned',0,178,5,NULL);
/*!40000 ALTER TABLE `vtiger_taskstatus` ENABLE KEYS */;
UNLOCK TABLES;

--
-- Table structure for table `vtiger_taskstatus_seq`
--

DROP TABLE IF EXISTS `vtiger_taskstatus_seq`;
/*!40101 SET @saved_cs_client     = @@character_set_client */;
/*!40101 SET character_set_client = utf8 */;
CREATE TABLE `vtiger_taskstatus_seq` (
  `id` int(11) NOT NULL
) ENGINE=InnoDB DEFAULT CHARSET=utf8;
/*!40101 SET character_set_client = @saved_cs_client */;

--
-- Dumping data for table `vtiger_taskstatus_seq`
--

LOCK TABLES `vtiger_taskstatus_seq` WRITE;
/*!40000 ALTER TABLE `vtiger_taskstatus_seq` DISABLE KEYS */;
INSERT INTO `vtiger_taskstatus_seq` VALUES (6);
/*!40000 ALTER TABLE `vtiger_taskstatus_seq` ENABLE KEYS */;
UNLOCK TABLES;

--
-- Table structure for table `vtiger_taxclass`
--

DROP TABLE IF EXISTS `vtiger_taxclass`;
/*!40101 SET @saved_cs_client     = @@character_set_client */;
/*!40101 SET character_set_client = utf8 */;
CREATE TABLE `vtiger_taxclass` (
  `taxclassid` int(19) NOT NULL AUTO_INCREMENT,
  `taxclass` varchar(200) NOT NULL,
  `sortorderid` int(19) NOT NULL DEFAULT 0,
  `presence` int(1) NOT NULL DEFAULT 1,
  PRIMARY KEY (`taxclassid`),
  UNIQUE KEY `taxclass_carrier_idx` (`taxclass`)
) ENGINE=InnoDB AUTO_INCREMENT=3 DEFAULT CHARSET=utf8;
/*!40101 SET character_set_client = @saved_cs_client */;

--
-- Dumping data for table `vtiger_taxclass`
--

LOCK TABLES `vtiger_taxclass` WRITE;
/*!40000 ALTER TABLE `vtiger_taxclass` DISABLE KEYS */;
INSERT INTO `vtiger_taxclass` VALUES (1,'SalesTax',0,1),(2,'Vat',1,1);
/*!40000 ALTER TABLE `vtiger_taxclass` ENABLE KEYS */;
UNLOCK TABLES;

--
-- Table structure for table `vtiger_taxclass_seq`
--

DROP TABLE IF EXISTS `vtiger_taxclass_seq`;
/*!40101 SET @saved_cs_client     = @@character_set_client */;
/*!40101 SET character_set_client = utf8 */;
CREATE TABLE `vtiger_taxclass_seq` (
  `id` int(11) NOT NULL
) ENGINE=InnoDB DEFAULT CHARSET=utf8;
/*!40101 SET character_set_client = @saved_cs_client */;

--
-- Dumping data for table `vtiger_taxclass_seq`
--

LOCK TABLES `vtiger_taxclass_seq` WRITE;
/*!40000 ALTER TABLE `vtiger_taxclass_seq` DISABLE KEYS */;
INSERT INTO `vtiger_taxclass_seq` VALUES (2);
/*!40000 ALTER TABLE `vtiger_taxclass_seq` ENABLE KEYS */;
UNLOCK TABLES;

--
-- Table structure for table `vtiger_taxregions`
--

DROP TABLE IF EXISTS `vtiger_taxregions`;
/*!40101 SET @saved_cs_client     = @@character_set_client */;
/*!40101 SET character_set_client = utf8 */;
CREATE TABLE `vtiger_taxregions` (
  `regionid` int(10) NOT NULL AUTO_INCREMENT,
  `name` varchar(100) NOT NULL,
  PRIMARY KEY (`regionid`)
) ENGINE=InnoDB DEFAULT CHARSET=utf8;
/*!40101 SET character_set_client = @saved_cs_client */;

--
-- Dumping data for table `vtiger_taxregions`
--

LOCK TABLES `vtiger_taxregions` WRITE;
/*!40000 ALTER TABLE `vtiger_taxregions` DISABLE KEYS */;
/*!40000 ALTER TABLE `vtiger_taxregions` ENABLE KEYS */;
UNLOCK TABLES;

--
-- Table structure for table `vtiger_temas`
--

DROP TABLE IF EXISTS `vtiger_temas`;
/*!40101 SET @saved_cs_client     = @@character_set_client */;
/*!40101 SET character_set_client = utf8 */;
CREATE TABLE `vtiger_temas` (
  `temasid` int(11) NOT NULL,
  `temasno` varchar(100) DEFAULT NULL,
  `temas_tks_regla` varchar(200) DEFAULT NULL,
  `temas_tks_tema` varchar(100) DEFAULT NULL,
  `temas_tks_subtema` varchar(100) DEFAULT NULL,
  `temas_tks_rolresponsable` varchar(100) DEFAULT NULL,
  PRIMARY KEY (`temasid`)
) ENGINE=InnoDB DEFAULT CHARSET=utf8;
/*!40101 SET character_set_client = @saved_cs_client */;

--
-- Dumping data for table `vtiger_temas`
--

LOCK TABLES `vtiger_temas` WRITE;
/*!40000 ALTER TABLE `vtiger_temas` DISABLE KEYS */;
INSERT INTO `vtiger_temas` VALUES (55,'TEM1','Legal Sacar cita','Legal','Sacar cita','Administrador'),(56,'TEM2','Académico Consulta','Académico','Inicial','Administrador'),(59,'TEM3','Académico - Sugerencia','Académico','Inicial','Administrador'),(61,'TEM4','Académico - Subtema 1','Académico','Subtema 1','H5-Asistente'),(65,'TEM5','Académico - Subtema 2','Académico','Subtema 2','H2-CEO'),(69,'TEM6','Legal - Subtema 1','Legal','Subtema 1','H3-Director');
/*!40000 ALTER TABLE `vtiger_temas` ENABLE KEYS */;
UNLOCK TABLES;

--
-- Table structure for table `vtiger_temas_tks_rolresponsable`
--

DROP TABLE IF EXISTS `vtiger_temas_tks_rolresponsable`;
/*!40101 SET @saved_cs_client     = @@character_set_client */;
/*!40101 SET character_set_client = utf8 */;
CREATE TABLE `vtiger_temas_tks_rolresponsable` (
  `temas_tks_rolresponsableid` int(11) NOT NULL AUTO_INCREMENT,
  `temas_tks_rolresponsable` varchar(200) NOT NULL,
  `presence` int(1) NOT NULL DEFAULT 1,
  `picklist_valueid` int(11) NOT NULL DEFAULT 0,
  `sortorderid` int(11) DEFAULT 0,
  `color` varchar(10) DEFAULT NULL,
  PRIMARY KEY (`temas_tks_rolresponsableid`)
) ENGINE=InnoDB AUTO_INCREMENT=3 DEFAULT CHARSET=utf8;
/*!40101 SET character_set_client = @saved_cs_client */;

--
-- Dumping data for table `vtiger_temas_tks_rolresponsable`
--

LOCK TABLES `vtiger_temas_tks_rolresponsable` WRITE;
/*!40000 ALTER TABLE `vtiger_temas_tks_rolresponsable` DISABLE KEYS */;
INSERT INTO `vtiger_temas_tks_rolresponsable` VALUES (1,'Administrador',1,381,1,NULL),(2,'CEO',1,382,2,NULL);
/*!40000 ALTER TABLE `vtiger_temas_tks_rolresponsable` ENABLE KEYS */;
UNLOCK TABLES;

--
-- Table structure for table `vtiger_temas_tks_rolresponsable_seq`
--

DROP TABLE IF EXISTS `vtiger_temas_tks_rolresponsable_seq`;
/*!40101 SET @saved_cs_client     = @@character_set_client */;
/*!40101 SET character_set_client = utf8 */;
CREATE TABLE `vtiger_temas_tks_rolresponsable_seq` (
  `id` int(11) NOT NULL
) ENGINE=InnoDB DEFAULT CHARSET=utf8;
/*!40101 SET character_set_client = @saved_cs_client */;

--
-- Dumping data for table `vtiger_temas_tks_rolresponsable_seq`
--

LOCK TABLES `vtiger_temas_tks_rolresponsable_seq` WRITE;
/*!40000 ALTER TABLE `vtiger_temas_tks_rolresponsable_seq` DISABLE KEYS */;
INSERT INTO `vtiger_temas_tks_rolresponsable_seq` VALUES (2);
/*!40000 ALTER TABLE `vtiger_temas_tks_rolresponsable_seq` ENABLE KEYS */;
UNLOCK TABLES;

--
-- Table structure for table `vtiger_temas_tks_subtema`
--

DROP TABLE IF EXISTS `vtiger_temas_tks_subtema`;
/*!40101 SET @saved_cs_client     = @@character_set_client */;
/*!40101 SET character_set_client = utf8 */;
CREATE TABLE `vtiger_temas_tks_subtema` (
  `temas_tks_subtemaid` int(11) NOT NULL AUTO_INCREMENT,
  `temas_tks_subtema` varchar(200) NOT NULL,
  `presence` int(1) NOT NULL DEFAULT 1,
  `picklist_valueid` int(11) NOT NULL DEFAULT 0,
  `sortorderid` int(11) DEFAULT 0,
  `color` varchar(10) DEFAULT NULL,
  PRIMARY KEY (`temas_tks_subtemaid`)
) ENGINE=InnoDB AUTO_INCREMENT=3 DEFAULT CHARSET=utf8;
/*!40101 SET character_set_client = @saved_cs_client */;

--
-- Dumping data for table `vtiger_temas_tks_subtema`
--

LOCK TABLES `vtiger_temas_tks_subtema` WRITE;
/*!40000 ALTER TABLE `vtiger_temas_tks_subtema` DISABLE KEYS */;
INSERT INTO `vtiger_temas_tks_subtema` VALUES (1,'Sacar cita',1,379,1,NULL),(2,'Otro',1,380,2,NULL);
/*!40000 ALTER TABLE `vtiger_temas_tks_subtema` ENABLE KEYS */;
UNLOCK TABLES;

--
-- Table structure for table `vtiger_temas_tks_subtema_seq`
--

DROP TABLE IF EXISTS `vtiger_temas_tks_subtema_seq`;
/*!40101 SET @saved_cs_client     = @@character_set_client */;
/*!40101 SET character_set_client = utf8 */;
CREATE TABLE `vtiger_temas_tks_subtema_seq` (
  `id` int(11) NOT NULL
) ENGINE=InnoDB DEFAULT CHARSET=utf8;
/*!40101 SET character_set_client = @saved_cs_client */;

--
-- Dumping data for table `vtiger_temas_tks_subtema_seq`
--

LOCK TABLES `vtiger_temas_tks_subtema_seq` WRITE;
/*!40000 ALTER TABLE `vtiger_temas_tks_subtema_seq` DISABLE KEYS */;
INSERT INTO `vtiger_temas_tks_subtema_seq` VALUES (2);
/*!40000 ALTER TABLE `vtiger_temas_tks_subtema_seq` ENABLE KEYS */;
UNLOCK TABLES;

--
-- Table structure for table `vtiger_temas_tks_tema`
--

DROP TABLE IF EXISTS `vtiger_temas_tks_tema`;
/*!40101 SET @saved_cs_client     = @@character_set_client */;
/*!40101 SET character_set_client = utf8 */;
CREATE TABLE `vtiger_temas_tks_tema` (
  `temas_tks_temaid` int(11) NOT NULL AUTO_INCREMENT,
  `temas_tks_tema` varchar(200) NOT NULL,
  `presence` int(1) NOT NULL DEFAULT 1,
  `picklist_valueid` int(11) NOT NULL DEFAULT 0,
  `sortorderid` int(11) DEFAULT 0,
  `color` varchar(10) DEFAULT NULL,
  PRIMARY KEY (`temas_tks_temaid`)
) ENGINE=InnoDB AUTO_INCREMENT=3 DEFAULT CHARSET=utf8;
/*!40101 SET character_set_client = @saved_cs_client */;

--
-- Dumping data for table `vtiger_temas_tks_tema`
--

LOCK TABLES `vtiger_temas_tks_tema` WRITE;
/*!40000 ALTER TABLE `vtiger_temas_tks_tema` DISABLE KEYS */;
INSERT INTO `vtiger_temas_tks_tema` VALUES (1,'Legal',1,377,1,NULL),(2,'Otro',1,378,2,NULL);
/*!40000 ALTER TABLE `vtiger_temas_tks_tema` ENABLE KEYS */;
UNLOCK TABLES;

--
-- Table structure for table `vtiger_temas_tks_tema_seq`
--

DROP TABLE IF EXISTS `vtiger_temas_tks_tema_seq`;
/*!40101 SET @saved_cs_client     = @@character_set_client */;
/*!40101 SET character_set_client = utf8 */;
CREATE TABLE `vtiger_temas_tks_tema_seq` (
  `id` int(11) NOT NULL
) ENGINE=InnoDB DEFAULT CHARSET=utf8;
/*!40101 SET character_set_client = @saved_cs_client */;

--
-- Dumping data for table `vtiger_temas_tks_tema_seq`
--

LOCK TABLES `vtiger_temas_tks_tema_seq` WRITE;
/*!40000 ALTER TABLE `vtiger_temas_tks_tema_seq` DISABLE KEYS */;
INSERT INTO `vtiger_temas_tks_tema_seq` VALUES (2);
/*!40000 ALTER TABLE `vtiger_temas_tks_tema_seq` ENABLE KEYS */;
UNLOCK TABLES;

--
-- Table structure for table `vtiger_temascf`
--

DROP TABLE IF EXISTS `vtiger_temascf`;
/*!40101 SET @saved_cs_client     = @@character_set_client */;
/*!40101 SET character_set_client = utf8 */;
CREATE TABLE `vtiger_temascf` (
  `temasid` int(11) NOT NULL,
  `tags` varchar(1) DEFAULT NULL,
  PRIMARY KEY (`temasid`)
) ENGINE=InnoDB DEFAULT CHARSET=utf8;
/*!40101 SET character_set_client = @saved_cs_client */;

--
-- Dumping data for table `vtiger_temascf`
--

LOCK TABLES `vtiger_temascf` WRITE;
/*!40000 ALTER TABLE `vtiger_temascf` DISABLE KEYS */;
INSERT INTO `vtiger_temascf` VALUES (55,''),(56,''),(59,''),(61,''),(65,''),(69,'');
/*!40000 ALTER TABLE `vtiger_temascf` ENABLE KEYS */;
UNLOCK TABLES;

--
-- Table structure for table `vtiger_ticketcategories`
--

DROP TABLE IF EXISTS `vtiger_ticketcategories`;
/*!40101 SET @saved_cs_client     = @@character_set_client */;
/*!40101 SET character_set_client = utf8 */;
CREATE TABLE `vtiger_ticketcategories` (
  `ticketcategories_id` int(19) NOT NULL AUTO_INCREMENT,
  `ticketcategories` varchar(200) DEFAULT NULL,
  `presence` int(1) NOT NULL DEFAULT 0,
  `picklist_valueid` int(19) NOT NULL DEFAULT 0,
  `sortorderid` int(11) DEFAULT NULL,
  `color` varchar(10) DEFAULT NULL,
  PRIMARY KEY (`ticketcategories_id`)
) ENGINE=InnoDB AUTO_INCREMENT=26 DEFAULT CHARSET=utf8;
/*!40101 SET character_set_client = @saved_cs_client */;

--
-- Dumping data for table `vtiger_ticketcategories`
--

LOCK TABLES `vtiger_ticketcategories` WRITE;
/*!40000 ALTER TABLE `vtiger_ticketcategories` DISABLE KEYS */;
INSERT INTO `vtiger_ticketcategories` VALUES (8,'Inicial',1,388,5,''),(9,'Primaria',1,389,6,''),(10,'Secundaria',1,390,7,''),(11,'Subtema 1',1,391,8,''),(12,'Subtema 2',1,392,9,''),(13,'Contabilidad',1,393,10,''),(14,'Caja y Cobranzas',1,394,11,''),(15,'Logística y Mantenimiento',1,395,12,''),(16,'Sistemas y Tecnología',1,396,13,''),(17,'Recepción',1,397,14,''),(18,'Asistente de Dirección',1,398,15,''),(19,'Secretaría Académica',1,399,16,''),(20,'Marketing',1,400,17,''),(21,'Inmobiliaria',1,401,18,''),(22,'Enfermería',1,402,19,''),(23,'Laboratorio de Cómputo y Audiovisuales',1,403,20,''),(24,'Exámenes Internacionales',1,404,21,''),(25,'Otro',1,405,22,'');
/*!40000 ALTER TABLE `vtiger_ticketcategories` ENABLE KEYS */;
UNLOCK TABLES;

--
-- Table structure for table `vtiger_ticketcategories_seq`
--

DROP TABLE IF EXISTS `vtiger_ticketcategories_seq`;
/*!40101 SET @saved_cs_client     = @@character_set_client */;
/*!40101 SET character_set_client = utf8 */;
CREATE TABLE `vtiger_ticketcategories_seq` (
  `id` int(11) NOT NULL
) ENGINE=InnoDB DEFAULT CHARSET=utf8;
/*!40101 SET character_set_client = @saved_cs_client */;

--
-- Dumping data for table `vtiger_ticketcategories_seq`
--

LOCK TABLES `vtiger_ticketcategories_seq` WRITE;
/*!40000 ALTER TABLE `vtiger_ticketcategories_seq` DISABLE KEYS */;
INSERT INTO `vtiger_ticketcategories_seq` VALUES (25);
/*!40000 ALTER TABLE `vtiger_ticketcategories_seq` ENABLE KEYS */;
UNLOCK TABLES;

--
-- Table structure for table `vtiger_ticketcf`
--

DROP TABLE IF EXISTS `vtiger_ticketcf`;
/*!40101 SET @saved_cs_client     = @@character_set_client */;
/*!40101 SET character_set_client = utf8 */;
CREATE TABLE `vtiger_ticketcf` (
  `ticketid` int(19) NOT NULL DEFAULT 0,
  `from_portal` varchar(3) DEFAULT NULL,
  `cf_852` varchar(255) DEFAULT '',
  `cf_854` varchar(255) DEFAULT '',
  `cf_898` bigint(11) DEFAULT NULL,
  `cf_900` varchar(255) DEFAULT '',
  `cf_942` bigint(11) DEFAULT NULL,
  PRIMARY KEY (`ticketid`),
  CONSTRAINT `fk_1_vtiger_ticketcf` FOREIGN KEY (`ticketid`) REFERENCES `vtiger_troubletickets` (`ticketid`) ON DELETE CASCADE
) ENGINE=InnoDB DEFAULT CHARSET=utf8;
/*!40101 SET character_set_client = @saved_cs_client */;

--
-- Dumping data for table `vtiger_ticketcf`
--

LOCK TABLES `vtiger_ticketcf` WRITE;
/*!40000 ALTER TABLE `vtiger_ticketcf` DISABLE KEYS */;
INSERT INTO `vtiger_ticketcf` VALUES (4,'0','Acción 1','Atender el caso',NULL,'',NULL),(8,'0','Acción 1','Atencion Culminada',NULL,'',NULL),(15,'0','Acción 1','Atender el caso',NULL,'',NULL),(16,'0','','Respuesta a Cliente',NULL,'',NULL),(32,'0','Acción 1','Atender el caso',33,'Académico',NULL),(40,'0','Acción 1','Atender el caso',39,'Académico',NULL),(45,'0','','',44,'',NULL),(54,'0','Acción 1','Atender el caso',0,'Académico',NULL),(71,'0','Acción 3','',0,'Académico',65);
/*!40000 ALTER TABLE `vtiger_ticketcf` ENABLE KEYS */;
UNLOCK TABLES;

--
-- Table structure for table `vtiger_ticketcomments`
--

DROP TABLE IF EXISTS `vtiger_ticketcomments`;
/*!40101 SET @saved_cs_client     = @@character_set_client */;
/*!40101 SET character_set_client = utf8 */;
CREATE TABLE `vtiger_ticketcomments` (
  `commentid` int(19) NOT NULL AUTO_INCREMENT,
  `ticketid` int(19) DEFAULT NULL,
  `comments` text DEFAULT NULL,
  `ownerid` int(19) NOT NULL DEFAULT 0,
  `ownertype` varchar(10) DEFAULT NULL,
  `createdtime` datetime NOT NULL,
  PRIMARY KEY (`commentid`),
  KEY `ticketcomments_ticketid_idx` (`ticketid`),
  CONSTRAINT `fk_1_vtiger_ticketcomments` FOREIGN KEY (`ticketid`) REFERENCES `vtiger_troubletickets` (`ticketid`) ON DELETE CASCADE
) ENGINE=InnoDB DEFAULT CHARSET=utf8;
/*!40101 SET character_set_client = @saved_cs_client */;

--
-- Dumping data for table `vtiger_ticketcomments`
--

LOCK TABLES `vtiger_ticketcomments` WRITE;
/*!40000 ALTER TABLE `vtiger_ticketcomments` DISABLE KEYS */;
/*!40000 ALTER TABLE `vtiger_ticketcomments` ENABLE KEYS */;
UNLOCK TABLES;

--
-- Table structure for table `vtiger_ticketpriorities`
--

DROP TABLE IF EXISTS `vtiger_ticketpriorities`;
/*!40101 SET @saved_cs_client     = @@character_set_client */;
/*!40101 SET character_set_client = utf8 */;
CREATE TABLE `vtiger_ticketpriorities` (
  `ticketpriorities_id` int(19) NOT NULL AUTO_INCREMENT,
  `ticketpriorities` varchar(200) DEFAULT NULL,
  `presence` int(1) NOT NULL DEFAULT 0,
  `picklist_valueid` int(19) NOT NULL DEFAULT 0,
  `sortorderid` int(11) DEFAULT NULL,
  `color` varchar(10) DEFAULT NULL,
  PRIMARY KEY (`ticketpriorities_id`)
) ENGINE=InnoDB AUTO_INCREMENT=5 DEFAULT CHARSET=utf8;
/*!40101 SET character_set_client = @saved_cs_client */;

--
-- Dumping data for table `vtiger_ticketpriorities`
--

LOCK TABLES `vtiger_ticketpriorities` WRITE;
/*!40000 ALTER TABLE `vtiger_ticketpriorities` DISABLE KEYS */;
INSERT INTO `vtiger_ticketpriorities` VALUES (1,'Low',1,182,0,NULL),(2,'Normal',1,183,1,NULL),(3,'High',1,184,2,'#ff0000');
/*!40000 ALTER TABLE `vtiger_ticketpriorities` ENABLE KEYS */;
UNLOCK TABLES;

--
-- Table structure for table `vtiger_ticketpriorities_seq`
--

DROP TABLE IF EXISTS `vtiger_ticketpriorities_seq`;
/*!40101 SET @saved_cs_client     = @@character_set_client */;
/*!40101 SET character_set_client = utf8 */;
CREATE TABLE `vtiger_ticketpriorities_seq` (
  `id` int(11) NOT NULL
) ENGINE=InnoDB DEFAULT CHARSET=utf8;
/*!40101 SET character_set_client = @saved_cs_client */;

--
-- Dumping data for table `vtiger_ticketpriorities_seq`
--

LOCK TABLES `vtiger_ticketpriorities_seq` WRITE;
/*!40000 ALTER TABLE `vtiger_ticketpriorities_seq` DISABLE KEYS */;
INSERT INTO `vtiger_ticketpriorities_seq` VALUES (4);
/*!40000 ALTER TABLE `vtiger_ticketpriorities_seq` ENABLE KEYS */;
UNLOCK TABLES;

--
-- Table structure for table `vtiger_ticketseverities`
--

DROP TABLE IF EXISTS `vtiger_ticketseverities`;
/*!40101 SET @saved_cs_client     = @@character_set_client */;
/*!40101 SET character_set_client = utf8 */;
CREATE TABLE `vtiger_ticketseverities` (
  `ticketseverities_id` int(19) NOT NULL AUTO_INCREMENT,
  `ticketseverities` varchar(200) DEFAULT NULL,
  `presence` int(1) NOT NULL DEFAULT 0,
  `picklist_valueid` int(19) NOT NULL DEFAULT 0,
  `sortorderid` int(11) DEFAULT NULL,
  `color` varchar(10) DEFAULT NULL,
  PRIMARY KEY (`ticketseverities_id`)
) ENGINE=InnoDB AUTO_INCREMENT=5 DEFAULT CHARSET=utf8;
/*!40101 SET character_set_client = @saved_cs_client */;

--
-- Dumping data for table `vtiger_ticketseverities`
--

LOCK TABLES `vtiger_ticketseverities` WRITE;
/*!40000 ALTER TABLE `vtiger_ticketseverities` DISABLE KEYS */;
INSERT INTO `vtiger_ticketseverities` VALUES (1,'Minor',1,186,0,NULL),(2,'Major',1,187,1,NULL),(3,'Feature',1,188,2,NULL),(4,'Critical',1,189,3,NULL);
/*!40000 ALTER TABLE `vtiger_ticketseverities` ENABLE KEYS */;
UNLOCK TABLES;

--
-- Table structure for table `vtiger_ticketseverities_seq`
--

DROP TABLE IF EXISTS `vtiger_ticketseverities_seq`;
/*!40101 SET @saved_cs_client     = @@character_set_client */;
/*!40101 SET character_set_client = utf8 */;
CREATE TABLE `vtiger_ticketseverities_seq` (
  `id` int(11) NOT NULL
) ENGINE=InnoDB DEFAULT CHARSET=utf8;
/*!40101 SET character_set_client = @saved_cs_client */;

--
-- Dumping data for table `vtiger_ticketseverities_seq`
--

LOCK TABLES `vtiger_ticketseverities_seq` WRITE;
/*!40000 ALTER TABLE `vtiger_ticketseverities_seq` DISABLE KEYS */;
INSERT INTO `vtiger_ticketseverities_seq` VALUES (4);
/*!40000 ALTER TABLE `vtiger_ticketseverities_seq` ENABLE KEYS */;
UNLOCK TABLES;

--
-- Table structure for table `vtiger_ticketstatus`
--

DROP TABLE IF EXISTS `vtiger_ticketstatus`;
/*!40101 SET @saved_cs_client     = @@character_set_client */;
/*!40101 SET character_set_client = utf8 */;
CREATE TABLE `vtiger_ticketstatus` (
  `ticketstatus_id` int(19) NOT NULL AUTO_INCREMENT,
  `ticketstatus` varchar(200) DEFAULT NULL,
  `presence` int(1) NOT NULL DEFAULT 0,
  `picklist_valueid` int(19) NOT NULL DEFAULT 0,
  `sortorderid` int(11) DEFAULT NULL,
  `color` varchar(10) DEFAULT NULL,
  PRIMARY KEY (`ticketstatus_id`)
) ENGINE=InnoDB AUTO_INCREMENT=5 DEFAULT CHARSET=utf8;
/*!40101 SET character_set_client = @saved_cs_client */;

--
-- Dumping data for table `vtiger_ticketstatus`
--

LOCK TABLES `vtiger_ticketstatus` WRITE;
/*!40000 ALTER TABLE `vtiger_ticketstatus` DISABLE KEYS */;
INSERT INTO `vtiger_ticketstatus` VALUES (1,'Open',0,190,0,NULL),(2,'In Progress',0,191,1,NULL),(3,'Wait For Response',0,192,2,NULL),(4,'Closed',0,193,3,NULL);
/*!40000 ALTER TABLE `vtiger_ticketstatus` ENABLE KEYS */;
UNLOCK TABLES;

--
-- Table structure for table `vtiger_ticketstatus_seq`
--

DROP TABLE IF EXISTS `vtiger_ticketstatus_seq`;
/*!40101 SET @saved_cs_client     = @@character_set_client */;
/*!40101 SET character_set_client = utf8 */;
CREATE TABLE `vtiger_ticketstatus_seq` (
  `id` int(11) NOT NULL
) ENGINE=InnoDB DEFAULT CHARSET=utf8;
/*!40101 SET character_set_client = @saved_cs_client */;

--
-- Dumping data for table `vtiger_ticketstatus_seq`
--

LOCK TABLES `vtiger_ticketstatus_seq` WRITE;
/*!40000 ALTER TABLE `vtiger_ticketstatus_seq` DISABLE KEYS */;
INSERT INTO `vtiger_ticketstatus_seq` VALUES (4);
/*!40000 ALTER TABLE `vtiger_ticketstatus_seq` ENABLE KEYS */;
UNLOCK TABLES;

--
-- Table structure for table `vtiger_time_zone`
--

DROP TABLE IF EXISTS `vtiger_time_zone`;
/*!40101 SET @saved_cs_client     = @@character_set_client */;
/*!40101 SET character_set_client = utf8 */;
CREATE TABLE `vtiger_time_zone` (
  `time_zoneid` int(19) NOT NULL AUTO_INCREMENT,
  `time_zone` varchar(200) NOT NULL,
  `sortorderid` int(19) NOT NULL DEFAULT 0,
  `presence` int(1) NOT NULL DEFAULT 1,
  PRIMARY KEY (`time_zoneid`)
) ENGINE=InnoDB AUTO_INCREMENT=98 DEFAULT CHARSET=utf8;
/*!40101 SET character_set_client = @saved_cs_client */;

--
-- Dumping data for table `vtiger_time_zone`
--

LOCK TABLES `vtiger_time_zone` WRITE;
/*!40000 ALTER TABLE `vtiger_time_zone` DISABLE KEYS */;
INSERT INTO `vtiger_time_zone` VALUES (1,'Pacific/Midway',1,1),(2,'Pacific/Samoa',0,1),(3,'Pacific/Honolulu',2,1),(4,'America/Anchorage',3,1),(5,'America/Los_Angeles',5,1),(6,'America/Tijuana',4,1),(7,'America/Denver',6,1),(8,'America/Chihuahua',8,1),(9,'America/Mazatlan',7,1),(10,'America/Phoenix',9,1),(11,'America/Regina',10,1),(12,'America/Tegucigalpa',14,1),(13,'America/Chicago',13,1),(14,'America/Mexico_City',12,1),(15,'America/Monterrey',11,1),(16,'America/New_York',18,1),(17,'America/Bogota',19,1),(18,'America/Lima',16,1),(19,'America/Rio_Branco',15,1),(20,'America/Indiana/Indianapolis',17,1),(21,'America/Caracas',20,1),(22,'America/Halifax',25,1),(23,'America/Manaus',22,1),(24,'America/Santiago',21,1),(25,'America/La_Paz',23,1),(26,'America/Cuiaba',24,1),(27,'America/Asuncion',26,1),(28,'America/St_Johns',27,1),(29,'America/Argentina/Buenos_Aires',30,1),(30,'America/Sao_Paulo',31,1),(31,'America/Godthab',29,1),(32,'America/Montevideo',28,1),(33,'Atlantic/South_Georgia',32,1),(34,'Atlantic/Azores',34,1),(35,'Atlantic/Cape_Verde',33,1),(36,'Europe/London',37,1),(37,'UTC',36,1),(38,'Africa/Monrovia',38,1),(39,'Africa/Casablanca',35,1),(40,'Europe/Belgrade',40,1),(41,'Europe/Sarajevo',42,1),(42,'Europe/Brussels',41,1),(43,'Africa/Algiers',43,1),(44,'Europe/Amsterdam',39,1),(45,'Europe/Minsk',52,1),(46,'Africa/Cairo',47,1),(47,'Europe/Helsinki',49,1),(48,'Europe/Athens',45,1),(49,'Europe/Istanbul',50,1),(50,'Asia/Jerusalem',51,1),(51,'Asia/Amman',44,1),(52,'Asia/Beirut',46,1),(53,'Africa/Windhoek',53,1),(54,'Africa/Harare',48,1),(55,'Asia/Kuwait',55,1),(56,'Asia/Baghdad',54,1),(57,'Africa/Nairobi',57,1),(58,'Asia/Tehran',58,1),(59,'Asia/Tbilisi',61,1),(60,'Europe/Moscow',56,1),(61,'Asia/Muscat',59,1),(62,'Asia/Baku',60,1),(63,'Asia/Yerevan',62,1),(64,'Asia/Karachi',63,1),(65,'Asia/Tashkent',64,1),(66,'Asia/Kolkata',65,1),(67,'Asia/Colombo',66,1),(68,'Asia/Katmandu',67,1),(69,'Asia/Dhaka',69,1),(70,'Asia/Almaty',68,1),(71,'Asia/Yekaterinburg',70,1),(72,'Asia/Rangoon',71,1),(73,'Asia/Novosibirsk',73,1),(74,'Asia/Bangkok',72,1),(75,'Asia/Brunei',74,1),(76,'Asia/Krasnoyarsk',75,1),(77,'Asia/Ulaanbaatar',79,1),(78,'Asia/Kuala_Lumpur',76,1),(79,'Asia/Taipei',78,1),(80,'Australia/Perth',77,1),(81,'Asia/Irkutsk',80,1),(82,'Asia/Seoul',81,1),(83,'Asia/Tokyo',82,1),(84,'Australia/Darwin',84,1),(85,'Australia/Adelaide',83,1),(86,'Australia/Canberra',86,1),(87,'Australia/Brisbane',85,1),(88,'Australia/Hobart',88,1),(89,'Asia/Vladivostok',89,1),(90,'Pacific/Guam',87,1),(91,'Asia/Yakutsk',90,1),(92,'Pacific/Fiji',93,1),(93,'Asia/Kamchatka',94,1),(94,'Pacific/Auckland',92,1),(95,'Asia/Magadan',95,1),(96,'Pacific/Tongatapu',96,1),(97,'Etc/GMT-11',91,1);
/*!40000 ALTER TABLE `vtiger_time_zone` ENABLE KEYS */;
UNLOCK TABLES;

--
-- Table structure for table `vtiger_time_zone_seq`
--

DROP TABLE IF EXISTS `vtiger_time_zone_seq`;
/*!40101 SET @saved_cs_client     = @@character_set_client */;
/*!40101 SET character_set_client = utf8 */;
CREATE TABLE `vtiger_time_zone_seq` (
  `id` int(11) NOT NULL
) ENGINE=InnoDB DEFAULT CHARSET=utf8;
/*!40101 SET character_set_client = @saved_cs_client */;

--
-- Dumping data for table `vtiger_time_zone_seq`
--

LOCK TABLES `vtiger_time_zone_seq` WRITE;
/*!40000 ALTER TABLE `vtiger_time_zone_seq` DISABLE KEYS */;
INSERT INTO `vtiger_time_zone_seq` VALUES (96);
/*!40000 ALTER TABLE `vtiger_time_zone_seq` ENABLE KEYS */;
UNLOCK TABLES;

--
-- Table structure for table `vtiger_tmp_read_group_rel_sharing_per`
--

DROP TABLE IF EXISTS `vtiger_tmp_read_group_rel_sharing_per`;
/*!40101 SET @saved_cs_client     = @@character_set_client */;
/*!40101 SET character_set_client = utf8 */;
CREATE TABLE `vtiger_tmp_read_group_rel_sharing_per` (
  `userid` int(11) NOT NULL,
  `tabid` int(11) NOT NULL,
  `relatedtabid` int(11) NOT NULL,
  `sharedgroupid` int(11) NOT NULL,
  PRIMARY KEY (`userid`,`tabid`,`relatedtabid`,`sharedgroupid`),
  KEY `tmp_read_group_rel_sharing_per_userid_sharedgroupid_tabid` (`userid`,`sharedgroupid`,`tabid`),
  CONSTRAINT `fk_4_vtiger_tmp_read_group_rel_sharing_per` FOREIGN KEY (`userid`) REFERENCES `vtiger_users` (`id`) ON DELETE CASCADE
) ENGINE=InnoDB DEFAULT CHARSET=utf8;
/*!40101 SET character_set_client = @saved_cs_client */;

--
-- Dumping data for table `vtiger_tmp_read_group_rel_sharing_per`
--

LOCK TABLES `vtiger_tmp_read_group_rel_sharing_per` WRITE;
/*!40000 ALTER TABLE `vtiger_tmp_read_group_rel_sharing_per` DISABLE KEYS */;
/*!40000 ALTER TABLE `vtiger_tmp_read_group_rel_sharing_per` ENABLE KEYS */;
UNLOCK TABLES;

--
-- Table structure for table `vtiger_tmp_read_group_sharing_per`
--

DROP TABLE IF EXISTS `vtiger_tmp_read_group_sharing_per`;
/*!40101 SET @saved_cs_client     = @@character_set_client */;
/*!40101 SET character_set_client = utf8 */;
CREATE TABLE `vtiger_tmp_read_group_sharing_per` (
  `userid` int(11) NOT NULL,
  `tabid` int(11) NOT NULL,
  `sharedgroupid` int(11) NOT NULL,
  PRIMARY KEY (`userid`,`tabid`,`sharedgroupid`),
  KEY `tmp_read_group_sharing_per_userid_sharedgroupid_idx` (`userid`,`sharedgroupid`),
  CONSTRAINT `fk_3_vtiger_tmp_read_group_sharing_per` FOREIGN KEY (`userid`) REFERENCES `vtiger_users` (`id`) ON DELETE CASCADE
) ENGINE=InnoDB DEFAULT CHARSET=utf8;
/*!40101 SET character_set_client = @saved_cs_client */;

--
-- Dumping data for table `vtiger_tmp_read_group_sharing_per`
--

LOCK TABLES `vtiger_tmp_read_group_sharing_per` WRITE;
/*!40000 ALTER TABLE `vtiger_tmp_read_group_sharing_per` DISABLE KEYS */;
/*!40000 ALTER TABLE `vtiger_tmp_read_group_sharing_per` ENABLE KEYS */;
UNLOCK TABLES;

--
-- Table structure for table `vtiger_tmp_read_user_rel_sharing_per`
--

DROP TABLE IF EXISTS `vtiger_tmp_read_user_rel_sharing_per`;
/*!40101 SET @saved_cs_client     = @@character_set_client */;
/*!40101 SET character_set_client = utf8 */;
CREATE TABLE `vtiger_tmp_read_user_rel_sharing_per` (
  `userid` int(11) NOT NULL,
  `tabid` int(11) NOT NULL,
  `relatedtabid` int(11) NOT NULL,
  `shareduserid` int(11) NOT NULL,
  PRIMARY KEY (`userid`,`tabid`,`relatedtabid`,`shareduserid`),
  KEY `tmp_read_user_rel_sharing_per_userid_shared_reltabid_idx` (`userid`,`shareduserid`,`relatedtabid`),
  CONSTRAINT `fk_4_vtiger_tmp_read_user_rel_sharing_per` FOREIGN KEY (`userid`) REFERENCES `vtiger_users` (`id`) ON DELETE CASCADE
) ENGINE=InnoDB DEFAULT CHARSET=utf8;
/*!40101 SET character_set_client = @saved_cs_client */;

--
-- Dumping data for table `vtiger_tmp_read_user_rel_sharing_per`
--

LOCK TABLES `vtiger_tmp_read_user_rel_sharing_per` WRITE;
/*!40000 ALTER TABLE `vtiger_tmp_read_user_rel_sharing_per` DISABLE KEYS */;
/*!40000 ALTER TABLE `vtiger_tmp_read_user_rel_sharing_per` ENABLE KEYS */;
UNLOCK TABLES;

--
-- Table structure for table `vtiger_tmp_read_user_sharing_per`
--

DROP TABLE IF EXISTS `vtiger_tmp_read_user_sharing_per`;
/*!40101 SET @saved_cs_client     = @@character_set_client */;
/*!40101 SET character_set_client = utf8 */;
CREATE TABLE `vtiger_tmp_read_user_sharing_per` (
  `userid` int(11) NOT NULL,
  `tabid` int(11) NOT NULL,
  `shareduserid` int(11) NOT NULL,
  PRIMARY KEY (`userid`,`tabid`,`shareduserid`),
  KEY `tmp_read_user_sharing_per_userid_shareduserid_idx` (`userid`,`shareduserid`),
  CONSTRAINT `fk_3_vtiger_tmp_read_user_sharing_per` FOREIGN KEY (`userid`) REFERENCES `vtiger_users` (`id`) ON DELETE CASCADE
) ENGINE=InnoDB DEFAULT CHARSET=utf8;
/*!40101 SET character_set_client = @saved_cs_client */;

--
-- Dumping data for table `vtiger_tmp_read_user_sharing_per`
--

LOCK TABLES `vtiger_tmp_read_user_sharing_per` WRITE;
/*!40000 ALTER TABLE `vtiger_tmp_read_user_sharing_per` DISABLE KEYS */;
/*!40000 ALTER TABLE `vtiger_tmp_read_user_sharing_per` ENABLE KEYS */;
UNLOCK TABLES;

--
-- Table structure for table `vtiger_tmp_write_group_rel_sharing_per`
--

DROP TABLE IF EXISTS `vtiger_tmp_write_group_rel_sharing_per`;
/*!40101 SET @saved_cs_client     = @@character_set_client */;
/*!40101 SET character_set_client = utf8 */;
CREATE TABLE `vtiger_tmp_write_group_rel_sharing_per` (
  `userid` int(11) NOT NULL,
  `tabid` int(11) NOT NULL,
  `relatedtabid` int(11) NOT NULL,
  `sharedgroupid` int(11) NOT NULL,
  PRIMARY KEY (`userid`,`tabid`,`relatedtabid`,`sharedgroupid`),
  KEY `tmp_write_group_rel_sharing_per_userid_sharedgroupid_tabid_idx` (`userid`,`sharedgroupid`,`tabid`),
  CONSTRAINT `fk_4_vtiger_tmp_write_group_rel_sharing_per` FOREIGN KEY (`userid`) REFERENCES `vtiger_users` (`id`) ON DELETE CASCADE
) ENGINE=InnoDB DEFAULT CHARSET=utf8;
/*!40101 SET character_set_client = @saved_cs_client */;

--
-- Dumping data for table `vtiger_tmp_write_group_rel_sharing_per`
--

LOCK TABLES `vtiger_tmp_write_group_rel_sharing_per` WRITE;
/*!40000 ALTER TABLE `vtiger_tmp_write_group_rel_sharing_per` DISABLE KEYS */;
/*!40000 ALTER TABLE `vtiger_tmp_write_group_rel_sharing_per` ENABLE KEYS */;
UNLOCK TABLES;

--
-- Table structure for table `vtiger_tmp_write_group_sharing_per`
--

DROP TABLE IF EXISTS `vtiger_tmp_write_group_sharing_per`;
/*!40101 SET @saved_cs_client     = @@character_set_client */;
/*!40101 SET character_set_client = utf8 */;
CREATE TABLE `vtiger_tmp_write_group_sharing_per` (
  `userid` int(11) NOT NULL,
  `tabid` int(11) NOT NULL,
  `sharedgroupid` int(11) NOT NULL,
  PRIMARY KEY (`userid`,`tabid`,`sharedgroupid`),
  KEY `tmp_write_group_sharing_per_UK1` (`userid`,`sharedgroupid`),
  CONSTRAINT `fk_3_vtiger_tmp_write_group_sharing_per` FOREIGN KEY (`userid`) REFERENCES `vtiger_users` (`id`) ON DELETE CASCADE
) ENGINE=InnoDB DEFAULT CHARSET=utf8;
/*!40101 SET character_set_client = @saved_cs_client */;

--
-- Dumping data for table `vtiger_tmp_write_group_sharing_per`
--

LOCK TABLES `vtiger_tmp_write_group_sharing_per` WRITE;
/*!40000 ALTER TABLE `vtiger_tmp_write_group_sharing_per` DISABLE KEYS */;
/*!40000 ALTER TABLE `vtiger_tmp_write_group_sharing_per` ENABLE KEYS */;
UNLOCK TABLES;

--
-- Table structure for table `vtiger_tmp_write_user_rel_sharing_per`
--

DROP TABLE IF EXISTS `vtiger_tmp_write_user_rel_sharing_per`;
/*!40101 SET @saved_cs_client     = @@character_set_client */;
/*!40101 SET character_set_client = utf8 */;
CREATE TABLE `vtiger_tmp_write_user_rel_sharing_per` (
  `userid` int(11) NOT NULL,
  `tabid` int(11) NOT NULL,
  `relatedtabid` int(11) NOT NULL,
  `shareduserid` int(11) NOT NULL,
  PRIMARY KEY (`userid`,`tabid`,`relatedtabid`,`shareduserid`),
  KEY `tmp_write_user_rel_sharing_per_userid_sharduserid_tabid_idx` (`userid`,`shareduserid`,`tabid`),
  CONSTRAINT `fk_4_vtiger_tmp_write_user_rel_sharing_per` FOREIGN KEY (`userid`) REFERENCES `vtiger_users` (`id`) ON DELETE CASCADE
) ENGINE=InnoDB DEFAULT CHARSET=utf8;
/*!40101 SET character_set_client = @saved_cs_client */;

--
-- Dumping data for table `vtiger_tmp_write_user_rel_sharing_per`
--

LOCK TABLES `vtiger_tmp_write_user_rel_sharing_per` WRITE;
/*!40000 ALTER TABLE `vtiger_tmp_write_user_rel_sharing_per` DISABLE KEYS */;
/*!40000 ALTER TABLE `vtiger_tmp_write_user_rel_sharing_per` ENABLE KEYS */;
UNLOCK TABLES;

--
-- Table structure for table `vtiger_tmp_write_user_sharing_per`
--

DROP TABLE IF EXISTS `vtiger_tmp_write_user_sharing_per`;
/*!40101 SET @saved_cs_client     = @@character_set_client */;
/*!40101 SET character_set_client = utf8 */;
CREATE TABLE `vtiger_tmp_write_user_sharing_per` (
  `userid` int(11) NOT NULL,
  `tabid` int(11) NOT NULL,
  `shareduserid` int(11) NOT NULL,
  PRIMARY KEY (`userid`,`tabid`,`shareduserid`),
  KEY `tmp_write_user_sharing_per_userid_shareduserid_idx` (`userid`,`shareduserid`),
  CONSTRAINT `fk_3_vtiger_tmp_write_user_sharing_per` FOREIGN KEY (`userid`) REFERENCES `vtiger_users` (`id`) ON DELETE CASCADE
) ENGINE=InnoDB DEFAULT CHARSET=utf8;
/*!40101 SET character_set_client = @saved_cs_client */;

--
-- Dumping data for table `vtiger_tmp_write_user_sharing_per`
--

LOCK TABLES `vtiger_tmp_write_user_sharing_per` WRITE;
/*!40000 ALTER TABLE `vtiger_tmp_write_user_sharing_per` DISABLE KEYS */;
/*!40000 ALTER TABLE `vtiger_tmp_write_user_sharing_per` ENABLE KEYS */;
UNLOCK TABLES;

--
-- Table structure for table `vtiger_tracker`
--

DROP TABLE IF EXISTS `vtiger_tracker`;
/*!40101 SET @saved_cs_client     = @@character_set_client */;
/*!40101 SET character_set_client = utf8 */;
CREATE TABLE `vtiger_tracker` (
  `id` int(11) NOT NULL AUTO_INCREMENT,
  `user_id` varchar(36) DEFAULT NULL,
  `module_name` varchar(25) DEFAULT NULL,
  `item_id` varchar(36) DEFAULT NULL,
  `item_summary` varchar(255) DEFAULT NULL,
  PRIMARY KEY (`id`)
) ENGINE=InnoDB DEFAULT CHARSET=utf8;
/*!40101 SET character_set_client = @saved_cs_client */;

--
-- Dumping data for table `vtiger_tracker`
--

LOCK TABLES `vtiger_tracker` WRITE;
/*!40000 ALTER TABLE `vtiger_tracker` DISABLE KEYS */;
/*!40000 ALTER TABLE `vtiger_tracker` ENABLE KEYS */;
UNLOCK TABLES;

--
-- Table structure for table `vtiger_tracking_unit`
--

DROP TABLE IF EXISTS `vtiger_tracking_unit`;
/*!40101 SET @saved_cs_client     = @@character_set_client */;
/*!40101 SET character_set_client = utf8 */;
CREATE TABLE `vtiger_tracking_unit` (
  `tracking_unitid` int(11) NOT NULL AUTO_INCREMENT,
  `tracking_unit` varchar(200) NOT NULL,
  `presence` int(1) NOT NULL DEFAULT 1,
  `picklist_valueid` int(11) NOT NULL DEFAULT 0,
  `sortorderid` int(11) DEFAULT 0,
  `color` varchar(10) DEFAULT NULL,
  PRIMARY KEY (`tracking_unitid`)
) ENGINE=InnoDB AUTO_INCREMENT=5 DEFAULT CHARSET=utf8;
/*!40101 SET character_set_client = @saved_cs_client */;

--
-- Dumping data for table `vtiger_tracking_unit`
--

LOCK TABLES `vtiger_tracking_unit` WRITE;
/*!40000 ALTER TABLE `vtiger_tracking_unit` DISABLE KEYS */;
INSERT INTO `vtiger_tracking_unit` VALUES (2,'Hours',1,220,2,NULL),(3,'Days',1,221,3,NULL),(4,'Incidents',1,222,4,NULL);
/*!40000 ALTER TABLE `vtiger_tracking_unit` ENABLE KEYS */;
UNLOCK TABLES;

--
-- Table structure for table `vtiger_tracking_unit_seq`
--

DROP TABLE IF EXISTS `vtiger_tracking_unit_seq`;
/*!40101 SET @saved_cs_client     = @@character_set_client */;
/*!40101 SET character_set_client = utf8 */;
CREATE TABLE `vtiger_tracking_unit_seq` (
  `id` int(11) NOT NULL
) ENGINE=InnoDB DEFAULT CHARSET=utf8;
/*!40101 SET character_set_client = @saved_cs_client */;

--
-- Dumping data for table `vtiger_tracking_unit_seq`
--

LOCK TABLES `vtiger_tracking_unit_seq` WRITE;
/*!40000 ALTER TABLE `vtiger_tracking_unit_seq` DISABLE KEYS */;
INSERT INTO `vtiger_tracking_unit_seq` VALUES (4);
/*!40000 ALTER TABLE `vtiger_tracking_unit_seq` ENABLE KEYS */;
UNLOCK TABLES;

--
-- Table structure for table `vtiger_troubletickets`
--

DROP TABLE IF EXISTS `vtiger_troubletickets`;
/*!40101 SET @saved_cs_client     = @@character_set_client */;
/*!40101 SET character_set_client = utf8 */;
CREATE TABLE `vtiger_troubletickets` (
  `ticketid` int(19) NOT NULL,
  `ticket_no` varchar(100) NOT NULL,
  `groupname` varchar(100) DEFAULT NULL,
  `parent_id` varchar(100) DEFAULT NULL,
  `product_id` varchar(100) DEFAULT NULL,
  `priority` varchar(200) DEFAULT NULL,
  `severity` varchar(200) DEFAULT NULL,
  `status` varchar(200) DEFAULT NULL,
  `category` varchar(200) DEFAULT NULL,
  `title` varchar(255) NOT NULL,
  `solution` text DEFAULT NULL,
  `update_log` text DEFAULT NULL,
  `version_id` int(11) DEFAULT NULL,
  `hours` decimal(25,8) DEFAULT NULL,
  `days` decimal(25,8) DEFAULT NULL,
  `contact_id` int(19) DEFAULT NULL,
  `tags` varchar(1) DEFAULT NULL,
  PRIMARY KEY (`ticketid`),
  KEY `troubletickets_ticketid_idx` (`ticketid`),
  KEY `troubletickets_status_idx` (`status`),
  CONSTRAINT `fk_1_vtiger_troubletickets` FOREIGN KEY (`ticketid`) REFERENCES `vtiger_crmentity` (`crmid`) ON DELETE CASCADE
) ENGINE=InnoDB DEFAULT CHARSET=utf8;
/*!40101 SET character_set_client = @saved_cs_client */;

--
-- Dumping data for table `vtiger_troubletickets`
--

LOCK TABLES `vtiger_troubletickets` WRITE;
/*!40000 ALTER TABLE `vtiger_troubletickets` DISABLE KEYS */;
INSERT INTO `vtiger_troubletickets` VALUES (4,'TT1',NULL,'0',NULL,'Normal',NULL,'Open','Inicial','Error en la nota','',NULL,NULL,NULL,37.00000000,2,''),(8,'TT2',NULL,'0',NULL,'Normal',NULL,'Closed','Inicial','Corregir nota','corregi la nota segun las indicadiones',NULL,NULL,NULL,0.00000000,2,''),(15,'TT3',NULL,'0',NULL,'Normal',NULL,'Open','Inicial','correir nota','',NULL,NULL,NULL,35.00000000,2,''),(16,'TT4',NULL,'0',NULL,'Normal',NULL,'Open','','asunto del correo','',NULL,NULL,NULL,35.00000000,2,''),(32,'TT5',NULL,'21','29','Normal',NULL,'Open','Inicial','Cita para revisar avance escolar','',NULL,NULL,NULL,7.00000000,2,''),(40,'TT6',NULL,'21','29','Normal',NULL,'Open','Inicial','Citación','',NULL,NULL,NULL,3.00000000,2,''),(45,'TT7',NULL,'21','29','Normal',NULL,'Open','','TEsT 2','',NULL,NULL,NULL,3.00000000,2,''),(54,'TT8',NULL,'0','0','Normal',NULL,'Open','Inicial','test','',NULL,NULL,NULL,1.00000000,0,''),(71,'TT9',NULL,'21','0','Normal',NULL,'Open','Subtema 2','test 1','',NULL,NULL,NULL,0.00000000,2,'');
/*!40000 ALTER TABLE `vtiger_troubletickets` ENABLE KEYS */;
UNLOCK TABLES;

--
-- Table structure for table `vtiger_usageunit`
--

DROP TABLE IF EXISTS `vtiger_usageunit`;
/*!40101 SET @saved_cs_client     = @@character_set_client */;
/*!40101 SET character_set_client = utf8 */;
CREATE TABLE `vtiger_usageunit` (
  `usageunitid` int(19) NOT NULL AUTO_INCREMENT,
  `usageunit` varchar(200) NOT NULL,
  `presence` int(1) NOT NULL DEFAULT 1,
  `picklist_valueid` int(19) NOT NULL DEFAULT 0,
  `sortorderid` int(11) DEFAULT NULL,
  `color` varchar(10) DEFAULT NULL,
  PRIMARY KEY (`usageunitid`),
  UNIQUE KEY `usageunit_usageunit_idx` (`usageunit`)
) ENGINE=InnoDB AUTO_INCREMENT=17 DEFAULT CHARSET=utf8;
/*!40101 SET character_set_client = @saved_cs_client */;

--
-- Dumping data for table `vtiger_usageunit`
--

LOCK TABLES `vtiger_usageunit` WRITE;
/*!40000 ALTER TABLE `vtiger_usageunit` DISABLE KEYS */;
INSERT INTO `vtiger_usageunit` VALUES (1,'Box',1,194,0,NULL),(2,'Carton',1,195,1,NULL),(3,'Dozen',1,196,2,NULL),(4,'Each',1,197,3,NULL),(5,'Hours',1,198,4,NULL),(6,'Impressions',1,199,5,NULL),(7,'Lb',1,200,6,NULL),(8,'M',1,201,7,NULL),(9,'Pack',1,202,8,NULL),(10,'Pages',1,203,9,NULL),(11,'Pieces',1,204,10,NULL),(12,'Quantity',1,205,11,NULL),(13,'Reams',1,206,12,NULL),(14,'Sheet',1,207,13,NULL),(15,'Spiral Binder',1,208,14,NULL),(16,'Sq Ft',1,209,15,NULL);
/*!40000 ALTER TABLE `vtiger_usageunit` ENABLE KEYS */;
UNLOCK TABLES;

--
-- Table structure for table `vtiger_usageunit_seq`
--

DROP TABLE IF EXISTS `vtiger_usageunit_seq`;
/*!40101 SET @saved_cs_client     = @@character_set_client */;
/*!40101 SET character_set_client = utf8 */;
CREATE TABLE `vtiger_usageunit_seq` (
  `id` int(11) NOT NULL
) ENGINE=InnoDB DEFAULT CHARSET=utf8;
/*!40101 SET character_set_client = @saved_cs_client */;

--
-- Dumping data for table `vtiger_usageunit_seq`
--

LOCK TABLES `vtiger_usageunit_seq` WRITE;
/*!40000 ALTER TABLE `vtiger_usageunit_seq` DISABLE KEYS */;
INSERT INTO `vtiger_usageunit_seq` VALUES (16);
/*!40000 ALTER TABLE `vtiger_usageunit_seq` ENABLE KEYS */;
UNLOCK TABLES;

--
-- Table structure for table `vtiger_user2mergefields`
--

DROP TABLE IF EXISTS `vtiger_user2mergefields`;
/*!40101 SET @saved_cs_client     = @@character_set_client */;
/*!40101 SET character_set_client = utf8 */;
CREATE TABLE `vtiger_user2mergefields` (
  `userid` int(11) DEFAULT NULL,
  `tabid` int(19) DEFAULT NULL,
  `fieldid` int(19) DEFAULT NULL,
  `visible` int(2) DEFAULT NULL,
  KEY `userid_tabid_idx` (`userid`,`tabid`)
) ENGINE=InnoDB DEFAULT CHARSET=utf8;
/*!40101 SET character_set_client = @saved_cs_client */;

--
-- Dumping data for table `vtiger_user2mergefields`
--

LOCK TABLES `vtiger_user2mergefields` WRITE;
/*!40000 ALTER TABLE `vtiger_user2mergefields` DISABLE KEYS */;
/*!40000 ALTER TABLE `vtiger_user2mergefields` ENABLE KEYS */;
UNLOCK TABLES;

--
-- Table structure for table `vtiger_user2role`
--

DROP TABLE IF EXISTS `vtiger_user2role`;
/*!40101 SET @saved_cs_client     = @@character_set_client */;
/*!40101 SET character_set_client = utf8 */;
CREATE TABLE `vtiger_user2role` (
  `userid` int(11) NOT NULL,
  `roleid` varchar(255) NOT NULL,
  PRIMARY KEY (`userid`),
  KEY `user2role_roleid_idx` (`roleid`),
  CONSTRAINT `fk_2_vtiger_user2role` FOREIGN KEY (`userid`) REFERENCES `vtiger_users` (`id`) ON DELETE CASCADE
) ENGINE=InnoDB DEFAULT CHARSET=utf8;
/*!40101 SET character_set_client = @saved_cs_client */;

--
-- Dumping data for table `vtiger_user2role`
--

LOCK TABLES `vtiger_user2role` WRITE;
/*!40000 ALTER TABLE `vtiger_user2role` DISABLE KEYS */;
INSERT INTO `vtiger_user2role` VALUES (1,'H2'),(5,'H5'),(6,'H6'),(7,'H6');
/*!40000 ALTER TABLE `vtiger_user2role` ENABLE KEYS */;
UNLOCK TABLES;

--
-- Table structure for table `vtiger_user_module_preferences`
--

DROP TABLE IF EXISTS `vtiger_user_module_preferences`;
/*!40101 SET @saved_cs_client     = @@character_set_client */;
/*!40101 SET character_set_client = utf8 */;
CREATE TABLE `vtiger_user_module_preferences` (
  `userid` int(19) NOT NULL,
  `tabid` int(19) NOT NULL,
  `default_cvid` int(19) NOT NULL,
  PRIMARY KEY (`userid`,`tabid`),
  KEY `fk_2_vtiger_user_module_preferences` (`tabid`),
  CONSTRAINT `fk_2_vtiger_user_module_preferences` FOREIGN KEY (`tabid`) REFERENCES `vtiger_tab` (`tabid`) ON DELETE CASCADE ON UPDATE CASCADE
) ENGINE=InnoDB DEFAULT CHARSET=utf8;
/*!40101 SET character_set_client = @saved_cs_client */;

--
-- Dumping data for table `vtiger_user_module_preferences`
--

LOCK TABLES `vtiger_user_module_preferences` WRITE;
/*!40000 ALTER TABLE `vtiger_user_module_preferences` DISABLE KEYS */;
/*!40000 ALTER TABLE `vtiger_user_module_preferences` ENABLE KEYS */;
UNLOCK TABLES;

--
-- Table structure for table `vtiger_users`
--

DROP TABLE IF EXISTS `vtiger_users`;
/*!40101 SET @saved_cs_client     = @@character_set_client */;
/*!40101 SET character_set_client = utf8 */;
CREATE TABLE `vtiger_users` (
  `id` int(11) NOT NULL AUTO_INCREMENT,
  `user_name` varchar(255) DEFAULT NULL,
  `user_password` varchar(200) DEFAULT NULL,
  `user_hash` varchar(32) DEFAULT NULL,
  `cal_color` varchar(25) DEFAULT '#E6FAD8',
  `first_name` varchar(30) DEFAULT NULL,
  `last_name` varchar(30) DEFAULT NULL,
  `reports_to_id` varchar(36) DEFAULT NULL,
  `is_admin` varchar(3) DEFAULT '0',
  `currency_id` int(19) NOT NULL DEFAULT 1,
  `description` text DEFAULT NULL,
  `date_entered` timestamp NOT NULL DEFAULT current_timestamp() ON UPDATE current_timestamp(),
  `date_modified` datetime DEFAULT NULL,
  `modified_user_id` varchar(36) DEFAULT NULL,
  `title` varchar(50) DEFAULT NULL,
  `department` varchar(50) DEFAULT NULL,
  `phone_home` varchar(50) DEFAULT NULL,
  `phone_mobile` varchar(50) DEFAULT NULL,
  `phone_work` varchar(50) DEFAULT NULL,
  `phone_other` varchar(50) DEFAULT NULL,
  `phone_fax` varchar(50) DEFAULT NULL,
  `email1` varchar(100) DEFAULT NULL,
  `email2` varchar(100) DEFAULT NULL,
  `secondaryemail` varchar(100) DEFAULT NULL,
  `status` varchar(25) DEFAULT NULL,
  `signature` text DEFAULT NULL,
  `address_street` varchar(150) DEFAULT NULL,
  `address_city` varchar(100) DEFAULT NULL,
  `address_state` varchar(100) DEFAULT NULL,
  `address_country` varchar(25) DEFAULT NULL,
  `address_postalcode` varchar(9) DEFAULT NULL,
  `user_preferences` text DEFAULT NULL,
  `tz` varchar(30) DEFAULT NULL,
  `holidays` varchar(60) DEFAULT NULL,
  `namedays` varchar(60) DEFAULT NULL,
  `workdays` varchar(30) DEFAULT NULL,
  `weekstart` int(11) DEFAULT NULL,
  `date_format` varchar(200) DEFAULT NULL,
  `hour_format` varchar(30) DEFAULT 'am/pm',
  `start_hour` varchar(30) DEFAULT '10:00',
  `end_hour` varchar(30) DEFAULT '23:00',
  `is_owner` varchar(100) DEFAULT '0',
  `activity_view` varchar(200) DEFAULT 'Today',
  `lead_view` varchar(200) DEFAULT 'Today',
  `imagename` varchar(250) DEFAULT NULL,
  `deleted` int(1) NOT NULL DEFAULT 0,
  `confirm_password` varchar(300) DEFAULT NULL,
  `internal_mailer` varchar(3) NOT NULL DEFAULT '1',
  `reminder_interval` varchar(100) DEFAULT NULL,
  `reminder_next_time` varchar(100) DEFAULT NULL,
  `crypt_type` varchar(20) NOT NULL DEFAULT 'MD5',
  `accesskey` varchar(36) DEFAULT NULL,
  `theme` varchar(100) DEFAULT NULL,
  `language` varchar(36) DEFAULT NULL,
  `time_zone` varchar(200) DEFAULT NULL,
  `currency_grouping_pattern` varchar(100) DEFAULT NULL,
  `currency_decimal_separator` varchar(2) DEFAULT NULL,
  `currency_grouping_separator` varchar(2) DEFAULT NULL,
  `currency_symbol_placement` varchar(20) DEFAULT NULL,
  `phone_crm_extension` varchar(100) DEFAULT NULL,
  `no_of_currency_decimals` varchar(2) DEFAULT NULL,
  `truncate_trailing_zeros` varchar(3) DEFAULT NULL,
  `dayoftheweek` varchar(100) DEFAULT NULL,
  `callduration` varchar(100) DEFAULT NULL,
  `othereventduration` varchar(100) DEFAULT NULL,
  `calendarsharedtype` varchar(100) DEFAULT NULL,
  `default_record_view` varchar(10) DEFAULT NULL,
  `leftpanelhide` varchar(3) DEFAULT NULL,
  `rowheight` varchar(10) DEFAULT NULL,
  `defaulteventstatus` varchar(50) DEFAULT NULL,
  `defaultactivitytype` varchar(50) DEFAULT NULL,
  `hidecompletedevents` int(11) DEFAULT NULL,
  `defaultcalendarview` varchar(100) DEFAULT NULL,
  PRIMARY KEY (`id`),
  KEY `user_user_name_idx` (`user_name`),
  KEY `user_user_password_idx` (`user_password`)
) ENGINE=InnoDB AUTO_INCREMENT=8 DEFAULT CHARSET=utf8;
/*!40101 SET character_set_client = @saved_cs_client */;

--
-- Dumping data for table `vtiger_users`
--

LOCK TABLES `vtiger_users` WRITE;
/*!40000 ALTER TABLE `vtiger_users` DISABLE KEYS */;
INSERT INTO `vtiger_users` VALUES (1,'admin','$1$ad000000$hzXFXvL3XVlnUE/X.1n9t/','d41d8cd98f00b204e9800998ecf8427e','#E6FAD8','','Administrator','','on',1,'','2019-02-25 16:24:33',NULL,NULL,'','','','','','','','soporte@creantis.com','','','Active','','','','','','',NULL,NULL,NULL,NULL,NULL,NULL,'dd-mm-yyyy','12','08:00','23:00','1','This Week','Today','',0,'$1$ad000000$nYTnfhTZRmUP.wQT9y1AE.','1','5 Minutes',NULL,'PHP5.3MD5','X8H14RUy62FNNn0x','alphagrey','es_es','America/Lima','123,456,789','.',',','$1.0','','2','1','Monday','5','30','public','Summary','1','','Planned','Meeting',0,'MyCalendar'),(5,'raguirre','$1$ra000000$tWwzHE2DEHgcH/wjZf9m5.','04265ce8d9827b6af6dda3dbd0b5892f','#E6FAD8','Ruben','Aguirre','','off',1,'','2019-01-23 15:23:04',NULL,NULL,'Profesor','','','','','','','jirafales@chavo.com','','','Active','','','','','','',NULL,NULL,NULL,NULL,NULL,NULL,'yyyy-mm-dd','12','09:00','','','Today','Today','Ruben2017.jpg',0,'$1$ra000000$tWwzHE2DEHgcH/wjZf9m5.','0','',NULL,'PHP5.3MD5','rCeb6PrtfpqEZENj','softed','en_us','UTC','123,456,789','.',',','$1.0','','2','0','Sunday','5','5','public','Summary','0','medium',NULL,NULL,0,''),(6,'prof_1','$1$pr000000$FrI8vihcdymIrhxkqSfg0.','e10adc3949ba59abbe56e057f20f883e','#E6FAD8','Profesor 1','Primaria','','off',1,'','2019-02-21 19:46:45',NULL,NULL,'','','','','','','','soporte@creantis.com','','','Active','','','','','','',NULL,NULL,NULL,NULL,NULL,NULL,'yyyy-mm-dd','12','09:00','','','Today','Today','',0,'$1$pr000000$FrI8vihcdymIrhxkqSfg0.','1','',NULL,'PHP5.3MD5','CzWRL4ZxmAdhg8fP','softed','es_es','UTC','123,456,789','.',',','$1.0','','2','0','Sunday','5','5','public','Detail','0','medium',NULL,NULL,0,''),(7,'prof_2','$1$pr000000$FrI8vihcdymIrhxkqSfg0.','e10adc3949ba59abbe56e057f20f883e','#E6FAD8','Profesor 2','Primaria','','off',1,'','2019-02-25 17:02:23',NULL,NULL,'','','','','','','','hcumbicus@creantis.com','','','Active','','','','','','',NULL,NULL,NULL,NULL,NULL,NULL,'yyyy-mm-dd','12','09:00','','','Today','Today','',0,'$1$pr000000$FrI8vihcdymIrhxkqSfg0.','1','',NULL,'PHP5.3MD5','yxASUW1Qi3HIyse','softed','es_es','UTC','123,456,789','.',',','$1.0','','2','0','Sunday','5','5','public','Detail','0','medium',NULL,NULL,0,'');
/*!40000 ALTER TABLE `vtiger_users` ENABLE KEYS */;
UNLOCK TABLES;

--
-- Table structure for table `vtiger_users2group`
--

DROP TABLE IF EXISTS `vtiger_users2group`;
/*!40101 SET @saved_cs_client     = @@character_set_client */;
/*!40101 SET character_set_client = utf8 */;
CREATE TABLE `vtiger_users2group` (
  `groupid` int(19) NOT NULL,
  `userid` int(19) NOT NULL,
  PRIMARY KEY (`groupid`,`userid`),
  KEY `users2group_groupname_uerid_idx` (`groupid`,`userid`),
  KEY `fk_2_vtiger_users2group` (`userid`),
  CONSTRAINT `fk_2_vtiger_users2group` FOREIGN KEY (`userid`) REFERENCES `vtiger_users` (`id`) ON DELETE CASCADE
) ENGINE=InnoDB DEFAULT CHARSET=utf8;
/*!40101 SET character_set_client = @saved_cs_client */;

--
-- Dumping data for table `vtiger_users2group`
--

LOCK TABLES `vtiger_users2group` WRITE;
/*!40000 ALTER TABLE `vtiger_users2group` DISABLE KEYS */;
INSERT INTO `vtiger_users2group` VALUES (3,1);
/*!40000 ALTER TABLE `vtiger_users2group` ENABLE KEYS */;
UNLOCK TABLES;

--
-- Table structure for table `vtiger_users_last_import`
--

DROP TABLE IF EXISTS `vtiger_users_last_import`;
/*!40101 SET @saved_cs_client     = @@character_set_client */;
/*!40101 SET character_set_client = utf8 */;
CREATE TABLE `vtiger_users_last_import` (
  `id` int(36) NOT NULL AUTO_INCREMENT,
  `assigned_user_id` varchar(36) DEFAULT NULL,
  `bean_type` varchar(36) DEFAULT NULL,
  `bean_id` varchar(36) DEFAULT NULL,
  `deleted` int(1) NOT NULL DEFAULT 0,
  PRIMARY KEY (`id`),
  KEY `idx_user_id` (`assigned_user_id`)
) ENGINE=InnoDB DEFAULT CHARSET=utf8;
/*!40101 SET character_set_client = @saved_cs_client */;

--
-- Dumping data for table `vtiger_users_last_import`
--

LOCK TABLES `vtiger_users_last_import` WRITE;
/*!40000 ALTER TABLE `vtiger_users_last_import` DISABLE KEYS */;
/*!40000 ALTER TABLE `vtiger_users_last_import` ENABLE KEYS */;
UNLOCK TABLES;

--
-- Table structure for table `vtiger_users_seq`
--

DROP TABLE IF EXISTS `vtiger_users_seq`;
/*!40101 SET @saved_cs_client     = @@character_set_client */;
/*!40101 SET character_set_client = utf8 */;
CREATE TABLE `vtiger_users_seq` (
  `id` int(11) NOT NULL
) ENGINE=InnoDB DEFAULT CHARSET=utf8;
/*!40101 SET character_set_client = @saved_cs_client */;

--
-- Dumping data for table `vtiger_users_seq`
--

LOCK TABLES `vtiger_users_seq` WRITE;
/*!40000 ALTER TABLE `vtiger_users_seq` DISABLE KEYS */;
INSERT INTO `vtiger_users_seq` VALUES (7);
/*!40000 ALTER TABLE `vtiger_users_seq` ENABLE KEYS */;
UNLOCK TABLES;

--
-- Table structure for table `vtiger_vendor`
--

DROP TABLE IF EXISTS `vtiger_vendor`;
/*!40101 SET @saved_cs_client     = @@character_set_client */;
/*!40101 SET character_set_client = utf8 */;
CREATE TABLE `vtiger_vendor` (
  `vendorid` int(19) NOT NULL DEFAULT 0,
  `vendor_no` varchar(100) NOT NULL,
  `vendorname` varchar(100) DEFAULT NULL,
  `phone` varchar(100) DEFAULT NULL,
  `email` varchar(100) DEFAULT NULL,
  `website` varchar(100) DEFAULT NULL,
  `glacct` varchar(200) DEFAULT NULL,
  `category` varchar(50) DEFAULT NULL,
  `street` text DEFAULT NULL,
  `city` varchar(30) DEFAULT NULL,
  `state` varchar(30) DEFAULT NULL,
  `pobox` varchar(30) DEFAULT NULL,
  `postalcode` varchar(100) DEFAULT NULL,
  `country` varchar(100) DEFAULT NULL,
  `description` text DEFAULT NULL,
  `tags` varchar(1) DEFAULT NULL,
  PRIMARY KEY (`vendorid`),
  CONSTRAINT `fk_1_vtiger_vendor` FOREIGN KEY (`vendorid`) REFERENCES `vtiger_crmentity` (`crmid`) ON DELETE CASCADE
) ENGINE=InnoDB DEFAULT CHARSET=utf8;
/*!40101 SET character_set_client = @saved_cs_client */;

--
-- Dumping data for table `vtiger_vendor`
--

LOCK TABLES `vtiger_vendor` WRITE;
/*!40000 ALTER TABLE `vtiger_vendor` DISABLE KEYS */;
/*!40000 ALTER TABLE `vtiger_vendor` ENABLE KEYS */;
UNLOCK TABLES;

--
-- Table structure for table `vtiger_vendorcf`
--

DROP TABLE IF EXISTS `vtiger_vendorcf`;
/*!40101 SET @saved_cs_client     = @@character_set_client */;
/*!40101 SET character_set_client = utf8 */;
CREATE TABLE `vtiger_vendorcf` (
  `vendorid` int(19) NOT NULL DEFAULT 0,
  PRIMARY KEY (`vendorid`),
  CONSTRAINT `fk_1_vtiger_vendorcf` FOREIGN KEY (`vendorid`) REFERENCES `vtiger_vendor` (`vendorid`) ON DELETE CASCADE
) ENGINE=InnoDB DEFAULT CHARSET=utf8;
/*!40101 SET character_set_client = @saved_cs_client */;

--
-- Dumping data for table `vtiger_vendorcf`
--

LOCK TABLES `vtiger_vendorcf` WRITE;
/*!40000 ALTER TABLE `vtiger_vendorcf` DISABLE KEYS */;
/*!40000 ALTER TABLE `vtiger_vendorcf` ENABLE KEYS */;
UNLOCK TABLES;

--
-- Table structure for table `vtiger_vendorcontactrel`
--

DROP TABLE IF EXISTS `vtiger_vendorcontactrel`;
/*!40101 SET @saved_cs_client     = @@character_set_client */;
/*!40101 SET character_set_client = utf8 */;
CREATE TABLE `vtiger_vendorcontactrel` (
  `vendorid` int(19) NOT NULL DEFAULT 0,
  `contactid` int(19) NOT NULL DEFAULT 0,
  PRIMARY KEY (`vendorid`,`contactid`),
  KEY `vendorcontactrel_vendorid_idx` (`vendorid`),
  KEY `vendorcontactrel_contact_idx` (`contactid`),
  CONSTRAINT `fk_2_vtiger_vendorcontactrel` FOREIGN KEY (`vendorid`) REFERENCES `vtiger_vendor` (`vendorid`) ON DELETE CASCADE
) ENGINE=InnoDB DEFAULT CHARSET=utf8;
/*!40101 SET character_set_client = @saved_cs_client */;

--
-- Dumping data for table `vtiger_vendorcontactrel`
--

LOCK TABLES `vtiger_vendorcontactrel` WRITE;
/*!40000 ALTER TABLE `vtiger_vendorcontactrel` DISABLE KEYS */;
/*!40000 ALTER TABLE `vtiger_vendorcontactrel` ENABLE KEYS */;
UNLOCK TABLES;

--
-- Table structure for table `vtiger_version`
--

DROP TABLE IF EXISTS `vtiger_version`;
/*!40101 SET @saved_cs_client     = @@character_set_client */;
/*!40101 SET character_set_client = utf8 */;
CREATE TABLE `vtiger_version` (
  `id` int(11) NOT NULL AUTO_INCREMENT,
  `old_version` varchar(30) DEFAULT NULL,
  `current_version` varchar(30) DEFAULT NULL,
  PRIMARY KEY (`id`)
) ENGINE=InnoDB AUTO_INCREMENT=2 DEFAULT CHARSET=utf8;
/*!40101 SET character_set_client = @saved_cs_client */;

--
-- Dumping data for table `vtiger_version`
--

LOCK TABLES `vtiger_version` WRITE;
/*!40000 ALTER TABLE `vtiger_version` DISABLE KEYS */;
INSERT INTO `vtiger_version` VALUES (1,'7.1.0','7.1.0');
/*!40000 ALTER TABLE `vtiger_version` ENABLE KEYS */;
UNLOCK TABLES;

--
-- Table structure for table `vtiger_version_seq`
--

DROP TABLE IF EXISTS `vtiger_version_seq`;
/*!40101 SET @saved_cs_client     = @@character_set_client */;
/*!40101 SET character_set_client = utf8 */;
CREATE TABLE `vtiger_version_seq` (
  `id` int(11) NOT NULL
) ENGINE=InnoDB DEFAULT CHARSET=utf8;
/*!40101 SET character_set_client = @saved_cs_client */;

--
-- Dumping data for table `vtiger_version_seq`
--

LOCK TABLES `vtiger_version_seq` WRITE;
/*!40000 ALTER TABLE `vtiger_version_seq` DISABLE KEYS */;
INSERT INTO `vtiger_version_seq` VALUES (1);
/*!40000 ALTER TABLE `vtiger_version_seq` ENABLE KEYS */;
UNLOCK TABLES;

--
-- Table structure for table `vtiger_visibility`
--

DROP TABLE IF EXISTS `vtiger_visibility`;
/*!40101 SET @saved_cs_client     = @@character_set_client */;
/*!40101 SET character_set_client = utf8 */;
CREATE TABLE `vtiger_visibility` (
  `visibilityid` int(19) NOT NULL AUTO_INCREMENT,
  `visibility` varchar(200) NOT NULL,
  `sortorderid` int(19) NOT NULL DEFAULT 0,
  `presence` int(1) NOT NULL DEFAULT 1,
  `color` varchar(10) DEFAULT NULL,
  PRIMARY KEY (`visibilityid`),
  UNIQUE KEY `visibility_visibility_idx` (`visibility`)
) ENGINE=InnoDB AUTO_INCREMENT=3 DEFAULT CHARSET=utf8;
/*!40101 SET character_set_client = @saved_cs_client */;

--
-- Dumping data for table `vtiger_visibility`
--

LOCK TABLES `vtiger_visibility` WRITE;
/*!40000 ALTER TABLE `vtiger_visibility` DISABLE KEYS */;
INSERT INTO `vtiger_visibility` VALUES (1,'Private',0,1,NULL),(2,'Public',1,1,NULL);
/*!40000 ALTER TABLE `vtiger_visibility` ENABLE KEYS */;
UNLOCK TABLES;

--
-- Table structure for table `vtiger_visibility_seq`
--

DROP TABLE IF EXISTS `vtiger_visibility_seq`;
/*!40101 SET @saved_cs_client     = @@character_set_client */;
/*!40101 SET character_set_client = utf8 */;
CREATE TABLE `vtiger_visibility_seq` (
  `id` int(11) NOT NULL
) ENGINE=InnoDB DEFAULT CHARSET=utf8;
/*!40101 SET character_set_client = @saved_cs_client */;

--
-- Dumping data for table `vtiger_visibility_seq`
--

LOCK TABLES `vtiger_visibility_seq` WRITE;
/*!40000 ALTER TABLE `vtiger_visibility_seq` DISABLE KEYS */;
INSERT INTO `vtiger_visibility_seq` VALUES (2);
/*!40000 ALTER TABLE `vtiger_visibility_seq` ENABLE KEYS */;
UNLOCK TABLES;

--
-- Table structure for table `vtiger_webform_file_fields`
--

DROP TABLE IF EXISTS `vtiger_webform_file_fields`;
/*!40101 SET @saved_cs_client     = @@character_set_client */;
/*!40101 SET character_set_client = utf8 */;
CREATE TABLE `vtiger_webform_file_fields` (
  `id` int(19) NOT NULL AUTO_INCREMENT,
  `webformid` int(19) NOT NULL,
  `fieldname` varchar(100) NOT NULL,
  `fieldlabel` varchar(100) NOT NULL,
  `required` int(1) NOT NULL DEFAULT 0,
  PRIMARY KEY (`id`),
  KEY `fk_vtiger_webforms` (`webformid`),
  CONSTRAINT `fk_vtiger_webforms` FOREIGN KEY (`webformid`) REFERENCES `vtiger_webforms` (`id`) ON DELETE CASCADE
) ENGINE=InnoDB DEFAULT CHARSET=utf8;
/*!40101 SET character_set_client = @saved_cs_client */;

--
-- Dumping data for table `vtiger_webform_file_fields`
--

LOCK TABLES `vtiger_webform_file_fields` WRITE;
/*!40000 ALTER TABLE `vtiger_webform_file_fields` DISABLE KEYS */;
/*!40000 ALTER TABLE `vtiger_webform_file_fields` ENABLE KEYS */;
UNLOCK TABLES;

--
-- Table structure for table `vtiger_webforms`
--

DROP TABLE IF EXISTS `vtiger_webforms`;
/*!40101 SET @saved_cs_client     = @@character_set_client */;
/*!40101 SET character_set_client = utf8 */;
CREATE TABLE `vtiger_webforms` (
  `id` int(19) NOT NULL AUTO_INCREMENT,
  `name` varchar(100) NOT NULL,
  `publicid` varchar(100) NOT NULL,
  `enabled` int(1) NOT NULL DEFAULT 1,
  `targetmodule` varchar(50) NOT NULL,
  `description` text DEFAULT NULL,
  `ownerid` int(19) NOT NULL,
  `returnurl` varchar(250) DEFAULT NULL,
  `captcha` int(1) NOT NULL DEFAULT 0,
  `roundrobin` int(1) NOT NULL DEFAULT 0,
  `roundrobin_userid` varchar(256) DEFAULT NULL,
  `roundrobin_logic` int(11) NOT NULL DEFAULT 0,
  PRIMARY KEY (`id`),
  UNIQUE KEY `webformname` (`name`),
  UNIQUE KEY `publicid` (`id`),
  KEY `webforms_webforms_id_idx` (`id`)
) ENGINE=InnoDB DEFAULT CHARSET=utf8;
/*!40101 SET character_set_client = @saved_cs_client */;

--
-- Dumping data for table `vtiger_webforms`
--

LOCK TABLES `vtiger_webforms` WRITE;
/*!40000 ALTER TABLE `vtiger_webforms` DISABLE KEYS */;
/*!40000 ALTER TABLE `vtiger_webforms` ENABLE KEYS */;
UNLOCK TABLES;

--
-- Table structure for table `vtiger_webforms_field`
--

DROP TABLE IF EXISTS `vtiger_webforms_field`;
/*!40101 SET @saved_cs_client     = @@character_set_client */;
/*!40101 SET character_set_client = utf8 */;
CREATE TABLE `vtiger_webforms_field` (
  `id` int(19) NOT NULL AUTO_INCREMENT,
  `webformid` int(19) NOT NULL,
  `fieldname` varchar(50) NOT NULL,
  `neutralizedfield` varchar(50) NOT NULL,
  `defaultvalue` text DEFAULT NULL,
  `required` int(10) NOT NULL DEFAULT 0,
  `sequence` int(10) DEFAULT NULL,
  `hidden` int(10) DEFAULT NULL,
  PRIMARY KEY (`id`),
  KEY `webforms_webforms_field_idx` (`id`),
  KEY `fk_1_vtiger_webforms_field` (`webformid`),
  KEY `fk_2_vtiger_webforms_field` (`fieldname`),
  CONSTRAINT `fk_1_vtiger_webforms_field` FOREIGN KEY (`webformid`) REFERENCES `vtiger_webforms` (`id`) ON DELETE CASCADE,
  CONSTRAINT `fk_3_vtiger_webforms_field` FOREIGN KEY (`fieldname`) REFERENCES `vtiger_field` (`fieldname`) ON DELETE CASCADE
) ENGINE=InnoDB DEFAULT CHARSET=utf8;
/*!40101 SET character_set_client = @saved_cs_client */;

--
-- Dumping data for table `vtiger_webforms_field`
--

LOCK TABLES `vtiger_webforms_field` WRITE;
/*!40000 ALTER TABLE `vtiger_webforms_field` DISABLE KEYS */;
/*!40000 ALTER TABLE `vtiger_webforms_field` ENABLE KEYS */;
UNLOCK TABLES;

--
-- Table structure for table `vtiger_wordtemplates`
--

DROP TABLE IF EXISTS `vtiger_wordtemplates`;
/*!40101 SET @saved_cs_client     = @@character_set_client */;
/*!40101 SET character_set_client = utf8 */;
CREATE TABLE `vtiger_wordtemplates` (
  `templateid` int(19) NOT NULL,
  `filename` varchar(100) NOT NULL,
  `module` varchar(30) NOT NULL,
  `date_entered` timestamp NOT NULL DEFAULT current_timestamp() ON UPDATE current_timestamp(),
  `parent_type` varchar(50) NOT NULL,
  `data` longblob DEFAULT NULL,
  `description` text DEFAULT NULL,
  `filesize` varchar(50) NOT NULL,
  `filetype` varchar(20) NOT NULL,
  `deleted` int(1) NOT NULL DEFAULT 0,
  PRIMARY KEY (`templateid`)
) ENGINE=InnoDB DEFAULT CHARSET=utf8;
/*!40101 SET character_set_client = @saved_cs_client */;

--
-- Dumping data for table `vtiger_wordtemplates`
--

LOCK TABLES `vtiger_wordtemplates` WRITE;
/*!40000 ALTER TABLE `vtiger_wordtemplates` DISABLE KEYS */;
/*!40000 ALTER TABLE `vtiger_wordtemplates` ENABLE KEYS */;
UNLOCK TABLES;

--
-- Table structure for table `vtiger_ws_entity`
--

DROP TABLE IF EXISTS `vtiger_ws_entity`;
/*!40101 SET @saved_cs_client     = @@character_set_client */;
/*!40101 SET character_set_client = utf8 */;
CREATE TABLE `vtiger_ws_entity` (
  `id` int(11) NOT NULL AUTO_INCREMENT,
  `name` varchar(25) NOT NULL,
  `handler_path` varchar(255) NOT NULL,
  `handler_class` varchar(64) NOT NULL,
  `ismodule` int(3) NOT NULL,
  PRIMARY KEY (`id`)
) ENGINE=InnoDB AUTO_INCREMENT=40 DEFAULT CHARSET=utf8;
/*!40101 SET character_set_client = @saved_cs_client */;

--
-- Dumping data for table `vtiger_ws_entity`
--

LOCK TABLES `vtiger_ws_entity` WRITE;
/*!40000 ALTER TABLE `vtiger_ws_entity` DISABLE KEYS */;
INSERT INTO `vtiger_ws_entity` VALUES (1,'Campaigns','include/Webservices/VtigerModuleOperation.php','VtigerModuleOperation',1),(2,'Vendors','include/Webservices/VtigerModuleOperation.php','VtigerModuleOperation',1),(3,'Faq','include/Webservices/VtigerModuleOperation.php','VtigerModuleOperation',1),(4,'Quotes','include/Webservices/LineItem/VtigerInventoryOperation.php','VtigerInventoryOperation',1),(5,'PurchaseOrder','include/Webservices/LineItem/VtigerInventoryOperation.php','VtigerInventoryOperation',1),(6,'SalesOrder','include/Webservices/LineItem/VtigerInventoryOperation.php','VtigerInventoryOperation',1),(7,'Invoice','include/Webservices/LineItem/VtigerInventoryOperation.php','VtigerInventoryOperation',1),(8,'PriceBooks','include/Webservices/VtigerModuleOperation.php','VtigerModuleOperation',1),(9,'Calendar','include/Webservices/VtigerModuleOperation.php','VtigerModuleOperation',1),(10,'Leads','include/Webservices/VtigerModuleOperation.php','VtigerModuleOperation',1),(11,'Accounts','include/Webservices/VtigerModuleOperation.php','VtigerModuleOperation',1),(12,'Contacts','include/Webservices/VtigerModuleOperation.php','VtigerModuleOperation',1),(13,'Potentials','include/Webservices/VtigerModuleOperation.php','VtigerModuleOperation',1),(14,'Products','include/Webservices/VtigerProductOperation.php','VtigerProductOperation',1),(15,'Documents','include/Webservices/VtigerModuleOperation.php','VtigerModuleOperation',1),(16,'Emails','include/Webservices/VtigerModuleOperation.php','VtigerModuleOperation',1),(17,'HelpDesk','include/Webservices/VtigerModuleOperation.php','VtigerModuleOperation',1),(18,'Events','include/Webservices/VtigerModuleOperation.php','VtigerModuleOperation',1),(19,'Users','include/Webservices/VtigerModuleOperation.php','VtigerModuleOperation',1),(20,'Groups','include/Webservices/VtigerActorOperation.php','VtigerActorOperation',0),(21,'Currency','include/Webservices/VtigerActorOperation.php','VtigerActorOperation',0),(22,'DocumentFolders','include/Webservices/VtigerActorOperation.php','VtigerActorOperation',0),(23,'CompanyDetails','include/Webservices/VtigerCompanyDetails.php','VtigerCompanyDetails',0),(24,'Services','include/Webservices/VtigerProductOperation.php','VtigerProductOperation',1),(25,'PBXManager','include/Webservices/VtigerModuleOperation.php','VtigerModuleOperation',1),(26,'ServiceContracts','include/Webservices/VtigerModuleOperation.php','VtigerModuleOperation',1),(27,'Assets','include/Webservices/VtigerModuleOperation.php','VtigerModuleOperation',1),(28,'SMSNotifier','include/Webservices/VtigerModuleOperation.php','VtigerModuleOperation',1),(29,'ModComments','include/Webservices/VtigerModuleOperation.php','VtigerModuleOperation',1),(30,'ProjectMilestone','include/Webservices/VtigerModuleOperation.php','VtigerModuleOperation',1),(31,'ProjectTask','include/Webservices/VtigerModuleOperation.php','VtigerModuleOperation',1),(32,'Project','include/Webservices/VtigerModuleOperation.php','VtigerModuleOperation',1),(33,'LineItem','include/Webservices/LineItem/VtigerLineItemOperation.php','VtigerLineItemOperation',0),(34,'Tax','include/Webservices/LineItem/VtigerTaxOperation.php','VtigerTaxOperation',0),(35,'ProductTaxes','include/Webservices/LineItem/VtigerProductTaxesOperation.php','VtigerProductTaxesOperation',0),(36,'Apdalm','include/Webservices/VtigerModuleOperation.php','VtigerModuleOperation',1),(37,'Almsecc','include/Webservices/VtigerModuleOperation.php','VtigerModuleOperation',1),(38,'Temas','include/Webservices/VtigerModuleOperation.php','VtigerModuleOperation',1),(39,'Acciones','include/Webservices/VtigerModuleOperation.php','VtigerModuleOperation',1);
/*!40000 ALTER TABLE `vtiger_ws_entity` ENABLE KEYS */;
UNLOCK TABLES;

--
-- Table structure for table `vtiger_ws_entity_fieldtype`
--

DROP TABLE IF EXISTS `vtiger_ws_entity_fieldtype`;
/*!40101 SET @saved_cs_client     = @@character_set_client */;
/*!40101 SET character_set_client = utf8 */;
CREATE TABLE `vtiger_ws_entity_fieldtype` (
  `fieldtypeid` int(19) NOT NULL AUTO_INCREMENT,
  `table_name` varchar(50) NOT NULL,
  `field_name` varchar(50) NOT NULL,
  `fieldtype` varchar(200) NOT NULL,
  PRIMARY KEY (`fieldtypeid`),
  UNIQUE KEY `vtiger_idx_1_tablename_fieldname` (`table_name`,`field_name`)
) ENGINE=InnoDB AUTO_INCREMENT=11 DEFAULT CHARSET=utf8;
/*!40101 SET character_set_client = @saved_cs_client */;

--
-- Dumping data for table `vtiger_ws_entity_fieldtype`
--

LOCK TABLES `vtiger_ws_entity_fieldtype` WRITE;
/*!40000 ALTER TABLE `vtiger_ws_entity_fieldtype` DISABLE KEYS */;
INSERT INTO `vtiger_ws_entity_fieldtype` VALUES (1,'vtiger_attachmentsfolder','createdby','reference'),(2,'vtiger_organizationdetails','logoname','file'),(3,'vtiger_organizationdetails','phone','phone'),(4,'vtiger_organizationdetails','fax','phone'),(5,'vtiger_organizationdetails','website','url'),(6,'vtiger_inventoryproductrel','productid','reference'),(7,'vtiger_inventoryproductrel','id','reference'),(8,'vtiger_inventoryproductrel','incrementondel','autogenerated'),(9,'vtiger_producttaxrel','productid','reference'),(10,'vtiger_producttaxrel','taxid','reference');
/*!40000 ALTER TABLE `vtiger_ws_entity_fieldtype` ENABLE KEYS */;
UNLOCK TABLES;

--
-- Table structure for table `vtiger_ws_entity_fieldtype_seq`
--

DROP TABLE IF EXISTS `vtiger_ws_entity_fieldtype_seq`;
/*!40101 SET @saved_cs_client     = @@character_set_client */;
/*!40101 SET character_set_client = utf8 */;
CREATE TABLE `vtiger_ws_entity_fieldtype_seq` (
  `id` int(11) NOT NULL
) ENGINE=InnoDB DEFAULT CHARSET=utf8;
/*!40101 SET character_set_client = @saved_cs_client */;

--
-- Dumping data for table `vtiger_ws_entity_fieldtype_seq`
--

LOCK TABLES `vtiger_ws_entity_fieldtype_seq` WRITE;
/*!40000 ALTER TABLE `vtiger_ws_entity_fieldtype_seq` DISABLE KEYS */;
INSERT INTO `vtiger_ws_entity_fieldtype_seq` VALUES (10);
/*!40000 ALTER TABLE `vtiger_ws_entity_fieldtype_seq` ENABLE KEYS */;
UNLOCK TABLES;

--
-- Table structure for table `vtiger_ws_entity_name`
--

DROP TABLE IF EXISTS `vtiger_ws_entity_name`;
/*!40101 SET @saved_cs_client     = @@character_set_client */;
/*!40101 SET character_set_client = utf8 */;
CREATE TABLE `vtiger_ws_entity_name` (
  `entity_id` int(11) NOT NULL,
  `name_fields` varchar(50) NOT NULL,
  `index_field` varchar(50) NOT NULL,
  `table_name` varchar(50) NOT NULL,
  PRIMARY KEY (`entity_id`)
) ENGINE=InnoDB DEFAULT CHARSET=utf8;
/*!40101 SET character_set_client = @saved_cs_client */;

--
-- Dumping data for table `vtiger_ws_entity_name`
--

LOCK TABLES `vtiger_ws_entity_name` WRITE;
/*!40000 ALTER TABLE `vtiger_ws_entity_name` DISABLE KEYS */;
INSERT INTO `vtiger_ws_entity_name` VALUES (20,'groupname','groupid','vtiger_groups'),(21,'currency_name','id','vtiger_currency_info'),(22,'foldername','folderid','vtiger_attachmentsfolder'),(23,'organizationname','groupid','vtiger_organizationdetails'),(34,'taxlabel','taxid','vtiger_inventorytaxinfo');
/*!40000 ALTER TABLE `vtiger_ws_entity_name` ENABLE KEYS */;
UNLOCK TABLES;

--
-- Table structure for table `vtiger_ws_entity_referencetype`
--

DROP TABLE IF EXISTS `vtiger_ws_entity_referencetype`;
/*!40101 SET @saved_cs_client     = @@character_set_client */;
/*!40101 SET character_set_client = utf8 */;
CREATE TABLE `vtiger_ws_entity_referencetype` (
  `fieldtypeid` int(19) NOT NULL,
  `type` varchar(25) NOT NULL,
  PRIMARY KEY (`fieldtypeid`,`type`),
  CONSTRAINT `vtiger_fk_1_actors_referencetype` FOREIGN KEY (`fieldtypeid`) REFERENCES `vtiger_ws_entity_fieldtype` (`fieldtypeid`) ON DELETE CASCADE
) ENGINE=InnoDB DEFAULT CHARSET=utf8;
/*!40101 SET character_set_client = @saved_cs_client */;

--
-- Dumping data for table `vtiger_ws_entity_referencetype`
--

LOCK TABLES `vtiger_ws_entity_referencetype` WRITE;
/*!40000 ALTER TABLE `vtiger_ws_entity_referencetype` DISABLE KEYS */;
INSERT INTO `vtiger_ws_entity_referencetype` VALUES (5,'Users'),(6,'Products'),(7,'Invoice'),(7,'PurchaseOrder'),(7,'Quotes'),(7,'SalesOrder'),(9,'Products'),(10,'Tax');
/*!40000 ALTER TABLE `vtiger_ws_entity_referencetype` ENABLE KEYS */;
UNLOCK TABLES;

--
-- Table structure for table `vtiger_ws_entity_seq`
--

DROP TABLE IF EXISTS `vtiger_ws_entity_seq`;
/*!40101 SET @saved_cs_client     = @@character_set_client */;
/*!40101 SET character_set_client = utf8 */;
CREATE TABLE `vtiger_ws_entity_seq` (
  `id` int(11) NOT NULL
) ENGINE=InnoDB DEFAULT CHARSET=utf8;
/*!40101 SET character_set_client = @saved_cs_client */;

--
-- Dumping data for table `vtiger_ws_entity_seq`
--

LOCK TABLES `vtiger_ws_entity_seq` WRITE;
/*!40000 ALTER TABLE `vtiger_ws_entity_seq` DISABLE KEYS */;
INSERT INTO `vtiger_ws_entity_seq` VALUES (39);
/*!40000 ALTER TABLE `vtiger_ws_entity_seq` ENABLE KEYS */;
UNLOCK TABLES;

--
-- Table structure for table `vtiger_ws_entity_tables`
--

DROP TABLE IF EXISTS `vtiger_ws_entity_tables`;
/*!40101 SET @saved_cs_client     = @@character_set_client */;
/*!40101 SET character_set_client = utf8 */;
CREATE TABLE `vtiger_ws_entity_tables` (
  `webservice_entity_id` int(11) NOT NULL,
  `table_name` varchar(50) NOT NULL,
  PRIMARY KEY (`webservice_entity_id`,`table_name`),
  CONSTRAINT `fk_1_vtiger_ws_actor_tables` FOREIGN KEY (`webservice_entity_id`) REFERENCES `vtiger_ws_entity` (`id`) ON DELETE CASCADE
) ENGINE=InnoDB DEFAULT CHARSET=utf8;
/*!40101 SET character_set_client = @saved_cs_client */;

--
-- Dumping data for table `vtiger_ws_entity_tables`
--

LOCK TABLES `vtiger_ws_entity_tables` WRITE;
/*!40000 ALTER TABLE `vtiger_ws_entity_tables` DISABLE KEYS */;
INSERT INTO `vtiger_ws_entity_tables` VALUES (20,'vtiger_groups'),(21,'vtiger_currency_info'),(22,'vtiger_attachmentsfolder'),(23,'vtiger_organizationdetails'),(33,'vtiger_inventoryproductrel'),(34,'vtiger_inventorytaxinfo'),(35,'vtiger_producttaxrel');
/*!40000 ALTER TABLE `vtiger_ws_entity_tables` ENABLE KEYS */;
UNLOCK TABLES;

--
-- Table structure for table `vtiger_ws_fieldinfo`
--

DROP TABLE IF EXISTS `vtiger_ws_fieldinfo`;
/*!40101 SET @saved_cs_client     = @@character_set_client */;
/*!40101 SET character_set_client = utf8 */;
CREATE TABLE `vtiger_ws_fieldinfo` (
  `id` varchar(64) NOT NULL,
  `property_name` varchar(32) DEFAULT NULL,
  `property_value` varchar(64) DEFAULT NULL,
  PRIMARY KEY (`id`)
) ENGINE=InnoDB DEFAULT CHARSET=utf8;
/*!40101 SET character_set_client = @saved_cs_client */;

--
-- Dumping data for table `vtiger_ws_fieldinfo`
--

LOCK TABLES `vtiger_ws_fieldinfo` WRITE;
/*!40000 ALTER TABLE `vtiger_ws_fieldinfo` DISABLE KEYS */;
INSERT INTO `vtiger_ws_fieldinfo` VALUES ('vtiger_organizationdetails.organization_id','upload.path','1');
/*!40000 ALTER TABLE `vtiger_ws_fieldinfo` ENABLE KEYS */;
UNLOCK TABLES;

--
-- Table structure for table `vtiger_ws_fieldtype`
--

DROP TABLE IF EXISTS `vtiger_ws_fieldtype`;
/*!40101 SET @saved_cs_client     = @@character_set_client */;
/*!40101 SET character_set_client = utf8 */;
CREATE TABLE `vtiger_ws_fieldtype` (
  `fieldtypeid` int(19) NOT NULL AUTO_INCREMENT,
  `uitype` varchar(30) NOT NULL,
  `fieldtype` varchar(200) NOT NULL,
  PRIMARY KEY (`fieldtypeid`),
  UNIQUE KEY `uitype_idx` (`uitype`)
) ENGINE=InnoDB AUTO_INCREMENT=41 DEFAULT CHARSET=utf8;
/*!40101 SET character_set_client = @saved_cs_client */;

--
-- Dumping data for table `vtiger_ws_fieldtype`
--

LOCK TABLES `vtiger_ws_fieldtype` WRITE;
/*!40000 ALTER TABLE `vtiger_ws_fieldtype` DISABLE KEYS */;
INSERT INTO `vtiger_ws_fieldtype` VALUES (1,'15','picklist'),(2,'16','picklist'),(3,'19','text'),(4,'20','text'),(5,'21','text'),(6,'24','text'),(7,'3','autogenerated'),(8,'11','phone'),(9,'33','multipicklist'),(10,'17','url'),(11,'85','skype'),(12,'56','boolean'),(13,'156','boolean'),(14,'53','owner'),(15,'61','file'),(16,'28','file'),(17,'13','email'),(18,'71','currency'),(19,'72','currency'),(20,'50','reference'),(21,'51','reference'),(22,'57','reference'),(23,'58','reference'),(24,'73','reference'),(25,'75','reference'),(26,'76','reference'),(27,'78','reference'),(28,'80','reference'),(29,'81','reference'),(30,'101','reference'),(31,'52','reference'),(32,'357','reference'),(33,'59','reference'),(34,'66','reference'),(35,'77','reference'),(36,'68','reference'),(37,'117','reference'),(38,'26','reference'),(39,'10','reference'),(40,'98','reference');
/*!40000 ALTER TABLE `vtiger_ws_fieldtype` ENABLE KEYS */;
UNLOCK TABLES;

--
-- Table structure for table `vtiger_ws_operation`
--

DROP TABLE IF EXISTS `vtiger_ws_operation`;
/*!40101 SET @saved_cs_client     = @@character_set_client */;
/*!40101 SET character_set_client = utf8 */;
CREATE TABLE `vtiger_ws_operation` (
  `operationid` int(11) NOT NULL AUTO_INCREMENT,
  `name` varchar(128) NOT NULL,
  `handler_path` varchar(255) NOT NULL,
  `handler_method` varchar(64) NOT NULL,
  `type` varchar(8) NOT NULL,
  `prelogin` int(3) NOT NULL,
  PRIMARY KEY (`operationid`)
) ENGINE=InnoDB AUTO_INCREMENT=38 DEFAULT CHARSET=utf8;
/*!40101 SET character_set_client = @saved_cs_client */;

--
-- Dumping data for table `vtiger_ws_operation`
--

LOCK TABLES `vtiger_ws_operation` WRITE;
/*!40000 ALTER TABLE `vtiger_ws_operation` DISABLE KEYS */;
INSERT INTO `vtiger_ws_operation` VALUES (1,'login','include/Webservices/Login.php','vtws_login','POST',1),(2,'retrieve','include/Webservices/Retrieve.php','vtws_retrieve','GET',0),(3,'create','include/Webservices/Create.php','vtws_create','POST',0),(4,'update','include/Webservices/Update.php','vtws_update','POST',0),(5,'delete','include/Webservices/Delete.php','vtws_delete','POST',0),(6,'sync','include/Webservices/GetUpdates.php','vtws_sync','GET',0),(7,'query','include/Webservices/Query.php','vtws_query','GET',0),(8,'logout','include/Webservices/Logout.php','vtws_logout','POST',0),(9,'listtypes','include/Webservices/ModuleTypes.php','vtws_listtypes','GET',0),(10,'getchallenge','include/Webservices/AuthToken.php','vtws_getchallenge','GET',1),(11,'describe','include/Webservices/DescribeObject.php','vtws_describe','GET',0),(12,'extendsession','include/Webservices/ExtendSession.php','vtws_extendSession','POST',1),(13,'convertlead','include/Webservices/ConvertLead.php','vtws_convertlead','POST',0),(14,'revise','include/Webservices/Revise.php','vtws_revise','POST',0),(15,'changePassword','include/Webservices/ChangePassword.php','vtws_changePassword','POST',0),(16,'deleteUser','include/Webservices/DeleteUser.php','vtws_deleteUser','POST',0),(17,'mobile.fetchallalerts','modules/Mobile/api/wsapi.php','mobile_ws_fetchAllAlerts','POST',0),(18,'mobile.alertdetailswithmessage','modules/Mobile/api/wsapi.php','mobile_ws_alertDetailsWithMessage','POST',0),(19,'mobile.fetchmodulefilters','modules/Mobile/api/wsapi.php','mobile_ws_fetchModuleFilters','POST',0),(20,'mobile.fetchrecord','modules/Mobile/api/wsapi.php','mobile_ws_fetchRecord','POST',0),(21,'mobile.fetchrecordwithgrouping','modules/Mobile/api/wsapi.php','mobile_ws_fetchRecordWithGrouping','POST',0),(22,'mobile.filterdetailswithcount','modules/Mobile/api/wsapi.php','mobile_ws_filterDetailsWithCount','POST',0),(23,'mobile.listmodulerecords','modules/Mobile/api/wsapi.php','mobile_ws_listModuleRecords','POST',0),(24,'mobile.saverecord','modules/Mobile/api/wsapi.php','mobile_ws_saveRecord','POST',0),(25,'mobile.syncModuleRecords','modules/Mobile/api/wsapi.php','mobile_ws_syncModuleRecords','POST',0),(26,'mobile.query','modules/Mobile/api/wsapi.php','mobile_ws_query','POST',0),(27,'mobile.querywithgrouping','modules/Mobile/api/wsapi.php','mobile_ws_queryWithGrouping','POST',0),(28,'wsapp_register','modules/WSAPP/api/ws/Register.php','wsapp_register','POST',0),(29,'wsapp_deregister','modules/WSAPP/api/ws/DeRegister.php','wsapp_deregister','POST',0),(30,'wsapp_get','modules/WSAPP/api/ws/Get.php','wsapp_get','POST',0),(31,'wsapp_put','modules/WSAPP/api/ws/Put.php','wsapp_put','POST',0),(32,'wsapp_map','modules/WSAPP/api/ws/Map.php','wsapp_map','POST',0),(33,'retrieve_inventory','include/Webservices/LineItem/RetrieveInventory.php','vtws_retrieve_inventory','GET',0),(34,'relatedtypes','include/Webservices/RelatedTypes.php','vtws_relatedtypes','GET',0),(35,'retrieve_related','include/Webservices/RetrieveRelated.php','vtws_retrieve_related','GET',0),(36,'query_related','include/Webservices/QueryRelated.php','vtws_query_related','GET',0),(37,'add_related','include/Webservices/AddRelated.php','vtws_add_related','POST',0);
/*!40000 ALTER TABLE `vtiger_ws_operation` ENABLE KEYS */;
UNLOCK TABLES;

--
-- Table structure for table `vtiger_ws_operation_parameters`
--

DROP TABLE IF EXISTS `vtiger_ws_operation_parameters`;
/*!40101 SET @saved_cs_client     = @@character_set_client */;
/*!40101 SET character_set_client = utf8 */;
CREATE TABLE `vtiger_ws_operation_parameters` (
  `operationid` int(11) NOT NULL AUTO_INCREMENT,
  `name` varchar(128) NOT NULL,
  `type` varchar(64) NOT NULL,
  `sequence` int(11) NOT NULL,
  PRIMARY KEY (`operationid`,`name`)
) ENGINE=InnoDB AUTO_INCREMENT=38 DEFAULT CHARSET=utf8;
/*!40101 SET character_set_client = @saved_cs_client */;

--
-- Dumping data for table `vtiger_ws_operation_parameters`
--

LOCK TABLES `vtiger_ws_operation_parameters` WRITE;
/*!40000 ALTER TABLE `vtiger_ws_operation_parameters` DISABLE KEYS */;
INSERT INTO `vtiger_ws_operation_parameters` VALUES (1,'accessKey','String',2),(1,'username','String',1),(2,'id','String',1),(3,'element','encoded',2),(3,'elementType','String',1),(4,'element','encoded',1),(5,'id','String',1),(6,'elementType','String',2),(6,'modifiedTime','DateTime',1),(7,'query','String',1),(8,'sessionName','String',1),(9,'fieldTypeList','encoded',1),(10,'username','String',1),(11,'elementType','String',1),(13,'accountName','String',3),(13,'assignedTo','String',2),(13,'avoidPotential','Boolean',4),(13,'leadId','String',1),(13,'potential','Encoded',5),(14,'element','Encoded',1),(15,'confirmPassword','String',4),(15,'id','String',1),(15,'newPassword','String',3),(15,'oldPassword','String',2),(16,'id','String',1),(16,'newOwnerId','String',2),(18,'alertid','string',1),(19,'module','string',1),(20,'record','string',1),(21,'record','string',1),(22,'filterid','string',1),(23,'elements','encoded',1),(24,'module','string',1),(24,'record','string',2),(24,'values','encoded',3),(25,'module','string',1),(25,'page','string',3),(25,'syncToken','string',2),(26,'module','string',1),(26,'page','string',3),(26,'query','string',2),(27,'module','string',1),(27,'page','string',3),(27,'query','string',2),(28,'synctype','string',2),(28,'type','string',1),(29,'key','string',2),(29,'type','string',1),(30,'key','string',1),(30,'module','string',2),(30,'token','string',3),(31,'element','encoded',2),(31,'key','string',1),(32,'element','encoded',2),(32,'key','string',1),(33,'id','String',1),(34,'elementType','string',1),(35,'id','string',1),(35,'relatedLabel','string',3),(35,'relatedType','string',2),(36,'id','string',2),(36,'query','string',1),(36,'relatedLabel','string',3),(37,'relatedRecordId','string',2),(37,'relationIdLabel','string',3),(37,'sourceRecordId','string',1);
/*!40000 ALTER TABLE `vtiger_ws_operation_parameters` ENABLE KEYS */;
UNLOCK TABLES;

--
-- Table structure for table `vtiger_ws_operation_seq`
--

DROP TABLE IF EXISTS `vtiger_ws_operation_seq`;
/*!40101 SET @saved_cs_client     = @@character_set_client */;
/*!40101 SET character_set_client = utf8 */;
CREATE TABLE `vtiger_ws_operation_seq` (
  `id` int(11) NOT NULL
) ENGINE=InnoDB DEFAULT CHARSET=utf8;
/*!40101 SET character_set_client = @saved_cs_client */;

--
-- Dumping data for table `vtiger_ws_operation_seq`
--

LOCK TABLES `vtiger_ws_operation_seq` WRITE;
/*!40000 ALTER TABLE `vtiger_ws_operation_seq` DISABLE KEYS */;
INSERT INTO `vtiger_ws_operation_seq` VALUES (37);
/*!40000 ALTER TABLE `vtiger_ws_operation_seq` ENABLE KEYS */;
UNLOCK TABLES;

--
-- Table structure for table `vtiger_ws_referencetype`
--

DROP TABLE IF EXISTS `vtiger_ws_referencetype`;
/*!40101 SET @saved_cs_client     = @@character_set_client */;
/*!40101 SET character_set_client = utf8 */;
CREATE TABLE `vtiger_ws_referencetype` (
  `fieldtypeid` int(19) NOT NULL,
  `type` varchar(25) NOT NULL,
  PRIMARY KEY (`fieldtypeid`,`type`),
  CONSTRAINT `fk_1_vtiger_referencetype` FOREIGN KEY (`fieldtypeid`) REFERENCES `vtiger_ws_fieldtype` (`fieldtypeid`) ON DELETE CASCADE
) ENGINE=InnoDB DEFAULT CHARSET=utf8;
/*!40101 SET character_set_client = @saved_cs_client */;

--
-- Dumping data for table `vtiger_ws_referencetype`
--

LOCK TABLES `vtiger_ws_referencetype` WRITE;
/*!40000 ALTER TABLE `vtiger_ws_referencetype` DISABLE KEYS */;
INSERT INTO `vtiger_ws_referencetype` VALUES (20,'Accounts'),(21,'Accounts'),(22,'Contacts'),(23,'Campaigns'),(24,'Accounts'),(25,'Vendors'),(26,'Potentials'),(27,'Quotes'),(28,'SalesOrder'),(29,'Vendors'),(30,'Users'),(31,'Users'),(32,'Accounts'),(32,'Contacts'),(32,'Leads'),(32,'Users'),(32,'Vendors'),(33,'Products'),(34,'Accounts'),(34,'Campaigns'),(34,'HelpDesk'),(34,'Leads'),(34,'Potentials'),(35,'Users'),(36,'Accounts'),(36,'Contacts'),(37,'Currency'),(38,'DocumentFolders');
/*!40000 ALTER TABLE `vtiger_ws_referencetype` ENABLE KEYS */;
UNLOCK TABLES;

--
-- Table structure for table `vtiger_ws_userauthtoken`
--

DROP TABLE IF EXISTS `vtiger_ws_userauthtoken`;
/*!40101 SET @saved_cs_client     = @@character_set_client */;
/*!40101 SET character_set_client = utf8 */;
CREATE TABLE `vtiger_ws_userauthtoken` (
  `userid` int(19) NOT NULL,
  `token` varchar(36) NOT NULL,
  `expiretime` int(19) NOT NULL,
  PRIMARY KEY (`userid`,`expiretime`),
  UNIQUE KEY `userid_idx` (`userid`)
) ENGINE=InnoDB DEFAULT CHARSET=utf8;
/*!40101 SET character_set_client = @saved_cs_client */;

--
-- Dumping data for table `vtiger_ws_userauthtoken`
--

LOCK TABLES `vtiger_ws_userauthtoken` WRITE;
/*!40000 ALTER TABLE `vtiger_ws_userauthtoken` DISABLE KEYS */;
/*!40000 ALTER TABLE `vtiger_ws_userauthtoken` ENABLE KEYS */;
UNLOCK TABLES;

--
-- Table structure for table `vtiger_wsapp`
--

DROP TABLE IF EXISTS `vtiger_wsapp`;
/*!40101 SET @saved_cs_client     = @@character_set_client */;
/*!40101 SET character_set_client = utf8 */;
CREATE TABLE `vtiger_wsapp` (
  `appid` int(11) NOT NULL AUTO_INCREMENT,
  `name` varchar(200) NOT NULL,
  `appkey` varchar(255) DEFAULT NULL,
  `type` varchar(100) DEFAULT NULL,
  PRIMARY KEY (`appid`)
) ENGINE=InnoDB AUTO_INCREMENT=2 DEFAULT CHARSET=utf8;
/*!40101 SET character_set_client = @saved_cs_client */;

--
-- Dumping data for table `vtiger_wsapp`
--

LOCK TABLES `vtiger_wsapp` WRITE;
/*!40000 ALTER TABLE `vtiger_wsapp` DISABLE KEYS */;
INSERT INTO `vtiger_wsapp` VALUES (1,'vtigerCRM','5c479b3976138','user');
/*!40000 ALTER TABLE `vtiger_wsapp` ENABLE KEYS */;
UNLOCK TABLES;

--
-- Table structure for table `vtiger_wsapp_handlerdetails`
--

DROP TABLE IF EXISTS `vtiger_wsapp_handlerdetails`;
/*!40101 SET @saved_cs_client     = @@character_set_client */;
/*!40101 SET character_set_client = utf8 */;
CREATE TABLE `vtiger_wsapp_handlerdetails` (
  `type` varchar(200) NOT NULL,
  `handlerclass` varchar(100) DEFAULT NULL,
  `handlerpath` varchar(300) DEFAULT NULL
) ENGINE=InnoDB DEFAULT CHARSET=utf8;
/*!40101 SET character_set_client = @saved_cs_client */;

--
-- Dumping data for table `vtiger_wsapp_handlerdetails`
--

LOCK TABLES `vtiger_wsapp_handlerdetails` WRITE;
/*!40000 ALTER TABLE `vtiger_wsapp_handlerdetails` DISABLE KEYS */;
INSERT INTO `vtiger_wsapp_handlerdetails` VALUES ('Outlook','OutlookHandler','modules/WSAPP/Handlers/OutlookHandler.php'),('vtigerCRM','vtigerCRMHandler','modules/WSAPP/Handlers/vtigerCRMHandler.php'),('vtigerSyncLib','WSAPP_VtigerSyncEventHandler','modules/WSAPP/synclib/handlers/VtigerSyncEventHandler.php'),('Google_vtigerHandler','Google_Vtiger_Handler','modules/Google/handlers/Vtiger.php'),('Google_vtigerSyncHandler','Google_VtigerSync_Handler','modules/Google/handlers/VtigerSync.php');
/*!40000 ALTER TABLE `vtiger_wsapp_handlerdetails` ENABLE KEYS */;
UNLOCK TABLES;

--
-- Table structure for table `vtiger_wsapp_logs_basic`
--

DROP TABLE IF EXISTS `vtiger_wsapp_logs_basic`;
/*!40101 SET @saved_cs_client     = @@character_set_client */;
/*!40101 SET character_set_client = utf8 */;
CREATE TABLE `vtiger_wsapp_logs_basic` (
  `id` int(25) NOT NULL AUTO_INCREMENT,
  `extensiontabid` int(19) DEFAULT NULL,
  `module` varchar(50) NOT NULL,
  `sync_datetime` datetime NOT NULL,
  `app_create_count` int(11) DEFAULT NULL,
  `app_update_count` int(11) DEFAULT NULL,
  `app_delete_count` int(11) DEFAULT NULL,
  `app_skip_count` int(11) DEFAULT NULL,
  `vt_create_count` int(11) DEFAULT NULL,
  `vt_update_count` int(11) DEFAULT NULL,
  `vt_delete_count` int(11) DEFAULT NULL,
  `vt_skip_count` int(11) DEFAULT NULL,
  `userid` int(11) DEFAULT NULL,
  PRIMARY KEY (`id`)
) ENGINE=InnoDB DEFAULT CHARSET=utf8;
/*!40101 SET character_set_client = @saved_cs_client */;

--
-- Dumping data for table `vtiger_wsapp_logs_basic`
--

LOCK TABLES `vtiger_wsapp_logs_basic` WRITE;
/*!40000 ALTER TABLE `vtiger_wsapp_logs_basic` DISABLE KEYS */;
/*!40000 ALTER TABLE `vtiger_wsapp_logs_basic` ENABLE KEYS */;
UNLOCK TABLES;

--
-- Table structure for table `vtiger_wsapp_logs_details`
--

DROP TABLE IF EXISTS `vtiger_wsapp_logs_details`;
/*!40101 SET @saved_cs_client     = @@character_set_client */;
/*!40101 SET character_set_client = utf8 */;
CREATE TABLE `vtiger_wsapp_logs_details` (
  `id` int(25) NOT NULL,
  `app_create_ids` mediumtext DEFAULT NULL,
  `app_update_ids` mediumtext DEFAULT NULL,
  `app_delete_ids` mediumtext DEFAULT NULL,
  `app_skip_info` mediumtext DEFAULT NULL,
  `vt_create_ids` mediumtext DEFAULT NULL,
  `vt_update_ids` mediumtext DEFAULT NULL,
  `vt_delete_ids` mediumtext DEFAULT NULL,
  `vt_skip_info` mediumtext DEFAULT NULL,
  KEY `vtiger_wsapp_logs_basic_ibfk_1` (`id`),
  CONSTRAINT `vtiger_wsapp_logs_basic_ibfk_1` FOREIGN KEY (`id`) REFERENCES `vtiger_wsapp_logs_basic` (`id`) ON DELETE CASCADE
) ENGINE=InnoDB DEFAULT CHARSET=utf8;
/*!40101 SET character_set_client = @saved_cs_client */;

--
-- Dumping data for table `vtiger_wsapp_logs_details`
--

LOCK TABLES `vtiger_wsapp_logs_details` WRITE;
/*!40000 ALTER TABLE `vtiger_wsapp_logs_details` DISABLE KEYS */;
/*!40000 ALTER TABLE `vtiger_wsapp_logs_details` ENABLE KEYS */;
UNLOCK TABLES;

--
-- Table structure for table `vtiger_wsapp_queuerecords`
--

DROP TABLE IF EXISTS `vtiger_wsapp_queuerecords`;
/*!40101 SET @saved_cs_client     = @@character_set_client */;
/*!40101 SET character_set_client = utf8 */;
CREATE TABLE `vtiger_wsapp_queuerecords` (
  `syncserverid` int(19) DEFAULT NULL,
  `details` varchar(300) DEFAULT NULL,
  `flag` varchar(100) DEFAULT NULL,
  `appid` int(19) DEFAULT NULL
) ENGINE=InnoDB DEFAULT CHARSET=utf8;
/*!40101 SET character_set_client = @saved_cs_client */;

--
-- Dumping data for table `vtiger_wsapp_queuerecords`
--

LOCK TABLES `vtiger_wsapp_queuerecords` WRITE;
/*!40000 ALTER TABLE `vtiger_wsapp_queuerecords` DISABLE KEYS */;
/*!40000 ALTER TABLE `vtiger_wsapp_queuerecords` ENABLE KEYS */;
UNLOCK TABLES;

--
-- Table structure for table `vtiger_wsapp_recordmapping`
--

DROP TABLE IF EXISTS `vtiger_wsapp_recordmapping`;
/*!40101 SET @saved_cs_client     = @@character_set_client */;
/*!40101 SET character_set_client = utf8 */;
CREATE TABLE `vtiger_wsapp_recordmapping` (
  `id` int(19) NOT NULL AUTO_INCREMENT,
  `serverid` varchar(10) DEFAULT NULL,
  `clientid` varchar(255) DEFAULT NULL,
  `clientmodifiedtime` datetime DEFAULT NULL,
  `appid` int(11) DEFAULT NULL,
  `servermodifiedtime` datetime DEFAULT NULL,
  `serverappid` int(11) DEFAULT NULL,
  PRIMARY KEY (`id`)
) ENGINE=InnoDB DEFAULT CHARSET=utf8;
/*!40101 SET character_set_client = @saved_cs_client */;

--
-- Dumping data for table `vtiger_wsapp_recordmapping`
--

LOCK TABLES `vtiger_wsapp_recordmapping` WRITE;
/*!40000 ALTER TABLE `vtiger_wsapp_recordmapping` DISABLE KEYS */;
/*!40000 ALTER TABLE `vtiger_wsapp_recordmapping` ENABLE KEYS */;
UNLOCK TABLES;

--
-- Table structure for table `vtiger_wsapp_sync_state`
--

DROP TABLE IF EXISTS `vtiger_wsapp_sync_state`;
/*!40101 SET @saved_cs_client     = @@character_set_client */;
/*!40101 SET character_set_client = utf8 */;
CREATE TABLE `vtiger_wsapp_sync_state` (
  `id` int(19) NOT NULL AUTO_INCREMENT,
  `name` varchar(200) DEFAULT NULL,
  `stateencodedvalues` varchar(300) NOT NULL,
  `userid` int(19) DEFAULT NULL,
  PRIMARY KEY (`id`)
) ENGINE=InnoDB DEFAULT CHARSET=utf8;
/*!40101 SET character_set_client = @saved_cs_client */;

--
-- Dumping data for table `vtiger_wsapp_sync_state`
--

LOCK TABLES `vtiger_wsapp_sync_state` WRITE;
/*!40000 ALTER TABLE `vtiger_wsapp_sync_state` DISABLE KEYS */;
/*!40000 ALTER TABLE `vtiger_wsapp_sync_state` ENABLE KEYS */;
UNLOCK TABLES;
/*!40103 SET TIME_ZONE=@OLD_TIME_ZONE */;

/*!40101 SET SQL_MODE=@OLD_SQL_MODE */;
/*!40014 SET FOREIGN_KEY_CHECKS=@OLD_FOREIGN_KEY_CHECKS */;
/*!40014 SET UNIQUE_CHECKS=@OLD_UNIQUE_CHECKS */;
/*!40101 SET CHARACTER_SET_CLIENT=@OLD_CHARACTER_SET_CLIENT */;
/*!40101 SET CHARACTER_SET_RESULTS=@OLD_CHARACTER_SET_RESULTS */;
/*!40101 SET COLLATION_CONNECTION=@OLD_COLLATION_CONNECTION */;
/*!40111 SET SQL_NOTES=@OLD_SQL_NOTES */;

-- Dump completed on 2019-03-01 16:19:16
